block	line	depth	parent	kind	voice	first_id	superseded_id	text
0	0	0		heading	1	00000024:16:11		## なつみ (Natsumi; surname 古郡 Kogori, EN Natsumi Kogori)
0	1	0		chunk-30 additions		00002478		- chunk-30 additions (as of 00002478):
0	2	2	1	no lines of her own in chunk 30		00002478		  - no lines of her own in chunk 30 (the underground scene of 00002473 is told by 幸太郎; her part replays 00000E19 / 00000E31). Per 幸太郎: a precious living second generation (00002473:11:188); jumps in front of 春花, the 鉈 hits something hard in her clothes (11:185-196); her blood splashed 春花, making 春花 third generation (per 栄一郎 / サクラ, 11:281-285).
0	3	2	1	per 茅萱		00002478:11:34		  - per 茅萱 (00002478:11:34-51): なつみちゃん is dead, stabbed by 春花, in that later timeline.
0	4	0		chunk-29 additions		00002457		- chunk-29 additions (as of 00002457):
0	5	2	4	00002439 / 00002457		00002457		  - 00002439 / 00002457 (no lines): per 茅萱 she probably has danger foresight, and her parents stayed away because of it (00002439:11:25-27); per 幸太郎 a precious "生きた第二世代" to be taken alive; his notice marks whoever carries the cherry branch as the witch (00002457:11:19-35).
0	6	2	4	00002444		00002457		  - 00002444 (after the attack; dead, a 神使 in white; colour なつみ): calm, warm タメ口 unchanged in surface: "どこ行くの？" (20:274); "春花、こんなところにいたんだ" (20:277); "やっと見つけた" (26:117); "ごめんね、心配かけて" (26:129); "ああ、うん、ちょっと寒くてね。／その辺にあるのを使わせてもらったの" (26:136-137); "うーん、分からないなあ。もし見つけてたら一緒に行動してるし" (26:145); "五島……。／仮にもしそうだったら……どうするの……？" (26:171-172); "五島、何も心配しなくていいんだよ？" (26:200); "あはは、いよいよ女神様の願いが叶うのかしら？" (26:464); "お父さん、ごめんね。私、こうやって生まれ変わったから" (26:467); "これを使えば、お父さんも私たちと永遠に一緒になれるよ" (26:474); "あーあ、残念……" (26:478).
0	7	2	4	in 五島's imagined scene		00002457		  - in 五島's imagined scene: "――" (26:343), "ふう……" (26:347), "おかげさまで最高だよ" (26:349), "春花か……。どこにいるかなあ……" (26:354).
0	8	2	4	facts		00002457		  - facts (this route): beaten by the masked villagers at the 新村本家 (00002444:14:20-22); per 糸, dead after the riot (20:401); per 五島's reasoning and 糸, saved at the edge of death as a living second-generation 神使 (26:340-346, 26:371); carries 茜 easily, superhuman (26:465, 26:480-483); released by the 女神 from a swelling in the wall, unconscious (32:212-218); rescued April 13 with no memory of the night (32:298-300); moved away from 元木町 by 春花 before 815 (32:320).
0	9	2	4	00002450		00002457		  - 00002450 (no lines): per the caption, "古郡なつみがドローガを発見するまで、／あと60分。" (12:251-252).
0	10	0		chunk-28 additions		00002427		- chunk-28 additions (as of 00002427):
0	11	2	10	000021E2		00002427		  - 000021E2 (the guide's world; the なつみ of another dimension, colour なつみ): gentle タメ口 to the guide as 春花: "ほら春花、今日は朝早いんだから、そろそろ起きないと。" (211:20); "多分、私は春花を助けられないよ" (901:24); "春花、違うよ。すべきことじゃないの。／どうしたいかを聞かせて" (901:51-52); "私の心はずっと春花の心にいるよ。" (901:111); "ごめん！　ごめんね春花！　一緒にいてあげられなくて！" (901:136); "大好きだよ……" (901:138).
0	12	2	10	00002225		00002427		  - 00002225:11:170 (a voice in 春花's mind, colour なつみ): "うん、春花はもう大丈夫だよ".
0	13	2	10	00002340		00002427		  - 00002340 (revived as a 神使): "でも、私は幸せ。春花と一緒だし、女神様と1つになれたから……" (11:103); then broken sounds with U+3000 gaps (11:112, 11:114, V643); last "…………／いや……" (11:118-119).
0	14	2	10	00002355		00002427		  - 00002355 (dream): "あれ？　そんなところで何してるの？" (8:2); "ん……んんっと！／　はあ、何か疲れる夢だった気がする……" (8:10-11); 0000235A: "やっぱり、ロシアン――" (8:4); "春花はもっと思い出せない？" (8:42).
0	15	2	10	0000241B		00002427		  - 0000241B (with 茜; April sickness): "んー……昼よりはいいかな……" (11:41); "春花からもらったの。お見舞いに" (11:50); a petal on the takoyaki sends her to the toilet (11:67-76); "四月病って、気分の問題だと思うからさ。" (11:110).
0	16	2	10	00002420		00002427		  - 00002420 (phone): "あ、うん、春花の家で一緒にDVD見てたよ" (11:139); "事件のこと、知らないの？" (11:146).
0	17	2	10	00002427		00002427		  - 00002427 (colour なつみ): "あ、でもおばさん、春花たちは今から――／いたい！" (11:48-49); "お……おばさん……？" (11:162); "うう……！　おばさん……！／　どうしてお父さん殺されなきゃいけないの！？" (11:170-171); "い、いや……／いや！" (11:224-225); killed by 美冬 with the 鉈 (11:231); 美冬's narration calls her 春花's blood sister ("春花と血を分けた妹" 11:234).
0	18	2	10	per 茜		00002427		  - per 茜 (0000241B:11:82-86): sprayed with 栄一郎's blood amid blossom when he died, and does not remember it.
0	19	0		chunk-27 additions		000020D8		- chunk-27 additions (as of 000020D8):
0	20	2	19	0000208A		000020D8		  - 0000208A (small, colour なつみ): calls her mother ママ ("ママ、ただいま！" 8:0); "ねえママ…… ／春花ちゃんは拭いてあげないの？" (8:8-9); "はーい" with 春花 in one cell (8:18).
0	21	2	19	00002084		000020D8		  - 00002084 (adult, works at the 店長's izakaya; called なっちゃん by the regulars): "はあはあ！　店長！　氷買ってきました！" (8:46); "それと、山さんのライターちょうど切れそうだったんで買ってきましたよ" (8:50); per 店長 she "lives in the present" "色々な事情で" (8:40).
0	22	2	19	000020A2		000020D8		  - 000020A2 (works from home, drives, 元木町 area): letter from 佐波刑務所 that her mother moves to 元木刑務所; polite to staff ("あの、すみません、今日こちらに移送予定の古郡茜の家族の者ですが……" 8:13); writes "『今日から新しい環境で大変だと思います。／来週また来ます』" (8:28-29); an earthquake, "何、これ……" (8:38).
0	23	2	19	000020A8		000020D8		  - 000020A8 (August, just turned 20; 春花 gone 3 years): to her mother in prison, adult タメ口 お母さん: "私たちの関係、聞いたよ。春花と私のこと" (8:10); "私、お母さんに『春花が大事』って言ってほしかったんだと思う。" (8:36); "姉妹としても、付き合っていいのかな" (8:43); "無期懲役って、長いもんね……。／でも、私は待ってるから。" (8:62-63).
0	24	2	19	000020D8		000020D8		  - 000020D8 (taken to 荒田 with 五島): fear-stammer "でも、ででで」" / "で、／で、／で」" (8:22-26, V616); then calm, allied with 幸太郎: "ここ……すごくいいところだね。／まるで天国みたい" (8:32-33); "ここは女神様に守られた場所。私たち、ここでずっと幸せに暮らすの" (8:36); "私がここで五島を殺す" (8:45); "ね？　幸太郎さん？" (8:50).
0	25	2	19	colour casting		0000212D		  - colour casting: 新村桔梗's lines in 0000212D-000021C9 are drawn in なつみ's colour (V618); the text does not link them.
0	26	0		chunk-26 additions		0000200D		- chunk-26 additions (as of 0000200D):
0	27	2	26	00001B70		0000200D		  - 00001B70:11:228-253 (phone, colour なつみ; 800 April 7 night, inferred): the line breaks up "も――も――、五――？" (11:228); "うん、ちゃんと聞こえるよ" (11:232); pain "あ……うぐぐぐ……！" (11:240); commands to 五島 "五島、いい？　よく聞いて！　今すぐ、そこから離れて！" (11:243), "そう！　すぐにそこから離れて！" (11:253); nothing happened (00001B76:11:81-82).
0	28	2	26	00001B81		0000200D		  - 00001B81:8:54-55: blissful over the food "えー？／あはは、春花、私、幸せー！".
0	29	2	26	00001BEE		0000200D		  - 00001BEE (before Christmas, 春花 17, inferred): teasing タメ口 "でも春花は昔、ワンピースとか着てたし髪も長かったよね？" (8:10); "いや！　そろそろ女の子っぽくなってもらわないと！　もう17歳でしょ！？" (8:19); "春花に最高に似合う服プレゼントする！" (8:23); to 五島 "五島にはザッハのクリスマスタワーパフェのつもりだったけど？" (8:26).
0	30	2	26	00001EC0		0000200D		  - 00001EC0:32:10 (trailer): "絶対に行く！　私じゃないとできないことがあるから、絶対に行く！".
0	31	2	26	00001C4D		0000200D		  - 00001C4D:96:28-31 (replay of 00000FCF): "五島……！　私だって春花と離れたくないよ……！".
0	32	2	26	0000200D		0000200D		  - 0000200D (small, at her grandparents'): curt "1人で入れるから" (8:6); "大人って……／助けたい人を助けないのはどうして？" (8:13-14); "お父さんとお母さん、どうして私を置いていったの？／　私、助けたかったのに……" (8:16-17).
0	33	2	26	reported		0000200D		  - reported: told her parents ten days before the trip "荒田へ行くな" (00001C02:8:25); called 魔女 by 幸太郎 and the visitor (00001C1D:8:3; 00002057:8:28); per the guide, stabbed to death by 春花 (00001CA0:144:7).
0	34	0		chunk-25 additions		00001AC1		- chunk-25 additions (as of 00001AC1):
0	35	2	34	thread 0000172F / 000017E2 / 000017FA / 00001835		00001AC1		  - thread 0000172F / 000017E2 / 000017FA / 00001835 (autumn, when 春花 is 16 per 美冬, 00001835:8:46; なつみ a middle-school 受験生 in 補習): meets 春花 "coming from hospital" two days running, feels avoided ("私、避けられてる？" 000017E2:8:11), asks her mother and 美冬 and is told not to pry; lines colour なつみ: "ぐぬぬ……これが高校生の余裕か……" (0000172F:8:22); a sneeze "へ……／へ……／へ……」" / "「ぺっくちょん！！」" (8:34-37); "まさか、産婦人科でなんかこう、おめでたいことになってたりして……" (000017FA:8:19); "おばさん鋭いね……" (00001835:8:19); "あの……変なことになってたりしないよね……？" (8:35); "おばさん、すっぴんだとすごくテンション低いんだなあ……" (8:49)
0	36	2	34	narrator of 00001A74		00001AC1		  - narrator of 00001A74 (祀耀800 April 8, inferred): light present-feel narration, well for once in April ("四月なのに気分スッキリ！　お天気爽快！／ではなく、あいにくの曇り空。" 8:6-7); hears voices behind her with nobody there (8:11-15); shops for 超炭酸ボンバー (春花), サイダー (五島), a ガトーパイ; recalls 春花's hospital visits "何年か前" (8:26); self-talk "考え過ぎ考え過ぎ！" (8:33)
0	37	2	34	in 良治's narration 00001AC1		00001AC1		  - in 良治's narration 00001AC1: at 6 on 790 May 1 moves next door to 春花 ("あははは！　春花ちゃんとお隣さんだ！" 8:26); her 桜恐怖症 gone since then (8:53); in 800 goes to 荒田 in her parents' place because her foresight said so (8:74-80); REPLAY lines of 00000916 (8:45, 8:48-49)
0	38	2	34	"かっこいい！" at the クレイジーカウボーイ video		00001AC1		  - "かっこいい！" at the クレイジーカウボーイ video (00001A6B:22:114); board posters call her "メンヘラ", "貧乳" (00001A65:8:11, 8:40)
0	39	2	34	open questions added		00001AC1		  - open questions added: V579
0	40	0		chunk-24 additions		0000156A		- chunk-24 additions (as of 0000156A):
0	41	2	40	route of 0000156A		0000156A		  - route of 0000156A (祀耀815 April; narrator 茜, not なつみ, except the REPLAY 143:7-31, V554): 31, turning 32 this year (82:86); birthday 祀耀783年七月二九日, used reversed as her door code (76:83-92; cf. V383); lives alone in flat 408 of a new building in 元木市, works, no plans to marry (82:85-89; 76:66); still has 四月病 (70:226-227; 34:30-34; 40:161-168); visits 茜 in prison (92:92); told at 20 that 春花 is her full sister (34:116-123); per 五島 second generation from 栄一郎's blood, so she survives the spores (58:29-35); her danger foresight works, vaguely ("多分……" 40:241; "止まって！" 40:214); drives a car
0	42	2	40	lines, soft タメ口 to 茜		0000156A		  - lines, soft タメ口 to 茜: "お母さん、お帰り" (76:160); "お母さん、ここから逃げたら、また刑務所だよ……？" (70:48); "だって……！　だって、やっぱりお母さんは絶対に悪くないもん！" (70:198); "私と春花を助けるための女ケ沢市事件だったんだから、私も同罪だよ" (70:211); "もし私が春花だったら……1度くらい、抱きしめてほしいかな" (40:206); to 五島 "五島、入れてあげようよ……" (14:183), "春花空気読めよ" (8:175); dying "お母さん……／ごめんなさい……" (193:32-33), "私……／死にたくないよ……" (193:55-56); killed by 春花 (193:57-69), then speaking again as one of them ("おはよう、お母さん" 201:2; "五島、もうこの社会で死ぬのと同じだもんね……" 201:37); in 茜's dream "お母さん、私たち、ずっと一緒だからね？" (20:22), "女神様の名前はね……" (20:57)
0	43	0		chunk-23 additions		00001533		- chunk-23 additions (as of 00001533):
0	44	2	43	narrator of 000014EE, 00001505		00001533		  - narrator of 000014EE, 00001505:8:0-68, 0000151C, 00001533 (route of 000011CC, 祀耀800 April 8, then about a week later in 元木町): tense, questioning narration before 糸姫 ("この子が、死月妖花……？" 000014EE:8:6); pity in short cells ("憐れだ。／憐れという言葉しか思い浮かばない。" 16:207-208); while linked to 糸姫, her own words as ――-led unquoted thought cells ("――痛い……！　苦しい……！" 0000151C:8:192; "――またね、糸姫。" 8:294); an essayistic passage on 死月妖花's evolution (8:217-226); light school narration with tsukkomi ("大変どころじゃないっつーのに……" 00001533:8:147) and a hedging run ending "Maybe。" (8:234-239, V543); closing resolve ("糸織という未来へ夢を馳せる。" 27:77)
0	45	2	43	lines		00001533		  - lines: "あなたの目的は何なの？　何でこんなことを……" (000014EE:8:78); "お願い、その子と話をさせて" (16:226); "私は第二世代だから意味ないよ" (16:244); "ねえ、教えて。あなたがやったの？" (16:248); "今のうちにさ、私たちと一緒に元木町に来たらいいんじゃないかな？" (16:297); "だってこの子、大切な人のそばにいたいだけなんだよ？" (16:306); "行こう、元木町に" (16:383); "来る……／来るよ！" (24:57-58); "糸姫……！　そんなんじゃ、大切な人に会ったら悲しまれるよ！？" (00001505:8:58); "こんな醜い姿があなたの望みなの！？" (0000151C:8:6); "触らないで！／　触らないで……。／私たちが助かるためには、こうするしかないの" (8:62-64); "五島、これしか手段がないの" (8:68); "おじさん！　私、ずっと謝りたかった！　私のせいでおじさんは……！" (8:362); "さあ、帰ろうよ、元木町に" (8:436); "なんでやねん！" (00001533:8:197, V544); "あ……古郡なつみです。／えっと……よろしくお願いします" (8:214-215); "なつみでいいよ" (27:3); "うん、じゃあ糸織。" (27:20)
0	46	2	43	facts		00001533		  - facts (this route): 糸姫 returns the balloon of 12 years ago (000014EE:8:23-30); stabs her own arm so that others touching her blood become third generation (0000151C:8:57-76); linked to 糸姫's senses with her eyes closed (8:163-209); per 糸姫 "あなたにはいかなる時も、みんなが幸せになれる選択をできる" (8:244); no longer hears the cherries' voice (00001533:8:48); a bandaged left arm (8:141); second year, Class 2-2, homeroom 向井, back-row seat (8:137-150); buries the hairpin with 春花 and 五島 (8:90-97)
0	47	0		chunk-22 additions		000014D7		- chunk-22 additions (as of 000014D7):
0	48	2	47	narrator of 00001477, 0000148E, 000014A5, 000014BC, 000014D7		000014D7		  - narrator of 00001477, 0000148E, 000014A5, 000014BC, 000014D7 (route of 000011CC, April 6 night to April 7 night): reasoning chains that rebuild a coded phone call as quoted text (00001477:8:129-164); moral doubt in short questions ("本当にネクロを騙すなんて、正しいのだろうか。" 0000148E:8:45); resolve to unite everyone ("みんなの意識を1つにして立ち向かうことこそが、死月妖花の不意を突く1番の良作なのだ。" 0000148E:8:299); dry tsukkomi ("くつろげるか！" 000014A5:8:146; "って言いたかったけど、もちろん自重。" 000014BC:8:37); a vision in present feel (000014BC:8:184-197, "『滅亡予知』"); lyrical close on the cherry world ending "死の世界。" (000014D7:8:444)
0	49	2	47	lines		000014D7		  - lines: to her parents "お母さん、もしかして、ヒントをくれているの！？" (00001477:8:122); a deliberate lie to 五島 "五島……これも私のせい……？／ネクロが、蔵を燃やしたの……？" (8:222-223; replay of 000012C5:8:237-238, now shown as a ruse 8:219-232); to おばさん "あの、おばさん、もしかして、私に見聞きさせないために、嘘ついてない？" (000014A5:8:85); "おばさん！　能面と赤装束ある！？" (000014BC:8:180); "できるだけたくさんの人が必要なの！　急いで、能面と赤装束も人数分持ってきてちょうだい！" (8:265); "一体……五島に一体何をしたの！？" (000014D7:8:42); "ば、バカ言わないで！　そんなの、死んでもごめんよ！" (8:281); to 夏菜 "夏菜ちゃん、私たちがすべきは、みんなの心をつなぎとめること。" (0000148E:8:282)
0	50	2	47	facts		000014D7		  - facts (this route): works out that 死月妖花 hijacks her sight and hearing periodically, not her thoughts (00001477:8:161-172; 000014BC:8:283-284); saw a probably male figure run from the burning 蔵 (00001477:8:193-195); her reading: 能面 and 赤装束 hide individuals from a foresight channel (000014BC:8:171-182); her foresight returns with the cherries and wind; a vision of 元木町 swallowed by a giant cherry (000014BC:8:183-202); linked telepathically to 栄一郎 and to 茅萱's view (8:227-241, 8:271-276); hears 死月妖花's voice, a girl's, and concludes it is human (8:288-297); per 栄一郎 and サクラ, the living second-generation 神使 they need (000014D7:8:249, 8:279); per 夏菜, "絶対にへこたれない" (0000148E:8:287)
0	51	0		chunk-21 additions		000012DE		- chunk-21 additions (as of 000013E6): no narration; lines colour なつみ: "…………／誰……？" at 茅萱 (000013CD:8:265-266, as in 000012DE); "五島！　しっかりして！" (000013E6:8:23); "うーん……今から集落に戻るなんて、考えない方がいいよね……？" (8:49); "とりあえず、その廃屋に行くしかないよね……" (8:55); "五島、どうしたの？" (8:71); "ちょ、五島！？" (8:87); facts: per 五島 her foresight says going home will not end it (000013E6:8:42); per 茅萱's reading she is second generation and would turn fourth near a third-generation corpse (0000139D:8:136); per 栄一郎 the 女神's real aim (000013CD:8:346)
0	52	0		chunk-20 additions		000012F5		- chunk-20 additions (as of 000012F5):
0	53	2	52	route of 000011CC-0000130D		000012F5		  - route of 000011CC-0000130D (祀耀800 April 5-7; continues 0000110D-000011B4, V467): her foresight said her parents must not go, so she and 五島 go (000011CC:8:52-54); at 豊岳駅 she hears only noise (8:111-116); she offers to go alone, then proposes going home (8:143-166); after the tree appears, dazed, head turning "幾何学的な動きで": "春花……このままだと、なくなっちゃうよ？／元木町が" (8:211-212); at 荒田 she senses nothing (000011FA:8:8, 8:26); 五島 confines her as the channel of 死月妖花's senses (000012C5:8:31-49; 五島's theory); has never met 茅萱 ("そんな人、会ったこともない" 00001295:8:80; "…………／誰？" 000012DE:8:95-96); per 茅萱's reading, 荒田桜 spores remain in her (000012F5:8:180)
0	54	2	52	narrator of 00001295		000012F5		  - narrator of 00001295: confessional present-feel narration with a mirror device ("鏡の中の私は……何を見ているのだろうか。／私は鏡の中の……何を見ているのだろうか。" 8:4-5); self-accusation ("私は卑怯者だ。" 8:71); unvoiced fear in exclamations ("怖い……怖いよ……！／今すぐ逃げ帰りたいよ……！" 8:77-78)
0	55	2	52	lines		000012F5		  - lines: "私、知りたいの。私のこの直感の正体が何なのか。" (000011CC:8:147); "元木町に……／帰ろうか" (8:165-166); "行くしかないよ、荒田集落に……" (8:207); "ごめんね……" (000011E3:8:10); "絶対に行く！／私じゃないとできないことがあるから、絶対に行く！" (8:195-196); "春花……ここでは私、何の力もないの。／だから、私にできることをやらせて" (000011FA:8:33-34); to the grandmother 丁寧 ("おばあさん、私……きっと、すごく弱い人間です" 00001295:8:163), then タメ口 at her offer ("ううん、エリカちゃんと料理できてすごく楽しかったよ！" 000012AD:12:23); to 夏菜 "えっと、君が夏菜ちゃんかな？" (12:55); "五島……これも私のせい……？／ネクロが、蔵を燃やしたの……？" (000012C5:8:237-238); messages to 春花 in straight quotes (0000127A:8:60, 8:64)
0	56	2	52	facts		000012F5		  - facts (this route): won a starting place in volleyball in the spring of her third middle-school year, retired after a July prefectural third-place loss, and has hidden her fatigue since (00001295:8:26-45); cooks well per the grandmother (000012AD:12:25); the 0723 code is a pun on her name (000012F5:8:0-1)
0	57	0		chunk-19 additions		00000B57		- chunk-19 additions (as of 000011B4): no lines; route of 00000B57: asked by 美冬 to help with the 呪殺 (0000113D:8:3), wants to pray at 栄一郎's memorial (8:5-6); per 美冬 "いつもはちょっと気弱な普通の子なのに、窮地になるほど強い子" who stopped her killing ten years ago, and has サクラ's power (0000116C:8:144-153); 美冬 attended her birth (00001184:16:42); 茅萱 feels in her photo a '気' like サクラ's and fears the urge to kill if they meet (00001154:8:84-89, 8:119-122; 00001184:24:34-35); per 五島 she calls the warning voice "新村栄一郎さんの声" (0000119C:8:221)
0	58	0		chunk-18 additions		0000104E		- chunk-18 additions (as of 0000104E):
0	59	2	58	narrator of 00000F9F and 00000FCF		0000104E		  - narrator of 00000F9F and 00000FCF (route of 00000BD6-00000E61 continued, May 800): plain past narration, tender and resigned ("例え姉妹でも、親友でも、いつか別れ、別々の道を歩んでいく。" 00000FCF:11:93); she no longer hears the cherries' voice (00000F9F:11:222)
0	60	2	58	lines		0000104E		  - lines: teasing mock-archaic "よーし春花、合格！…堪能しようぞ！" (00000F40:11:146); "姉妹なのに……／この差は何なんだろう" (00000F57:11:20-21); "初めから持ってる人には分からないよ！" (11:32); to her father unbothered "もうお父さん……お酒飲んで入ったらダメっていつも言ってるじゃない" (11:40); "えー？　でも家族じゃん" (11:76); "五島、私は家に戻るよ" (00000F9F:11:84); "だからね、私はもう、これ以上追究するのはやめようと思うの" (11:96-97); "五島ならきっとできるよ。／でも、もしつらくなったら、いつでも私に寄りかかっていいんだからね" (11:171-172); "改まって何よ！　言われなくても、お世話してあげるからね！" (11:218); "ちょっと待ってよ春花！　それだと春花と離れ離れになっちゃう！" (00000FCF:11:26); "私たち、離れただけで壊れる仲じゃないでしょ？" (11:77); "春花……／私たち、ずっと親友だからね……！" (11:96-97); "春花！　私も混ぜろ！" (43:41)
0	61	2	58	facts		0000104E		  - facts (00000F40-00000FCF): still bathes with her father (00000F57:11:76-91, Haruka's inference); keeps the promise to おじさん, 『真相を追い求めない』, and stops investigating (00000F9F:11:93-97, 11:158-161); laid the 大魔女 mask on Erika's face (11:47-51); in Goto's vision / dream (0000104E) Haruka stabs her to death
0	62	2	58	0000107B		0000107B		  - 0000107B: the lines of 湊綱宗 are drawn in her colour (V424)
0	63	0		chunk-17 additions		00000F24		- chunk-17 additions (as of 00000F24):
0	64	0		chunk-17 additions		00000F24		- chunk-17 additions (as of 00000F24):
0	65	2	64	no Natsumi narration in 00000F24 except replays		00000F24		  - no Natsumi narration in 00000F24 except replays (82:0-41, from 0000062C, 00000641, 00000656); route of 00000F24 (祀耀802 April 8, continuing the route of 000005C1-00000656): after her parents' 三回忌 she goes to 荒田 with Goto (82:34); her foresight does not work there, few cherries (118:182)
0	66	2	64	sane lines, soft タメ口		00000F24		  - sane lines, soft タメ口: "春花……よかった！" (118:103); "そうだよ！　一緒に元木町に帰ろうよ。／もう……何も怖いことなんてないから……！" (118:110-111); "ねえ春花、元木町に帰っておいでよ。" (118:178); "私たちは春花を連れて帰るためだけに来たんだからね？" (94:214); "春花……お疲れ様、ゆっくり休んで。／明日、一緒に元木町に帰ろうね" (142:32-33); "正気に戻るんだったら、元木町に呼んだらいいじゃないかな？" (142:47)
0	67	2	64	possessed register		00000F24		  - possessed register (112, in Goto's account 64:74-80): calm, bright, uncanny; "ヴェルジ様" and 神使: "やっぱり春花も来たんだね！" (112:144); "五島……／って？" (112:173-174); "この集落の女神はヴェルジ様だけ。…郷に入れば郷に従え、でしょ？" (112:185-187); "うふふ……春花、怖いの？" (112:204); "うっふふふふ、違うよ。／私ね……／女神様の一部になれるんだって！" (112:217-219; laugh as the eyeless woman's in 00000EDF); "私ね、神使になるの。" (112:223); hurt "やだ……／やだよ……。春花に嫌われるなんて……嫌だよ……" (112:235-236); "五島はいらない" (112:297); in the settlement "ここにはね……女神様がいるから" (64:80)
0	68	2	64	after the cure		00000F24		  - after the cure: "違う、違うの春花！／あれは私じゃないの！" (94:22-23); "ほんとに、ごめん……あれ、私じゃないから" (94:47); explains the 繁栄の儀 (94:68-84); injected with a clear liquid by an unseen rescuer (94:149-156)
0	69	2	64	facts		00000F24		  - facts (route of 00000F24): at the settlement she became rapt without an injection (64:81-85; 106:13-21); gave Haruka food and a pink ドローガ syringe from 幸太郎 (112:153-213); knocked out by Haruka (112:303); taken to the rite with Chigaya (106:40-46); collapsed in the ファルシフィカソ smoke (106:167); rescued and injected (94:149-156; per Haruka, by Mifuyu 187:69-70); dead in the cave at dawn after the villagers entered (187:124; 193:20)
0	70	0		chunk-16 additions		00000F0D		- chunk-16 additions (as of 00000F0D):
0	71	2	70	route of 00000F0D		00000F0D		  - route of 00000F0D (祀耀804-805; the continuation of the 00000564 route, inferred; no Natsumi narration except the replays in 173): lives at her grandparents' (38:60); a university student who stays away from 元木町 until the cherries fall (44:36-38); searches for Haruka with Goto; has the seasonal danger foresight, which Ise knows of (179:29-30; 56:21-22 "風がなかった"); arrives at 元木駅 about 20:50 on 804 April 7 and has her neck slashed by 夏菜; sensed it and half-dodged (179:169-170; 68:132-133); her blood turns nearby women 翠眼; "ご……とう……" / "青と……緑……" / "青と……緑の目の子……／ナイフで……" (56:184-189); months in hospital, a faint scar (68:129-134); birthday July 29 per Goto (68:239, V383)
0	72	2	70	805 lines, gentle タメ口 to 夏菜		00000F0D		  - 805 lines, gentle タメ口 to 夏菜: "初めまして。古郡なつみです" (68:128); "夏菜ちゃん、でいいかな？" (68:144); "夏菜ちゃん……／ありがとう" (68:146-147); "私、ずっとずっと春花を探していた。／夏菜ちゃんのおかげで春花が戻ってきてくれた。" (68:149-150); "今のごめんなさいは、どっちの意味？" (68:164); "よし！　だったら、もうこの話はおしまい！" (68:167); teasing with Goto ("あー伊勢さん、それって結構傷つきますよ。ねえ五島？" 68:178; "彼女の誕生日忘れるとか……／夏菜ちゃんに首を切られるべき" 68:197-198, a dark joke; "ちょっと五島、いいじゃないの。" 68:242)
0	73	2	70	in 夏菜's vision		00000F0D		  - in 夏菜's vision: "五島、きっと春花も見つかるよね？" (44:202); "春花……元木町に帰ろうよ……！" (44:210); "私、ずっと春花を探すために……" (44:232)
0	74	2	70	replayed 800 lines and narration		00000F0D		  - replayed 800 lines and narration (173, from 00000538, 00000550, 00000564, 0000057B): "全身の皮を剥がされて見るも無残な死体、と聞いています" (173:2); "おばさん……春花のお父さんのこと……／さっき聞きました。本当に……すみませんでした" (173:16-17); "五島……春花が……消えちゃった……" (173:21)
0	75	0		chunk-15 additions		00000EF6		- chunk-15 additions (as of 00000EF6):
0	76	2	75	narrator of 00000EF6		00000EF6		  - narrator of 00000EF6 (祀耀800 April 8 to 802 April 30; the route of 0000050E / 00000522, inferred): gentle, earnest past narration with present-feel thought cells; self-deceiving cheer ("よし、もっともっと頑張らないと！" 110:316), then self-doubt spirals in short questions ("春花は本当に私のこと、必要と思ってくれているのかな。" 110:5); aphoristic runs on miracles ("奇跡は、起こるのだ。" 140:175; "奇跡は崇められるためにあるのではない。／奇跡は起こるために存在するのだ。" 20:222-223); the 肉付きの面 self-analysis (61:152-162; 8:197-206); lyrical spring passages (14:169-181); blackout in short cells (50:0-29)
0	77	2	75	lines		00000EF6		  - lines: soft タメ口 to Haruka and Goto; "私、春花と五島と新しい世界に来られて、とても嬉しい。" (8:34); "春花……／おはよう……。／おはよう、春花！" (8:143-145); "…………／お姉ちゃん" (8:209-210, V352); "やっぱり春花、そのお化粧、似合ってるよ" (8:214); "五島、ありがとう。／新しい世界を見せてくれて" (14:186-187); "交換輸血、成功したみたいだよ" (14:175); flustered "えっと、えっと、えっと……それは、えっと……" (20:71); "思いません！　私には直感があるもん！　今危険を感じないもん！" (20:102); "でもでもでも、春花が助かる確率が何倍にもなったんじゃないの！？" (20:104); "私が死んだら、春花は治るのかな……" (20:164); "そうだったんだ……。私たち、姉妹だったんだ……。" (26:154); "春花、そのままでいいから聞いてちょうだい。" (42:37); "離してえええ！！" (61:135); "何さ……／私は春花のために、ずっと……" (67:118-119); "もう……もう、春花なんか知らない！" (67:128); to the doctor 丁寧 ("入れてください" 36:107; "余計意味が分からないんですけど" 36:169); at the izakaya a bright service 丁寧 with ねえ / ますよ ("長さん！　今度触ったら警察にしょっ引くっていいましたよねえ？" 110:199; "なお、この券は有効期限を過ぎると、もれなく逮捕状に変わりますので、あしからず！" 110:213; "えー？　私まだ未成年ですよー？" 110:166); "はい、ありがとう！" to Goto's mother (134:12); laugh "あは！" (140:80), "あはは！" (140:95, 110:289), "えへ" (67:16, 140:50)
0	78	2	75	calls		00000EF6		  - calls: Haruka 春花 (お姉ちゃん once); Goto 五島; Goto's mother おばさん; the doctor 先生; the manager 店長; regulars 長さん, 山さん; 3p her mother 私のお母さん, Mifuyu 春花のお母さん / おばさん, Ise 伊勢さん
0	79	2	75	nickname at work		00000EF6		  - nickname at work: なっちゃん (V355)
0	80	2	75	facts		00000EF6		  - facts (00000EF6): after Haruka's coma she visited daily; quit high school after a year (money, credits) and works nights at an izakaya, its 看板娘; lives at Goto's house in Goto's sister's old room, pays part of her wages (134:2-5; 140:247-250); the Kogori house burned in 800 (140:247); her grandparents offered support, took the 三回忌 of her father (140:89, 140:212); turned down a third-year's confession (140:67); offered a second-shop managership (110:291); a stomach ulcer, vomited blood (67:262; 61:31); strangled by Haruka, neck hurt (50; 36:13); per Goto, talked for two years with Haruka who never woke (61:125-133, V347); by the 戸籍謄本 she is 良治 and 茜's 次女, Haruka's sister (26:140-154); per Goto, an ephedrine-like substance has been in her blood since 新村栄一郎's blood (36:230-242); 交換輸血 on 802 April 6-7, 19 hours (14:50); after it the spring wind no longer sickens her, the foresight perhaps gone (14:175, 14:208); promises a family photo under the cherries (14:131-135; 8:219-221)
0	81	2	75	open questions added		00000EF6		  - open questions added: V347, V352, V355
0	82	0		chunk-14 additions		00000EDF		- chunk-14 additions (as of 00000EDF):
0	83	2	82	route of 00000EDF		00000EDF		  - route of 00000EDF (祀耀800 April 8 night, the route of 00000488): in Goto's instant of foresight she is beheaded by the 死神 (208:0-2; 65:20) and mourned (65-202); in the real frame she shoves Goto clear of the hatchet, her cheek cut deep (117:155-161); the voice in the vision "だから、私だよ、五島。私はまだ、生きてるの" / "早く目を覚まして！" is named hers by Goto only at 117:154 (117:143-154, V332)
0	84	2	82	lines		00000EDF		  - lines (real frame): "五島、危ない！" (117:155); "五島、気がついた！？" (117:158); "私、何も知らな過ぎたんだ……。／お父さんが死んだのも、おばさんがこんなことになったのも……。／何が……直感よ……" (117:207-209, speaker inferred); 祀耀800 August 1, sparring with 桃子, who calls her 貧相ちゃん (117:254-264, attribution V331); replayed line "ふふ、五島ってば。やっぱりかわいい後輩だね。…" (111:18)
0	85	2	82	facts		00000EDF		  - facts (00000EDF): per Goto in the vision, flat-chested ("貧相だった" 37:295); her blood on Goto gave Goto an instant of foresight (117:167, 117:231); the 蔵 basement code 0723 reads なつみ (192:103-110, V328)
0	86	2	82	open questions added		00000EDF		  - open questions added: V328, V331, V332
0	87	0		chunk-13 additions		00000EC7		- chunk-13 additions (as of 00000EC7):
0	88	2	87	narrator of 00000EC7		00000EC7		  - narrator of 00000EC7 (plain, comic asides: "ここへ来て行かないなんて、この旅館に失礼だ！／春花のお母さんに失礼だ！／露天風呂に失礼だ！" 11:13-15); dead in the route replayed in 00000EAF (74:16 "頭だけ胴体と離れた場所に転がっている古郡先輩"; Goto: "いくらは、古郡先輩の大好物だったな" 00000EAF:97:45)
0	89	2	87	lines		00000EC7		  - lines (00000EC7), 丁寧 to the inn fortune-teller: "家族とです。お父さんは酔っぱらって寝ちゃって……。／お母さんと、えっと、お姉ちゃんはおしゃべりしてます" (11:46-47, Haruka as お姉ちゃん to a stranger); "おばさんは誰と来たんですか？" (11:50); "あ……はい。／えへ、そうですね" (11:70-71); "それって……／防ぐことはできないんですか？" (11:115-116); "分かりません……。／でも、大切な人を失うのは嫌です" (11:122-123); "あの、すみませんけど……。私、何かとても大事なことを忘れている気がするんです。" (11:137); "もしかしてその人……／青と緑のオッドアイじゃなかったですか？" (11:157-158); "私は……／いえ、分かりました。／真実は知らない方がいいんですよね？" (11:190-192); "わかり……／ました……" (11:252-253); to Haruka タメ口 "うん、一緒になった人と話しこんじゃってね" (11:265)
0	90	2	87	facts		00000EC7		  - facts (00000EC7): a scar from shoulder to chest, expected to fade (11:56-57); never been to Tokyo (11:146); recalls Haruka's father "私をかばって死んでしまった" and feels she met him recently (11:132-136); now clearly remembers the dream meeting with おじさん and the promise not to uncover the truth of the 呪殺 case (11:187-189); narration names エリカちゃん, 夏菜ちゃん, 城崎さん (11:32)
0	91	2	87	open questions added		00000EC7		  - open questions added: V322
0	92	0		chunk-12 additions		00000E95		- chunk-12 additions (as of 00000E95):
0	93	2	92	narrator of 00000E95; no lines in 00000E7B		00000E95		  - narrator of 00000E95; no lines in 00000E7B (桃子 names her 古郡なつみ, 絵梨奈の先輩, and calls her foresight "あいまいな危険察知" 00000E7B:28:185, 桃子's view)
0	94	2	92	lines		00000E95:11:0		  - lines: "あ、海が見えてきた！" (00000E95:11:0); "おばさんなら、やっぱり化粧品とかかな？" (11:7); "ねえ……女ケ沢でのこと、ちょっと聞いたんだけど……" (11:81); "そっか……。全部いい方向にいったんだね" (11:89); "というか……もう……／迷子になったかな……" (11:115-116); "春花も迷子？" (11:125); mimicking Haruka "はっははは！　私と春花の仲じゃん！／水くさいこと言わないでよ！" (11:166-167); "姉妹だもん！　お姉ちゃんの真似！" / "分かったよ、お姉ちゃん！" / "妹って言わないでよ！" / "もー！" (11:170-176); mock-archaic "よーし春花、合格！／せっかく部屋に家族風呂ついているし、さっそく堪能しようぞ！" (11:249-250)
0	95	2	92	narration voice		00000E95		  - narration voice (00000E95): light, fond, comic ("ちっ！　我ながらミスをした……" 11:242; "絶対に許さない……！" 11:253); reflective ("でも、そんな不幸の上に積み上げた幸せなんて、きっと脆いものだ。" 11:106)
0	96	2	92	facts		00000E95		  - facts (00000E95): her parents told her of the adoption, the accident and 女ケ沢 (11:85-88); thanks Haruka for being hurt shielding her 10 years ago (11:158-160); summer at 荒田 with Goto planned (11:241); chest complex against Goto (11:236-238)
0	97	2	92	open questions added		00000E95		  - open questions added: V282
0	98	0		chunk-11 additions		00000E61		- chunk-11 additions (as of 00000E61):
0	99	2	98	narrator of 00000E01, 00000E19, 00000E31, 00000E49		00000E61		  - narrator of 00000E01, 00000E19, 00000E31, 00000E49 (11:0-29, 11:121-200); 00000E61 and 00000E49:11:30-117 are Haruka's (V268)
0	100	2	98	lines		00000E61		  - lines: "ねえ、どうしたらいいかな……" (00000E01:11:2); "そんな……！　やっぱり、私が魔女の力を持ってるから！？" (11:12); phone "うん、でも直感が全然働かないの！" (11:62); "あ、ありがとうエリカちゃん！" (11:43); "危ない！　おばさん停めて！" (11:99); dream talk with Eiichiro, soft タメ口: "おじさん、私……／ずっと謝りたかった。" (00000E31:11:25-26), "私、春花がお姉さんで嬉しいよ。" (11:48), "もちろんだよ！　お母さんとおばさんみたいに、ずっと一緒にいるよ！" (11:106); teasing "分かったよお姉さん！" (00000E49:11:136); "真相は……知らない方がいい時もあるんだよ" (11:192); "怪我人にそんなの飲ませる気……？" (00000E61:11:58); "ちょっとお父さん！　変な顔しないでよ！" (11:128)
0	101	2	98	narration voice		00000E61		  - narration voice (chunk 11): self-coaching ("迷うな……！　自分を信じろ！" 00000E01:11:153); prayer ("お願い、歴代の大魔女様！　みんなを守って……！" 11:75); a reasoning chain on masks and foresight (00000E19:11:11-34); fading thought one phrase per cell (00000E19:11:203-209); dreamlike present feel (00000E31)
0	102	2	98	facts		00000E61		  - facts: by her reasoning her foresight needs an identifiable person (00000E19:11:24); shields Haruka from 幸太郎's hatchet, saved by the metal mask; shallow chest cut, heart bruised, discharged April 9 (00000E49; 00000E61:11:1); learns Haruka is her real elder sister (00000E19:11:183; Eiichiro 00000E31:11:44-47); promises Eiichiro not to blame 幸太郎 and to stay by Haruka; told she will never hear his voice again (00000E31:11:92-107); on waking remembers only a promise not to uncover the truth (00000E49:11:196-200); recalls Haruka once shielding her from someone (11:128-129) (as of 00000E61)
0	103	2	98	open questions added		00000E61		  - open questions added: V264, V267
0	104	0		chunk-10 additions		00000DE9		- chunk-10 additions (as of 00000DE9):
0	105	2	104			00000DE9		  - narrator of 00000D11, 00000D29, 00000D41, 00000D59, 00000D71, 00000D89, 00000DA1, 00000DB9, 00000DD1, 00000DE9 (the route where Goto is late)
0	106	2	104	lines		00000DE9		  - lines: 丁寧 to 城崎 ("遅くにすみません。あの、ちょっとお願いがあるんですけど……" 00000D11:11:12; "あの……もし私が魔女だったら……" 11:34); plain commands at knifepoint "降ろして！", "早くしないと……!／本当に刺す！" (00000D29:19:30-35), back to 丁寧 (19:110-111); protest "だったらどうしてみんな知っててやめないんですか！" (19:53); urgent "五島、今すぐ、そこから離れて！" (00000D11:11:122); "ここ、ここ来ないで！" (00000D41:11:17); "五島、犯人……／ぜんっぜん分からない" (11:213-214); to Erika "今からでも……／友達になろう？" (00000D59:11:130-131), "はい。／いや……分かったよ！　エリカちゃん！" (11:160-161); flustered "ごごご五島の方がそう言うの好きじゃないかな……。あははは……！" (11:148-149); "頑張るよ！　なんてったって、私、鋼鉄メンタルだから！" (00000DA1:11:217); fond "五島……かわいい……" (00000DD1:11:24), "よしよし五島、かわいいよ！" (11:45)
0	107	2	104	narration voice		00000DE9		  - narration voice (chunk 10): paranoid spirals in short cells ("何を考えているんだ私は……！" 00000D41:11:116; "私の疑心暗鬼もなかなかのものだな" 11:84); her own reasoning chains (00000DA1:11:10-19; 00000D59:11:232-238); comic asides ("心中、お察しします……" 00000D89:11:7; "五島……あざとい……" 00000DD1:11:29; "かわいいなあ、もう！" 11:87)
0	108	2	104	facts		00000DE9		  - facts: first intuition seen, not heard, and of the past, in strong wind at the convenience store (00000D11:11:119-121; 00000D29:11:17-25); works only in contact with people in danger (00000D11:11:80); her father hears her through the phone app (11:49); cut her arm at the 法要, dizzy from ファルシフィカソ (00000DE9:11:70-118); finds "スグニゲロ" in her robe pocket (11:231); Goto's hypothesis: a ドローガ user's blood gave her and サクラ the power (00000DA1:11:84-90, hypothesis only) (as of 00000DE9)
0	109	2	104	open questions added		00000DE9		  - open questions added: V249
0	110	0		chunk-09 additions		00000CCA		- chunk-09 additions (as of 00000CCA):
0	111	2	110			00000CCA		  - narrator of 00000BD6, 00000BED, 00000C08, 00000C21, 00000C38, 00000C50, 00000C68, 00000C81 (the route where Goto is late); no narration in 00000B57-00000BB7
0	112	2	110	lines		00000CCA		  - lines (00000B57 account, ten days before the visit): "偶然じゃないよ！　おじさんの声が聞こえたの。五島がどこか行こうって話してた時に、ここに行くようにってね。" (11:83); "おじさんの十三回忌に行けるの！？" (11:92); to her parents "何か、そんな気がするだけ。／うまく言えないけど……それってちょっと危ない気がするの" (11:105-106)
0	113	2	110	route of 00000B57-00000BB7		00000CCA		  - route of 00000B57-00000BB7: "五島……／私にも協力させて。／私……本気で犯人を捕まえたい！" (00000B87:11:13-15); hugs 夏菜 "夏菜ちゃんのお母さんが死んだの、きっと私も悪いの……！" (27:19); "五島……どうしよう……" (27:43); taken by 幸太郎 at the station (00000B9F:11:189); unhurt beyond a little (00000BB7:11:59)
0	114	2	110	teen voice		00000CCA		  - teen voice (route of 00000BD6-00000C81): "五島、怒ってないから話し方、いつも通りに戻してよ……" (00000BD6:11:25); "ねえ……単純に着替えればいいだけじゃない？" (00000BED:11:87); "なんか……ごめん……" (11:5; 00000C21:11:49); with Chigaya, comic solidarity "チガ姉！　私、その気持ち分かる！…海に行く勇気も私にはないの！" (00000C08:11:94-95), "私たちの友情は永遠に不滅よ！" (11:115); 丁寧 to 城崎 ("はい！　春花と幼なじみの古郡なつみです！" 00000C38:11:27); detective aside "さあ、どう答える……！？" (00000C38:11:45; 00000C68:11:42)
0	115	2	110	narration voice		00000CCA		  - narration voice (chunk 09): exhausted comic asides ("私の体力ゲージも赤く点滅し始めている" 00000C08:11:8; "もう……帰りたい……" 00000C68:11:150; "ご飯食べよ……" 11:155); sly tsukkomi on the mock synopsis ("ギャラリー誰もいねーじゃん！" 00000C81:19:11; "唯一まともなのは私だけ……！" 19:77)
0	116	2	110	facts		00000CCA		  - facts: her intuition works in strong wind (00000BED:11:148) and fails in the 荒田 mountains, one cherry tree (00000C21:11:12-13); gave Haruka a knit dress last Christmas (00000C08:11:33); a "Fascination" director's-cut DVD arrived yesterday (11:66); body complex shared with Chigaya (11:91-102); half-remembers a small girl, ザッハ and a zoo (00000BD6:11:59-62); 城崎 warns her the power is "魔女の力" (00000C38:11:87); 幸太郎 calls her 本物の魔女 and 神使 in the 00000B9F route (V224) (as of 00000CCA)
0	117	2	110	open questions added		00000CCA		  - open questions added: V224
0	118	0		chunk-08 additions		00000B3F		- chunk-08 additions (as of 00000B3F):
0	119	2	118	narrator of 000009FE		00000B3F		  - narrator of 000009FE (frame and her ghost story), 00000A18 (frame), 00000A30, 00000A48, 00000A62, 00000A94, 00000AAC, 00000AC4, 00000ADE, 00000AF7, 00000B0F, 00000B27; embedded accounts: 00000A7C is Haruka's, 00000A94:11:107-128 Mifuyu's, 00000AC4:19:22-43 幸太郎's; 00000B3F is Haruka's (V196)
0	120	2	118	ghost-story voice		00000B3F		  - ghost-story voice (000009FE): です・ます telling mixed with plain cells ("前置きが長くなりましたが、今回は特に悪質なモトキザクラ様の話です。" 11:17); closes "以上で終わりです。／私にはこれが手一杯でした！" (43:8-9)
0	121	2	118	to Erika		00000B3F		  - to Erika: おばあさん + 丁寧 ("おばあさん！　勝者なしってどういうことですか？" 00000A30:11:15), then エリカちゃん + タメ口 at her request ("わ……わかりました、／いや、わかったよ！　よろしくね、エリカちゃん！" 11:189-190); narration 3p おばあさん to 11:180, エリカちゃん from 11:219 (V197)
0	122	2	118	to 幸太郎 丁寧		00000B3F		  - to 幸太郎 丁寧 ("幸太郎さん、質問していいですか？" 00000AC4:11:115; "その時、サクラさんは本当に死んでいたんですか？" 11:119); firm with Haruka "春花、犯人が幸太郎さんなのは仮定の話。まだ『起』が決まってないの" (19:17)
0	123	2	118	reasoning voice		00000B3F		  - reasoning voice: rapid self-questions in short cells ("何？　今の言い方。／今の言い方、違和感がある。" 00000ADE:11:85-86); outburst "これ、おかしいよ！　どう考えてもおかしい！" (11:56); comfort "私たちおばあさんになっても、一緒だから……" (00000AAC:11:52); "分かったよ！　私も長生きする！" (11:64)
0	124	2	118			00000B3F		  - death narration in short cells, last thought "せめて……／どうして私がこんな目に遭わないといけないのか……／教えて……" (00000ADE:11:167-169)
0	125	2	118	facts		00000B3F		  - facts: hears the cherry's voice, and おじさん's voice through it; 荒田's tree is failing, so the voice is dull (00000A30:11:76-77); remembers almost nothing of 女ケ沢 (11:89; 00000A94:11:91); believes she and Haruka are only children (00000AF7:11:147); votes for Goto (00000A30:11:6-7); route of 00000A62-00000ADE: killed by masked villagers (00000ADE:11:141-169); route of 00000AF7-00000B3F: hears her parents attacked on the phone and collapses (00000B27:11:107-126) (as of 00000B3F)
0	126	2	118	open questions added		00000B3F		  - open questions added: V191, V197
0	127	0		chunk-07 additions		000009E6		- chunk-07 additions (as of 000009E6):
0	128	2	127	narrator of 00000900		000009E6		  - narrator of 00000900 (from 11:39), 00000916, 0000092D, 00000944, 0000095B, 00000972, 00000989, 000009A0, 000009B7 (frame), 000009CF (frame), 000009E6 (frame)
0	129	2	127	child voice, age 6		000009E6		  - child voice, age 6 (000008B9-000008E8): calls Mifuyu おばちゃん, Eiichiro おじちゃん (3p), Goto 絵梨奈ちゃん / えりなちゃん (V152, V178); "おばちゃん久しぶり！" (000008B9:29:10); "おばちゃん、やっぱり美人だね！" (29:19); "うん！　一と二と三と……あと、小さいって字も読める！" (29:142-143); orders in Chinese characters (36:10-12, V153); the warning "おばちゃんの邪魔したらダメだよ" (000008B9:40:0; 000008D0:23:0); "やめておばちゃん！…元のおばちゃんに戻ってよ！" (000008D0:46:120-122); "私のせいで、おじちゃん死んだんだよね？" / "だから、ごめんなさい！" (000008E8:8:90-92); "私も春花ちゃんと同じ学校に行く！" (8:106); もん chain "だって、おばちゃんも春花ちゃんのこと大好きだもん！" (8:119-123); "おばちゃんとロシアンたこ焼き食べたい！" (8:265)
0	130	2	127	age 16 in the 000008D0		000009E6		  - age 16 in the 000008D0:33 route (祀耀800): in care, carers call her 古郡さん; 丁寧, flat: "私、桜が嫌いなんです", "私、魔女だから……", then to a carer "あなた――" and the bare cell "今日死にますよ" (000008D0:33:61-75)
0	131	2	127	teen voice		000009E6		  - teen voice (00000916-000009E6, the route where the Niimuras returned in 790): タメ口 to Haruka and Goto; "あは！　でもそれはそれで楽しそうじゃない？" (00000916:31:95); っす once (31:87, V159); garbled keigo to Chigaya "いつも春花さんにはお世話になられております" (00000944:8:44, V162), then チガ姉 in タメ口 at her request (8:174); 丁寧 to the grandmother and 幸太郎 (0000095B:11:83, 35:26-29); "春花、出た！　出たの！　おじさんの幽霊！" (35:11); "五島、私はチガ姉につく" (00000989:11:83)
0	132	2	127	narration voice		000009E6		  - narration voice (chunk 07): lively, comic tsukkomi asides ("多分、これは春花が覚えていないだけだ……" 00000944:8:77; "残念以外の言葉が浮かばない" 8:227); mock-epic food ecstasy (00000972:11:201-223); 修羅 mode again ("修羅が乗り移った私に怖いものなどない" 00000989:11:149; "あのデブ、逃げたな！　こんなときだけフナ虫のように……！" 11:104-105); wind-listening ("私は目を閉じ、風の声に耳を澄ませた" 0000095B:11:153, 27:9)
0	133	2	127	facts		000009E6		  - facts: in the 790 true route learns Haruka's father died reaching for her balloon and apologises to Mifuyu (000008E8:8:69-92); says she heard おじちゃん's voice asking her to help Haruka (8:95-96); in the route where the Niimuras returned: Haruka's neighbour for ten years by 800 (00000916:31:13); her father alive; she kept him home in the morning after hearing "春花のお父さんの声" (31:23); tells him to drink less "おじさんがそう言ってるから", a white lie (31:57-61); used to have 四月病 / 桜恐怖症 from guilt, now "桜が大好き" (0000092D:11:144-159); remembers only dimly why Haruka left and returned (00000916:31:15-16); insecure about her chest (00000989:11:71-72); her doll name the only one written horizontally (000009E6:19:20); hears voices in the wind at 荒田 (0000095B:11:24-26, 35:122) (as of 000009E6)
0	134	2	127	open questions added		000009E6		  - open questions added: V152, V159, V162, V172, V178
0	135	0		chunk-06 additions		000008A2		- chunk-06 additions (as of 000008A2):
0	136	2	135	no Natsumi narration in chunk 06; seen through Haruka		000008A2		  - no Natsumi narration in chunk 06; seen through Haruka (00000779, 000007A5), Mifuyu (000007BC-00000818) and 良治 (0000082F-000008A2)
0	137	2	135	teen lines		000008A2		  - teen lines (00000779-000007A5): comfort "ごめんね。やっぱり私こそ、魔女なのかな……。私が風船を飛ばさなければ、こんな……！" (00000779:8:122); "別に……ただ今やれることをやっているだけ" (8:144); "1人はみんなのために、みんなは1人のために。新村家のモットーでしょ？" (8:149); "何よ五島！　1時間も動いてないじゃない" (000007A5:8:24); "今日こそ負けないんだから！" (8:53); mock-solemn "重要な役割よ、春花……。封印を解いて……" (8:176); tongue click "ちっ……！" (8:172, per 8:173)
0	138	2	135	child voice, age 4		000008A2		  - child voice, age 4 (0000082F): calls 良治 パパ, 茜 ママ, Eiichiro おじさん, Haruka 春花ちゃん; "ねえパパ、危ないよ" (15:0), "その救急車、危ないよ？" (23:0); age 6 (00000846-0000088B): お父さん / お母さん; "お父さん、今日は会社の車に乗らないでね" (00000846:11:37); "じこ……／じこしょ……？" (0000085D:11:4-5); orders Russian takoyaki calling the spicy one "当たり" (0000085D:11:79-80); "お父さん、行っちゃダメ……！　お願い……。私も行くから。春花ちゃんに会わせて……！" (0000088B:28:2-4); "私が行かなきゃダメなの！　みんな助けられないの！" (28:14) (as of 0000088B)
0	139	2	135	facts		000008A2		  - facts: biological daughter of 茜 and 良治, born the summer after Haruka; Haruka is her full elder sister, adopted by the Niimuras; neither girl told (00000818:11:243-248); named by season, なつ = summer (00000801:8:114); at 4 drenched in Eiichiro's blood; her danger-foresight began that day (0000082F:15:0, 23:0; 00000846:11:99); it works when she is in the wind; her parents never told her about the wind; 15+ minutes of wind makes her ill (00000846:11:100-103); cherry blossoms "気持ち悪い", plum and peach fine (0000085D:11:45-50); met 絵梨奈 and 桃子 at ザッハ at 6 (0000085D-00000874); moves into Haruka's home after the arrests in the 00000779 route (000007A5:8:7); her mother arrested in that route and "重症" (000007A5:8:142-144); in 000008A2 Mifuyu calls her "本当の魔女" (16:1) (as of 000008A2)
0	140	2	135	open questions added		000008A2		  - open questions added: V148
0	141	0		chunk-05 additions		00000761		- chunk-05 additions (as of 00000761):
0	142	2	141	seen from Haruka's narration in 000006B2-00000761		00000761		  - seen from Haruka's narration in 000006B2-00000761 (no Natsumi narration in chunk 05)
0	143	2	141	takoyaki-duel register		00000761		  - takoyaki-duel register (000006F9:17:202-293): mock-villain わ / かしら / のよ / わね ("さあ春花……この勝負、楽しみましょう", "春花は忘れたのかしら？", "天才少女なんて、中身はやっぱりガキなのよね……", "残念だったわね！"); chanted incantation "パラメン・アビラン・エリクラン……。ガラフ・イトア・ギドアクス……" (000006E0:16:179, V115); "春花に当たれ……！　五島に当たれ……！" (000006F9:17:143)
0	144	2	141	angry		00000761		  - angry: "バ、バカじゃないの！？…このチビの幼児体型がよくまあそんなことを！" (000006E0:16:128-129); "急に何よ！　これでも私、そこそこ細いんだから！" (16:124)
0	145	2	141	role voices in 00000761		00000761		  - role voices in 00000761: weak small-kana "ゃぁ……戦友……" (8:15, V121); old-man "すまぬのお、春花……。BDDP戦争が終わってもう、どれくらい経ったかのう……" (8:20-21, V122)
0	146	2	141	resolve		00000761:8:155		  - resolve: "教えて。／私、何をしたらいい？" (00000761:8:155-156)
0	147	2	141	facts		00000761		  - facts: at 4, drenched in Haruka's father's blood; fear of cherries dates from it; does not remember (Haruka's account, 00000682:11:12-13); wrote letters to Haruka in 女ケ沢市 (00000682:11:158); believes her father is on a business trip to Hokkaido (000006B2:8:16); in this route dreamed at Haruka's of a red person screaming and linked it to her father (00000761:8:138-139); learns of her father's death from Haruka (00000761:8:133) (as of 00000761)
0	148	2	141	open questions added		00000761		  - open questions added: V115, V121, V122
0	149	0		chunk-04 additions		0000066B		- chunk-04 additions (as of 0000066B):
0	150	2	149	narrator of 000005C1, 000005D6, 000005EB, 00000600, 00000617		0000066B		  - narrator of 000005C1, 000005D6, 000005EB, 00000600, 00000617:8:0-39, 0000062C, 00000641, 00000656 (as of 00000656)
0	151	2	149	katakana 片言 answers as a teasing device		0000066B		  - katakana 片言 answers as a teasing device: "ワカラナイ", "ワタシ、スマホ、ナイ", "ボッタクリ", "ナンデモナイ" (000005C1:11:92-179; V079)
0	152	2	149	possessed-villain register once		0000066B		  - possessed-villain register once: "ふははははは！", "がいいわ", "かしら", "どもめ", crude breast insults (00000600:19:16-26; V087, V088); tsukkomi "こら春花！　私のかわいい後輩に何をする！" (000005D6:11:61); insults Goto "このチビ！　ちんちくりん！" (000005EB:11:81)
0	153	2	149	丁寧 to her middle-school coach		0000066B		  - 丁寧 to her middle-school coach ("待って下さい……！　できるまで……やらせて下さい……！" 00000617:8:53-54); タメ口 to Goto from the first talk, bare 五島 (00000617:8:100)
0	154	2	149	accusing あなた to the 死神		0000066B		  - accusing あなた to the 死神 (00000641:11:95-100); "おかあ……さん……？" (11:118)
0	155	2	149	narration voice		0000066B		  - narration voice (chunk 04): comic mock-lyrical asides (いくら passage 00000600:11:26-30; 修羅 passage 19:5-9); panic spiral of short questions (0000062C:11:112-131); self-coaching imperatives ("落ち着け！　呼吸しろ！" 0000062C:19:21; "下を見るな！" 19:63); detached self-judgment ("滑稽だった。" 00000641:11:166)
0	156	2	149	facts		0000066B		  - facts: middle-school volleyball club, 2nd year when Goto joined, poor at sport, aimed for a starting spot, collapsed from 四月病 on tryout day April 6 (00000617:8:42-237); no club in high school, "燃え尽きた" (0000062C:11:4); dislikes only 桜もち (000005C1:11:204); insecure about her figure (00000600:11:43); intuition = a warning voice she hears (00000641:11:12), triggered by 桜 and 風 (00000656:11:118); route-dependent: left elbow injured, dislocated (0000062C:19:68; 00000656:11:38); both parents dead, leaves 元木町 for her grandmother's, 四月病 gone two years later (00000656:11:4, 11:115)
0	157	2	149	open questions added		0000066B		  - open questions added: V079, V086, V087, V088
0	158	0		chunk-03 additions		000005AC		- chunk-03 additions (as of 000005AC):
0	159	2	158	narrator of 000004BB		000005AC		  - narrator of 000004BB:16 (to 16:36), 000004CF:12 (12:1-59, 12:97-118), 000004E3, 000004F9, 0000050E, 00000538, 00000550, 00000564, 0000057B, 00000595, 000005AC
0	160	2	158	angry register to Haruka		000005AC		  - angry register to Haruka (000004E3:27): "何よ！", "バカにしないで", "もう一度言えって言ってるでしょ！", "は、あきれた"; slaps her, her first time hitting anyone (27:60); tsukkomi "そっちかい！" (000005AC:11:62); teasing "さーねー！" (11:58); "ちょうだい" to Goto (00000564:11:77); laugh あはは / あはははは (000005AC:11:36, 11:56)
0	161	2	158	丁寧 to Ise		000005AC		  - 丁寧 to Ise (00000538:11:42); kneels and apologises to Haruka's mother in 丁寧 with あなた (00000564:11:165-172)
0	162	2	158	narration voice		000005AC		  - narration voice (chunk 03): anaphora for resolve ("親不孝と思われてもいい。/バカだと思われてもいい。" 000004E3:11:52-55); flat declaratives in shock ("私のお父さん、殺されたのに。" 11:66); a calm first-person death monologue (0000050E:11:145-162); numb description at the morgue, then breakdown (00000538:11:91-95, 11:122 "やだよー！！！")
0	163	2	158	facts		000005AC		  - facts: 4 years old twelve years ago (00000550:11:50); let the balloon fly that led to Eiichiro's fall, did not know until told (00000550:11:44-45); got a new smartphone designed by her father for moving up a year (00000538:11:105-110); first 四月病 attack shown (0000050E:11:41-50); route-dependent: father confirmed dead in every route read; mother goes to turn herself in (00000522), or knew of the letter (00000564, 0000057B)
0	164	2	158	open questions added		000005AC		  - open questions added: V062, V065, V073, V075
0	165	0		chunk-02 additions		000004A7		- chunk-02 additions (as of 000004A7):
0	166	2	165	full name 古郡なつみ written on a paper doll		000004A7		  - full name 古郡なつみ written on a paper doll (0000034C:11:138); father 古郡良治, mother 古郡 茜 (0000034C:11:136-137)
0	167	2	165	to Goto		000004A7		  - to Goto: first person to call her by bare surname, middle-school club (000002F6:11:60-61); "ふふ、五島ってば。やっぱりかわいい後輩だね" (00000473:11:33); teasing "今日の五島、怖がりさんだもんね" (00000488:34:24); laugh ふふ -> "Heh" (00000473:11:33, 00000488:34:63)
0	168	2	165	more particles		000004A7		  - more particles: でしょ "それなら一緒にいられるでしょ？" (00000473:11:33); っけ "同窓会行ってるんじゃなかったっけ？" (00000488:34:27); もん "海外に行ってるんだもん" (00000488:34:93)
0	169	2	165	facts		000004A7		  - facts: last saw Haruka's father before Haruka moved away, kindergarten age; no recent photo (00000488:34:103-105); believes Haruka's father is abroad (00000488:34:93); trusts both Goto and Haruka (00000488:34:85-89); route-dependent: found dead in the 00000366 route (11:72), attacked in the 00000488 route (11:1)
0	170	2	165	open questions added		000004A7		  - open questions added: V036
0	171	0		first_appears	1	00000024:16:11		- first_appears: 00000024:16:11 (as narrator 16:0)
0	172	0		pronoun(s)	1	00000024		- pronoun(s): 私 (as of 00000024); no switch observed
0	173	0		pronoun FREQUENCY	1	00000024:16:11		- pronoun FREQUENCY: about as often as typical
0	174	0		speech level baseline	1	000001E1:33:32		- speech level baseline: タメ口, soft and feminine; 丁寧 only to strangers (dream: "大丈夫ですか" 000001E1:33:32)
0	175	0		sentence-final particles	1	00000024:16:48		- sentence-final particles: ね "もう慣れてるよ" / "大食いだもんね" (000001DB:15:38); よ "今日は元気だよ！" (000001DF:11:4); かな "まあまあかな" (000001DB:15:29); の "見つけたの" (00000024:51:4); じゃない "夢見るくらい、いいじゃない" (00000024:16:48); でしょ "やってくるよ…まだでしょ？" (000001DB:15:174); なあ "しばらく食べてなかったなあ" (000001DF:11:104)
0	176	0		copula	1	00000024:16:11		- copula: だ mostly dropped (soft forms: だよ, だね, だもん)
0	177	0		verbal tics / catchphrases / fillers	1	000001DB:15:9		- verbal tics / catchphrases / fillers: sighs 「はあ……」 (000001DB:15:9) -> "Haah..."; laugh あは (000001DB:15:38) -> "Aha"; "もう" as a mild protest ("もう、春花ってば" 000001DF:11:2) -> TBD
0	178	0		dialect	1	00000024:16:11		- dialect: none
0	179	0		EN correlates	1	00000024:16:11		- EN correlates: normal contractions; no profanity; short-to-medium sentences; gentle, apologetic; everyday vocabulary
0	180	0		narration voice	1	000001DB:15:18		- narration voice: introspective and self-deprecating ("しまった。全然名誉回復の説明になっていない……" 000001DD:11:114); frequent hedges (だろう, かな, 気がする); short one-line beats and lists ("たまに子供の声、" 000001DB:15:18); present-tense feel on feelings, past on actions
0	181	0		facts		00000024:67:39		- facts: second-year, Class 2-2 (000001DD:11:34); one year younger than Haruka (00000024:67:39); cherry-season illness 四月病 since earliest memory (000001DB:15:141); danger-sensing intuition that works only while cherries bloom (000001E3:24:30-46); grades middle, sports lower-middle (000001E3:24:29) — all as of the cited file
0	182	0		known ambiguity / open questions	1	00000024:16:11		- known ambiguity / open questions: V003, V004, V022, V028, V036
0	183	0		as-of	1	00002457		- as-of: 00002478 (was 00002457)
0	184	0		blank		00000024:16:11		
1	0	0		heading	1	00000024:16:8		## 春花 (Haruka; surname 新村 Niimura, EN Haruka Niimura)
1	1	0		chunk-30 additions		00002478		- chunk-30 additions (as of 00002478):
1	2	2	1	00002473		00002478		  - 00002473 (colour 春花; lines replay 00000E19 / 00000E31 with cell merges, V663): "幸太郎さん、どこに通路があるんだ？　行き止まりみたいだけど……" (11:40); "おい、何言ってんだよ……" (11:47); "幸太郎さん……どういうことだよ" (11:53); "逃げるぞ！" (11:87); "食らえ！　このクソブタ野郎！" (11:90); "この野郎……！" (11:92); "なつみ、下がれ！　あいつの狙いはお前みたいだ！" (11:153); "な、なつみが妹だろうが、私が誰であろうがどうだっていい！　絶対になつみたちを守る……！" (11:179); "五島は夏菜を運んでくれ！" (11:237); "ばあちゃん！　なつみと夏菜を引き上げてくれ！　急いで！" (11:239).
1	3	2	1	facts		00002478		  - facts: 幸太郎 tells her she is adopted, born to the 古郡家, なつみ's real older sister (00002473:11:161-162, as in 00000E19:11:183); per 栄一郎 now third generation from なつみ's blood; at her first period or bleeding in 荒田 she would kill なつみ (11:284-285); per サクラ the 女神's other wish is to erase her; per 栄一郎 the 女神 hates her out of jealousy (11:286-290). 00002478 (茅萱's narration): she stabbed なつみ, has been unconscious since, and wakes on 祀耀801年四月八日 (11:40, 11:52, 11:127).
1	4	2	1	幸太郎's narration and 茅萱 call her 春花ちゃん / 春花		00002478		  - 幸太郎's narration and 茅萱 call her 春花ちゃん / 春花 (3p).
1	5	0		chunk-29 additions		00002444		- chunk-29 additions (as of 00002444):
1	6	2	5	narrator		00002444		  - narrator (私) of 00002444 blocks 20 and 32 (inferred; no switch sprite): boyish past narration with だろ / な / か, quick sarcasm ("オールスターだな……" 20:414), plain fear ("お母さん……頼む……無事で……いてくれ……" 20:353); block 32 closes 15 years later in present-feel guilt ("私は死ぬまでこの罪悪感につぶされて生きていくことだろう。" 32:333).
1	7	2	5	lines		00002444		  - lines (colour 春花): rough タメ口 with だろ / んだ / かよ / ぜ: "いててて……" (20:8); "誰かいるのか！？　おい！" (20:90); "へ……／へ……／へっきゅちん" (20:115-117); polite to a stranger first ("糸？　やっぱり荒田の人ですか？" 20:109), then "じゃあ、糸って呼ばせてもらうよ" (20:140); "まあ、人生には色々あるからな。人を殺したくなることだってあるだろうよ" (20:238); "はっきり言ってお前もめちゃくちゃ怪しいけど、話は後だ。歩くぞ" (20:387); "言ってる意味分かんねえよ……" (20:392); "もし死んだらどうするんだよ！？　城崎さん、ただの人殺しだぞ！？" (20:505); "ちょ、それ早く言えよ！" (20:568); "五島！　無事か！？" (26:239); "はは、もう走りすぎてクッタクタだよ" (26:245); "何が父親だ！　本物のお父さんがこんなことするわけないだろ！" (32:36); gentle to the 女神, as to a small child: "なあ、なつみは私たちにとって大切な人なんだ" (32:117); "お前の……／君の名前は……？" (32:168-169, V655); "ああ、約束する。" (32:205); "ああ、新村春花だ。／さっきから色々と話してる男の人の娘だよ" (32:276-277).
1	8	2	5	flashback		00002444		  - flashback (colour 春花): "五島何やってんだ！　早く逃げろ！" (20:300, also 14:27); "お母さん！　裸足で大丈夫なのかよ！" (20:319); "ちくしょう……！" (20:323).
1	9	2	5	facts		00002444		  - facts (this route): lost about half a month of memory after a fall from a cliff while fleeing with 美冬 (20:34-47, 20:343-346); remembers it on seeing なつみ (20:298); recalls, as a child in 女ケ沢市, making paper dolls to kill a classmate and her mother's request to なつみ's parents (20:228-231); sees 夏菜 at 4-5 asking why she has no mama, and her own cold answer "死んじゃったからだよ" (32:130-153); lost her father, her mother was 心神喪失 then (32:185-186); bargains なつみ free by promising to find the 女神's mother (32:201-209); the only one who remembers (32:300); kept the promise of silence; in 815 about 200,000 die in 元木市 (32:320-328); "あの人が見つかっていない" (32:341).
1	10	0		chunk-28 additions		00002433		- chunk-28 additions (as of 00002433):
1	11	2	10	the visiting 春花 of another dimension		00002433		  - the visiting 春花 of another dimension (000021E2, colour 春花; the line that destroyed 死月妖花): rough タメ口 as before: "え！？　お前は……！／　私が、2人……！？" (53:12-13); "あーまああれか、夢だなこりゃ。" (53:21); "今日はなつみと五島で、かんざしを埋めに行くんだ。" (53:24); "じゃあこうしよう、お前と私は同じ人間。／だから、1つになればいいだろ？" (53:32-33); "おいあんた！　頼む！　あいつを追いかけてくれ！" (734:12).
1	12	2	10	the guide as 春花		00002433		  - the guide as 春花: see the 立木三日 block (000021E2, 00002225).
1	13	2	10	00002225		00002433		  - 00002225 (the guide's line, after waking): "私が殺した。これは紛れもない事実。" (11:9); "荒田の糸姫山に住む、かわいそうな女の子がいる。" (11:19); "何で雲って、浮いてるんだろう？" (11:60); "五島、ありがとう。私、やっぱり帰ってきてよかったよ" (11:102); "でも……でもさ、私とあいつって似てるだろ？" (11:123); grew her hair; "さすがに言葉遣いはなかなか変わらないけどな" (11:147); "おいおい何だよ、お前がおごるとか気持ち悪いな……" (11:158); not tried by law (11:40).
1	14	2	10	00002340		00002433		  - 00002340 (the line of 000021E2:734; colour 春花): cold and bargaining: "なつみは私が刺し殺した。そうだな？" (11:11); "おい！　お父さん！　聞いてんだろ！？　出てこいよ！" (11:26); "なつみを生き返らせてくれ。／代わりに、生きた第一世代と第二世代をやるよ" (11:40-41); stabs 五島 with ドローガ; "ほら、じゃあ願えよ。" (11:66); "私を守るために女ケ沢で子供を殺そうとしたのに、今さら迷わないよな？" (11:82); "桜の花って、本当にきれいだよな" (11:117).
1	15	2	10	00002350		00002433		  - 00002350 (dream), 0000235A (morning ザッハ): "うーん助けろって言われてもな……" (00002350:8:5); "へえ！　じゃあ2人の夢に私が出てきたのか！／　お前らどれだけ私のこと好きなんだよ！　はははは！" (0000235A:8:25-26).
1	16	2	10	000023AB		00002433		  - 000023AB: "お前、なつみがトイレに行くように、わざとあんな話し方や態度を取ったんだろ？" (8:3); "なるほどな、私も知ってるよ。全部覚えている。" (8:15); gives the third 女ケ沢市事件's details herself (8:30-32).
1	17	2	10	0000240C		00002433		  - 0000240C (narrator 春花, 私; present-feel panic): "くそ……！　もうビビってんじゃねえよ、私！" (11:93); "ほら五島、疑えよ！／私が犯人だよ！　私は殺人犯なんだよ！" (11:95-96); "こんなときにさすがに不謹慎だったかな！　あはははは！" (11:117); messages: "私、このままだとなつみを殺してしまう。助けてくれ。…" (11:137); "だって私、なつみのお父さんを殺したんだぞ" (11:145); "私、自首してくる。" (11:150); leaves with three paper dolls (11:157).
1	18	2	10	00002427		00002433		  - 00002427 (colour 春花): "なあ、見ろよ五島……。これでも呪いがないっていうのか？" (11:269); "何でだよ……。お母さんの紙人形なんてなかったのに……" (11:275); "五島……お前、死にたいか？" (11:318); "最初からこうすればよかったんだ……" (11:332); cuts her own throat to spare 五島 (11:339); "おかあ……／生きてた……" (11:344-345); dies (11:350).
1	19	2	10	00002433		00002433		  - 00002433 (phone, colour 春花): "その声……。何だよ、誰かと思ったぞ……" (11:29); "最近機種変したばっかでさ" (11:31).
1	20	0		chunk-27 additions		000020B4		- chunk-27 additions (as of 000020B4):
1	21	2	20	00002066		000020B4		  - 00002066 (at a doctor, before Golden Week; "一昨日、ギリギリ18歳前に" 8:15): 丁寧 to the doctor: "はい、やっぱり病気ですかね……" (8:1); "まあ、頭を打ちましたかね。" (8:4); "心配事が1つ減りました" (8:12); one eye a clear green (8:6); the unnamed matter stays unnamed (V609).
1	22	2	20	0000208A		000020B4		  - 0000208A (small, colour 春花): "ありがとう、おばさん" to なつみ's mother (8:4); sneezes "くしゅん！" (8:14).
1	23	2	20	000020B4		000020B4		  - 000020B4 (at 荒田 on the day of 美冬's funeral, in the サクラ-alive line): rough タメ口 to サクラ: "何でサクラさんが謝るんだよ……" (8:20); "サクラさん、もういい。もう、いいんだ。" (8:24); "私に関わる人って、みんな不幸になるよな……" (8:27); "なあサクラさん、私はここに住んでいいんだよな？" (8:32); "山籠しようと思う" (8:38); "荒田に住む女の義務だろ？　私もやるさ" (8:40); "私、強くなりたい。もっと強くなって、大切な人たちの役に立ちたい" (8:50); asks that 元木町 not be told (8:55-56).
1	24	2	20	reported		000020B4		  - reported: in hospital 2 years (00002078:8:0), hurt shielding 古郡先輩 (0000207E:8:33); 美冬 tried to run her over (00002078:8:6).
1	25	2	20	colour casting		0000212D		  - colour casting: 新村晃's lines (and the 女神 speaking through dead 晃) in 0000212D-000021C9 are drawn in 春花's colour (V618).
1	26	0		chunk-26 additions		00002013		- chunk-26 additions (as of 00002013):
1	27	2	26	00001B76, 00001B81, 00001B8E, 00001BEE		00002013		  - 00001B76, 00001B81, 00001B8E, 00001BEE (colour 春花): blunt タメ口 with だろ / ぞ / な, お前 to 五島: "で、勝負とやらはどうだったんだ？" (00001B76:11:77); "え？　なつみの直感が不発なんて珍しいな……" (11:82); "夏菜、何言ってんだよ、五島が本気出したらどうなると思ってんだよ" (00001B81:8:8); "もうどんぶり飯7杯目だぞ……" (8:31); "お前、さっきザッハでおごったばかりだろ！" (00001B8E:8:3); "人の話聞けよ！" (8:5); "え？　お、おう……ありがとう……。／お前におごられると、何か気持ち悪いな……" (8:7-8); "なぬ！？　行くぞ五島！" (8:29).
1	28	2	26	00001BEE		00002013		  - 00001BEE: always a parka and shorts (8:3); no skirt in private for about ten years (8:7); "ほら、女ケ沢での私って何かと弱かったから、ちょっとでも強くなりたいって言うかさ" (8:12), her reason for male speech and dress; "別に私に色気なんていらないだろ……" (8:18); 17 per なつみ (8:19).
1	29	2	26	child, colour 春花		00002013		  - child, colour 春花: 00001B98 (transfer into an elementary class in 元木町): "あの……新村春花です。2年ぶりに元木町に戻ってきました" (8:13), shy "う……うん……" (8:22); 00001D17 (New Year at 荒田, サクラ alive): "お酒っておいしいのかな……" (8:2), sings 『おひめの歌』 (12:0-17); 00001FE9 (April 8, two years after her father's death per 美冬 8:35): "あ！　はい、犯人は私です！" (8:7), paper dolls "くじこうじ……／はたなかここな……" (8:18-19), "ごめんなさい……" (8:24).
1	30	2	26	00001BC4		00002013		  - 00001BC4 (New Year 800 at 荒田): "城崎さん、今年も絶好調だな……" (8:0); "てか、マカハドマって何なんだ？" (8:10); 00001C5D:19:0-4 "チガ姉ー！　まだかー！？", "火がないと作業始められないだろ".
1	31	2	26	00001D3B		00002013		  - 00001D3B (the fire; colour 春花): to 美冬 お母さん, rough "お母さんは糸姫山に戻れよ！　この火事で部外者が来たら逮捕されちまうぞ！" (8:3); "私、強くなったよな？" (8:16); "へへ、あんな 猿 たちに勝とうなんて考えてないさ！" (8:18); per サクラ's apparition dead (00001D40:8:41).
1	32	2	26	00001CA0		00002013		  - 00001CA0:202 (narrator 春花, 私, inferred): "違う……／違う……／私は殺してない……" (202:1-3); narration repeats 認めたくなかった (202:13-16).
1	33	2	26	00002013		00002013		  - 00002013: message in straight quotes "こんどこんなやつ連れて行くから、よろしく！" (8:3); "なんでツインテールなんだよ……" (8:7); "次は金取るのかよ……" (8:16).
1	34	2	26	replays 00001C4D		00002013		  - replays 00001C4D:96:13-16, 25, 27, 32-35 ("分かってるよ！　私だってお前らと離れるなんて嫌だよ！"; "なつみ、／五島、／今までありがとう"); trailer 00001EC0:32:12 "私だってこいつら置いて帰れるわけないだろ！".
1	35	2	26	identity		00002013		  - identity: the guide is 新村春花, "the same person" (00001CA0:144:2-3); see the 立木三日 block.
1	36	0		chunk-25 additions		00001AC1		- chunk-25 additions (as of 00001AC1):
1	37	2	36	thread 0000172F-00001835		00001AC1		  - thread 0000172F-00001835 (16, first-year of high school: "私なんて高校入学した初日から『大学受験まであとたった1000日です！』なんて言われたぞ？" 0000172F:8:12): visits a hospital closed on Thursdays and dodges why ("い、いや……そう言うわけじゃないけど……" 8:27; "あ！　急用思い出した！　じゃ、じゃあな、なつみ！" 8:30; "い、いや、ほら、病院帰りだよ。昨日病院休みだったからさ" 000017E2:8:7); per 美冬 a "デリケートな悩み" (00001835:8:39-40); 00001A52 (祀耀800 April, at a woman doctor's): food poisoning every year ("はい……お母さんと同じもの食べてるんですけど、私はやっぱりお腹弱いみたいで" 8:3); "あっちの方" / "まだです。やっぱり、病気ですかね……" (8:31-32); plans to treat 五島 at the 桜祭り (8:16); "みんな、本当に大好きだから……" (8:26) (V579)
1	38	2	36	with classmates		00001AC1		  - with classmates (00001818, 00001A5C), rough タメ口 as before: "勉強っていうか、ヒマな時、よくパソコンで地図見て世界中見てまわるんだ！" (00001818:8:10); "ははは、私が成績いいのは英語以外の文系科目だけだからさ。英語と理系はほとんど平均点以下！" (8:17); "それに五島のやつ、すげー大食いだから、お礼にザッハでおごったりしたら、もう財布空になるぞ……。" (8:26); "はは、まああれだ、理系のステータスを文系に割り振り過ぎたんだろうな" (00001A5C:8:16); "女って怖いな……" (8:43); "いや、まだ早いぞ！　私はそういう曲がったことが大嫌いだからな。" (8:58); flustered at knowing anti-bullying routes "え！？　ああ、それは……／まあ雑学っていうかなんて言うか……" (8:64-65); "このおっさん、無茶苦茶すぎだろ……" (0000181F:8:56)
1	39	2	36	00001A7F 三者面談 with 谷崎		00001AC1		  - 00001A7F 三者面談 with 谷崎 (3 years after moving back, 8:8): "お母さん、やめろよ……" (8:36); "なあ、おい……" (8:38); "お母さん、安心して。私、学校が毎日楽しいからさ" (8:46); 丁寧 to the teacher "すみません谷崎先生、お母さん心配性で……" (8:56); "お母さん、私を育てるために昼も夜も、仕事も選ばず働いて、家事までやってるから……" (8:65); "家のことくらい私がやるって言ってるのに、お母さん、ちょっと極端な性格だからさ……" (8:67)
1	40	2	36	00001741		00001AC1		  - 00001741 (the day of the third 女ケ沢市事件, 797 inferred): back from "お父さんの実家" with her mother; "お母さん、ちょっと眠い……" (8:2); watches the news alone; "お父さん……" (8:36)
1	41	2	36	00001AC1		00001AC1		  - 00001AC1 (良治's narration): on 790 May 1 cut her hair short because the wound hurt when it caught (8:13-14); "なつみー！" (8:7); "ねえねえお母さん！　なつみとこの辺冒険してきていい！？" (8:30); REPLAY lines of 00000916 on 800 April 7 (8:55-61)
1	42	2	36	facts		00001AC1		  - facts: her flat is Revo Heights 306; a parcel for 18:30 (000017D3:8:6-9); a trailer line "大丈夫だ！　絶対にみんなが助かる方法を思いついたんだ！" (00001867:38:5); board: "隠れ巨乳", "粗暴" (00001A65:8:17-21, 8:40)
1	43	2	36	open questions added		00001AC1		  - open questions added: V579
1	44	0		chunk-24 additions		0000156A		- chunk-24 additions (as of 0000156A):
1	45	2	44	route of 0000156A		0000156A		  - route of 0000156A (祀耀815): reappears in 元木市 in a seamless white robe, looking about 20 though 33 (14:171-175; 8:207; 34:67-68); says 美冬 took her to 荒田 and died on arrival, she did a two-year 山籠, and on 祀耀802 April 8 found a one-eyed girl's mummy in 能面 and 赤装束 at the 新村本家 and blacked out; believes it is 802 (8:45-156); saw 茜 dissolve a corpse at ザッハ (8:57-69); collapses at the intercom (14:199; 8:76-78); per her later account the 女神's 『恵み』 made her a 神使 on 802 April 8 (193:108-111); kills about 15 soldiers and なつみ (193:16-69)
1	46	2	44	lines, rough タメ口 as before		0000156A		  - lines, rough タメ口 as before: "悪かった……ずっといなくなってて……" (8:32); "お母さん……バカかよ……" (8:118); "っていうか、元木町って市になったのか？" (8:147); "はは、お前ら、やたら老けたよな。／五島なんて、チビのままオバハンになったんだな。" (8:171-172, V560); as a 神使, calm and matter-of-fact: "悪いとは思ってるよ。でも、こうしたらさ……" (193:65); "こいつらは女神様の秘密がばれると厄介だから、大地に還ってもらうことにした" (193:132); "私は、生かされてるんだよ。女神様に" (193:136); "私さ……／実の娘なのに、1度も抱きしめてもらったことないだろ？" (201:51-52); "仕方ない、五島には大地に還ってもらって、私たちの滋養になってもらおう" (201:113); in 茜's dream "お母さん、なんて言うの照れくさいけどさ……" (20:25)
1	47	2	44	calls 茜 おばさん		0000156A		  - calls 茜 おばさん (8:28, 8:71), then "おばさん……／ううん、本物のお母さん" (193:125-126) and お母さん (201:7, 201:53) (V556); 美冬 "育てのお母さん" (193:74); 五島 五島 / チビのオバハン
1	48	0		chunk-23 additions		0000154E		- chunk-23 additions (as of 0000154E):
1	49	2	48	no narration; lines colour 春花, rough タメ口 as before		0000154E		  - no narration; lines colour 春花, rough タメ口 as before: "ふざけんな！　なんでお前のわがままで元木町がゴーストタウンになるんだよ！" (000014EE:16:4); "余計ダメだろ！　そんなのやめろ！　すぐにやめろ！" (16:11); "っていうか迷ってねえし！" (16:70); "だーかーら！" (16:83); "私のお母さんに何する気だよ" (16:177, low); "黙れよ！　私たちは家族を殺されたんだぞ！？" (16:219); "何だよお前ら……！　私、間違ってるのか……？" (16:352); "もう好きにしろよ……。／野蛮人だのなんだの言われた上にこんな話されたら、何もする気起きないわ……" (16:377-378); "白骨死体になったら生き返らせられないってこと、さすがに死月妖花はずっと前から知ってたんじゃないのか？" (16:407); "夏菜、助かったぜ！" (00001505:8:32); "なつみは目を閉じていろ。" (0000151C:8:156); "ああ！　みんなで血を分け合ったからな！／　なんて、変な言い方かな" (8:317-318); "お父さん！　ほんとにお父さんなんだな！？" (8:368); "うん！　お母さんもなつみも、みんなもいるから、私、元気に過ごしてるよ！" (8:371, soft); "なんつーか、お母さんがこんなに教育ママだとは思わなかったぜ……" (00001533:8:17); "バカかよ、このハイエナ！" (8:129); "ああ、もう限界！　私は寝る！" (0000154E:8:6)
1	50	2	48	facts		0000154E		  - facts (this route): tempted by 糸姫 to become a living first-generation 神使 and refuses (000014EE:16:45-70); reasons that 死月妖花 used 糸姫 (16:403-413); bound by hyphae, freed by 夏菜 (00001505:8:20-32); third-year, studying for exams with her mother pushing (00001533:8:15-17); invites なつみ to 荒田 for the summer (8:50-53)
1	51	2	48	00001505		0000154E		  - 00001505: the 皇子's lines are drawn in her colour (V424)
1	52	0		chunk-22 additions		000014D7		- chunk-22 additions (as of 000014D7):
1	53	2	52	narrator of 00001442 and 00001459		000014D7		  - narrator of 00001442 and 00001459 (route of 000011CC, April 7 night): plain, practical past narration turning to shame and self-argument ("私は、みんなを置いて逃げているのだ。" 00001442:11:119; "逃げるのは簡単だよ。私は助かるだろうよ。" 11:149); anger at herself ("どうして私には、何も取り柄がないんだよ！" 11:157); resolve ("私のしていることは正しい――私の利己的な正義は、きっと正しい。" 00001459:8:13); inference lists with ・ (8:42-43); regret at not pooling what they knew (8:256-261)
1	54	2	52	lines		000014D7		  - lines: rough タメ口 as before: "え？　ああ、これはチガ姉の鼻血だよ。" (00001442:11:25); "だって、チガ姉いきなり私を投げ飛ばしたんだぜ！？／んで、すぐに廃屋に行けだなんてさ！" (11:32-33); "ま、待てよ！　私1人で逃げろって言うのか！？" (11:75); "くそ！" (11:162); to サクラ polite in shock "あ……会いました……" (11:196, colour 茅萱, V511), "人なの……ですか？" (11:209), then タメ口 "なあサクラさん！　内緒にはできないのか！？" (11:292), "分かった！　ありがとうな！" (11:316); "やっぱりばあちゃん！" (00001459:8:100); "あ、そうか……。ちょっとボケてたわ……" (8:248); "なつみ、よかった！　無事だったか！" (000014BC:8:208); "あったりまえだろ、この偽物！" (000014D7:8:116); "五島、気にするな。どこへ逃げたって同じことだ。" (8:112); "うわあ……マジでこんなところ登るのかよ……" (8:11); "何なんだよ、これ……！" (8:401)
1	55	2	52	facts		000014D7		  - facts (this route): sent toward 豊岳駅 by her mother, she flees, then turns back after meeting the dead サクラ (00001442); calls 栄一郎 "偽物" (000014D7:8:116); per サクラ "何もできない春花" steered to stay (8:219-223)
1	56	0		chunk-21 additions		0000127A		- chunk-21 additions (as of 000013CD): no narration; the 0000127A scene from 茅萱's side, lines colour 春花: "お母さん、どこだー！？" (000013CD:8:154); "チ……チガ姉……。無事……だったんだな" (8:171, one cell); "チガ姉、今までどこに行ってたんだよ！　みんな心配してたんだぞ！" (8:177); "「――――」" (8:190); per 茅萱, thrown down, her face bloodied on purpose, sent to the hut (8:182-192)
1	57	0		chunk-20 additions		000012F5		- chunk-20 additions (as of 000012F5):
1	58	2	57	narrator of 000011CC, 000011E3, 000011FA, 00001214, 0000122E, 0000125E, 0000127A		000012F5		  - narrator of 000011CC, 000011E3, 000011FA, 00001214, 0000122E, 0000125E, 0000127A (route of 000011CC, V467): plain, practical past narration with present-feel thought; loyal resolve ("純粋に、この2人が好きだから放っておけない。／だから、私も行く。" 000011E3:8:213-214); shock in short broken cells ("何だ……／何なんだよこれ……！" 00001214:8:250-251); frantic search ("お母さんまで誘拐されたなんて、認めたくなかった。" 0000127A:8:88)
1	59	2	57	lines		000012F5		  - lines: rough タメ口 as before: "お前なあ……責任を全部お前が感じるなんてバカかよ" (000011CC:8:16); "バカかよ！　そんな正体なんてどうでもいいだろ！" (8:149); "なつみ、しっかりしろ！　帰る手段なんていくらでもあるんだから！" (8:209); "何言ってんだよ！　元木町も荒田集落もチガ姉も見捨てる気かよ！" (000011E3:8:163); "お前は黙ってろ！" to なつみ (8:173); "お母さん！　荒田まで頼むぜ！　帰りも予定通り、四月九日だ！" (8:215); "五島、現代語だ！　現代語の本を調べるんだ！" (00001214:8:116); "大丈夫……／なわけないだろ……。" (8:259-260); "ここまで来て帰れるかよ！" (0000125E:8:66); "うげえ……" (8:164); "お母さん！　お母さーん、どこだよおお！！" (0000127A:8:99); a silent turn "「――――」" (8:160)
1	60	2	57	facts		000012F5		  - facts (this route): her new phone lost チガ姉's number (000011CC:8:27-28); the only one of the three who cannot read the old books (00001214:8:99-102); photographs the mummy (0000125E:8:181-185); pinned by bloody チガ姉 and sent to the 廃屋 (0000127A:8:141-164); calls 金井桂子 "私のひいばあちゃん" (000011E3:8:67); per 茅萱, told everything by phone on April 5 (000012F5:8:22)
1	61	0		chunk-19 additions		0000116C		- chunk-19 additions (as of 0000116C):
1	62	2	61	age 7, 790 April 17		0000116C		  - age 7, 790 April 17 (0000110D, colour 春花): bright, girlish タメ口 to 茅萱: "あはは！　チガ姉！　もう元気になったの！？" (8:75); "えへへ、ありがと！" (8:82); "あ、痛！" (8:85); "え？／　あ、うん……ちょっとね……" (8:90-91); "あ、私、夏菜を見てくるね！" (8:94); "え？　私たち、もう帰るの！？" (8:128); "バイバイチガ姉！" (8:141); crawls after baby 夏菜 (8:97)
1	63	2	61	facts		0000116C		  - facts (chunk 19): her long hair cut short and a head wound she avoids explaining, 790 April 17 (0000110D:8:79-93); bullied in 女ケ沢市 in 790 (000010F5:8:114); per 美冬, Natsumi is her real younger sister (0000116C:8:144); in 茅萱's foresight a 翠眼 春花 may stab 茅萱 (00001154:8:146); 美冬 wishes she had more feminine manners (0000119C:8:45)
1	64	0		chunk-18 additions		0000104E		- chunk-18 additions (as of 0000104E):
1	65	2	64	narrator of 00000F40, 00000F57, 00000FB7		0000104E		  - narrator of 00000F40, 00000F57, 00000FB7: plain, comic, self-conscious ("と言うか違和感がある。／と言うか、違和感しかない。" 00000F40:11:19-20; "面白いのは、あなたたち親子のやり取りですよ。" 00000F57:11:135, です in an aside; "このクソ親父……！　本当に警察呼んだろか！？" 11:139, V427); a fantasy scene told as real (00000F57:11:97-130); resolve in short cells ("私は――絶対に、退かない。" 00000FB7:11:170)
1	66	2	64	lines		0000104E		  - lines: "ええっと……お父さん、お母さん……" (00000F40:11:17); "ははーん。私には分かるぞ！　お前も迷子だろ" (11:128); "なつみ、少し外を散歩しないか？" (11:132); "ああああんまりじろじろ見るなよ……！" (00000F57:11:24); "知るかよバカ！" (11:31); "きゃああああああ…！" (11:46, "人生で初めて女の子らしい、きれいな悲鳴" 11:47); "っていうか入ってくるなよ！／っていうか前隠せよ！" (11:59-60); "のぞき！　変態！　痴漢！" (11:68); "私は何があっても一緒に入らないからな！" (11:85); "ばあちゃんが……／亡くなった" (00000F87:11:30-31); "なあ、明日、私にも手伝いできないか？" (00000FB7:11:13); "でもよう……" (11:26); "バカかよ……／そんなこと、思うわけないだろ……" (11:80-81); "なあ姉さん！　私たちのお母さんは世界一だぞ！" (11:133); "私、ここに住もうと思う" (00000FCF:11:20); "何が妹だよ！　ノリで姉妹になっただけだろ！" (11:49); "無関係のやつは黙ってろよ！" (11:55); "痛ってえ……。／五島、殴りやがったな！" (11:56-57); "黙れこのコスプレババアーー！！！" (39:0, bare cell); "冗談だよ冗談！／こんなピザもない、しけた集落に住むわけないだろ！" (43:3-4); "泣いてねーし！" (43:23, 43:46); "揉むな！" (43:35)
1	67	2	64	facts		0000104E		  - facts: her eye colour changed (00000F40:11:6); her birth parents decided to marry the day after meeting (11:38); asked 茜 why she was adopted (00000F57:11:151, answer not given); learns of the stillborn elder sister あやか (00000FB7:11:49-66); plans to quit school and live at 荒田, then calls it a joke after the grandmother's voice (00000FCF); 夏菜 to live with her family (43:9-10); in 0000104E Goto sees her, green-eyed, stab Natsumi, smiling
1	68	2	64	0000107B		0000107B		  - 0000107B: the 皇子's lines are drawn in her colour (V424)
1	69	0		chunk-17 additions		00000F24		- chunk-17 additions (as of 00000F24):
1	70	0		chunk-17 additions		00000F24		- chunk-17 additions (as of 00000F24):
1	71	2	70	narrator of 00000F24		00000F24		  - narrator of 00000F24 (私; 祀耀802 April 7-8, the route of 000005C1-00000656, then years later): plain, practical survival narration (the hot spring, rabbit in leaves, the sun's angle 70:13-68); sensory checklists in one-word cells ("視覚――／わずかな動きも見逃さないように。" 100:12-21; "意識……／概ね良好。" 130:88-102); guilt and self-reproach ("お母さんがこんな目に遭ったのは、きっと私のせいだ。" 76:78; "しょせん、私の克己心もこの程度だったわけだ。" 76:160); prayer to her mother in です・ます ("お母さん、安らかに眠ってください。" 76:97; 76:176-177); comic asides ("性格最悪だな……" 88:85; "何だ、新キャラか？" 106:93; "まるで横倒しの三世代のカメだ。" 142:53); calm, numb dawn (193:29-37); the hermit epilogue in present feel ("だって、私は寂しくないから。" 193:119; "みんなもここにいるから……／寂しくないよ。" 193:137-138)
1	72	2	70	lines		00000F24		  - lines: rough タメ口 as before, お前 / だろ / ぜ / よ: "でも汚れないですむならその方がいいし、ここだと目立ってしまう。／お前はちょっとここで待ってろ。" (64:11-12); "はは……甘いものなんて2年ぶりだ……" (64:51); "はあ……たまらん……" (64:60); "もし五島がおかしいんだったら、私もおかしいさ。／だから私が正気なら、五島も正気だ" (64:95-96); "おい！　だったらなつみ死んじまうじゃないか！" (64:110); "チガ姉、帰ってたんだな！" (70:108); "でもよう……どうしてこんなところまで来たんだ？" (70:135); "私……臭くない？" (136:2); insults to the 白般若 "ほら、顔も見せられない意気地なしの般若さんよ！…お前のブッサイクなご尊顔をよ！" (88:99-101); "なに弱いふりしてんだよ……私がいじめてるみたいじゃないか……" (88:280); "あんたが私たちを助けてくれたり、重要な情報をくれたりしたことには感謝する。" (88:300); "今のお前は……／親友なんかじゃない……！" (112:233-234); "おーい！　ミイラだ！　ミイラが出たぞ！" (130:194); "あ、あのさ、五島さん……。" (100:211); "五島よ……" (142:22); "おかあ……さん……？" (142:139); "なあお母さん！　元木町に戻ろう！　一緒にまた暮らそうよ！" (142:181); "なつみ、違う。こいつは――" (142:194); breakdown "ううう……／うう……" (118:119-120)
1	73	2	70	calls		00000F24		  - calls (this route): Natsumi なつみ / お前; Goto 五島 / お前 / 五島さん (once); Chigaya チガ姉 / お前; 夏菜 夏菜; the 白般若 お前 / あんた / 般若さん / 弱虫; her mother お母さん; the man coloured 春花の父 お父さん / こいつ; 3p サクラさん, 幸太郎さん, 城崎さん, ばあちゃん
1	74	2	70	facts		00000F24		  - facts (route of 00000F24): in 800 came to 荒田; her grandmother died soon after; her mother's body found in the graveyard; started the 山籠 at 18, two years instead of one, to end on her 20th birthday, 802 April 30 (76:25-29); phone off, no contact (76:89-94); stronger, near Chigaya's and 夏菜's speed, but no match for them (70:62; 124:177); long hair, cut back to its old length (70:107; 130:29); pale still (130:33); ate no cooked food for two years (112:104); slaps and knocks out possessed Natsumi (112:225, 112:303); rescues Goto from the rite (106:189-304); strangled by Chigaya at the cave (187:127-147) but alive at dawn (193:0); burns the 集会場 with both mummies (193:86-91); leaves before the rescuers; years later a hermit in the 荒田 mountains with hallucinations of the dead (193:115-138)
1	75	2	70	open questions added		00000F24		  - open questions added: V388
1	76	0		chunk-16 additions		00000F0D		- chunk-16 additions (as of 00000F0D): route of 00000F0D (祀耀804-805): vanished with her mother from a five-storey roof four years earlier (44:146); per Ise "連れ去られた" by her adoptive mother, 21 if alive (38:37); hiding at 荒田 on the 山籠 (14:186-187); found after 804 April 8 (68:66); did not come to ザッハ on the verdict day (68:152). Lines only in 夏菜's foresight vision (colour 春花): rough, defiant "お前ら！　来るな！　来るんじゃない！" (44:207); "何言ってんだよ……！　どうせお母さんを捕まえに来たんだろ！？" (44:211); "五島、私はここに来て変わったんだ。／自衛隊員や警察の1人や2人、一瞬で殺すことだってできる" (44:214-215); "実の親子だろ？／だからなんだよ。私の親は新村栄一郎とここにいるお母さんだけだ。" (44:221-222); "お前らにとっては、法律を守ることの方が何よりも大事なんだろ？" (44:237) (V373)
1	77	0		chunk-15 additions		00000EF6		- chunk-15 additions (as of 00000EF6):
1	78	2	77	route of 00000EF6		00000EF6		  - route of 00000EF6: in a coma from 祀耀800 April 8 after shielding Natsumi (140:1); breathes on her own after some days, silent (140:7-8); per Goto she has not woken once in two years (61:125-133): the turns in 140:178-263, 134:102-187, 67:65-128, 67:237-269 (drawn in her colour, ordinary 「」) are ones Natsumi hears (V347); in the reflex frenzy after Natsumi's blood (42:95-50:7; 36:82-135) she screams and strangles, brain waves comatose (36:143-147), one eye turned green (36:154; 50:14); anesthetised (26:183); on 祀耀802 April 8, early morning, she truly wakes (8:110-146); rare シスAB型 blood, so no exchange transfusion for her; her eye stays green (20:264-265; 8:176-177); 20 in April 802 (134:163; 8:185); may walk with rehabilitation (8:171)
1	79	2	77	lines		00000EF6		  - lines (the turns Natsumi hears): rough タメ口 as before, お前, だろ, な, ぞ: "やっぱりなつみ、少し休めよ。昨日より顔色悪いぞ？" (67:71); "お前の負担になりたくないんだよ！　頼むから、少しの間1人にしてくれ！" (67:117); "ああ……迷惑だ" (67:122); "私から離れて、自分の面と向き合ってみろよ！" (67:124); "バカかよ……。気づくの遅すぎだろ……" (67:253); "おい、なつみ！　五島！　早く誰か呼べ！" (67:264); "何がじゃねーよ！　鏡見なくても似合ってないって分かるぞ！" (134:111); "お前いつも私の希望全力無視だろうが！" (134:115); "春、だな……" (134:161); "私のお母さん、21歳だか22歳で結婚したらしい" (134:165); "なつみ、少し散歩して来いよ。1人で" (134:182); "五島……お前もひどいと思うだろ？　どこのアイドルだよ……" (140:192); "おま！　はっきり着せ替え人形って言いやがったな！" (140:216); in the dream "あっははは！　相変わらずバカだなあ、なつみは！" (8:56), "私はこの手を、ずっとお前に当てたままだ。／だから、安心しろ" (8:95-96)
1	80	2	77	frenzy		00000EF6		  - frenzy (reflex): "死ねえええ！　なつみ！" repeated in one cell (36:82); "な、なつみ……！　なつみだ！／ははは早く死ね！／死ねよおおおお！！　殺すうううう！！！" (36:125-127); "なななつななつつつなななつつみみみなつつ――" (36:135); "な……" / "つ……" / "み……" (42:100-106); "死ね" (46:0, colour ?, inferred hers); "なつみ……死ね……死ね……死ね……" (50:7)
1	81	2	77	after waking		00000EF6		  - after waking: "な……つみ……" (8:113); "な……つ……み……／お……はよう……" (8:129-130, a crushed, airy voice 8:131); "おは……よう……" (8:146); "ありがとう……なつみ……" (8:158); "ありがとう、なつみ、五島。／今までも――／これからも――／ありがとう" (8:187-190); "はは、やめろよ……" (8:211); "ちぇ……" (8:215); "一緒に家族写真だろ？　桜の花の下で" (8:220); "私、来年の桜の季節までに歩けるようになるから。／約束する" (8:222-223)
1	82	2	77	calls		00000EF6		  - calls: Natsumi なつみ / お前; Goto 五島 / お前; 3p her mother 私のお母さん
1	83	2	77	replayed lines		00000EF6		  - replayed lines (146; 26:92-96, V349, V350): "命に代えても、守ってみせる" (146:24); "やめろお父さん！　私だ！　春花だ！" (26:92)
1	84	2	77	open questions added		00000EF6		  - open questions added: V347, V349, V350, V351
1	85	0		chunk-14 additions		00000EDF		- chunk-14 additions (as of 00000EDF):
1	86	2	85	lines inside Goto's foresight vision		00000EDF:65		  - lines inside Goto's foresight vision (00000EDF:65-117:154): "まあ、人生山あり谷あり、人間万事塞翁が馬、だ！" (53:12); "五島、夏菜は連れて行ってやれよ" (47:23); "よかった。目の色、戻ってるぞ" (89:5); "何謝ってんだよ……。お前は正しいことをしたんだよ。" (89:15); "五島……／お帰り" (89:73-74); "そりゃ私とお前の仲だろ……" (89:78); in the nightmare "人殺し……！／人殺し！" / "なつみを殺したのもお前なんだろ！" (89:267-271); in the hallucination "私なら……／お前を……助けられるのに……" (53:168-169); "バカかよ……当たり前だろ？…" (202:94-95); "今まで五島にいくら小遣い使ったと思ってるんだ？…" (202:99-100); "お前はどこのおせっかいババアだよ！" (202:131); "お、おい！　服着ろ！…" (202:248); sleepwalking "ピザ……／ピザ……" (117:44-51); phone "幸太郎さんとサクラさんが……／自殺？" (117:136-140)
1	87	2	85	real frame		00000EDF		  - real frame (00000EDF): rides up with the paper dolls to take to the police (117:186-194); "その声お母さんじゃないか！" (117:191); "私……何があってもお母さんの娘だからさ！" (117:197); "ごめん、お母さん……私を助けるために、全部お母さんがやってくれていたんだな……" (117:199-201); 祀耀800 August 1 "みんな、紹介するな！　いとこの新村夏菜だ！" (117:272); takes 夏菜 in (117:309)
1	88	2	85	facts		00000EDF		  - facts (00000EDF): birthday April 30 per Goto (192:86); lost her whole allowance treating Goto once (77:44); calls Goto "私のかわいい後輩" (71:34)
1	89	0		chunk-13 additions		00000EC7		- chunk-13 additions (as of 00000EC7):
1	90	2	89	route replayed in 00000EAF		00000EC7		  - route replayed in 00000EAF (祀耀800): dead by her own knife (replayed lines 74:17-34, e.g. "なつみ……／お前、まだ温かいな……。" and "さよなら、五島。お前だけでも、生き延びてくれ……"); 茅萱 in 804: "私の従妹。4年前に亡くなったけど……" (00000EAF:91:135); Goto recalls Haruka treating her to food in high school (52:93)
1	91	2	89	00000EC7 lines		00000EC7		  - 00000EC7 lines: "お帰り。ずいぶん長かったな" (11:263); "へえ。こんなに長くいるなんて、よっぽど面白い話してきたんだな" (11:266); "おばさんと話したんだけどさ、私たちは今まで通りでいようってことになったよ" (11:271, 茜 as おばさん); "この人が私を産んでくれたんだよな……。まだあんまり実感ないけどさ。／でも、お母さんが2人いるって、よく分からないけど、なんか嬉しいもんだな" (11:273-274); "誰だ？　こんな時間に……" (11:276); phone "お母さんからだ。／もしもし、どうしたの？…は！？" (11:278-282)
1	92	0		chunk-12 additions		00000E95		- chunk-12 additions (as of 00000E95):
1	93	2	92	route of 00000E7B		00000E95		  - route of 00000E7B (祀耀804): long hair (88:165); hiding on the 山籠 with her mother (34:311-315; 54:233); cuts the villagers' leg tendons at speed (88:155-159); "ふう、間に合ったぜ……！" (88:164); "よう夏菜！　助けに来たぜ！" (88:167); "何か急に動物たちが静かになったし、山火事だと思って来てみたら、えらいことになってるな……" (88:171); "誰がこんな胸クソ悪いやつらの味方するかよ！" (88:175); "何が呪殺だ！　実際に人を殺したのはどっちだよ！" (88:177); 丁寧 to 桃子: "もしかして、五島のお姉さんですか？" (88:192), "母が、本当にすみませんでした……" (88:201), "でも、やっぱり私のお母さんは、あの人しかないから……" (88:207); "夏菜、手伝え！" (88:233); shot by 桃子 (82:27); 桃子 calls her 春花さん
1	94	2	92	00000E95		00000E95		  - 00000E95: left eye green since 荒田, hospital found nothing (11:29-44); "あったりまえだろ？　急にチガ姉や夏菜みたいに片目だけ緑になるなんてさ" (11:31); "いきなり髪が金髪になって逆立った気分だぞ？" (11:40, V283); to the Kogori parents "ええっと……お父さん、お母さん……" (11:64), then "は、ははは……そうだよな！" (11:67); at the desk "すみません、新村……いや、古郡って言いますけど、私の部屋どこでしたかね……" (11:122); "なななつみ！？" (11:127); "2人同時に迷うなんて、やっぱり姉妹なんだな" (11:147); "じゃあ私たち、姉妹以上の仲だな！" (11:153); "はっははは！　そんなの私だって全然覚えてないって！／私となつみの仲だろ？　水くさいこと言うなって！" (11:161-162); "お姉ちゃんって言うな！" / "バカ妹！" / "分かったよ、妹よ！" (11:171-175, V282); "もし、私がそんな間違いをしそうになったら、絶対に止めてくれよなー！" (11:185); "人を踏み台にして築いた幸せなんて、そんなの絶対に幸せなんかじゃない" (11:190); "はは！　お前は本当に幸せもんだよな！" (11:199)
1	95	2	92	facts		00000E95		  - facts (00000E95): knows her mother asked for her two bullies to be killed (11:181-182); carsick from staring at her eye on her phone (11:53-54)
1	96	2	92	open questions added		00000E95		  - open questions added: V282, V283
1	97	0		chunk-11 additions		00000E61		- chunk-11 additions (as of 00000E61):
1	98	2	97	narrator of her account 00000E49		00000E61		  - narrator of her account 00000E49:11:30-117 and of 00000E61 (unmarked, V268): plain, warm, practical; reflective close ("例え私たちがどんな関係であっても、きっとこれからもなつみは変わらず親友だ。" 00000E61:11:71); open questions at the end (45:21-26)
1	99	2	97	lines		00000E61		  - lines: "なつみ、落ち着け。" (00000E01:11:3); "ほら、ぼやぼやするな！　命以上の荷物なんてないんだから！" (11:32); "じゃあな、ばあちゃん！　後でまた来るから！" (11:34); "ああもう！　落ちても知らないぞ！" (11:51); "バ、バカ言うなよ！　あんな化け物ども相手にできるわけないだろ！" (11:135); "でもよう……！" (11:138); to 幸太郎 "食らえ！　このクソブタ野郎！" (00000E19:11:148), "この野郎……！" (11:152); "なつみ、下がれ！　あいつの狙いはお前みたいだ！" (11:174); "な、なつみが妹だろうが、私が誰であろうがどうだっていい！／絶対になつみたちを守る……！" (11:185-186); "おいなつみ！　戻ってこい！" (00000E31:11:81); "おいおいくすぐったいなあ。／もし本当に姉妹でも、お姉さんなんて呼ぶなよ！" (00000E49:11:134-135); "こら！" (11:137); "お前ら！　超炭酸ボンバーをバカにするのか！？" (00000E61:11:59); "私を殺す気か！" (11:68); to her mother "っていうか……その……／私が独り立ちするまで……／いや……ずっと私のお母さんでいてくれよな？" (11:89-91); "ったく……バカかよ……。／2人の子供ならいい子になるだろ……" (11:104-105); "なんだよ、これ……！" (45:38)
1	100	2	97	facts		00000E61		  - facts: told by 幸太郎 she is adopted, a 古郡 daughter, Natsumi's real elder sister (00000E19:11:183); fresh forehead wound (00000E49:11:21); third-year facing exams (00000E61:11:112); raised by Mifuyu alone (11:95); Goto sees something in her eyes (00000E61:45:27-38, withheld) (as of 00000E61)
1	101	2	97	open questions added		00000E61		  - open questions added: V267, V268
1	102	0		chunk-10 additions		00000DE9		- chunk-10 additions (as of 00000DE9):
1	103	2	102			00000DE9		  - no Haruka narration in chunk 10
1	104	2	102	lines		00000DE9		  - lines: phone "なつみか！　どうだ！？　何か感じたか！？" (00000D11:11:96), "今はあいつが危なそうだ。色んな意味でな……" (11:103); "お母さん、悪いけど頼むな" (00000D41:11:47); "おい、幸太郎さん！　寝るなら着替えろよ" (11:73); "マジかよ……" (11:147); "ああもう意味わからん、ちょっと休憩……" (11:205); tender "その……／ありがとな" (00000D59:11:169-170); "風呂入ったら、もう寝ようぜ。今日は色々と疲れすぎたわ……" (11:180); " 猿 は朝から元気だな……" (00000D71:11:11); "や、やばい！　隠れるぞ！" (11:95); "なあ五島よお……" (00000DB9:11:46); "お前なあ……！" (11:56); "ったく……分かったよ！　どうせ仮定なんだろ？　好きに推理しろよ……" (11:58); "はあ……お父さんどこまで間抜けだったんだよ……" (11:68); "ぷっはははははは！　何だお前！　キッズアニメに出てきそうな顔デカお化けだぞ！" (00000DD1:11:26); "事実は小説より奇なり、だ" (11:137, narration: "珍しく…文学的なセリフ"); "ナイフは頭以外ならどこでも刺していい" (00000DE9:11:55); "2人とも、いいぞ、完璧だ" (11:89)
1	105	2	102	imagined lines in 良治's narration		00000DE9		  - imagined lines in 良治's narration (00000CE3:11:153-185, V244): "バ、バカかよ！　そういうのはパソコンで見る！"; "私のお母さんだ……"; "なあ五島！　しばらくお前んち泊めてくれよ！"
1	106	2	102	facts		00000DE9		  - facts: suggests the man in Natsumi's vision was her father (00000D59:11:204); knows the 法要 by heart: 死神 = the dead, masks hide who you are, no talking (00000DD1:11:61-80; 00000DE9:11:215-221); in the route of 000001DB: Mifuyu poisoned her every April (00000CFA:11:124-125), her phone rigged by 良治 on Mifuyu's order (00000CE3) (as of 00000DE9)
1	107	0		chunk-09 additions		00000CCA		- chunk-09 additions (as of 00000CCA):
1	108	2	107	narrator of 00000B57		00000CCA		  - narrator of 00000B57 (frame; 11:51-144 is Mifuyu's account) and 00000B9F
1	109	2	107	rough voice under stress		00000CCA		  - rough voice under stress: "お母さんどこいったんだよ！" (00000B57:11:0); "く、来るな……！　人殺し！" (19:6); "殺人の訓練って何だよ！　それは人を殺してこその訓練だろ！" (19:9); "みんなどうしちゃったんだよ！！　こいつら人殺しなんだろ！？" (00000B9F:11:14); "五島、なつみを頼むぞ！" (11:126); "なつみは魔女なんかじゃない。魔女は、この集落の神官だけだ。" (11:140); "おい夏菜！　五島に謝れ！" (11:213); "くたばれ、このデブ！" / "離せこの野郎！" (11:311, 11:313); "バカかよ！　お前も一緒に来るんだよ！" (11:281); "チガ姉バカかよ！　早く逃げろよ！" (11:296)
1	110	2	107	after the slap, soft "お母さん……ごめん……"		00000CCA		  - after the slap, soft "お母さん……ごめん……" (00000B9F:11:35); tender to Goto "五島……少し休めよ……。全然寝てないだろ？" (00000BB7:11:57), "お前もチガ姉も……夏菜にとって最高のお姉さんだよ……" (11:131)
1	111	2	107	teen banter		00000CCA		  - teen banter (route of 00000BD6-00000C81): "五島、いいからとっととホーム行くぞ！" (00000BD6:11:3); "それに小生ってのは男が使う言葉だ！" (11:19); "まあ……ほら、バカと天才は紙一重って言うだろ？" (11:48); to 夏菜 "私がイマイチみたいに言うな、このクソガキ！" (11:108), "ぎー！　相変わらず、かわいくねえガキだな！" (11:112), "黙れ、この変態下ネタ女！" (11:115); "くそう……ずぶ濡れだぜ……" (00000BED:11:69); "くっそう……行くかあ……" (11:54); "あーもう無理！／疲れた！／飯いらない！" (00000C50:11:3-5); "この疲れてる時に変なことすんな！　このコスプレババア！" (11:127); "あ、わりいチガ姉……。本物だったか……" (11:130)
1	112	2	107	facts		00000CCA		  - facts: at school with a mock exam when Mifuyu met the Kogoris (00000B57:11:84); slapped by her mother for the first time (00000B9F:11:18-25); learns only now that wearing 能面 at a 法要 is peculiar to 荒田 (00000C08:11:139-141, again in this route); had no idea of the 呪殺 (11:132); her strap is the same as Goto's in another colour, bought before she returned to 元木町 (00000BD6:11:35, 11:41-42) (as of 00000CCA)
1	113	0		chunk-08 additions		00000B3F		- chunk-08 additions (as of 00000B3F):
1	114	2	113	narrator of 00000A7C		00000B3F		  - narrator of 00000A7C (her memory of 790, age 7, told aloud) and 00000B3F (unmarked switch, V196)
1	115	2	113	child voice at 7		00000B3F		  - child voice at 7 (00000A7C): shy stammer "さ、サクラさん……／こここ、こんにちは……" (11:5-6); "えへへ、また元木町で住めることになったんだー！" (11:12); "こらこら夏菜、ここで待ってないとダメだよ？" (11:67); "おっちゃん！　ばあちゃんとお母さんは！？" (11:123, inferred; V198)
1	116	2	113	teen		00000B3F		  - teen (chunk 08): "何やってんだバカ野郎！" (00000A62:11:51); "お前らさ……／呪いって信じるか？" (11:24-25); "わかんねーよ！／四月に死んだくらいだろうが！" (00000A94:11:19-20); rage at 幸太郎 "ふざけんなよ！　何でこんなことしたんだよ！" (00000AC4:19:9), "嘘だ！…ふざけるな！" (19:44-45); laughing off the 75-year worry "いや、逆に考えれば、75歳までは生きられるってことか？　ははは！" (00000AAC:11:56); "おう、任せとけ！" (00000A48:26:12); protective "大丈夫だ、なつみ！　私がついてる！" (00000B27:11:126); 丁寧 to Ise on the phone ("もしもし！？　新村です！" 00000B3F:11:34; "本当に、感謝します" 11:67); "お母さん落ち着けよ……！" (11:102)
1	117	2	113	narration voice		00000B3F		  - narration voice (00000B3F): plain, practical, protective; short inferences ("これが呪殺……。毎年四月に人が死ぬ。" 11:8)
1	118	2	113	facts		00000B3F		  - facts: born 祀耀782 April 30 per the 住民簿 (00000A94:11:35); in April 790, age 7, a fresh head injury she did not want to explain (00000A7C:11:4, 11:29-31); calls サクラ a goddess (00000A7C:11:9; 00000AF7:11:105); heard of サクラ's murder about four years ago and suspected her grandmother (00000A62:19:23-26); had not known of 荒田's suicides or the 呪殺 (00000A94:11:12, 11:47); only recently learned the rite's dress is peculiar to 荒田 (00000A62:19:41-42) (as of 00000B3F)
1	119	2	113	open questions added		00000B3F		  - open questions added: V196, V198
1	120	0		chunk-07 additions		000009E6		- chunk-07 additions (as of 000009E6):
1	121	2	120	no Haruka narration in chunk 07; ghost-story voice plain past		000009E6		  - no Haruka narration in chunk 07; ghost-story voice plain past (000009CF:11:7-49)
1	122	2	120	child voice, age 6		000009E6		  - child voice, age 6 (000008B9-000008E8): "お母さん……怖いよ……何してるの……？" (000008D0:33:15-16); "お母さん、本で読んだ魔女みたい……" / "私が紙人形作ったから、お母さんが魔女になっちゃったの？" (46:126-129); to the doctor "私のお父さん、死んじゃったんです。なつみが飛ばした風船を取ろうとして、木から落っこちちゃって……" (000008E8:8:58-59); "違う！　違う！　違う！　違う！" (8:142-143); prayer in です・ます "お母さんの中の死神さん、私たちの天使さん、どうかお母さんを助けて下さい。…どんなことでも我慢します" (8:173-176); "えへへ……やっぱりお母さん、世界一大好き！" (8:273); calls 良治 おじさん (8:308); "えへ、お母さんたちの邪魔したらダメだからさ" (8:312)
1	123	2	120	teen voice		000009E6		  - teen voice (00000916-000009E6): rough タメ口 as before; "これからも頼むぞ、妹よ！" (0000092D:11:120); "お・こ・と・わ・り・だ！" (11:128-133, V160); "このコスプレババア！" (0000095B:11:93, 11:135); to 夏菜 "ガキが生意気なこと言ってんじゃねーよ！", "うっせえ！　黙ってろこのクソガキ！" (35:52, 35:55), "あるわきゃねーだろこのクソガキ！" (00000972:11:95); "おい、そこのバカ姉妹！" (11:77); afraid of the dark ("ああ！　待て夏菜！　私も行く！" 000009A0:11:13; scream "ひゃあああああああっ／ぷょ！" 11:77-78, V173); fear stammer "ややややめろよ！　ばばばばあちゃん！" (000009B7:19:75-76); "ありがとな、なつみ" (000009CF:11:49); "なつみ……その……ほんと申し訳ない……" (0000095B:35:110-111)
1	124	2	120	facts		000009E6		  - facts: in the 000008D0:33 route killed by her mother at 6; in the 790 true route hurt shielding Natsumi, not fatally (000008E8:8:5-6), back to 元木町 with her mother; in the route where the Niimuras returned: Natsumi's neighbour since 790 (00000916:31:13); third-year with entrance exams (31:85); her mother wants her independent (0000092D:11:78); a forgotten head injury around the move and an old scar (0000092D:11:98-100); drilled in grandmother impressions (0000095B:11:111-112); the "たすけたい人をたすけるおまじない" and the 女神さま dream before second grade, with a ten-year death condition (000009CF:11:10-35); cousins 茅萱 and 夏菜, uncle 幸太郎 (00000944, 0000095B); loves the 荒田 food (00000972:11:180); pales at the paper dolls (00000989:11:127) (as of 000009E6)
1	125	2	120	open questions added		000009E6		  - open questions added: V160, V173
1	126	0		chunk-06 additions		000008A2		- chunk-06 additions (as of 000008A2):
1	127	2	126	narrator of 00000779		000008A2		  - narrator of 00000779 (from 8:104, unmarked switch, V130) and 000007A5 (as of 000007A5)
1	128	2	126	impersonates her grandmother		000008A2		  - impersonates her grandmother (the 大魔女) in a 老女の能面, hoarse voice, formal 丁寧 with なさい (00000779:8:31-97): "待ってましたよ、美冬さん……", "答えなさい美冬さん", "顔を上げろと言うことは、顔を見せろと言うことです"; the impression was drilled into her by her grandmother since childhood (000007A5:8:155) (as of 000007A5)
1	129	2	126	tics		000008A2		  - tics (chunk 06): "なんだよこれ……。私の作戦、うまくいっちゃったよ……" (00000779:8:116); "実はこれ、ドッキリなんだろ？" (8:117); "ははは……。こんな時に……バカかよ……" (8:150); "うっさい！" (000007A5:8:43); "ぜってえ教えねえよ、このエロ親父！" (8:48); "バカなこと言ってんじゃねえよ！" / "ふざけんじゃねえよ！" to her mother (8:100, 8:112); "頼むから……お願いだから母親失格なんて言わないでくれよ……！" (8:119); "お前ら人の話を聞け！" (8:54)
1	130	2	126	narration voice		000008A2		  - narration voice (chunk 06): dry asides in the takoyaki game ("はいはい、スモークスモーク" 000007A5:8:178; "全て黒だと！？" 8:181); guilt and relief ("今できる1番まともな結末だよな……" 00000779:8:154)
1	131	2	126	child voice, age 4		000008A2		  - child voice, age 4 (0000082F): calls Eiichiro パパ; "私のジュース……", "だってジュースさん、かわいそう……" (11:31, 11:40); "なつみー！" (27:45)
1	132	2	126	facts		000008A2		  - facts: biological daughter of 茜 and 良治, born in spring, adopted at birth by Mifuyu and Eiichiro; named for spring (春) (00000801:8:113; 00000818:11:243-248); 18 (000007A5:8:120 "18年間"); her mother wants to tell her something at 20, a promise with 茜 (8:130); grandmother = the 大魔女, head of the 荒田集落 (8:153); long black hair as a child (000008A2:8:8); in the 00000779 route she stages the trap with police help and her mother is arrested (as of 000007A5)
1	133	2	126	open questions added		000008A2		  - open questions added: V130
1	134	0		chunk-05 additions		00000761		- chunk-05 additions (as of 00000761):
1	135	2	134			00000761		  - narrator of 00000682, 00000697, 000006B2, 000006C9, 000006E0, 000006F9, 00000716, 00000731, 00000749, 00000761 (as of 00000761)
1	136	2	134	narration voice		00000761		  - narration voice (chunk 05): calm, dark confessional past tense for her childhood (00000682: "私は魔女。／死神と言う悪魔を呼び出す、四月八日の魔女。" 11:185-186); anxious present-feel self-talk with lists, self-questions and "くそ" (00000697:8:22-29, 8:95-138); mock-epic commentary in the takoyaki game ("生き残るのは……／1人！" 000006E0:16:186-187; "天才少女、敗れたり！" 000006F9:17:176; "その顔は例えるなら……そう……／魔女だ。" 17:200-201); plain tsukkomi asides ("なつみ、お前はバカだ。" 000006E0:16:136)
1	137	2	134	childhood speech in memory		00000761		  - childhood speech in memory (00000682): soft girlish to her mother ("ねえねえお母さん！", "ありがとう、お母さん。／でもね、おまじないはお母さんを助けるために使うの" 11:57, 11:81-82); timid "ね、ねえ。御子神さんをいじめるのはダメだよ……" (11:44); "返せ！　それは私の……！" (11:162)
1	138	2	134	です・ます only in prayer to her dead father		00000761		  - です・ます only in prayer to her dead father ("お父さん、今年は行けなくてごめんなさい。いつも私はお父さんのことを思っています。" 00000682:11:217) (as of 00000682)
1	139	2	134	tics		00000761		  - tics (chunk 05): "即答かよ" (000006C9:8:42); "新村家を破産させる気か！" (000006B2:8:68); "五島、すまん……素でうっかりしてた……" (8:65); "お前らまで変な雰囲気作ってんじゃねーよ！" (000006F9:17:14); "このセクハラ親父！" (000006E0:16:108), "エロ親父！" (00000761:8:86); "ちくしょーーー！！" (000006F9:17:94); pleading "なあ", "頼むよ" to her mother (00000697:8:190)
1	140	2	134	register breaks		00000761		  - register breaks: flustered feminine squeals when groped "あん……／ちょっと……やだ、やめて……！／揉まないで……！／いやん……！" (000006E0:16:101-104); soft "ねえ、もう……お願い。この話、やめてよ……" (00000761:8:89); both against her usual boyish register
1	141	2	134	facts		00000761		  - facts (her account, 00000682): kindergarten hanami; her father fell from the 御神木 reaching for Natsumi's balloon, neck pierced by the park fence; she half-remembers it; moved to 女ケ沢市 (七海荘), a children's home while her mother was hospitalised; bullied after defending 御子神; paper-doll curses before the 三回忌, 七回忌, 十回忌, two deaths each; transfer recommendation; back in 元木町 three years; 17 (00000682:11:191); a settlement 掟 bars moving there before 16; vomits before each curse (11:208); skipped the 十三回忌 (as of 00000682)
1	142	2	134	facts		00000761		  - facts (other): Class 3-1, homeroom 谷崎 (00000697:8:46); hates coffee and spicy food (000006E0:16:15; 000006F9:17:135); school trip to Hokkaido last year (000006F9:17:229-232); her phone battery lasts barely a day (000006E0:16:48); knows every face in the 荒田集落 (00000749:8:97); route-dependent (000006B2-00000761): finds three paper dolls naming the Kogori family on her desk the morning of April 8 (00000697:8:15-19); her phone is bugged (000006E0:16:35); tells Goto everything (000006C9:8:66), then Natsumi (00000761:8:132-135); devises a plan with police help (00000761:8:107-122) (as of 00000761)
1	143	2	134	open questions added		00000761		  - open questions added: V120, V125, V128
1	144	0		chunk-04 additions		0000066B		- chunk-04 additions (as of 0000066B):
1	145	2	144	narrator of 0000066B		0000066B		  - narrator of 0000066B (from 11:28) (as of 0000066B)
1	146	2	144	tics		0000066B		  - tics (chunk 04): "すっげー" / "なんつーか" / "分かんねーよ" (000005C1:11:32, 11:36, 11:120); "お前が言うな！" (11:139); "ぐぬぬ……！" (11:280); "いてーな" (000005EB:11:39); "このにくったらしいガキめ！　成敗してやる！" (000005EB:11:44); "エロ親父", "ボッチめ！" (11:63, 11:88); "バカ野郎！　離れるなって言っただろうが！" (0000062C:11:83); "バ、バカかよ！" (00000656:11:16); "花より団子って言葉、お前のためにあるような気がするぜ" (0000066B:11:7); "いきなり値切りかよ！" (0000066B:11:13)
1	147	2	144	address		0000066B		  - address: お前 spikes to Natsumi ("今日のお前めんどくさいな" 000005C1:11:106); 親友 as address ("もちろんだ親友！" 00000656:11:34); mock katakana "ナツミ様、申シ訳アリマセンデシタ" (00000600:19:34, V086); polite "ご、ごめんなさい！　助けてーー！！" when tickled (000005D6:11:65)
1	148	2	144	her claims		0000066B		  - her claims (0000062C): "死神は人間じゃないんだ！"; "死神は、魔女によって呼び出される悪魔だ" (appears only on April 8, always kills); "魔女は……／私だ……！" (11:105-106)
1	149	2	144	facts		0000066B		  - facts: hates coffee and extreme tastes, likes 梅干し (000005C1:11:151, 11:193-196); loves 超炭酸ボンバー (000005D6:11:37); first visit to Goto's home (000005D6:11:3); upset stomach on April 7 (0000066B:11:21, 11:43); "やっぱり……言えないよ……" alone after the doorstep visit (0000066B:11:52); route-dependent: moves to the 新村本家 in the countryside and never contacts Natsumi again (00000656:11:31, 11:86-90)
1	150	2	144	open questions added		0000066B		  - open questions added: V086, V093
1	151	0		chunk-03 additions		000005AC		- chunk-03 additions (as of 000005AC):
1	152	2	151	tics		000005AC		  - tics: "バカかよ" continues (0000050E:11:56, 00000550:11:112, 00000564:11:15, 11:17); "いやー食った食った！　もう食えねー！" (000004BB:16:0); "くそ" / "くっそう" (0000050E:11:4) / "ちくしょう" (11:7) -> profanity ceiling "dammit"; "この野郎" (00000564:11:159); "やばい" (000004F9:11:111); "うひょー" (00000595:11:5); "ほれ" (11:19); apology "悪い" ("悪いなつみ" 000004BB:16:21, "お前ら悪い！" 00000564:11:48); "ざまあみろ" (0000050E:11:172)
1	153	2	151	register breaks		000005AC		  - register breaks: polite "ご……ごめんなさい……！" when she breaks down (000004E3:11:39-40), against her usual ごめん / すまん / 悪い; manic laughter with へ/ヒア (000004E3:27:12-20, V061); "よう……お父さん……" dying (0000050E:11:168)
1	154	2	151			000005AC		  - お前 steady to Natsumi in the 000004E3 crisis; お前ら to Natsumi + Goto; 伊勢さん for Ise
1	155	2	151	her claims		000005AC		  - her claims (000004E3): a witch who can curse to death; paper doll + name + charms -> the person dies on April 8; six killed; the 死神 is her father, dead long ago, appearing on his death anniversary with a hatchet, a mace and a 能面 (rumour)
1	156	2	151	facts		000005AC		  - facts: third-year (00000564:11:5 "あの3年", 11:26 高3); dislikes spicy food (00000595:11:21); loves 超炭酸ボンバー (000005AC:11:46); weak at geography (00000595:11:79-88); her account of her father: "デブ", shorter than her mother (00000595:11:92); moved to 女ケ沢 after his death, near his family home and a hospital for her mother (000005AC:11:81-82); bullied at school in 女ケ沢市 per Ise (00000550:11:37); missed the 十三回忌 with food poisoning (00000550:11:76); route-dependent: hit by a car, silent (0000050E:11:163-184; survival low per 00000522:11:8); falls from the roof with her mother and vanishes (00000564:11:196-204)
1	157	2	151	open questions added		000005AC		  - open questions added: V060, V061, V066, V068
1	158	0		chunk-02 additions		000004A7		- chunk-02 additions (as of 000004A7):
1	159	2	158	full name 新村春花 on a paper doll		000004A7		  - full name 新村春花 on a paper doll (0000037D:11:57)
1	160	2	158	tics		000004A7		  - tics: "バカかよ" repeated to Goto (0000033D:11:25-66) -> GLOSSARY TBD; "あっちい！" (0000033D:11:47) -> "Hot!"; "すまん" (0000033D:11:45) -> "Sorry"; topic opener "私な、" (0000034C:11:198); ぜ "天才少女が聞いてあきれるぜ" (0000034C:11:185), "私、魔女だぜ？" (00000366:11:80); わ "切るわ" (000002FA:11:72); "こいつ" for Goto on first meeting (000002F6:11:67); mock-polite surrender "五島様……すみませんでした。もう勘弁して下さい" (000002F6:11:78, speaker inferred, V032)
1	161	2	158	お前		000004A7		  - お前: steady address to Goto (0000033D, 0000034C, 00000366); to Natsumi again 00000366:11:86
1	162	2	158	polite		000004A7		  - polite (すみません, お邪魔します) to Goto's sister (0000034C:11:30)
1	163	2	158	her claims		000004A7		  - her claims (as of 0000034C): lived in 女ケ沢市 10 years ago; cursed people to death there, six in all, "女ケ沢市事件…あの犯人は私なんだ"; she and her mother had alibis and were questioned; stomach trouble every year near April 8; her dead father "became a 死神"; paper dolls of the Kogori family found this morning, made in her sleep (her belief). Funeral wear "能面と赤装束" (00000366:11:27)
1	164	2	158	facts		000004A7		  - facts: father = 新村栄一郎 per her own message (000002FA:19:15) and Goto's reading; the overseas-transfer story is a lie per Goto (000002F8:12:80); third-year of middle school when Goto was a first-year (000002F6:11:84); route-dependent: stabs her own throat (0000037D:11:14) and dies (0000037D:11:30) after the 00000366 scene
1	165	2	158	open questions added		000004A7		  - open questions added: V032
1	166	0		first_appears	1	00000024:16:8		- first_appears: 00000024:16:8 (first line 16:13)
1	167	0		pronoun(s)	1	00000024		- pronoun(s): 私 (as of 00000024), also as narrator (00000024:47, 51); no switch observed
1	168	0		pronoun FREQUENCY	1	00000024:16:8		- pronoun FREQUENCY: about as often as typical
1	169	0		speech level baseline	1	00000024:16:8		- speech level baseline: タメ口, boyish/rough-friendly; to strangers not observed
1	170	0		sentence-final particles	1	00000024:16:15		- sentence-final particles: ぞ "大変だったぞ" (000001DB:15:35); な "ダメだな……" (00000024:16:18); よな "そうだよな……" (00000024:16:22); だろ "怒られるだろ？" (000001E7:11:5); ぜ "昨日行ってよかったぜ" (000001E3:8:11), "さあ、見ようぜ！" (000001DF:11:66); さ "たこ焼きだからさ" (000001DB:15:43); か "寝ちゃってたのか……" (00000024:16:15); かよ "しかもよりによって私の家で見たのかよ" (000001E5:23:9); なあ "いいシーンだったのになあ" (00000024:16:16)
1	171	0		copula	1	00000024:16:8		- copula: だ
1	172	0		verbal tics / catchphrases / fillers	1	00000024:16:16		- verbal tics / catchphrases / fillers: greeting 「よう！」 (000001DB:15:28) -> "Hey!"; goodbye 「じゃな！」 -> "See you!"; んで (000001DB:15:41) -> "So"; くそ (00000024:16:16) -> "Damn"; サンキュー (000001DF:11:56) -> "Thanks!"; オッケー (000001E1:27:3) -> "Okay!"; "私にゃよく分からん" (000001DF:11:33) clipped にゃ/ん; お前 to Goto and, teasing, to Natsumi (000001E3:8:178)
1	173	0		dialect	1	00000024:16:8		- dialect: none (rough-casual register, not regional)
1	174	0		EN correlates	1	00000024:16:8		- EN correlates: high contractions; mild profanity ceiling ("damn"); short punchy sentences; imperatives ("食べろよ" -> "Eat it while it's hot"); casual vocabulary; gonna/gotta allowed
1	175	0		narration voice	1	00000024:47		- narration voice (00000024:47, 51): plain and brief, practical, some dry self-talk ("お人好しな、お父さんらしいや" 47:22; "チェーンは外さずにな" 51:33)
1	176	0		facts		000001DD:11:126		- facts: lives next door; lived in 元木町 until kindergarten, left for her father's job, returned three years ago with her mother after her father was "transferred abroad alone" (her account, 000001E3:8:150-152); loves pizza, horror, impressions; weak stomach (000001DD:11:126); third-year per board (0000020D:11:108, inferred)
1	177	0		known ambiguity / open questions	1	00000024:16:8		- known ambiguity / open questions: V025
1	178	0		as-of	1	00002444		- as-of: 00002478 (was 00002444)
1	179	0		blank		00000024:16:8		
2	0	0		heading	1	000001DB:15:7		## 五島 (Goto; full name 五島絵梨奈, EN Erina Goto)
2	1	0		chunk-30 additions		00002478		- chunk-30 additions (as of 00002478):
2	2	2	1	00002473		00002478		  - 00002473 (colour 五島; replays 00000E19 lines): "幸太郎さん、先輩たちをどうするつもりですか？" (11:48); "幸太郎さん、ここまで来たら話してくれますよね？／　どうやって呪殺事件を成立させたんですか？　絶対に共犯者がいるはずです" (11:65-66); "嘘だ！　そんなの絶対に無理です！　絶対に共犯者がいたはずです！" (11:69); "幸太郎さん……あなた……誰をかばっているんですか？" (11:72); "先輩！　早くこっちに！" (11:197); "は、はい！" (11:238).
2	3	2	1	facts		00002478		  - facts: pressed 幸太郎 at breakfast (0000246E:11:137, 00002473:11:57); swapped the iron-door key (11:98-103, 11:205); 幸太郎 calls her 五島ちゃん / 天才少女 / 君; 夏菜 calls her エリ姉 (11:77). Per 茅萱, out of reach later (00002478:11:123).
2	4	0		chunk-29 additions		00002450		- chunk-29 additions (as of 00002450):
2	5	2	4	narrator		00002450		  - narrator (私) of 00002444 blocks 14 and 26 (inferred): analytical past narration with present-feel deductions, stagey self-address ("さあ、足を踏み出せ。サバイバルを始めよ。" 14:102), self-mockery ("天才少女と言われる私の思考は、滑稽なほどに凍りつく。" 14:111); and of 00002450 block 12.
2	6	2	4	lines		00002450		  - lines (colour 五島): "は……離して……" (14:121); "ご……／ご……" (14:124-125); "い、いや！　来ないで！　人殺し！" (14:142); "同罪だ！　反対したってあの人たちの仲間なら同罪だ！／　先輩を返して！　古郡先輩を返しなさいよ！" (14:149-150); cool 丁寧 cross-examination: "死人を出しておいて、この程度で罪滅ぼしですか？" (14:178); "今の話、矛盾してますよね？" (14:212); "五島絵梨奈です。五島って呼んでください" (14:288); "おじさん！　おばさん！" (14:478); "おじさん、城崎さんは味方です。私が保証しますから" (14:502); "嘘だ！！！" (26:150); "嘘だ嘘だ嘘だ嘘だ！" (26:155); "あなたは古郡先輩の姿をした別人だ！" (26:166); "気安く呼ぶな！　先輩の声を出すな！" (26:180); to 糸 plain: "ねえ糸ちゃん、ちょっといい？" (26:360); "言って！　何でもいいから" (26:381); "確か奈落の王って意味だよね" (26:408).
2	7	2	4	00002450		00002450		  - 00002450 (colour 五島): to 桃子 タメ口, hesitant: "ねえ、お姉ちゃん、今日どうしたの？　変だよ？" (12:14); "お願い！　お姉ちゃん協力して！" (12:82); "お姉ちゃんさ……／今日久しぶりに名前呼んでくれたよね" (12:175-176); "私、すぐに先輩たちの家に行く！" (12:232); "うん、とても心強い味方がいるよ" (12:247).
2	8	2	4	facts		00002450		  - facts (00002444 route): small ("小柄な私" 14:29); escapes the attack pushed out by 春花; saved by 城崎; wears a 能面 and 赤装束 (14:289-292); reported to the police herself (20:551; 26:0-7); has only her phone (14:432); rescued April 13 with no memory of the night (32:300).
2	9	2	4	facts		00002450		  - facts (00002450, dated 2020): was 3 when 新村栄一郎 died, 12 years ago, and per 桃子 said he was pushed (12:17-25); researches 篠崎ハジメ's books from 元木大学 (12:109-138).
2	10	0		chunk-28 additions		0000242E		- chunk-28 additions (as of 0000242E):
2	11	2	10	colour casting		0000242E		  - colour casting: 篠崎ハジメ / 金崎勉's lines in 000021CF are drawn in 五島's colour (V618).
2	12	2	10	000021E2		0000242E		  - 000021E2:211 (the 五島 of another dimension, colour 五島): "新村先輩！" (211:12); "おやおや？　どなたですか？　この方は。" (211:15); "へー！　どうもどうも！　いつも先輩がお世話になっております！" (211:19); "先輩、寝坊しちゃダメですよ！" (211:22).
2	13	2	10	000021FE		0000242E		  - 000021FE: "新村……／先輩……！" (11:1-2); "戻ってきて下さいよ……！／　1人にしないで下さい……！" (11:3-4).
2	14	2	10	00002225		0000242E		  - 00002225: "分かりました！　天才少女五島絵梨奈にお任せください！" (11:25); "ああああああ！　先輩が目を覚ましたあああ！！！！" (11:27); "バカバカバカ！　先輩の大バカ者ーー！！" (11:32); "それは、私が新村先輩と一緒にいたいって思うからです。" (11:70); "でもやっぱり、わがままを言うなら、帰ってきてほしかったです" (11:91); "何というか……女っぽさが出てきたというか" (11:140); "えへ、前の先輩も好きですけどね" (11:148); "夏菜ちゃんの進学祝いを選びたいんで、ついてきてもらえませんか？" (11:163); per the narration her efforts exposed 死月妖花 (11:34).
2	15	2	10	00002340		0000242E		  - 00002340: "え？／　えっと……祀耀800年五月五日ですけど……" (11:7-8); stabbed with ドローガ by 春花: "い……いや……。死にたく……ない……" (11:65); "た……助けて……" (11:67).
2	16	2	10	0000234B		0000242E		  - 0000234B (dream): "えっと……／どなたでしょう？" (8:2-3); "さてと、今日は東京に行く日ですね" (8:12).
2	17	2	10	0000235A / 000023AB		0000242E		  - 0000235A / 000023AB (ザッハ): "おお、朝ザッハ！　私、朝ザッハ初めてですよ！" (8:0); "今日も旦那は太っ腹でんなー！" (8:10); "凄い格好の自分と合体……？／　朝から下ネタですか？" (8:15-16); "ありゃりゃ……ばれてましたか……" (000023AB:8:5); "殺し方ですよ" (8:11); "犯人は多分、殺したくなかったんですよ" (8:47).
2	18	2	10	000023E7		0000242E		  - 000023E7 (home; her sister back): timid タメ口: "お姉ちゃん、帰ってたんだ……" (8:1); "あ、あのね、2人ともお姉ちゃんのことすごいって言ってた。" (8:15); "ま、待ってよ……！" (8:30).
2	19	2	10	0000240C		0000242E		  - 0000240C (phone and messages): "はいはーい五島ですよー！" (11:48); "でも、1人だとやっぱり怖くて……" (11:54); "せ……／せ……" (11:107-108); messages "ごめんなさい。私、嘘をつきました。先輩のお父さんのこと、調べました。" (11:140); dropping to plain: "待って！　勘違いだから！　先輩！" (11:151); "先輩、つらいよね？　苦しいよね？ 話して。全部聞くから。私、味方だから。" (11:153) (a speech-level break).
2	20	2	10	00002427		0000242E		  - 00002427: "に、新村先輩……違う……これは、呪いなんかじゃ……" (11:271); "し……し……死にたくないです……！" (11:321); knocked out and left with paper dolls by 美冬 (11:340, 11:377).
2	21	2	10	0000242E		0000242E		  - 0000242E: "お姉ちゃん！？" (11:159); "お姉ちゃん……！　何であんなムチャしたの！？　相手が誰だか分かってたの！？" (11:213).
2	22	0		chunk-27 additions		0000210E		- chunk-27 additions (as of 0000210E):
2	23	2	22	0000205F		0000210E		  - 0000205F (small, colour 五島): "あ、お姉ちゃんお帰りなさい！" (8:0); "えへへ！" (8:4); "ねえねえ！　私やっとインド数学マスターしたよ！" (8:7); "ひい……！" (8:25); "お姉ちゃん……／不良になったの……？" (8:34-35); "私、もうお姉ちゃんに何もしてあげられないんだね……" (8:48).
2	24	2	22	0000206C		0000210E		  - 0000206C: comes home "「ただい――」" (8:0, V611), then silent through 桃子's calls.
2	25	2	22	0000207E		0000210E		  - 0000207E (high school; the new president is a second-year): kind senior タメ口: "新2年生なのに会長って大変だよねえ。" (8:5); tore up her paper at her own entrance-ceremony speech (8:9-11); "古郡先輩、毎日顔を見ないと不安みたいだから" (8:28); "新村先輩がああなったのって、古郡先輩をかばったのが原因らしいから。" (8:33).
2	26	2	22	0000209C		0000210E		  - 0000209C (皆上市, before a talk): "おお、有名なカフェチェーン店、ベンズコーヒー！" (8:3); reads the sizes (V614); misreads 治験 as じっけん (8:45); "先生、ごめんなさい！　やっぱり、帰ります！" (8:57); "古郡先輩、もうほんとにやばいよ……！" (8:60).
2	27	2	22	000020AE		0000210E		  - 000020AE (元木大学, fourth year): 丁寧 to 教授; reads a ministry letter aloud (8:10-23): director of a 国際研究所 in 元木市 from 祀耀809, on condition of a doctorate by March 809; "正直、きな臭いですよね。" (8:42).
2	28	2	22	000020D8 / 000020DE		0000210E		  - 000020D8 / 000020DE (taken to 荒田 by 幸太郎): "私たちは死ぬために来たんじゃありません。／新村先輩……春花さんを迎えに来たんです" (000020D8:8:7-8, 春花さん once); "い、いや！　先輩！　正気に戻って！" (8:48); gives her name "ご……五島…… ／絵梨奈……" (000020DE:8:4-5); silent to 夏菜; "私は何も話さない。ここの人、誰も信じない" (8:40); "お、大人しくするから……ナイフ、離して……" (8:61).
2	29	2	22	0000210E		0000210E		  - 0000210E (before the 十三回忌 trip): "知り合いの……十三回忌に" (8:13); "興味本位なんかじゃない！" (8:44); "無事に帰ってきたら…… ／そしたら……2人で一緒にご飯行きたい" (8:64-65).
2	30	2	22	reported		0000210E:8:23		  - reported: she has been talking about "殺人" and "犯人を捕まえる" on the phone (0000210E:8:23).
2	31	2	22	colour casting		000021A5		  - colour casting: 篠崎ハジメ's lines in 000021A5-000021B7 are drawn in 五島's colour (V618).
2	32	0		chunk-26 additions		00002013		- chunk-26 additions (as of 00002013):
2	33	2	32	narrator of 00001B70, 00001B76, 00001BDA, 00001C5D		00002013		  - narrator of 00001B70, 00001B76, 00001BDA, 00001C5D (私): comic asides ("などという解説を頭の中で繰り返す。" 00001B70:11:10; "何よ、その判定基準……。" 11:81; "作戦は、大成功です！" 00001B76:11:60); in 00001C5D cold and hard ("私が見たいのはラベルではない。／中身だ。" 19:48-49).
2	34	2	32	to 夏菜		00002013		  - to 夏菜: big-sister タメ口 "私も、仲のいい姉妹が欲しいからさ。こんな私でよかったら、姉妹でいてね" (00001B70:11:83); "私、夏菜ちゃんに人を殺してほしくない" (11:174).
2	35	2	32	her sister		00002013		  - her sister: barely spoken to in years (11:71); "んー嫌いって言うか……怖い、かな。ちょっと不良っぽくてさ" (11:216); "お姉ちゃん、高校途中で辞めちゃったけど" (11:220).
2	36	2	32	to エリカ		00002013		  - to エリカ: first エリカちゃん in this route "えへへ！　よろしく、エリカちゃん！" (00001B76:11:54); "天才少女五島絵梨奈！　本気を出せば狩りだってこんなもんです！" (11:50).
2	37	2	32	eating		00002013		  - eating: "はむっ！" in three-cell runs (00001B81:8:1-3 etc.); "新村先輩！　おかわり！" (8:30); enters the 元木町 大食い大会 every year (8:45); "私はたくさん食べるのが好きなだけで大会もお遊びですからね" (8:46).
2	38	2	32	00001B8E		00002013		  - 00001B8E: treats 春花 (8:6); "私は真面目、いたって真面目です！" (8:26); dislikes 超炭酸ボンバー (8:30).
2	39	2	32	00001BDA		00002013		  - 00001BDA: a yellow phone strap she cannot place; a 保育園 drawing of a friend at ザッハ (8:0-16).
2	40	2	32	00001C5D		00002013		  - 00001C5D (accusing 茅萱): formal 丁寧 "目の前の真相を、見逃すわけにはいきません" (11:40); "チガ姉！　あなたしかいないんです！" (11:59); breaks to 乱暴 "嘘だ！／　吐け！／　隠すんじゃない！" (11:144-146); alone "くそ！" (19:10-14), "ちくしょう！" x6 (19:16).
2	41	2	32	00001EFF		00002013		  - 00001EFF: advocate's 丁寧 to 茅萱 and 幸太郎 ("チガ姉、それは違いますよ。" 8:12); "東京で一緒に料亭のご飯を食べた仲じゃないですか！" (8:174).
2	42	2	32	00001FEF		00002013		  - 00001FEF: "高校生です！　実は私、犯行の瞬間を見ていたんです！" (8:4); "だから指揮してる人を出してっていってるじゃないですか！" (8:9).
2	43	2	32	00001FF5		00002013		  - 00001FF5: with 桃子, quiet タメ口 "お姉ちゃん、急にどうしたの？" (8:15); at 3 she was with 桃子 at the 中央公園 accident (8:19-21).
2	44	2	32	00002013		00002013		  - 00002013: "はーい！　自他ともに認める天才少女、五島絵梨奈です！" (8:6).
2	45	2	32	00001CA0		00002013		  - 00001CA0:202:0-9: "新村先輩、大丈夫です、私がついてますからね"; "私が弁護すれば、新村先輩は無罪ですから".
2	46	0		chunk-25 additions		00001AB5		- chunk-25 additions (as of 00001AB5):
2	47	2	46	narrator of 000016AE, 00001844, 0000191C		00001AB5		  - narrator of 000016AE, 00001844, 0000191C: comic detective narration with self-asides ("――なんて言い訳を考えるけど、誰に向かって話す気なのか、私……。" 000016AE:11:12); です・ます address to readers ("皆さんは、私がこれからどこへ行こうとしているか、お分かりだろうか。" 0000191C:11:1; "どれもハズレです。" 11:3), then plain; rapturous food passages one image per cell (0000191C:11:111-164, "ああ……食べるって……／し・／あ・／わ・／せ。"); middle-school planning voice with a です・ます aside (00001844:8:24)
2	48	2	46	lines		00001AB5		  - lines: bright 丁寧 to her old teacher: "陰気で、根暗で、暗い児童でした？" (000016AE:11:52); "あはは！　人間って変われるもんですよ！　こんなに明るく生まれ変わった天才少女五島絵梨奈、市村先生に出会えて感激であります！" (11:55); "えへ、人間関係にはとても恵まれました！　すごく仲良くしてくれる先輩たちがいるんです！" (11:58); "もう、先生ってば、／ま・／じ・／め！" (11:64-67); in 6th grade silent, then "あの……／みなさん、市村先生。／お祝いの言葉、ありがとうございます" (00001704:8:10-12); small, lecturing and crying at the zoo ("えっとフラミンゴ(Flamingo)って名前はラテン語で炎を意味するflammaから、だったかな？" 00001755:8:6; "うあああん！　パパー！　ママー！　おねえちゃーん！" 8:14; "知らない人について行かない。お話したらダメ。／お姉ちゃんがいつも言ってる" 8:25-26; "誰かー！　この人誘拐犯です！／私服巡回員って虚辞を連ねて、私を凌辱しようとしていまーす！" 8:34-35; "誘拐犯" 8:43); as a toddler "ママ、ただいま！" / "あのね、／ひとがね、／ぴゅーってね、／おちたの！" (00001AB5:8:3-8); middle school to the coach "先生、お願いします！　もう一度古郡先輩にチャンスをあげて下さい！" (00001849:8:0), "でも、古郡先輩のは体質なんです！　練習や努力ではどうにもならないんです！" (8:12); at the contest "えっと……ようやく私に対抗できる挑戦者が来ましたね！　チャンピオンだろうと、返り討ちにしちゃいますよ！" (0000191C:11:55), "すみません！　棄権します！" (11:136), "すみませーん！　イカ焼き3つくださーい！　マヨ多めで！" (11:140); trailer "安心して下さい。これで古郡先輩を助けられますし、死神も捕まえることができます" (00001867:38:2)
2	49	2	46	facts		00001AB5		  - facts: her elementary homeroom teacher 市村先生 remembers a gloomy, isolated genius (000016AE:11:47-57); a perfect high-school entrance score (11:57); her birthday falls in the school term (00001704:8:4, 6th grade); lost at the 女ケ沢動物園 as a small child (00001755); as a toddler saw someone fall during cherry viewing (00001AB5:8:5-9, who not said); in middle school secretly built なつみ's training and looked up doping, ephedrine included (00001844; 00001849:8:27); the 元木町 spring eating contest's champion since the year before last (0000191C:11:12, 11:25; 00001A4E:8:43-45: 150 takoyaki last year)
2	50	2	46	correction		00001AB5		  - correction (as of 0000191C): at the 祀耀800 contest she withdrew with 30 seconds left for イカ焼き and 南崎 won with 18 plates (0000191C:11:136-166); the chunk-13 wording "beat 南崎 at the 元木町 桜祭り eating contest four years before" (as of 00000EAF) is superseded: 00000EAF:22:47-53 only says they "fought" there
2	51	2	46	board		00001AB5		  - board: "ロリ　天才　ロリ巨乳" (00001A65:8:40); a Shabetter post "天才少女五島絵梨奈、不審者とザッハ" (000017CB:8:4)
2	52	0		chunk-24 additions		0000156A		- chunk-24 additions (as of 0000156A):
2	53	2	52	route of 0000156A		0000156A		  - route of 0000156A (祀耀815; seen through 茜): in her thirties, youthful (64:16); head of a 国際研究所 founded in 元木 five years ago, her research changing yearly (御神木, fungi, brain chemistry, religion) to find 春花 (64:51-53, 64:123-136); moved a year ago into a sealed top-floor flat that saved her; would die outside (64:71, 64:109-117; 58:38-39); visited 茜 in prison about every half year (64:15); now eats normal portions (46:152-158); her fate after 201:113 not shown
2	54	2	52	voice		0000156A		  - voice: 丁寧 lecture as before, calling 茜 お母さん throughout (V555): "来ると思ってましたよ。古郡先輩とお母さん" (64:85); "えへ！　天才少女……じゃなくて、天才ですから！" (64:100); "ぬう……天才少女五島絵梨奈、不覚……" (46:140); "私、卑怯ですよね……。" (58:41); "私、一応研究者ですからね！" (58:88); "常識を超えた事象に対して、常識を超えた考察をするのは当たり前です" (58:222); cool to 春花 "お久しぶりです、新村先輩" (8:29); frightened "ダ、ダメです……！" (14:184); "お母さん……。私、どうすればよかったんでしょう……。" (14:207); "女ケ沢市事件を起こしたのは……／誰なんですか？" (28:54-55); "私が裁判の再審請求をして、私も証言台に立ちます。" (28:86); "はい！　絶対に、お母さんも助け出してみせますから！" (28:95); ニカッとした笑顔 (64:90)
2	55	2	52	theories		0000156A		  - theories (0000156A): the cherries are fruiting bodies of an オニナラタケ-type fungus; root spores give ドローガ, passed on by fresh blood; flower spores now germinate in mammals; petals dissolve corpses to feed the soil; 春花 dormant 13 years; teleport by copying particle data; the ナナシナ事件 (V557) and a human agent of the tree (14:0-165; 58:24-250; 8:193-263)
2	56	0		chunk-23 additions		0000154E		- chunk-23 additions (as of 0000154E):
2	57	2	56	no narration; lines colour 五島, 丁寧 lecture and quick deduction		0000154E		  - no narration; lines colour 五島, 丁寧 lecture and quick deduction: "ドローガに感染した第一世代と第二世代は、ミイラの胞子でおかしくなるのに、第三世代はおかしくならない。／第三世代には、何らかの抗体があるってことでしょうね。" (000014EE:16:27-28); "何迷ってるんですか！　そんなの絶対にダメです！" (16:68); "待って下さい。それでは魔女狩りのように、昔の野蛮な刑罰と同じです。" (16:233); "私は……ちょっと古郡先輩の気持ち、分かります" (16:312); "つまり死月妖花は、初めからその人を生き返らせるつもりがなかったんです" (16:410); "これは死月妖花の菌糸です！" (00001505:8:11); "よかった！　桜クッション作戦、成功です！" (0000151C:8:45); "みんな古郡先輩の血に触れて第三世代になっているんです！" (8:147); "これで、一件落着ですね！" (8:321); "むきー！　私の変装は無駄だったってことですか！？" (8:325); "否定はできません。／でも、またあの規模になるには数千年の時間が必要です。" (8:469-470); the four-神使 theory (00001533:8:105-111); "ねえねえ新村先輩！　今日は何おごってくれるんですか？" (8:128); "だったら、今度あの東京の料亭でおごってくださいよ！" (0000154E:8:46); "はい、放火したのは、集落の人間の誰かです" (8:91); "幸太郎さん、あなたは……／ここでいつも……／死んだサクラさんに会っていたんですね？" (8:134-136)
2	58	2	56	facts		0000154E		  - facts (this route): recognised under a 能面 by voice and size (0000151C:8:322-327); carried down on 茅萱's back (8:453); an unnamed 元木高校 girl asked her at the 御神木 site whether the cherry was gone (00001533:8:79-82); works out the arson and 幸太郎's secret with 茅萱 (0000154E:8:78-136)
2	59	0		chunk-22 additions		000014D7		- chunk-22 additions (as of 000014D7):
2	60	2	59	narrator of 00001414 and 0000142B		000014D7		  - narrator of 00001414 and 0000142B (April 7 night): reasoning with reversals in one-line cells ("え？／ちょっと待ってよ……。／それは……／どういうこと？" 00001414:8:43-46); self-exhortation under threat ("ダメだ！　あきらめるな！　こういう時こそ頭を使う時だ！" 0000142B:8:118); figures and estimates (8:48-50); a closing thought to the absent seniors ("新村先輩、古郡先輩、一足先に行ってます。" 00001414:8:297)
2	61	2	59	lines		000014D7		  - lines: 丁寧 to the grandmother, urgent ("おばあさん教えて下さい！" 00001414:8:49; "どうしてチガ姉は今でもオッドアイなんですか！？" 8:51); "気を付けてください、エリカちゃん……" (8:234, first エリカちゃん, RELATIONS); fake crying to stall "うっう……／ううう……！" (0000142B:8:194-195), "あーん！　怖いよおー！" (8:208), "触らないで！　私を殺して桜にするつもりでしょ！" (8:211, plain); "わ……／分かり……ました……" (8:125-126); weak, tearful "先輩……ごめんなさい……。／私……" (000014D7:8:37-38); lecture 丁寧 to the dead ("身体だけは、本物です。／でも、意識は完全に死月妖花に乗っ取られています" 8:122-123; "神使は不完全なはずです" 8:254); crisis plain ("お、おばさん！　挑発に乗らないで！" 8:64; "先輩！　目を閉じて！　息を止めて！" 8:325)
2	62	2	59	facts		000014D7		  - facts (this route): suspects 幸太郎 of hiding things (00001414:8:78-80); finds 茅萱 in the cave; taken up the tunnel by 茅萱 and 栄一郎 as a "貴重な人質" (0000142B:8:218); first to see 栄一郎 dead-alive, takes him for 幸太郎 (8:148)
2	63	0		chunk-21 additions		000013FD		- chunk-21 additions (as of 000013FD):
2	64	2	63	narrator of 000013E6 and 000013FD		000013FD		  - narrator of 000013E6 and 000013FD (route of 000011CC, April 7 night): reasoning in hypotheses and reversals ("逆だった。" 000013FD:8:85; "彼らこそが……／死体だ。" 8:88-90), self-reproach ("ちくしょう！　私がこんなミスをするなんて、とんだ失態だ！" 000013E6:8:123), a reflective turn on the moon (000013E6:8:36-41)
2	65	2	63	lines		000013FD		  - lines: email to 茅萱 in 『』 丁寧 ("チガ姉はアポカリプティックサウンドって知ってますか？" 0000133D:8:203); in 茅萱's memory "ありえないことが起こるのが、呪殺事件なんです" (0000136D:8:121) and "チガ姉が見たこと、聞いたこと、行き着いたこと――それらをすべて疑ってください" (00001385:8:65), and 000011CC's advice replayed (000013B5:8:96); "夏菜ちゃん、廃屋ってあとどれくらい？" (000013E6:8:45); "古郡先輩、夏菜ちゃん、2人だけで廃屋に向かってください。／私、まだやることがあるんです！" (8:85-86); to 城崎 "…………／五島……絵梨奈です……" (000013FD:8:69-70); to the grandmother 丁寧, wary: "おばあさんは……／死体が動く話は知っていますか？" (8:164-165); lecture "アバドンとはヘブライ語で奈落の王を意味し、4人の神使はその手下。" (8:281); "なんか、大魔女様自ら動いてくれるってのが意外で……" (8:293); declines エリカちゃん "でも……それは馴れ馴れしすぎじゃ……。" (8:298)
2	66	2	63	facts		000013FD		  - facts (this route): translates 『猛き音と翠眼呪殺』 fast (0000133D:8:198-199); deliberately deceives なつみ to mislead 死月妖花 (000013E6:8:67); sends なつみ and 夏菜 on and returns alone; sneaks through the village (small: "この時ほど小柄でよかったと思うことはなかった" 000013FD:8:14); first called by her given name outside the family in years, by the grandmother (8:139); ties the oral lore to the scripture and the hot spring on 糸姫山
2	67	0		chunk-20 additions		0000130D		- chunk-20 additions (as of 0000130D):
2	68	2	67	narrator of 00001247, 000012C5, 000012DE		0000130D		  - narrator of 00001247, 000012C5, 000012DE (route of 000011CC, V467): analytic present-feel narration, hypothesis chains ("それがアポカリプティックサウンドの基本原理であると仮定する。" 00001247:8:133), self-reproach ("これは、完全に私のミスだ。" 000012C5:8:71), comic defeat at 夏菜's love lecture ("でも、この敗北感は何なんのだろうか。" 8:173)
2	69	2	67	lines		0000130D		  - lines: 丁寧 lecture as before ("仮に『何者か』のことを『ネクロ』と呼んでみましょうか" 000011E3:8:28; "政府は少なくとも、御神木の正体を知っています。" 8:134; "現在確認されている世界で最も大きな生物は、アメリカのオレゴン州で発見されたオニナラタケです。" 00001214:8:173; "先輩落ち着いて、常識ではありえないことが起こるのが、この呪殺事件なんです" 8:262); "この事件は常識ではありえないことが背景なんです" (000011CC:8:221); "ストレンジサウンド……／アポカリプティックサウンド……" (8:181-182); frightened "先輩、離れないで下さい……" (00001214:8:49); "いえ、適当に言っただけです" (8:32); commanding 丁寧 to なつみ ("絶っっっ対にこの部屋から出ないでください！" 000012C5:8:40); soft タメ口 to 夏菜 ("夏菜ちゃん、私こそごめんね。夏菜ちゃんは何も悪くないから……" 8:72), っす once ("お、おお……そうっすね……" 8:152) and 丁寧 slips ("あの……そういうの、どこで覚えてくるんですか……？" 8:168); "火事！　火事だー！" (8:227); "ダメです！　3人で行かないと……！" (000012DE:8:43)
2	70	2	67	facts		0000130D		  - facts (this route): names the organism ネクロ (000011E3:8:28-31); translates 茅萱's photos and 儀之助's diary by email (0000130D:8:73-106); reads 『セレジェイラの教え』 and hypothesises the sound and the fruiting bodies (00001247); suspects a human spy and the arson (000012C5:8:194-249); lets 夏菜 call her エリ姉 (00001247:8:46-52); cannot cook; eats little when upset (000012C5:8:112, 8:176)
2	71	0		chunk-19 additions		000011B4		- chunk-19 additions (as of 000011B4):
2	72	2	71	route of 00000B57		000011B4		  - route of 00000B57 (800 April 1, 銀座, then 東京スカイツリー; seen through 茅萱; colour 五島): playful 丁寧 with teasing and misnamed dishes ("うん！　この平目のお刺身、とてもおいしいですね！" 0000119C:8:27; "こっちのフグのしゃぶしゃぶは肉厚で歯ごたえがあって、とても美味ですなあ！" 8:29); refrain family "初めまして！　元木町の天才少女五島絵梨奈、東京に降臨です！" (8:36), "おお！？　これはこの天才少女のライバル出現ですな！？" (8:70), "じゃあ、作戦開始としますか" (8:161), "作戦成功です！" / "はいまた作戦成功！" (000011B4:8:20, 8:39, 8:214), "この天才少女が宝の持ち腐れをするわけにはいきませんからね！" (8:232); needling ("あれあれ？　それって1番安いセットですよね？／もしかして茅萱さん、少食ですかあ？" 0000119C:8:65-66); ニカッと笑う (8:81, 8:94; 000011B4:8:21, 8:50, 8:180, 8:233) vs ニコッと (000011B4:8:35); "えへへー！　やっと茅萱さん、普通にしゃべってくれましたね！" (0000119C:8:82); her smile drops and her tone falls ("どうしましたか？　私、そんなに怖い顔してますか？" 8:110; "さあチガ姉、どうしますか？" 8:116)
2	73	2	71	lecture voice		000011B4		  - lecture voice: long 丁寧 turns of trivia and method (octopus and astaxanthin 0000119C:8:127-158; "私が思うのは、手口も犯人も、常識の範囲で考えてはいけないということです。" 8:163; "矛盾することが……正解？" / "その通りです。" 8:184-185; "99%ありえません" 8:250; "超常現象に逃げるのは、諦めるのと同じです。" 8:257; "超常現象とは、今までの常識や人間の感覚では解明できないことと、私は定義しています。" 8:267); quiz form (six numbered questions, 000011B4:8:100-130); "いいですかチガ姉、よく聞いてください。" (000011B4:8:152); "チガ姉がすべきこと――／それは全てを疑うことです。" (8:160-161); "うぎゅう……私の背だと、周りが全然見えない……" (8:71, V440); "おばさん、ごちそうさまでした！" (8:47)
2	74	2	71	calls		000011B4		  - calls (this route): 茅萱 茅萱さん -> チガ姉 (asks leave, 0000119C:8:93); Mifuyu おばさん; Haruka 新村先輩; Natsumi 古郡先輩; サクラ 新村サクラさん; Eiichiro 新村栄一郎さん (all 3p except 茅萱, Mifuyu)
2	75	2	71	facts		000011B4		  - facts (this route): comes to Tokyo on 800 April 1 at Mifuyu's invitation; eats a table of high-end dishes; theorises a 『何者か』 in 荒田 that lends foresight and sends the voices, the 『矛盾の支配者』, the 呪殺's culprit (theory only); asks 茅萱 to go early and search 荒田's old books, offers to translate photos (000011B4:8:183-189); will enter high school in April (00001154:8:75)
2	76	0		chunk-18 additions		0000104E		- chunk-18 additions (as of 0000104E):
2	77	2	76	narrator of 00000F6F, 00000F87, 0000104E		0000104E		  - narrator of 00000F6F, 00000F87, 0000104E: a present-feel dream monologue on the truth (00000F6F:11:0-39: two voices, 『真相を求めるな』 / 『真相はそこにある』, "幸太郎さんは犯人ではない", "呪殺事件の犯人は、あの人しかいないんだもん"); honest self-reproach about her sister ("これは私がお姉ちゃんに持っていた『偏見』だ。" 00000F87:11:221); haunted-house logic in "だからこそ" anaphora (00000F6F:11:159-161); 0000104E a numb present-feel monologue dissolving into laughter
2	78	2	76	lines		0000104E		  - lines: phone "はーい！　あなたの五島ちゃんですよー！" (00000F40:11:79; 00000F6F:11:54); advice 丁寧 "それが何よりの土産話ですよ" (00000F40:11:96); to 桃子 タメ口: "お、お姉ちゃん……絶対離れないでよ！" (00000F6F:11:133); "お姉ちゃんの……大バカ者ー！　うわーん！" (11:179); "私、お姉ちゃんを捨てるなんてこと、絶対にしないよ。…私が絶対に守り抜いてみせる" (00000F87:11:225-227); "だから、一緒にいてよ。家出しないでよ" (11:293); "お姉ちゃん……／私が来て……／嬉しい……？" (11:282-284); to Chigaya curt "そうですか……" (00000F9F:11:25); "やっぱりおかしいですよ！　死んだ人の声が聞こえるなんて！" (11:109); "それでもこの裏でほくそ笑む何者かがいるんです！／私はそれが許せません！" (11:147-148); "えへへ。なんか、お姉ちゃんと仲直りできそうなんです。" (11:208); "新村先輩と離れるなんて嫌です！" (00000FCF:11:38); "関係あります！　夏菜ちゃんは私の大事な妹です！" (11:48); "血がつながってないと姉妹にはなれないんですか！？" (11:51); "ぐ……！／本気で顔殴りましたね……" (11:58-59); "新村先輩の……／バカ！" (11:99-100); "おお、新村先輩、ノーブラ！　やっぱりデカいっすねえ！" (43:34, っす); "あっははー！　社会人は辛いですなあ！" (43:27)
2	79	2	76	facts		0000104E		  - facts: small ("この身長" 00000F6F:11:84); unafraid of haunted spots, terrified of haunted houses (11:153-161); her sister named her (00000F87:11:256-276); dislikes her given name, may come to like it (11:277-281); Erika was the only friend allowed to call her 絵梨奈 (11:51); wrote Erika a letter (00000F9F:11:60-61); will pursue the truth alone via 城崎 (11:119-123); plans to take 夏菜 in (11:203-205); in 0000104E cannot move while Haruka kills Natsumi, and laughs
2	80	2	76	0000107B		0000107B		  - 0000107B: 糸姫's lines are drawn in her colour (V424)
2	81	0		chunk-17 additions		00000F24		- chunk-17 additions (as of 00000F24):
2	82	0		chunk-17 additions		00000F24		- chunk-17 additions (as of 00000F24):
2	83	2	82	no Goto narration in 00000F24 except her account in unquoted です・ます cells		00000F24		  - no Goto narration in 00000F24 except her account in unquoted です・ます cells (64:66-73, 64:81-85; V218 family); route of 00000F24 (祀耀802): has researched 荒田 for two years through libraries and professors who know her name (118:203-228); comes with Natsumi; replay lines of 800 (82:23, 82:30)
2	84	2	82	voice		00000F24		  - voice: 丁寧, lecturing in long turns and numbered or ⏎-listed points (100:77-154, 100:183-245; 94:87-141; 118:210-313; 142:74-104); quiz style ("じゃあ、どうして調べてないと思いますか？" 118:234); frightened plain breaks ("先輩……バカ……" 100:53; "い、いや……！" 187:108); "もしもし、警察ですか？" (64:189); "いよいよ正念場ですね！" (142:116); "そうですよ、困ったことがあったら、この天才少女五島絵梨奈にも頼ってください！" (142:51); cold to the man coloured 春花の父 ("あなたが死んだ人とか、先輩のお父さんとか、そんなことはもうどうでもいいです。" 187:6); self-reproach "だって私……／何の役にも立てなかった……！" (142:61-62); memory (76:101-133): the hells, 追善供養, "大食も罪らしいので……", "あ、店員さんすみませーん！　お雑煮2つ追加くださーい！"
2	85	2	82	facts		00000F24		  - facts (route of 00000F24): taken from the train with Natsumi (64:66-73); wanted as a "member" but not injected (64:151-180); pockets full of wrapped sweets as emergency food (64:43-47); tied at the rite, rescued by Haruka (106:62, 106:189-304); reads the old book (100); her 荒田桜 parasite theory, which she calls her own "妄想" / "妄言" (100:238, 142:54); unmasks the 白般若 (142:133-138); pushed out of the cave by the man, seized and strangled by Chigaya, killed (187:102-132; 193:11, 193:17)
2	86	0		chunk-16 additions		00000F0D		- chunk-16 additions (as of 00000F0D):
2	87	2	86	route of 00000F0D		00000F0D		  - route of 00000F0D (祀耀804-805; no Goto narration): 20 this year (38:151); still searching for Haruka with Natsumi and trading information with Ise (38:61-63); meets her sister 桃子 for dinner at ザッハ (38:140; 44:104); close to her sister (44:32); probes 夏菜 ("ねえねえ、新村さん" 44:8, a deliberate slip); after Ise's account calls 夏菜 a victim and asks Ise to support her, guessing she loves him (56:64-138); at 元木駅 finds Natsumi and sends Ise after 夏菜 (56:175-215); in 805 teases the pair, slips out to print a photo of the proposal and gives it via Ise ("お幸せに！" 74:190); her birthday is later than August 1 (68:247)
2	88	2	86	voice		00000F0D		  - voice: 丁寧 with teasing ("あれあれあれ？　伊勢さん！　ついに別の少女に手を出したんですか？" 38:142; "私と秋菜ちゃんみたいな少女たちを侍らせて食事だなんて！　ロリコン冥利に尽きますなあ！" 44:80; "おっと、これは失礼……" 38:159; "ほーん？　なるほどなるほど！" 38:149); ニカッと笑う (38:157; 44:75); firm and earnest to Ise ("伊勢さんには伊勢さんにしか助けられない人がいるじゃないですか！" 56:198); "最っっっっっっっっっっっ低！" (68:196); タメ口 to her sister ("うん、分かってるよ" 56:9); in Kana's vision, a statute ("刑法103条-105条の2『犯人蔵匿及び証拠隠滅の罪』ですね……" 44:199) and pleading plain form to Haruka ("先輩、帰ろうよ！" 44:213)
2	89	2	86	calls		00000F0D		  - calls (this route): 夏菜 秋菜ちゃん / 新村さん (probe) / 夏菜ちゃん; Ise 伊勢さん; Natsumi 古郡先輩; 桃子 お姉ちゃん; Haruka 新村先輩 (vision)
2	90	2	86	replayed 800 lines		00000F0D		  - replayed 800 lines: "古郡先輩！　新村先輩は……！" (173:20); "よくて自首。最悪の場合は――" (173:24)
2	91	0		chunk-15 additions		00000EF6		- chunk-15 additions (as of 00000EF6):
2	92	2	91	no Goto narration in 00000EF6; route of 00000EF6		00000EF6		  - no Goto narration in 00000EF6; route of 00000EF6 (祀耀800-802): third-year of high school in 802, retired from the student council (134:71-73); writes papers (unapproved-drug clinical trials; before, Japanese economy and language; humanities track) (134:77-80); an admission offer from 元木大学; will stay in 元木町 with the two (134:82-86; 140:118-121); knows a doctor at the hospital from her paper research (36:193-194); gets case files and the autopsy through 伊勢 (20:29-45); skipped her presentation contest in 皆上市 to find Natsumi (67:152-200); Natsumi lives at her home; has not grown, 1 mm shorter (140:152-153); sister gone two years (134:3-5); reads the blood report and proposes the ephedrine-like substance theory (36:206-246); names the 交換輸血 (20:196)
2	93	2	91	voice		00000EF6		  - voice: 丁寧 to Natsumi and Haruka with plain-form breaks ("よしよし、先輩いい子" 61:215; "先輩、どうしたの！？" / "ねえ、先輩ったら！" 67:265, 67:267; "あー先輩！　洗い物なんて私がやるから！" 134:28); analytic explanation in long turns ("つまりですよ？／国家機密レベルでは…" 20:91-95; "問題なのは2点です。" 36:209); firm ("いいですか先輩、よく聞いてください。" 20:106; "もう目を覚ましてください！" 61:126); tender ("先輩は弱弱しく見えるけど、弱い人ではありません。／だけど……それでも無敵じゃないんです" 61:185-186, echo of 0000020B:12:8); "先輩……／お願いですから……／早くお面を取ってください……" (67:34-36); the folk tale in です・ます telling (110:43-82); breaks off "だから……／だから……" (110:101-102); "いやな予感がしただけです" (67:170); refrain family "この天才少女にお任せください！" (20:217), "この自他ともに認める天才少女、五島絵梨奈にお任せくださいな！" (36:267), "まあ、この自他ともに認める天才少女にかかれば、どんな大学入試だって楽勝ですよ！" (140:194); laughs "えへへ" (14:200), "えへ！" (61:203); yawn "ええ、きっとだいじょ……／ふ……／ふあ……" (14:12-14); ニカッと笑う (20:218; 134:75; 140:260)
2	94	2	91	calls		00000EF6		  - calls: Natsumi 先輩 / 古郡先輩; Haruka 新村先輩; the doctor 先生; 3p Ise 伊勢さん / あの人 ("ロリコンですからね" 36:253); 3p Mifuyu 美冬さん (20:175)
2	95	0		chunk-14 additions		00000EDF		- chunk-14 additions (as of 00000EDF):
2	96	2	95	narrator of 00000EDF		00000EDF		  - narrator of 00000EDF (route of 00000488, 祀耀800 April 8 night): blocks 65 to 117:154 are one instant of foresight from Natsumi's blood (117:164-169), told as real; a cold, detached voice in 65 ("あなたが死んでくれて……／私は最高に幸せです。" 65:68-69; refrain "面倒だ……" 65:52, 65:108, 65:132 and "めんどくさい……" 71:20, 71:89); reasoning chains (77:92-129; 192:155-175); a mock-encyclopedic aside (83:81-88) cut off by "…………って、そんなことはどうでもいい！" (83:89); panic cells in the frenzy (83:224-238)
2	97	2	95	voice		00000EDF		  - voice: soft, pleading タメ口 to her sister (33-37; 202:166-199, "私……！　お姉ちゃんと仲良くしたい……！"); teasing ("ごめんね、天才少女で" 37:127, 37:131; "天才少女様" 37:159; "100点の解答" 37:157); 丁寧 to the elders, then cold interrogation ("10年前、新村美冬さんにドローガを送ったのは誰ですか？" 59:90-91); commanding to 夏菜 "早く、出て。出なさい" (59:87); っす register "そうっすか……" (47:60, 47:68), "よく分からないっす……" (47:74), "そうっすね……" (117:73); refrain "この天才少女、一生の不覚……！" (83:110; 117:76); a Kansai-style tsukkomi "子供にエロ本読み聞かせるアホがおるか！" (83:105, V015 family); the shriek list "スケベ！　変態！　痴漢！…ルイス・キャロル（不思議の国のアリスの作者）！" (202:263-267); "いえいえ！　これは釣りをするためのエサなのであります！" (117:27)
2	98	2	95	facts		00000EDF		  - facts (vision): one eye green from April 8, hidden with her sister's disposable colored contacts (71:49-56); the frenzy at サクラ (83:207-240); cured with ファルシフィカソ (89:9); cannot cry for Natsumi until then (77:69-71; 89:24-32); learned from her sister's schoolbooks as a small child (202:113-114); no romance at all (37:217); chest size a running joke (V327)
2	99	2	95	facts		00000EDF		  - facts (real frame): unhurt; talks Mifuyu into surrendering (117:170-184); eyes unchanged, no foresight left, hospital check clean (117:231-234); on 祀耀800 August 1 reconciled with her sister (117:246-253, 117:316)
2	100	2	95	open questions added		00000EDF		  - open questions added: V325, V327, V328, V332, V333
2	101	0		chunk-13 additions		00000EAF		- chunk-13 additions (as of 00000EAF):
2	102	2	101	narrator of 00000EAF		00000EAF		  - narrator of 00000EAF (route replayed there: 祀耀800 April 8, the Kogoris, Haruka and Haruka's mother dead, Goto the sole survivor); 74:35-37 a third-person narrator names her "全ての結末を目撃した少女" (V323)
2	103	2	101	facts		00000EAF		  - facts (route of 00000EAF): bit her tongue to kill herself in hospital, was saved, and lost her voice (52:2-6); 3 months in hospital; graduated high school; 4 years shut in, online part-time work (52:11-66); 19 (46:110), "もうすぐ20歳" (52:46); left home for Tokyo "like my sister four years ago" (52:157); ate a 10kg curry in 28 minutes (46:100); stomach about 11-12 kg (46:170; 22:174 "12キロ"); 4th in the 大食祭804 qualifier, promoted to the final, won it 10,150 g to 10,098 (97:276-279); beat 南崎 at the 元木町 桜祭り eating contest four years before, as the "イカ焼き少女" (22:47-50); speaks again for the first time in four years at the final (97:163-188); a year later declines a job ("夢ができたんです" 16:10) and competes abroad with 茅萱; with her, a Nobel Peace Prize about 14 years after 800 (16:51-71); Goto's hypothesis on the 800 scene: Haruka's mother faked her body and set the fire (91:81-123, hypothesis only)
2	104	2	101	voice		00000EAF		  - voice: mute for most of the file; signed and written lines in ASCII straight double quotes, short 丁寧 to adults ("初めまして。五島絵梨奈と言います。耳は聞こえますが、声が出せません。" 40:95; "決勝進出、おめでとうございます。" 28:167), タメ口 to her mother ("お母さん……／お腹すいた……。" 28:184-185; "お母さん、もういいよ。私、弱いから。" 28:224) (V305); first spoken words broken over …… and cells: "勝……ち……たい……！" (97:163), "か……わり……箸……下さ……い" (97:186), "み……／なさ……／ん……。／ありが……／とう……／ございます！！！" (97:295-300); a year later fluent: "はい、少しリハビリは要りましたけど、今はもう、大丈夫です！" (16:18); Nobel speech in formal 敬語 / 丁寧 with a breaking rhetorical run ("だって……／辛いじゃないですか……！／助けたい人を助けられないって、本当に苦しいんです！" 16:98-100; "私のしていることは、まさに偽善です。" 16:129)
2	105	2	101	narration voice		00000EAF		  - narration voice (00000EAF): blunt, self-mocking, sometimes crude ("なんだ、日本ってバカばっかり。／そのバカの主役は……この私！" 22:69-70; "ジャポニカテレビ倒産に追い込んでやれ！" 97:204); refrains "食う、寝る、呼吸する" (16:5, 16:79, 52:55, 22:198) and "食うことしか能のない" (28:193, 46:149, 97:213); ニカッと笑う returns (40:18, 40:54); self-commands in short cells ("吹き掛けろ！／噛め！／飲み込め！" 28:129-131); dry sums and tactics (22:140-141, 34:140-142); flat numb register for the shut-in years ("赤ちゃんでもできることだ。" 52:59); closing apology run "役立たずで……／ごめんなさい。…バカで……／ごめんなさい。" (16:176-181)
2	106	2	101	calls		00000EAF		  - calls (00000EAF): 茅萱さん; 南崎さん; お母さん; 社長; 3p 古郡先輩, 新村先輩, 先輩たち, お姉ちゃん (桃子)
2	107	2	101	nicknames		00000EAF		  - nicknames: サイレントエンジェル, then エンジェルボイス (22:17, 97:205); board "伝説の天才少女" (40:25)
2	108	2	101	open questions added		00000EAF		  - open questions added: V303, V305, V309, V310, V323
2	109	0		chunk-12 additions		00000E95		- chunk-12 additions (as of 00000E95):
2	110	2	109	route of 00000E7B		00000E95		  - route of 00000E7B: dead since 祀耀800 April 8 ("五島絵梨奈撲殺事件"; board: 五島絵梨奈（15）, 脳挫滅, 227:14-16); in 桃子's memory she learned everything 桃子 brought home from school and overtook her (00000E7B:11:87-97); 桃子's research names 新村美冬 as her killer (28:228-229); replayed lines 215:0-227:13 (V281)
2	111	2	109	00000E95		00000E95		  - 00000E95: video call from a theme park in 女ケ沢 with her family: "はーいお2人さん！　家族水入らず楽しんでますかー？" (11:206); "すごいですよー！　ほら見てくださいよ！／この人、人、人！" (11:210-211); "これでも精一杯手を伸ばしてるんですよ！／むぎゅぎゅ……苦しい……" (11:215-216); "あれ？　お父さんたちがいない……。／ぎゅー！" (11:220-221); wanted to join the trip (11:22)
2	112	0		chunk-11 additions		00000E61		- chunk-11 additions (as of 00000E61):
2	113	2	112			00000E61		  - no Goto narration in chunk 11
2	114	2	112	detective 丁寧		00000E61		  - detective 丁寧: "先輩、大丈夫です。少なくとも血で書いたのは、誰にも怪しまれずにメモを書く必要があったからです。" (00000E01:11:7); "幸太郎さん、先輩たちをどうするつもりですか？" (00000E19:11:75); "幸太郎さん……／あなた……／誰をかばっているんですか？" (11:108-110); "それも嘘です！…" (11:121); "幸太郎さんがあそこまで『自分がやった』って言い切るのが、逆に嘘くさいんですよね……" (00000E61:45:3)
2	115	2	112	to 夏菜, firm タメ口		00000E61		  - to 夏菜, firm タメ口: "夏菜ちゃん、こう言うことはやっちゃダメなんだよ" / "私と約束したでしょ？　殺さないって" (00000E19:11:95, 11:97); cheering "おー妹よ！　無事で何よりだぞ！" (00000E49:11:164); "ちゃんと、この天才少女のお姉ちゃんが犯人を捕まえて見せるから！" (11:180)
2	116	2	112	speech-level break		00000E61		  - speech-level break: "先輩死んじゃだめだよ！　みんな待ってるんだから！" heard in Natsumi's dream (00000E31:11:82)
2	117	2	112	tics		00000E61		  - tics (chunk 11): "ううー！　先輩が生き返ったー！" (00000E49:11:19); "あとあと、この天才少女による鍵のすり替え術も効いてますよね！" (11:139); "あれあれ？　もしかして、私が2人の仲を見て気まずくなるとでも思いましたか！？" (00000E61:11:44); "え！？　こんな時だけ除け者扱いですか！？" (11:122); "先輩！　私の前に立たないで下さい！" (11:127)
2	118	2	112	facts		00000E61		  - facts: swapped 夏菜's key for her own house key and opened the barred door (00000E49:11:38, 11:139-140); envies close sisters (00000E61:11:38-40); thinks the 超炭酸ボンバー in her fridge is her sister's (11:61-62); her face clouds at 夏菜's 沈丁花 remark (00000E49:11:181) (as of 00000E61)
2	119	0		chunk-10 additions		00000DE9		- chunk-10 additions (as of 00000DE9):
2	120	2	119			00000DE9		  - no Goto narration in chunk 10
2	121	2	119	detective mode, 丁寧 throughout		00000DE9		  - detective mode, 丁寧 throughout: "人間は、嘘の話の後に出た『本当らしい』話を信じやすいと" (00000D41:11:149); "犯人が分からないというのが、きっと正解なんですよ" (11:217); "だからあり得るとすれば犯人は……／いえ、主犯は複数。" (00000DA1:11:139-140); "ドライバー用の溝がありますね。…" (00000D71:11:86); cold interrogation of 幸太郎 ("原料は桜の根ですか？" 00000DB9:11:23; "押し黙るのなら、もう何も言わなくていいです" 11:107); "私たちは今、完全に犯人の手のひらの上です。" (00000DD1:11:149)
2	122	2	119	tics		00000DE9		  - tics (chunk 10): "この天才少女五島絵梨奈が行かない選択肢はありませ……／ふあ……" (00000D71:11:3-4); "ばあー！／ねえねえ見てください！" (00000DD1:11:13-14); "がおー！" (11:28, 11:57); "ぎー！　私の顔面偏差値は般若未満ってことですか！？" (11:44); "ぬう……古郡先輩にそうされると、弱いです……" (11:47); "新村先輩に言われると、ぶっちゃけすごくムカつきます！" (11:50); "もう！　2人ともきらーい！" (11:66); "むきー！" (11:86); "はあ……はあ……先輩、私、何か変です……" (00000DE9:11:98); to 夏菜 "…………違うよ。だから安心して" (00000D59:11:6)
2	123	2	119	imagined lines in 良治's narration		00000DE9		  - imagined lines in 良治's narration (00000CE3:11:153-185, V244): "エッチな動画でも見過ぎてるんじゃないですかあ？"; "盗聴器ですね"
2	124	2	119	facts		00000DE9		  - facts: caught one frog on the hunt; told 夏菜 everything at the base (00000D41:11:102-106); photographs the root; glosses the Portuguese falsificacao (00000DE9:11:149-152); ate under a tenth of her usual (00000DB9:11:110); Natsumi: the distrustful early Goto showed the same hard face (11:119-122) (as of 00000DE9)
2	125	0		chunk-09 additions		00000CCA		- chunk-09 additions (as of 00000CCA):
2	126	2	125	narrator of 00000B6F, 00000B87, 00000BB7		00000CCA		  - narrator of 00000B6F, 00000B87, 00000BB7 (unmarked switch from Haruka at 00000B6F:11:0)
2	127	2	125	reasoning narration		00000CCA		  - reasoning narration: long chains, self-doubt spirals ("私は今、犯人の手のひらの上なのだろうか。" 00000B6F:11:61; "これでは堂々巡りだ！" 11:64); method talk (『結』 before 『起』, 11:78-95); hates manipulators ("私はこの手の犯罪者が最も嫌いだ。" 11:26); denies the supernatural yet prays ("私は神様も、幽霊も、来世も信じない人間だ。" 00000BB7:11:32; "お願いします、夏菜ちゃんを助けてください……！" 11:41)
2	128	2	125	big-sister voice to 夏菜, soft タメ口		00000CCA		  - big-sister voice to 夏菜, soft タメ口: "よしよし。怖くないよ……" (00000B6F:11:32); "夏菜ちゃん、大丈夫だからね。何も心配しなくていいから……" (11:45); "そうだよ！　だって私、夏菜ちゃんのお姉さんでしょ！？" (00000BB7:11:80); "夏菜ちゃん……ごめんね。こんな頼りないお姉ちゃんで……" (11:91); "新村先輩……私……ちゃんとお姉ちゃんになれましたかね……？" (11:128); farewell "バイバイ。／私も……夏菜ちゃんが大好きだよ。" (11:145-146, narration)
2	129	2	125	mock-retainer register after being late		00000CCA		  - mock-retainer register after being late (00000BD6:11:0-13): 小生, 古郡様 / 新村様, 貴女, 御尊母様 / 御尊父様, "御意！", "この天才少女五島絵梨奈、一生の不覚……！　えぐ……えぐ……！"; then a mock-rough だぜ register ("はは！　さすが新村氏！　よっしゃあ！　じゃあ普通に戻すぜ！" 11:20); crying with ゛ on every kana (11:46, V228); "Que droga" as an oath (11:15, 11:51; 00000C21:11:85; V225); to 良治 "了解であります！　この天才少女、御尊父様のお申し付け、しかと受け止めました！" (00000C50:11:106); V227
2	130	2	125	tics		00000CCA		  - tics (chunk 09): "なるほどですねえ" (00000C08:11:121; 00000C21:11:54); "なるほどなるほど" (00000C08:11:159); "むー……" (00000C21:11:81, 11:106); "ふむふむ……" (11:117); "五島は賛成です！" (00000BD6:11:70); "ぐぬぬ……！" (11:66; 00000C68:11:120 "ひ、卑怯なり……！"); "五島の胃袋は新しいエネルギーを求めているのであります！" (00000C50:11:118); needling 丁寧 to 幸太郎 "なるほどですねえ。略奪愛ですねえ……" (00000C68:11:82); limp "そうっすね……" (00000C81:19:20); detective 丁寧 to Chigaya "チガ姉、私は3通りの仮説を立てました。" (00000C08:19:20)
2	131	2	125	facts		00000CCA		  - facts: late for the first time, looking at a strap found in her closet (00000BD6:11:30-39); knows Comiket (00000C08:11:54-56); her notepad was left with 夏菜 (11:146); route of 00000B57-00000BB7: holds dying 夏菜; visits 荒田 alone on 祀耀800 August 1 and meets a woman she takes for サクラ, who tells her she qualifies as a 神使 (00000BB7:11:147-15:44) (as of 00000CCA)
2	132	2	125	open questions added		00000CCA		  - open questions added: V225, V226, V227, V228, V232
2	133	0		chunk-08 additions		00000B3F		- chunk-08 additions (as of 00000B3F):
2	134	2	133			00000B3F		  - no Goto narration in chunk 08
2	135	2	133	to Erika		00000B3F		  - to Erika: エリカちゃん; 丁寧 at first, then タメ口 at Erika's request ("じゃあ、エリカちゃん！　私たちは友達、よろしくね！" 00000A30:11:182), with 丁寧 slipping back in detective talk ("エリカちゃん、分からないかな？" 00000AAC:11:27); lets only Erika call her 絵梨奈; prefers 五島, since 絵梨奈ちゃん feels like being fawned on (00000A30:11:163-176)
2	136	2	133	big-sister voice to 夏菜, soft タメ口		00000B3F		  - big-sister voice to 夏菜, soft タメ口 ("夏菜ちゃん、もう10時だから、寝た方がいいんじゃない？" 00000A48:26:0; "今だけ、私がお姉ちゃんになってあげようか？" 00000AF7:11:132; "エリ姉って……／ふふ、よしよし" 11:138-139); 夏菜 names her エリ姉 (11:137)
2	137	2	133	detective mode		00000B3F		  - detective mode (chunk 08): notepad; "発想を変えてみましょう" (00000AAC:11:5); "祀耀785年－75歳=祀耀710年" (11:8, V189); "1つ宣言しておきます。／私は天才少女です" (11:117-118) then admits the culprit is cleverer (11:122); "じゃあこのまま、また誰かが殺されてもいいって言うんですか！？" (11:134); "人間の頭蓋骨って想像以上に固いんです" (00000A94:11:62); "なるほどですね" (00000A94:11:163; 00000AAC:11:102); misdirection theory "ただのミスリードなんです！" (00000B0F:11:172)
2	138	2	133	other lines		00000B3F		  - other lines: "うわあ……ある意味ループものですね……" (00000A18:11:303); "じゃーん！／お徳用特大花火セットです！" (00000A30:11:38-39); "新村先輩、1度に10本は欲張り過ぎ！" (11:44); almost says she doesn't believe in the supernatural and stops (00000A48:26:33-34)
2	139	2	133	facts		00000B3F		  - facts: brought fireworks (00000A30:11:26); lonely at 夏菜's age (00000A48:32:7); never before seen talking with someone younger (32:2); fears 夏菜's attentions ("うー……一体何をされることやら……" 32:5) (as of 00000B3F)
2	140	2	133	open questions added		00000B3F		  - open questions added: V189
2	141	0		chunk-07 additions		000009E6		- chunk-07 additions (as of 000009E6):
2	142	2	141	no Goto narration in chunk 07; ghost-story voice		000009E6		  - no Goto narration in chunk 07; ghost-story voice: です・ます frame with plain inner thoughts (000009B7:11:7-19:63)
2	143	2	141	child voice		000009E6		  - child voice (000008B9 block 22): "わー！　ありがとうなつみちゃん！" (22:24); to 良治 "えっと、おじ……／お兄さん、先日もたこ焼きごちそうさまでした。ありがとうございます！" (22:25-26); wanders off alone (8:16); 良治 calls her 疫病神, then 天才少女 (8:2-3)
2	144	2	141	entrance speech as new-student representative		000009E6		  - entrance speech as new-student representative (00000900:11:1-37): formal 敬語 read speech ("感無量であります", "御礼申し上げます"; V158) breaking into giggles "ぷふっ……", then free 丁寧 ("新入生代表がこんなはっちゃけた人間ですみませんが…"; "新入生代表、五島絵梨奈！")
2	145	2	141	tics		000009E6		  - tics (chunk 07): "承知！　天才少女五島絵梨奈、作戦成功に向けてひた走ります！" with a salute (00000916:31:4-5); "この天才少女五島絵梨奈、一生ついて行きまーす！" (25:18); "後はお頼み申します……！" (25:14); "五島の胃袋は作戦遂行したがってうずうずしています！" (0000092D:11:2); "ぬほー、たまりませんなあ！" (11:10); "了解であります！" (11:59); "ひどいですぅ……" (11:41); さ-chain sulk "だってさ、／先輩たちとさ、…" (11:45-50); "なななななな、何者ですか！？" (00000944:8:55); "た……たす……" (8:119); "作戦、失敗です……" (0000095B:11:34); "先輩、あの2人、改造人間です！" (00000972:11:119); needling 丁寧 "結構、老け顔なんですねえ" (00000989:11:62); plays against the grandmother's Goto act as "五島エリカ" (11:33); "以上、五島絵梨奈の怪談でした！" (000009B7:19:95)
2	146	2	141	facts		000009E6		  - facts (route where the Niimuras returned in 790): new-student representative by exam score (00000900:11:31); names a senior who took her into a new world (11:32); joins the 十三回忌 as an outsider for a reason "また後ほど" (0000092D:11:31-32); a girl her age had the same strap when she was small (11:105-114); remembers Russian takoyaki with her sister, sad about their distance (11:136-137); her sister is not close, "不良っぽい", with some 霊感 (000009B7:11:3-5); cram school at 18:00 before the exams (11:8); a family trip may come at Golden Week (00000916:11:17); fireworks in her bag (0000092D:11:38-40); fussed over by 茅萱 and 夏菜 (00000944; 0000095B; 00000972); made the fake ghost photo (000009B7:19:102); doll name 五島絵梨奈 (000009A0:11:246) (as of 000009E6)
2	147	2	141	open questions added		000009E6		  - open questions added: V152, V158, V168, V169
2	148	0		chunk-06 additions		00000874		- chunk-06 additions (as of 00000874):
2	149	2	148			00000874		  - no Goto narration in chunk 06
2	150	2	148	teen lines		00000874		  - teen lines: to Ise "ねえ、おじさん！　先輩たち、どうなっちゃうんですか！？" (00000779:8:125), "ありがとうおじさん！　ほっぺにちゅーしようか！？" (8:133); mock-Kansai again "ほほー！　今日も旦那は太っ腹でんなあ！" (000007A5:8:32, V015); っす "お釣り返してもらわないといけないっすねえ" (8:44); "うー……何があっても壊れない親子愛！　心にしみます！" (8:139); "先輩方、ここは年齢順に進めましょう" (8:169); "ちっ……！" (8:171)
2	151	2	148	child voice		00000874		  - child voice (0000085D-00000874): smaller than Natsumi; polite です・ます to adults ("これで次に当たる確率は7分の1ですね！" 0000085D:11:136; "前にお姉ちゃんとやったら楽しかったんです！" 11:151; "みんな一斉に食べるなら、順番でも同時でも、当たる確率はどっちも同じですよ？" 11:168); 君 to Natsumi ("君はどれ食べるの？" 11:140); "さよならなつみちゃん！" (00000874:11:3)
2	152	2	148	facts		00000874		  - facts: named "えりな" by her toddler sister 桃子 before birth (00000801:8:170); met Natsumi and 良治 at ザッハ as a small child (0000085D:11:124-00000874:11:4); 良治 calls her 天才少女 in narration (0000085D:11:139) (as of 00000874)
2	153	0		chunk-05 additions		00000761		- chunk-05 additions (as of 00000761):
2	154	2	153			00000761		  - no Goto narration in chunk 05; seen through Haruka
2	155	2	153	detective mode		00000761		  - detective mode: smile gone, stays 丁寧, long analytic turns (000006C9:8:0-10; 000006E0:16:24-78; 00000716; 00000731; 00000749); premise lists ("今回の死神＝新村先輩のお母さん" 00000731:8:13, V129); "切り口を変えてみましょう" (00000716:8:62, 8:80); breaks into cells when shaken ("先輩……／それは……／その意味……／分かってますか……？" 00000731:8:75-78)
2	156	2	153	tics		00000761		  - tics (chunk 05): "は、謀ったな……！" (000006B2:8:64); "五島的お勧めです" (000006E0:16:17, name-as-pronoun); "ありゃりゃー……ウンがついちゃいましたね……" (000006C9:8:117, V111); "とう！" / "ほうほう……" (000006E0:16:97-99); っす register "手に収まらないっすねえ", "別に減るもんでもないっすよお" (16:106-115, V114); "ほっほっほ……" (16:155); tongue click "ちっ……！" (000006F9:17:57); emoticon turn "(￣ー￣)" (17:69, V117); garbled "ひょっほほいれひひはふ！" (17:183, V119); posh-lady "ですわよ…わたくしは、必ず約束を守る女でしてよ！？" (00000761:8:34), "よろしいですわよ" (8:76); "パイオニアですなあ！／パイだけに" (8:98-99, V123)
2	157	2	153	refrain / 作戦 family		00000761		  - refrain / 作戦 family: "いよいよ、作戦開始です！" (000006C9:8:159); "この天才少女、五島絵梨奈にも声をかけたというわけですなあ？" (000006B2:8:47); "この天才少女、五島絵梨奈！　全力で協力します！／さあ、最終作戦開始です！" (00000761:8:126-127); "であります" (000006E0:8:5; "お疲れ様であります" 000006C9:8:128)
2	158	2	153	facts		00000761		  - facts: cram school after lunch, about an hour free (000006B2:8:48); her phone lasts two days (000006E0:16:47); the three phones are matching gifts from Natsumi's father, received April 3 (000006E0:16:75; 00000731:8:35); computes probabilities aloud (000006E0:16:175); per Haruka, gloomy and distrustful before meeting Natsumi (000006C9:8:2-3); route-dependent: her theory (00000716-00000749): 女ケ沢市 killers = Natsumi's parents; today's 死神 = Haruka's mother; real target = Haruka; the mother may kill herself; the 荒田集落 may help indirectly (as of 00000749)
2	159	2	153	open questions added		00000761		  - open questions added: V111, V114, V117, V119, V123, V129
2	160	0		chunk-04 additions		0000066B		- chunk-04 additions (as of 0000066B):
2	161	2	160	narrator of 00000617		0000066B		  - narrator of 00000617:8:43-252 (middle-school flashback; unmarked switch, V089)
2	162	2	160	pronoun		0000066B		  - pronoun: name-as-pronoun 五島 alongside 私 in playful lines: "もう、五島をなめちゃダメですよ！" (000005C1:11:247), "五島がいただきます！" (00000600:11:23), "五島はおバカだから" (000005EB:11:43) (as of 00000600); not plot-relevant as far as seen
2	163	2	160	refrain extended		0000066B		  - refrain extended: "自他ともに認める天才少女、五島絵梨奈は天才なだけでなく、空気を読む力もピカイチなのであります！" (000005C1:11:244); "自他ともに認める天才少女に楯突こうなど100年早い！" (000005EB:11:57); "自他ともに認める天才少女五島絵梨奈、本日より元木高校に入学しましたー！" (0000066B:11:2); 作戦開始です (0000066B:11:8)
2	164	2	160	tics		0000066B		  - tics (chunk 04): "であります" as a boast (000005C1:11:257); "じゃーん！　五島絵梨奈、参上！" (000005EB:11:34); "なっはっは！" (000005EB:11:57, 11:99); "ですなあ" (11:61, 11:66); "でおます" (00000600:11:13); "ぎゃはははは" (000005D6:11:56); "えへへー" (00000600:11:6); cell-split wheedling "だ・か・らー！" (0000066B:11:10-12, V104); stock newlywed line "そ・れ・と・も――" (000005D6:11:13-17, V083); "許されぬ愛の逃避行ですかあ！？" (000005C1:15:0); "先輩！　本気で愛してまーす！" (00000656:11:78)
2	165	2	160	flashback voice		0000066B		  - flashback voice (00000617): gloomy, avoided eyes, "いえ、別に……"; blurts "努力するって、すごいかっこいいことなんじゃないですか！？" (8:98)
2	166	2	160	facts		0000066B		  - facts: hated her given name as "too cute"; everyone said 『絵梨奈ちゃん』 (a wall); teachers said 五島『さん』; Natsumi's bare 五島 made her happy (00000617:8:102-109); had never needed effort (8:61-63); first grin shown to Natsumi (8:164); coached Natsumi's training (8:167-176); close to her sister until elementary school (8:12); family seems wealthy (8:37-39); in contact with Ise by the bug and a note (0000062C:11:53-68); knew nothing about the 死神 then (00000656:11:55-57); researched the 荒田集落 for two years (00000656:11:107); suspects Natsumi's mother's body was swapped (00000656:11:143)
2	167	2	160	open questions added		0000066B		  - open questions added: V082, V083, V089, V104
2	168	0		chunk-03 additions		0000057B		- chunk-03 additions (as of 0000057B):
2	169	2	168	narrator of 000004BB		0000057B		  - narrator of 000004BB:8, 12, 16:41-62; 000004CF:12:60-96, 19, 25; 00000522
2	170	2	168	to Ise		0000057B		  - to Ise: おじさん teasing (000004BB:16:37 onward, V059), plain slips ("伊勢さん大丈夫？" 000004BB:8:38), formal thanks "伊勢警部補。…本当にありがとうございました！" (00000522:11:77); "伊勢さんってロリコンですか？" (000004BB:12:0)
2	171	2	168	to Natsumi's mother		0000057B		  - to Natsumi's mother: おばさん, あなた in anger, "自首して下さい" (00000522:11:121-128); deliberate lie as protest (0000057B:11:41); "謝りはしますけど、反省はしません" (0000057B:11:64)
2	172	2	168	tics		0000057B		  - tics: phone "はーい五島でーす！" (000004BB:16:39); "作戦……／失敗です。" split refrain (00000522:11:168-169); "天才美少女" variant of her refrain (00000564:11:19, V071); "ここはJKらしく" (000004BB:8:30); mock-teasing Haruka in a sing-song "わっはははは！…だー" (00000564:11:24-26); cries "おねえちゃーん！" (0000057B:11:94)
2	173	2	168	narration voice		0000057B		  - narration voice (chunk 03): deduction chains ("仮説は決めつけて検証を行い、間違いがあれば修正すればいい" 00000522:11:70); guilt and anger in short cells (00000522:11:141-167)
2	174	2	168	facts		0000057B		  - facts: attends cram school free as its advertisement, does only school homework (00000595:11:40-46); "今の私があるのは先輩のおかげ" (00000564:11:65, 0000057B:11:81); learned of Haruka's father's death from Ise (000004BB:16:62)
2	175	2	168	open questions added		0000057B		  - open questions added: V056, V058, V059, V064, V065, V071, V074
2	176	0		chunk-02 additions		000004A7		- chunk-02 additions (as of 000004A7):
2	177	2	176			000004A7		  - narrator of 000002F6, 000002F8, 000002FA, 0000033D, 0000034C, 00000366, 0000037D, 00000460, 00000473, 00000488, 000004A7
2	178	2	176	family		000004A7		  - family: parents (at a class reunion in 皆上市 on 4/8), older sister 桃子, 20 (000002F8:12:1-17; 0000034C:11:20); parents and sister call her 絵梨奈
2	179	2	176	backstory		000004A7		  - backstory (000002F6:11:19-58): praised as 天才 since before school; no friends; everyone called her 絵梨奈ちゃん; the ニカッ grin came from her mother's praise; "天才少女" a complex. First-year of 元木高校, perfect entrance-exam score (000004A7:11:61, 11:71)
2	180	2	176	tics		000004A7		  - tics: "自他ともに認める天才少女" (0000033D:11:57; 000004A7:11:0, 11:61, 11:85); 作戦 family "作戦第2弾開始だ" (0000034C:11:49), "作戦遂行です！" (00000460:11:49), "作戦開始だ" (00000473:11:72), "作戦成功です！" (000004A7:11:82), "作戦は……失敗だ" (0000037D:11:94); phone greeting "はいはーい五島ですよー！" (000002FA:11:13); "あなたの五島ですよー！" (0000034C:11:282); "ふむーん" (00000460:11:28); mock-soldier "であります" with salute and "警部補殿" (000004A7:11:5, 11:61)
2	181	2	176	speech level		000004A7		  - speech level: タメ口 to her sister ("何さ", "じゃん" 0000034C:11:19-21) and her mother (000002F8:12:7); plain form in text messages to Haruka (000002FA:27:8-11, RELATIONS); です・ます even alone (self-talk 00000460:11:20-44) and when screaming ("知らないって言ってるじゃないですか！！！" 0000037D:11:64)
2	182	2	176	narration voice		000004A7		  - narration voice (chunk 02): long analytic chains (仮説, 作戦, 推測する), numbered plans, self-questions; exclamatory bursts when excited (00000460:11:0-12); flat and resigned in 0000037D ("何が天才少女よ。そんな肩書き、もうまっぴら。")
2	183	2	176	route-dependent facts		000004A7		  - route-dependent facts: hospitalised 4/9 after a fire at the Kogori home (0000037D:11:23-38); hears a voice-flood like Natsumi's intuition (00000488:48:11-12)
2	184	2	176	open questions added		000004A7		  - open questions added: V032, V036, V055
2	185	0		first_appears	1	000001DB:15:7		- first_appears: named 000001DB:15:7; first line 000001E3:8:12
2	186	0		pronoun(s)	1	000001E3		- pronoun(s): 私 (as of 000001E3), also as narrator (0000020B, 0000020D)
2	187	0		pronoun FREQUENCY	1	000001DB:15:7		- pronoun FREQUENCY: about as often as typical
2	188	0		speech level baseline	1	000001DB:15:7		- speech level baseline: 丁寧 (です・ます) to both seniors; drops into playacting registers for jokes (see tics); board posts call her 天才少女
2	189	0		sentence-final particles	1	000001E3:8:26		- sentence-final particles: ね "もう死体が発見されたのは知ってますよね？" (000001E3:8:64); よ "今日の塾は自粛しますね！" (000001E5:35:0); ねえ/なあ "うらやましいなあ" (000001E3:8:183); ですなあ "それは何よりですなあ！" (000001E3:8:26)
2	190	0		copula	1	000001DB:15:7		- copula: です
2	191	0		verbal tics / catchphrases / fillers	1	000001DB:15:35		- verbal tics / catchphrases / fillers: 作戦 family "作戦開始です！" (000001DB:15:35 reported), "作戦成功です！" (000001E3:8:35), "作戦遂行といきますか" (8:61), "作戦完遂です！" (000001E5:23:89), "作戦失敗です……" (000001E5:29:0) -> fixed "Operation ___" pattern TBD (V015 context); mock-lackey "実は旦那、おっしゃる通りでゲスよ" (000001E3:8:30), "ですぜ" (8:33), "でんなあ" (8:53), "御意、旦那！" (8:59), "であります" (8:189) -> TBD (V015); "なるほどですねー" (8:163); "なるほどなるほど" (000001E5:23:42) -> "I see, I see"; narration tag ニカッと笑う (000001E3:8:18) -> "grinned"; stretched address "古郡せんぱーい！" (8:12), "せーんぱい！" (000001E5:41:13)
2	192	0		dialect	1	000001DB:15:7		- dialect: none native; でんなあ is a Kansai-flavoured joke line inside playacting (V015)
2	193	0		EN correlates	1	000001DB:15:7		- EN correlates: normal contractions plus polite words to seniors; no profanity; lively exclamations; analytical vocabulary when explaining ("主観", "客観的な情報", "公的機関")
2	194	0		narration voice	1	0000020B		- narration voice (0000020B, 0000020D): earnest and analytic; short declaratives; admiring of Natsumi ("弱弱しい人だけど、弱い人じゃない" 0000020B:12:8); crisis passages in short exclamations ("もう！　動いてよ！" 0000020D:11:69)
2	195	0		facts		000001E3:8:21		- facts: one year younger than Natsumi (000001E3:8:21); has known Natsumi three years (0000020B:12:6); small, huge appetite; says she does not believe in the occult but trusts Natsumi's intuition (000001E5:23:10); age 15, first-year, per board (0000020D:11:97-99)
2	196	0		known ambiguity / open questions	1	000001DB:15:7		- known ambiguity / open questions: V015, V017, V023, V025
2	197	0		as-of	1	00002450		- as-of: 00002478 (was 00002450)
2	198	0		blank		000001DB:15:7		
3	0	0		heading	1	000001DB:15:79		## お母さん (Natsumi's mother; named 茜 Akane)
3	1	0		chunk-29 additions		00002444		- chunk-29 additions (as of 00002444), colour なつみの母:
3	2	2	1	00002439		00002444		  - 00002439 (reported): with 良治, hidden in a 資材倉庫 near 荒田駅, listening through a bugging app on the girls' phones (11:10-13).
3	3	2	1	00002444		00002444		  - 00002444: "五島ちゃん！？" (14:479, second half of a cell coloured なつみの父); "その城崎って人と一緒なのよね？" (14:474, colour ?, inferred); "良治君！？　1人でだなんて……！" (14:490); "分かったわ……。春花ちゃんのこと、お願いね？" (14:509); to 五島: "そうね。城崎さんの連絡先は分かるの？" (26:10); "えっと……どうやって運転するのかしら……" (26:27); "ああ、なつみ、良かった……！" (26:125); "なつみがここは危険かもしれないって前に言ったでしょ？" (26:140); slaps 五島: "何を言っているの？　なつみはこうして生きてるじゃない" (26:185); "黙れ！" / "もう……それ以上言わないで……！" (26:191-192); "なつみは私の娘。邪魔しないで" (26:199).
3	4	2	1	facts		00002444		  - facts: rides off with the dead なつみ; later carried limp by her (26:465); per 糸 she must be kept alive to become a living first generation with her ドローガ (26:280-287); なつみ holds "お母さんが持っていたこれ" (26:473); rescued April 13 without memory (32:299-300).
3	5	0		chunk-28 additions		0000242E		- chunk-28 additions (as of 0000242E), colour なつみの母:
3	6	2	5	00002306		0000242E		  - 00002306 (with 良治; after seeing a girl beheaded): "はあ……はあ……。良治君……" (8:3); "良治君は……／その……／やったの？" (8:7-9); "今、血液検査でもされたら……" (8:15); "これで私たちも、なつみも春花ちゃんも、美冬も救われる" (8:23); 良治 asks "副作用か？" (8:4); what was done stays unsaid.
3	7	2	5	0000241B		0000242E		  - 0000241B (narrator 茜, 私): 良治 told her by letter to act normal (11:1-2); lies to なつみ about a 北海道 trip (11:43-44); "私のわがままで――" kept them in 元木町 (11:88); "これは、私たちの問題。" (11:122); "良治君……！　お願い、早く連絡をちょうだい！" (11:127).
3	8	2	5	00002420		0000242E		  - 00002420 (narrator 茜): 丁寧 / 敬語 to the company, her workplace and police: "古郡の妻の茜と申します" (11:6); "えっと……シスAB型です" (11:91); "じゃあ娘にはまだその件は伝えたくないです" (11:114); bright lie to なつみ: "職場の人と飲み行こうってことになってさあ。" (11:142); works at パーラー桜色 (11:18-19).
3	9	2	5	00002427		0000242E		  - 00002427: "美冬、春花ちゃんなら五島ちゃんの家にいるはず。" (11:46); "これは強制ですか？／　私が帰れと言っても帰らないんですか？" (11:91-92); "やっぱりいたのね" (11:113); "白々しい嘘はやめて。なつみを殺すつもりなの？" (11:115); "よくも良治君を……" (11:117); "犯人は美冬よ！　逃げなさい！" (11:186); "な……なつみだけは……私が……！" (11:196); stabbed twice by 美冬, dies (11:191-216).
3	10	2	5	0000242E		0000242E		  - 0000242E: the masked figure that hugs 桃子 speaks in 茜's colour: "お願いだから、道をあけて……" (11:147); "どうか娘たちを……／お願い……" (11:188-189); survives four shots and jumps from the window (V641).
3	11	0		chunk-27 additions		000020A8		- chunk-27 additions (as of 000020A8):
3	12	2	11	0000208A		000020A8		  - 0000208A (colour なつみの母; なつみ and 春花 small): "ええ、春花ちゃんもうちで待つといいわ。お仕事だものね" (8:3); dries only なつみ; flustered: "ほ、ほら、春花ちゃんはなつみよりもお姉さんだから、1人で拭けるでしょ？" (8:12); "ごめんね、春花ちゃん……" (8:19).
3	13	2	11	000020A2		000020A8		  - 000020A2: moved from 佐波刑務所 to 元木刑務所 (8:2-4).
3	14	2	11	000020A8		000020A8		  - 000020A8 (prison visit, August; なつみ just 20): serving life (無期懲役, 8:62); subdued タメ口 with わ / のよ: "おめでとう。何もプレゼントしてあげられないけど……" (8:5); "本当は今日、私の口からそのことを言おうと思っていたの。" (8:23); "春花ちゃんは新村家に養子に出した。だからもう、あの子は新村家の子。" (8:27); "自分が母親って名乗れなかったのは、もどかしかったわね" (8:30); "だから美冬から女ケ沢市に呼び出された時、春花ちゃんも守らなきゃいけないって思ったわ。" (8:32); "私、いつ出てこられるかしら……" (8:61); "うん、気をつけて帰るのよ" (8:67).
3	15	0		chunk-26 additions		00002057		- chunk-26 additions (as of 00002057):
3	16	2	15	00001C02		00002057		  - 00001C02 (colour なつみの母): "良治君……！　なつみが危険かもしれないのに……！" (8:30); "やっぱりなつみと栄一郎さんの言葉を最後まで信じた方がいいんじゃないかって" (8:43); "良治君……ありがとう、止めてくれて。" (8:50).
3	17	2	15	00002001		00002057		  - 00002001 (pregnant): "私、大きいお腹で美冬に会えない。／まして産んでからなんて" (8:32-33); to her mother お母さん (8:45); to the unborn child あなた (8:54-57, inferred); "この子を養子に出すの、どう思う？" (8:66); "美冬……やっぱり助けたいよ……" (8:94) (V605).
3	18	2	15	00002007		00002057		  - 00002007 (newly married): "ふぁ！？／　み、美冬！？" (8:2-3); secret pachinko since graduation; 良治 dislikes women who gamble (8:19); "ルーシー、緑と青のオッドアイのお人形さんでさ……" (8:39); "言えるかあ！！" (8:50); "ああ、さよなら、私のルーシー……" (8:70).
3	19	2	15	00002057		00002057:8:3		  - 00002057:8:3 (held by villagers): "なつみ……春花ちゃん……".
3	20	0		chunk-25 additions		00001AC1		- chunk-25 additions (as of 00001AC1):
3	21	2	20	000017FA		00001AC1		  - 000017FA (the 0000172F thread), colour なつみの母: "もうそろそろ家に着くそうよ" (8:1); "高校生がこっそり病院なんてことはないでしょうから、美冬は知ってるはずよ？" (8:14); "気持ちは分かるけど、そういうのはあまり詮索するもんじゃないわよ" (8:16); "もうそれくらいにしなさい。そうだとしたら、余計言いづらいでしょ" (8:20); "春花ちゃん、何かあったのかしら……" (8:22)
3	22	2	20	00001A97		00001AC1		  - 00001A97 (teen, at 美冬's father's funeral): gentle, steady タメ口, no あんた: "美冬、ほら、お茶買ってきたわよ" (8:3); "大丈夫なの？" (8:14); "そうね、でも美冬、偉いわよ。／きっとお父さんも安心しているわ" (8:25-26); "美冬、大丈夫よ。私はずっと美冬のそばに――" (8:42); "そう極端にならないで。みんなの前で泣いたっていいんだから" (8:50); "でも、無理はしないで。いつでも、私を頼っていいんだからね" (8:53); mourners 3p "友達の茜ちゃん" (8:19)
3	23	2	20	00001984		00001AC1		  - 00001984: "美冬、紹介するね。／良治君の会社の同僚の、新村栄一郎さん" (71:0-1); "ええ、私たち、ずっと親友だからね" (71:9)
3	24	2	20	00001AC1		00001AC1		  - 00001AC1 (良治's narration): 790 May 1 "お、おはよう。なんか、すごく元気ね……" (8:2); "そのしゃべり方、おばさん臭いわよ？" (8:4, 8:36); "ね、ねえ美冬、くれぐれも安全運転でお願いね？" (8:21); "ほんと、美冬ってば極端なんだから……" (8:40); 800 April 7: "良治君、私はやっぱり反対よ。あの荒田集落に行くなんて……" (8:64); "美冬、お願いよ……" (8:73); "ついに、明らかになるのね。あの荒田集落のことが" (8:87); "まさか……／女ケ沢市で子供たちを殺しておいた方がまだマシだった、なんてことはないわよね……" (8:93-94)
3	25	2	20	0000182A, 00001830		00001AC1		  - 0000182A, 00001830 (祀耀800 April 8, the route of 0000062C, inferred): at the station after the identification; by 伊勢's side of the call she insists on going home in なつみ's place to draw the culprit (00001830:8:25-34); her words unheard
3	26	2	20	00001735		00001AC1		  - 00001735: per the police record, told なつみ the father was on a Hokkaido trip; the police doubt she believed it (8:1-3)
3	27	0		chunk-24 additions		0000156A		- chunk-24 additions (as of 0000156A): route of 0000156A (祀耀815 April):
3	28	2	27	narrator of 0000156A except 143		0000156A		  - narrator of 0000156A except 143:7-31 (私; no switch sprite; 143:32-37 hers again, V554): tired, wry past narration with present-feel thought ("結局、私は窃盗をするらしい……" 82:34; "私の想像力は思った以上に貧弱だった。" 92:147); prison routine in detail (92:14-34); dread and wonder in short cells; the refrain "この時から、人生の新たな1歩が始まるのだ。／絶望なのか、希望なのか――" (92:1-5) turned at the close ("絶望だなんて言う人、いるはずがない。" 201:129); ends "私――／とても幸せ。" (201:162-163)
3	29	2	27	lines		0000156A		  - lines: warm, weary タメ口 with わ / わね / かしら / のよ: "ダメに決まってるでしょ！？" (70:62); "いいなつみ。なつみはまだ30過ぎたばかり。まだ若いの。まだ未来があるのよ" (70:67); "全く、あんたって子は……" (70:212); "五島ちゃん、さすがね。そうすれば私は釈放されるかもしれない" (28:90); "出ない出ない！　紙パックの紅茶かコーヒー牛乳が出るくらいよ" (46:169); "ごめんなさいね、ちょっとだけ、私たちに協力してちょうだい" (52:167, to a corpse); "春花ちゃん……教えて、何があったの……？" (193:135); to 山垣 丁寧 "あの……／これから、どこに……？" (92:71-73); the snort "…………／ブフ" (8:176-177); a wish in です・ます "そう願います。" (201:79)
3	30	2	27	facts		0000156A		  - facts: sentenced to life for the 女ケ沢市事件 (92:0); 15 years in the women's 佐波刑務所, 皆上市, in a solitary cell, prisoner 204 (92:12-34); near sixty (76:54; 92:30); took ドローガ once as a test, but someone killed the first target before she could (28:166-176; 58:13-16); never held 春花 (40:198-205); told なつみ of the sisterhood when なつみ turned 20 (34:116-123); per 五島, perhaps neither she nor 良治 killed and the state isolated her (28:57-82); cooked on prison rota (34:133-135); survives the quake and spores; wishes to stay with the girls and 美冬 and joins them (201:75-99)
3	31	0		chunk-23 additions		000011CC		- chunk-23 additions (as of 00001533): route of 000011CC, alive, colour なつみの母: "気を付けてね" (00001533:8:1); "美冬、いい加減にしなさい、まだ6時半よ？　そんな大声でおばさんくさい……" (8:21); "いや、そういうことじゃないんだけど……" (8:29); her friendship with 美冬 "40年以上続く" (8:32, narration)
3	32	0		chunk-22 additions		000011CC		- chunk-22 additions (as of 000014BC): route of 000011CC, phone (colour なつみの母): coded hints in plain タメ口 with わ / の / なさい: "なつみ、私たちには声が聞こえているわ。どこにいても、声が聞こえている" (00001477:8:109); "でも、春花ちゃんと五島ちゃんの声もちゃんと聞こえている" (8:111); "でも、なつみたちの見ているものは見えないの。分かるのは声だけなの" (8:115); "なつみ、そういうことなの" (8:119); "なつみ！　そこまで！　もう、切るわね" (8:123); "なつみ、大丈夫、みんなを信じなさい" (8:125); in the morning memory "なつみ……" / "そうだけど……" (000014BC:8:14, 8:16); stays home with 良治 (00001477:8:107)
3	33	0		chunk-20 additions		000011CC		- chunk-20 additions (as of 000011E3): no lines of her own; route of 000011CC (V467): asked by 美冬 to help, stays home because なつみ's foresight said going was dangerous (000011CC:8:52-54); listens through the bugging app and phones 美冬 (000011E3:8:175-183); her words, quoted by 美冬 in 『』 and drawn in her colour: "『あんたはそろそろ子離れして、旅をさせる時期なんじゃないか』" (8:205)
3	34	0		chunk-19 additions		00001124:8:86		- chunk-19 additions (as of 0000119C): no lines; 美冬: "私が生まれた時からの親友よー！／今も隣の部屋に住んでるのよー！" (00001124:8:86-87); in youth 美冬 asked her about everything, even her own thoughts (8:158); 美冬 once planned to use "茜たち" for an alibi (0000119C:8:192)
3	35	0		chunk-18 additions		00000F40:11:22		- chunk-18 additions (as of 00000F57): "そんな、お母さんだなんて……。今まで通りでいいのよ？" (00000F40:11:22, colour なつみの母); "良治君、春花ちゃんに絡み酒しないでよ？" (00000F57:11:136); "まったく……春花ちゃんの前だっていうのに、ハメ外し過ぎね……" (11:141); "美冬はね……／あの子、ああ見えても昔はすごく泣き虫で甘えん坊だったわね" (11:147-148); "あれはね――" (11:152, the adoption, cut); talks with Haruka about Mifuyu, then falls asleep at the TV (11:153-159); Haruka addresses her おばさん (11:150)
3	36	0		chunk-17 additions		00000641		- chunk-17 additions (as of 00000F24): route of 00000F24: replayed dying lines from 00000641 (82:15-19, colour なつみの母; 11:123-124 joined into one cell); new summary cell: she died in the ambulance (82:20). In the enacted 800 April 8 scene told by the man coloured 春花の父 (142:206-252, colour なつみの母): hard, commanding タメ口 to Mifuyu with あんた: "美冬、その薬、こっちに渡して" (142:212); "良治君を殺したのは美冬。／今からなつみを殺しにいくんでしょ？" (142:214-215); "美冬を説得しようだなんて思っていない。／必要なら、美冬から力ずくで奪うだけ" (142:221-222); "この会話は、全部警察に筒抜け。…自首して" (142:227-230, a bluff 142:242); "私、春花ちゃんを助けに五島家に行く。／なつみと春花ちゃん、2人の娘を連れて、荒田集落の手から逃れられる場所へ行く。" (142:248-249); "さよなら、美冬……" (142:252). Per his account she took Mifuyu's half-used ドローガ, broke into Goto's house for the girls and was shot dead (187:1-2); Haruka, before learning this, wondered whether she had killed Haruka's mother ("なつみのお母さんに殺害されたのか" 76:20, a question only)
3	37	0		chunk-16 additions		0000057B:11:45		- chunk-16 additions (as of 00000F0D): route of 00000F0D (祀耀804): arrested and serving time as the perpetrator of the 女ケ沢市事件 (38:48, 38:56-57); Ise's account: she and 良治 were negotiating with Mifuyu to get Haruka back (38:58); replayed line "ちょっと……外の空気吸ってくるわ……" (173:22, colour なつみの母; from 0000057B:11:45)
3	38	0		chunk-15 additions		00000EF6		- chunk-15 additions (as of 00000EF6): route of 00000EF6: turned herself in after 祀耀800 April 8, arrested over the 女ケ沢市事件 (140:4-5); sentenced to 無期懲役, "本当に女ケ沢市事件の犯人だった" (140:183-184); from the police cells she asked for a grave near the hospital for Mifuyu (buried at 荒田; 両墓制) so that Haruka could visit it (8:164-168); replayed text "すぐに警察署に来てください。お母さんもいます。" (146:0, colour なつみの母; V076); per the 戸籍謄本 Haruka's and Natsumi's mother (26:141-149); per Natsumi nothing odd about her body (26:79)
3	39	0		chunk-14 additions		00000EDF		- chunk-14 additions (as of 00000EDF): no lines; in Goto's vision she grieves at the Kogori funeral, "娘と親友と夫を同時に亡くした" (186:114-121); real frame: questioned by police over the 女ケ沢市事件 (117:230); on 祀耀800 August 1 Goto: "美冬さんも茜さんもいない生活" (117:310)
3	40	0		chunk-13 additions		00000EAF		- chunk-13 additions (as of 00000EC7): no lines; 00000EC7: talks with Haruka about Mifuyu's old days, then falls asleep at the TV (11:2, 11:270); she and Haruka agree to stay as before (Haruka, 11:271); Haruka 3p おばさん / この人 (11:271-273); replayed 800 scene in 00000EAF: "腹部に無数のナイフが突き刺さっている古郡先輩のお母さん" (74:15)
3	41	0		chunk-12 additions		00000E95		- chunk-12 additions (as of 00000E95): on the inn trip: "そんな、お母さんだなんて……。今まで通りでいいのよ？" (00000E95:11:65); "春花ちゃん、やっぱり困るわよね……" (11:71); "私は……お父さんのを少しもらうわ" (11:78); "そうね……ちゃんと話しておかないとね" (11:83); "あの時、なつみが一緒について行くって言わなかったら、どうなっていたか分からなかったわ。／私、美冬が苦しそうで、本当に何とかしてあげたいと思ったから" (11:100-101) (as of 00000E95)
3	42	0		chunk-11 additions		00000E61		- chunk-11 additions (as of 00000E61): at the hospital "じゃあ春花ちゃん、悪いけど、お願いね" (00000E61:11:6); "2人とも、聞いたのね……" (11:13); leaving "じゃあ美冬、くれぐれも、安全運転でね" (11:74); "美冬、何そのポーズ？" (11:129); goes with 良治 to the police station to fetch Mifuyu and Erika (11:5, 11:17) (as of 00000E61)
3	43	0		chunk-10 additions		00000CFA		- chunk-10 additions (as of 00000CFA):
3	44	2	43	lines in 良治's narration		00000CFA		  - lines in 良治's narration (00000CE3, the route where the killings went ahead, before 祀耀800 April 7): flat "そう……。／そう言ったんだ……" (11:47-48); "そう……だね" (11:53); "良治君はどうしたいの？" (11:58); "良治君、それくらいにしなよ……" (11:109); "良治君、提案があるんだけど……" (11:119); "春花ちゃんを、うちで引き取ろうよ" (11:122); "ううん、無理やりでもいいから引き連れて、元木町から逃げようよ……" (11:125); "ん？" / "え？" (11:202, 11:204)
3	45	2	43	facts		00000CFA		  - facts: her tie with Mifuyu poor since 790 (00000CE3:11:55); per Mifuyu she and 良治 killed six (00000CFA:11:47, 11:241); a target in Mifuyu's plan (00000CFA:11:136) (as of 00000CFA)
3	46	0		chunk-09 additions		00000CCA		- chunk-09 additions (as of 00000CCA):
3	47	2	46	in Mifuyu's account		00000CCA		  - in Mifuyu's account (00000B57:11:53-144, ten days before the visit): "どうしたの？　良治君にも相談って……" (11:54); "美冬、いまさら何言ってるのよ……。美冬が困っているのに、黙っているわけにはいかない。" (11:64); "良治君！？　なつみまで巻き込むなんて……！" (11:68); "ねえ、美冬！　春花ちゃんも出席をやめさせることはできないの！？" (11:130); "美冬……絶対に、3人とも守ってちょうだいね？／信じてるから……" (11:142-143)
3	48	2	46	route of 00000B57-00000BB7		00000CCA		  - route of 00000B57-00000BB7: alive, badly hurt, a hostage; "美冬……！／お願い……／みんなを……連れて逃げて……！" (00000B9F:11:164-166); "春花ちゃん……" (11:155); survives (00000BB7:11:9)
3	49	2	46	790, the route where they go ahead		00000CCA		  - 790, the route where they go ahead (00000CB3): waking "ん……／あら？ 美冬たちは……？" (11:9-10); resolute: "もう他に選択肢がないの……" (11:18); "殺すのは1人だけ。被害者はできるだけ少ない方がいいわ" (11:22); "私……／薬を試してくるわ。／半分の量で練習するようにって書いてあったから。" (11:26-28); "この薬……／本当にすごいわ。／10分だけだけど、人間とは思えないくらいに速く動けるし、ジャンプもできる。" (11:57-59); "私は女の子の方をやるわ。／良治君はもう1人の方を" (11:74-75)
3	50	2	46	facts		00000CCA		  - facts: the oldest photo of her and Mifuyu was taken on their elementary-school entrance day (00000B57:11:36-42) (as of 00000CCA)
3	51	0		chunk-08 additions		00000A94:11:116		- chunk-08 additions (as of 00000B3F): one phone line in the route of 00000AF7-00000B3F: "良治君ダメ！　裏も囲まれてる！" (00000B27:11:109); attacked with 良治 during Natsumi's call; the 元木町 home found empty, no sign of a struggle, the car there (00000B3F:11:42-50); Mifuyu says both were killed in the 荒田駅 資材倉庫, where she had told them to hide (00000B3F:11:108-113); per Mifuyu she threatened 茜 and 良治 in 女ケ沢 (00000A94:11:116) (as of 00000B3F)
3	52	0		chunk-07 additions		00000944		- chunk-07 additions (as of 00000944):
3	53	2	52	adult voice, 790		00000944		  - adult voice, 790 (000008B9-000008E8): "分かった……良治君を信じる" (000008B9:29:96); "ええ、美冬は殺したいわけじゃない。ただ、春花ちゃんと一緒に、平和に暮らしていたいだけ" (29:102); "じゃあ、ずっとこの寒い部屋でくすぶってる？" (29:118); "面白そうじゃない！　ロシアン肉まんはあるみたいよ？" (36:7); "目を覚まして美冬……！" (000008D0:33:2); "や、やめて……！　なつみには手を出さないで……！" (33:35); "ごめんね、美冬……。私たち、何もできなかった。いや、何もしなかった……" (46:112-113)
3	54	2	52	reconciliation		00000944		  - reconciliation (000008E8:8:198-350): "何でも助けてあげるからって言っておきながら、ずっと美冬を見放してた" (8:201, echo of 00000801:8:97); "美冬……あんたは昔から……甘えん坊で、うじうじしてて、それでいて極端で……誰よりも家族に憧れていた" (8:207-210); "元木町に帰ろう？" (8:215); "もしまた『うぎゅ……』なんて言ったら……元木町でなつみの面倒全部見てもらうわよ？" (8:247-249); refrain unsplit "ちゃんと、ご検討下さい" (8:254, V157); "2年も遅れて、ごめんね" (8:348)
3	55	2	52	facts		00000944		  - facts: once played wasabi-daifuku roulette with Natsumi (000008B9:36:8); killed with the hatchet in the 000008D0:33 route; in the 790 true route brings Mifuyu home; childhood memory: first-grade summer, butterflies, sunflowers, the promise "ずっと、元木町にいようね" (000008E8:8:320-337); in the route where the Niimuras returned: alive in 800, packs the lunch, buys the sake gift (00000916:31:24-39); told Natsumi that Mifuyu drives like her true self (00000944:8:240) (as of 00000944)
3	56	0		chunk-06 additions		000008A2		- chunk-06 additions (as of 000008A2):
3	57	2	56	young voice in Mifuyu's memoir		000008A2		  - young voice in Mifuyu's memoir (000007BC-00000818): cool and teasing, bossy, あんた to Mifuyu ("あんたねえ……" 000007BC:8:101, 8:134, 8:261; 000007EA:11:25; 00000818:11:220); なさい ("気にせず飲みなさい" 000007BC:8:160; "今から寝込んでいる栄一郎さんに会いに行きなさい！" 000007EA:11:18); わよ / よね / でしょ; snorting laugh ブフッ / ブフフ / ブフホッ (000007BC:8:120, 8:124, 8:205; 00000801:8:64) -> GLOSSARY ブフッ; child charm "ほら、痛いの痛いの、飛んでけー！" (000007BC:8:25); refrain "ちゃ・／ん・／と、／ご検討ください！／以上！" (000007BC:8:311-315; 00000818:11:235-239); "と・／つ・／に・ゅ・／う！" (000007EA:11:13-16); "ほんっっっっっっっとうに" (00000818:11:221)
3	58	2	56	adult voice in 良治's narration		000008A2		  - adult voice in 良治's narration (0000082F-000008A2): teasing wife "良治君、／ごゆっっっっっっっくり、どうぞ" (0000082F:11:96-97); "あら良治君、気が利くわねえ" (11:93); worried, flat in the plot talk: "いじめている2人の顔と住所は覚えた。時間と実行場所、方法を教えて" (000008A2:8:15-16); "美冬は甘えん坊で意気地なしだけど、バカじゃないの" (00000874:11:81)
3	59	2	56	address		000008A2		  - address: 美冬 / あんた to Mifuyu; 良治君 to her husband (address and 3p); 栄一郎さん (3p); なつみ; 春花ちゃん (3p, 0000082F:11:62 via 良治)
3	60	2	56	facts		000008A2		  - facts: born a few months before Mifuyu; her mother, at Akane's check-up, saw newborn Mifuyu and learned her mother had died (00000846:11:17-20); "cool" and popular in high school (000007BC:8:77-78); 良治 (technical high school) her first boyfriend; he proposed when both were 21 (8:279-295); introduced Mifuyu to Eiichiro; postponed her wedding for Mifuyu (00000801:8:31-37); offered her first child for adoption (00000818:11:74-81); mother of Haruka and Natsumi (00000818:11:243-247); maiden family 外崎家 (00000874:11:98, V150), parents live about an hour away on the road to 女ケ沢 (0000088B:35:17); goes with 良治 to 女ケ沢 on April 7 (0000088B) (as of 000008A2)
3	61	2	56	open questions added		000008A2		  - open questions added: V150
3	62	0		chunk-05 additions		00000697:8:136		- chunk-05 additions (as of 00000731): leaves for work around 8:00 (00000697:8:136, Haruka); phones Natsumi's phone from the police station (number ending 0110), answered by Goto (00000731:8:116-124); Haruka calls her おばさん / なつみのお母さん (3p); route-dependent: Goto's hypothesis names her and her husband as the 女ケ沢市 killers, acting for Mifuyu out of guilt (00000716:8:103-107) (hypothesis only)
3	63	0		chunk-04 additions		000005C1:11:229		- chunk-04 additions (as of 00000641): phones Goto looking for Natsumi (000005C1:11:229, not heard) and files a search request (000005D6:11:81, 11:92); route-dependent (00000641): she is the masked 死神 in red robes and 能面, unmasked at 11:118; the robes are plain cloth (11:131); dying lines to Natsumi, broken over cells: "良治君は……お父さんはね……最後の最後まで、私たちを守ろうとしたの。せめて、あなたた――" (11:122-126), "早く、この町から逃げなさい……。春花ちゃんと……一緒に……" (11:134-135), "美冬は……あの子は……なつみを殺そうとして……" (11:138-139); calls her husband 良治君 (3p), Ise 伊勢さん, Mifuyu 美冬 / あの子; dies in the ambulance (11:160); her body returned cremated after about 10 days (00000656:11:138)
3	64	0		chunk-03 additions		000004CF:12:36		- chunk-03 additions (as of 0000057B): text to Natsumi in です・ます, self-reference お母さん ("すぐに警察署に来てください。お母さんもいます。" 000004CF:12:36, V076); to Goto 五島ちゃん, soft resigned タメ口 ("さすが……五島ちゃんね" 00000522:11:113, "なつみにはうまいこと言っておいてちょうだい" 11:134, "ちょっと……外の空気吸ってくるわ……" 0000057B:11:45); 3p Haruka's mother 美冬, Natsumi あの子; knew the body was her husband before the formal ID and asked police not to tell Natsumi (000004CF:12:88-89); route-dependent: goes to the police to turn herself in, "私たちのしたことは間違いだった" (00000522:11:123-135); addressee of 良治's letter (00000564:11:97)
3	65	0		chunk-02 additions		0000034C:11:137		- chunk-02 additions (as of 0000037D): full name 古郡 茜 on a paper doll (0000034C:11:137); to Goto "五島ちゃん聞こえる？　おいでなさいな。なつみもその方が安心でしょ？" (0000034C:11:302-303), なさいな -> warm imperative ("Come on over"); route-dependent: found dead in the 00000366 route (11:71)
3	66	0		first_appears	1	000001DB:15:79		- first_appears: 000001DB:15:79 (voice through the door)
3	67	0		pronoun(s)	1	000001DD:11:42		- pronoun(s): 私 ("それは私たち庶民が口出すことじゃないわよ" 000001DD:11:42; "私の携帯" 000001E7:11:57)
3	68	0		pronoun FREQUENCY	1	000001DB:15:79		- pronoun FREQUENCY: about as often as typical
3	69	0		speech level baseline	1	000001DB:15:79		- speech level baseline: タメ口, feminine, motherly
3	70	0		sentence-final particles	1	000001DB:15:111		- sentence-final particles: わよ "口出すことじゃないわよ" (000001DD:11:42); わね "悪いわねえ" (000001DB:15:111); よ "早くおいで" / "禁止よ！" (000001DB:15:180); なさい "おとなしく座ってなさい" (000001DB:15:175); でしょ "うちに呼べばいいでしょ？" (000001DD:11:52); ね "呼んでね" (000001DB:15:135)
3	71	0		copula	1	000001DB:15:79		- copula: mostly dropped (feminine よ/わ forms)
3	72	0		verbal tics / catchphrases / fillers	1	000001DD:11:50		- verbal tics / catchphrases / fillers: "ほらほら" (000001DD:11:50) -> "Come on, come on"; "あら？" -> "Oh?"; cheerful on the phone ("よろしくやってるー？" 000001DF:11:151)
3	73	0		dialect	1	000001DB:15:79		- dialect: none
3	74	0		EN correlates	1	000001DB:15:79		- EN correlates: normal contractions; no profanity; warm, bossy-motherly imperatives
3	75	0		facts		000001DD:11:55		- facts: childhood friend of Haruka's mother, same age (000001DD:11:89, 11:106); was a "cool beauty" when young (000001DD:11:109); old flip phone, forgets to charge it; works (000001DD:11:55)
3	76	0		known ambiguity / open questions	1	000001DB:15:79		- known ambiguity / open questions: none yet
3	77	0		as-of	1	0000242E		- as-of: 00002444 (was 0000242E)
3	78	0		blank		000001DB:15:79		
4	0	0		heading	1	000001DD:11:73		## おばさん (Haruka's mother; unnamed; EN address per V007)
4	1	0		chunk-30 additions		0000246E		- chunk-30 additions (as of 0000246E):
4	2	2	1	0000245F		0000246E		  - 0000245F (colour 春花の母): "私と茅萱ちゃんで祭具を取り出してきます。茅萱ちゃんにも地下倉庫の案内をしなきゃいけないし" (11:17); "どうかしたの？" (11:19); 丁寧 narration-free lines to エリカ, タメ口 to 茅萱. 茅萱 calls her おばさん (11:58); 幸太郎's narration 美冬ちゃん.
4	3	2	1	0000246E		0000246E		  - 0000246E: her car leaves the 新村本家 for 荒田山道 with なつみ's group (11:20); returning, dust from it (11:389). 00002478: 夏菜 is left with おばさん (11:108).
4	4	0		chunk-29 additions		00002444		- chunk-29 additions (as of 00002444):
4	5	2	4	00002439		00002444		  - 00002439 (per 茅萱): the plan by which 茅萱 skips the 継承の儀 and another takes her place was agreed at "おばさんの頼み" (11:9); おばさん never said なつみ has foresight (11:28).
4	6	2	4	00002444		00002444		  - 00002444 (colour 春花の母): memory of late March: "春花、ちょっといい？" (20:19); "十三回忌なんだけど、茜たちは欠席するんだって" (20:21); "そういうこと。だから茜たちは参加させられないの" (20:31); the attack: "春花！　早く逃げなさい！" (20:306); "ほら！　私はこっちよ！　窓から飛び降りて逃げられるわ！" (20:310); "春花、こっちよ！" (20:315); "そんなこと気にしてられないでしょ！" (20:320); "ふもとの駅の方よ！　茅萱ちゃんたちはいつもこのルートを通ってるの！" (20:331); "大丈夫！　春花のスマホの位置が分かるようになってるから！" (20:336); "さあ私たちはこっちよ！／　来なさい！　追いつけるもんならね！" (20:350-351).
4	7	2	4	facts		00002444		  - facts (this route): jumped from a window, ran barefoot with 春花, drew the attackers off (20:310-352); per 城崎 she passed the 荒田 trials to marry 栄一郎 (20:542); 栄一郎 calls her 美冬ちゃん (32:35); possibly "あの人" not found for 15 years (32:341, not stated: see WITHHELD).
4	8	0		chunk-28 additions		00002433		- chunk-28 additions (as of 00002433), colour 春花の母:
4	9	2	8	00002340		00002433		  - 00002340: "春花……" (11:21); "え、栄一郎さん……！？" (11:31); "なにこれ……！／　これは……五島ちゃんの血……？" (11:59-60); "春花！　栄一郎さん！　目を覚まして……！" (11:71); "家族……。／ずっと、一緒……" (11:84-85).
4	10	2	8	0000240C		00002433		  - 0000240C (phone): "もしもし春花？　そっちは大丈夫？" (11:10); "しっかりお願いよ？　あまり長く外を出歩かないでよ？" (11:18).
4	11	2	8	00002427		00002433		  - 00002427 (narrator 美冬, 私): cool, planning; watches 春花 through her phone (a bug, 11:0, 11:59); "茜となつみちゃんさえ死んでくれたらそれでいいのだ。" (11:4); injects the drug (11:66-69); fakes a lost phone (11:40-42); "春花を奪い取ろうとするあなたたちが悪いんでしょ？" (11:118); "3年前、元木町に帰るのは嫌だった。" (11:121); "あんたたちはもう終わりよ……！" (11:193); "だから私は荒田集落へ行く。春花を連れてね。" (11:213); "なつみちゃん、抵抗したら余計苦しいわよ？" (11:222); kills 茜 and beheads なつみ; guilt, then remorse ("私が自分の幸せを自分でぶち壊していた。" 11:358); sets the fire and dies beside 春花 ("春花、ごめんね、こんな最低の母親で……" 11:403); "17年間そばにいた娘" (11:402).
4	12	2	8	00002433		00002433		  - 00002433: skips the 十三回忌 for "仕事" (11:3, 11:131); per エリカ, married into the 新村家 nearly 20 years; money tight (11:6-7).
4	13	0		chunk-27 additions		00002114		- chunk-27 additions (as of 00002114), colour 春花の母:
4	14	2	13	000020E4		00002114		  - 000020E4 (at the party before her marriage into the 新村家; baby 茅萱 asleep): formal 丁寧: "今度嫁ぐことになりました新村美冬と言います。どうぞ、末永くよろしくお願いします" (8:13); "はい、私、家族が欲しかったので" (8:27); "栄一郎さん、荒田から出てきた理由をなかなか教えてくれなくて……。" (8:38); met サクラ before her 山籠, "おととしの一一月" (8:20).
4	15	2	13	00002114		00002114		  - 00002114 (the searching line, with 夏菜): "そうよ、祭具なんかを保管しているわ" (8:1); "だからこれまで歴代の子供たちはここを秘密基地として使っていたのよ" (8:4); "夏菜ちゃんの鼻でも分からないなら、ここはなしか……。" (8:23).
4	16	2	13	reported		00002114		  - reported: dead in the サクラ-alive line; per 春花 she moved inhumanly and killed なつみ's father (000020B4:8:14-18); per the nurses she tried to run 春花 over and killed herself (00002078:8:6-9); her 一周忌 (000020C0:8:8); 幸太郎 packs 鉈, メイス, 能面, 赤装束 for her (000020EA:8:1-2).
4	17	0		chunk-26 additions		00002007		- chunk-26 additions (as of 00002007):
4	18	2	17	New Year 800 and the trip day		00002007		  - New Year 800 and the trip day (colour 春花の母): "はいお待たせー！　城崎さんからの差し入れ、摩訶鉢特摩アユの塩焼きよー！" (00001BC4:8:6); to 夏菜 motherly "ナイフをしまいなさい" (00001BCE:8:41), "しまいなさいって言ってるでしょ！" (8:43); to 茅萱 "どうして幸太郎さんを犯人と思ったの？" (00001BF7:8:23); お義母さん for エリカ (00001BE8:8:15); "必ずみんな無事に帰してみせるから" (00001C02:8:46).
4	19	2	17	00001C23		00002007		  - 00001C23 (before marriage): 丁寧 to 栄一郎 "ダメですよ、自分だけで抱え込んじゃ" (8:19); "私、保守的で臆病で、そんな人生もう終わりにしたんです。" (8:33); same age as him (8:40); "あと50年ちょっと、一緒にいて下さいね" (8:47).
4	20	2	17	00001D3B, 00001D40, 00001D6F		00002007		  - 00001D3B, 00001D40, 00001D6F (the fire; narrator 美冬, inferred): hiding on 糸姫山 (00001D3B:8:3); "春花……。／ごめんね。春花はもう十分山籠をしたわ。" (8:20-21); recognises 五島桃子 (00001D40:8:12); shot, wakes underground (00001D6F:8:65-86); "私は……／新村美冬と申します" (8:130-131); "幸せ。／私は幸せ。" (8:142-143).
4	21	2	17	00001FE9		00002007		  - 00001FE9: 丁寧 to police "私と娘で、主人の三回忌に行っていました。" (8:35).
4	22	2	17	00002001		00002007		  - 00002001: after a check-up, "うう……うぎゅ……／茜……" (8:15-16); cannot have another child per 良治 (8:24).
4	23	2	17	00002007		00002007		  - 00002007: cheerful タメ口, 良治さん; "『うぎゅ』って言ってみ？" (8:58), "なんだか私みたいなこと言ってるからさ！" (8:63).
4	24	2	17	00001EC0		00002007		  - 00001EC0:32:8-9: "春花、なつみちゃん、五島ちゃん……。／念のため聞くわ。本当に荒田に行くの？".
4	25	0		chunk-25 additions		00001AE8		- chunk-25 additions (as of 00001AE8):
4	26	2	25	00001A97		00001AE8		  - 00001A97 (just in high school, chief mourner at her father's funeral; colour 春花の母): soft, tearful タメ口: "うん、平気。茜がいてくれるから" (8:15); "茜がいなかったら私……" (8:17); "うう……うぐぐぐ……！　お父さん……！" (8:22); "ううう……茜……お父さん、死んじゃった……" (8:24); "前世って信じる？" (8:29); "私、悪人だったのかな……" (8:31); "もう、家族を失ったりしないかな……" (8:36); "ダメだよ" / "茜だって、いつか結婚して自分の家庭を持つだろうに" (8:43-45); "えへ、私がこんなに泣いてたら、周りの人に迷惑だよね。／私、もう泣かないから！" (8:48-49); "ううん、お父さんに恥かかせられないから" (8:51); mourners 3p 美冬ちゃん, "ほんとけなげよね" (8:9)
4	27	2	25	00001984		00001AE8		  - 00001984: "茜、今までありがとうね。／私、きっと幸せになるから。／茜も、幸せになってね" (71:6-8); "うん、ずっとずっとね" (71:10)
4	28	2	25	00001AA5-00001AAE		00001AE8		  - 00001AA5-00001AAE (Primavera staff talk): 金井様, a regular who never drinks coffee (water and cake), comes with a plain-looking man (00001AA5:8:3-9); later 新村様, married and pregnant at the same time as 古郡様; parents lost early, "家族に憧れてらした" (00001AAE:8:0-2, 8:19-20)
4	29	2	25	00001729		00001AE8		  - 00001729 (a 供養, inferred after her loss and before the adoption): 丁寧 to エリカ: "オブリガーダ" (8:5); "はい……" (8:7); "でも、まだ迷っています" (8:9); "お気遣い、ありがとうございます" (8:12)
4	30	2	25	00001A85		00001AE8		  - 00001A85 (before the 女ケ沢 killings, inferred): 丁寧 plea to サクラ: "何とかして、助けてもらえないでしょうか" (8:0); "もう、このままだと、心中するしか……" (8:2); "でも、荒田集落は過去に、仲間を守るために必要な犠牲者を生んできました……！" (8:14-15); "分かりました……。／わざわざここまで来てもらってすみませんでした。／サクラさん" (8:28-30)
4	31	2	25	00001AE8		00001AE8		  - 00001AE8 (790, after 栄一郎's 法要): prays at the grave of her stillborn child, "あやか", a name she gave after a dream (8:0, 8:6-8); "女ケ沢に帰ったらすることがあるので" (8:22); "もし、私が殺人をしたら、どうしますか？" (8:34); alone: "お義母さん……／もう手遅れなの……！" (8:47-48)
4	32	2	25	00001741		00001AE8		  - 00001741 (797, the third 女ケ沢市事件, inferred): "お疲れ様、春花。やっぱり、お父さんの実家は遠いわね" (8:1); "春花は昼寝してなさい。私はちょっと行くところがあるから、留守番してて" (8:3); "スーパーよ。一昨日、冷蔵庫のものほとんど処分しちゃったしね" (8:5)
4	33	2	25	00001A7F 三者面談		00001AE8		  - 00001A7F 三者面談 (3 years after moving back): late and breathless from work, 丁寧 but pressing to 谷崎: "すみません！　遅くなりました！　はあ……はあ……" (8:12); "本当に春花は、学校生活で困っていませんか？" (8:25); "先生、いじめっていうのは、教師が知らないところで起きているものです。" (8:34); "本人に何の非がなくてもいじめに遭うことだってあるんです！" (8:37); to 春花 "ねえ春花、本当に大丈夫なの？　言うなら今が1番いい機会よ？" (8:44); "お母さんが、何があっても絶対に助けてあげるから" (8:50); per 谷崎 she smelled of alcohol (8:62); per 春花 works day and night at any job (8:63-65)
4	34	2	25	00001835		00001AE8		  - 00001835 (the 0000172F thread; no make-up, low, unstretched): "はーい……" (8:7); "すっぴんなの……" (8:10); "で、何の用なの？" (8:15); "心配してくれるのは嬉しいわ。／でも、春花が話したがらないことを、こそこそと聞きに来るなんて、感心できないわね" (8:30-31); "ふふふ、安心して。別に人生が変わることになってないから。" (8:38); "もうあの子も16歳だし、私がペラペラと話すわけにもいかないの。" (8:46); "何か言った？" (8:50)
4	35	2	25	00001AC1		00001AE8		  - 00001AC1 (良治's narration): on 790 May 1 the stretched register begins after the reconciliation, "必要以上に元気" (8:5): "あらー！　茜！　おはようおはよう！" (8:1); "ほーっほっほっほ！　私にはもう怖いものはないからねー！" (8:3); "なつみ！　早く乗って！" (8:20); "前みたいに辛気臭いよりはいいでしょー！／おーっほほほほほ！" (8:37-38)
4	36	2	25	00001854		00001AE8		  - 00001854 (祀耀800 April 8, 0000062C route): 伊勢 names her as the one coming ("ついに来やがったな、新村美冬……！" 8:11); 00001867:59:0-1 REPLAY of 00000779:8:43
4	37	2	25	open questions added		00001AE8		  - open questions added: V574
4	38	0		chunk-24 additions		0000156A		- chunk-24 additions (as of 0000156A): route of 0000156A: per 春花, took her from the roof with ドローガ, drove to 荒田 in agony and died on arrival (8:106-117; enacted in 春花's account, colour 春花の母: "は、春花……！／もう少し……もう少しだから……！" 193:80-81; "春花は……！　黙ってて……！" 193:86; "行くわよ……早く、私が死ぬ前に……！" 193:92); per 春花 revived by the 女神 as a 神使 (193:138); on 五島's video in 元木市 in the seamless white robe (34:48-51); possibly the woman's voice at the convenience store (V558); in 茜's dream (colour 春花の母) "久しぶりね、茜。これで4人そろったわ" (20:41), "さあ茜、私たちの愛する娘たちと、ここでずっと一緒に――" (20:50); 茜: "あの子……根は気が弱いのに、無理しすぎて極端だから。" (92:166)
4	39	0		chunk-23 additions		000011CC		- chunk-23 additions (as of 00001533): route of 000011CC, lines colour 春花の母:
4	40	2	39	to 糸姫, furious and cruel		000014EE:8:36		  - to 糸姫, furious and cruel: "まさか……！　栄一郎さんを殺したのは……！／　栄一郎さんは事故死じゃなく、あんたが殺したってこと……！？" (000014EE:8:36-37); slaps her twice (8:42-43; 16:138-140); "『私のもの』ですって……？／　何なのよ、その言い方は！" (8:47-48); "どうせあんたも死体なんでしょ！？" (8:57); "ふざけないで。春花に手を出したら、絶対に許さない" (16:139); "情けない面ね。これが女神？" (16:168); "さあ、お仕置きの時間よ。800年分の悪事、楽に死ねないわよ？" (16:173); "そうね、最後は全身の皮でも剥いであげましょうか？" (16:214); then quiet: "私……／私、女ケ沢で茜に同じことを言ったことがあるの？" (16:323-324, V534); "もしなつみちゃんがあの時来てくれなかったら、この子と同じことをしていたかもしれない" (16:327); "私にこの子を責める資格はあるのかしら……。" (16:331); "でもなつみちゃんはいつも、みんなが幸せになれる選択ができるの、知ってるでしょ？／　私も昔、なつみちゃんに救われたんだから" (16:368-369)
4	41	2	39	to the dying 栄一郎		0000151C		  - to the dying 栄一郎 (0000151C): "栄一郎さん！　私、美冬です！" (8:347); "栄一郎さん、私、やっぱりあなたと結婚して良かった！／　私、あなたの妻になれて、本当に良かった！" (8:374-375); "いや！　栄一郎さんが死ぬの、2度も見るなんて……！" (8:377); "春花！　こっちに来なさい！　お父さんに、声を聞かせて！" (8:365); "みんな、よく頑張ってくれたわね" (8:331); carries his bones down (8:457)
4	42	2	39	00001533		00001533		  - 00001533: the stretched register back and louder since 荒田 ("あーらなつみちゃん！　おはようおはよう！" 8:6; "春花は今年受験生だからねー！　びしびししごくつもりよー！" 8:16; "栄一郎さんががっかりするような育て方はできないからねー！" 8:18; "もう茜ってば、いつまでも若くいるためには、気持ちから元気でないとダメよー！" 8:28); cut her arm too deep at 荒田 (8:9)
4	43	0		chunk-22 additions		000011CC		- chunk-22 additions (as of 000014D7): route of 000011CC, lines colour 春花の母:
4	44	2	43	to 春花, calm then harsh on purpose to make her flee		00001442:11:56		  - to 春花, calm then harsh on purpose to make her flee: "春花、廃屋にはいかない。／少し、この辺で様子を見ましょう。" (00001442:11:56-57); "動物の鳴き声がないの。" (11:61); "春花……私は何よりも春花が1番大事" (11:67); "春花は足手まといよ" (11:83); "いいから、早く行きなさい！　今しかないの！" (11:92); "任せなさい、ちゃんと元気な姿で会わせてあげるから" (11:106)
4	45	2	43	to なつみ, guarded, then confiding a theory		000014A5:8:58		  - to なつみ, guarded, then confiding a theory: "大丈夫、これは茅萱ちゃんの血だから" (000014A5:8:58); "春花とはぐれてしまったの" (8:77, a cover); "春花がどこへ行ったかは言えないわ。" (8:91); "ドローガは筋力を上げるのではなく、筋力を使い過ぎないように働く脳のブレーキを外す薬。" (8:129); "大丈夫……／大丈夫……" (000014BC:8:33-34); "本当に、あの人がサクラさんの首を切ったのかしら……" (8:46); "幽霊って発想、自分でもとてもバカバカしいと思うわ。" (8:71); "荒田集落では死んだ人のことを死神って言うの。" (8:121); a tired "よっ／こら／せっと！" over three cells (000014A5:8:163-165); "私は行きます！　栄一郎さんがいるなら、私が行かないと……！" (000014BC:8:255)
4	46	2	43	to the dead 栄一郎, furious		000014D7:8:58		  - to the dead 栄一郎, furious: "あんた誰よ！　栄一郎さんは絶対にそんなこと言わない！／誰よりも優しくて、温かくて……。／黙りなさい！　偽物！" (000014D7:8:58-60); "2代前の大魔女、桔梗さんね。" (8:154)
4	47	2	43	in 790, per the grandmother's account		00001459:8:203		  - in 790, per the grandmother's account (00001459:8:203-232), 敬語 to the 大魔女: "今日は裁きを受けるために参りました" (8:204); "私は忌避を犯しました" (8:207); "処罰は全てこの身で受けます……。" (8:227)
4	48	2	43	facts		000014D7:8:129		  - facts (this route): passed through the dead's cleared path; sends 春花 away, then joins なつみ and 夏菜 at the river and takes them to the hut; her ghost theory of the beheading is borne out by 栄一郎's claim (000014D7:8:129-130)
4	49	0		chunk-21 additions		00001184:16:90		- chunk-21 additions (as of 000013CD): route of 000011CC, lines colour 春花の母 (000013CD:8:37-139): whispering relief "茅萱ちゃん……！　無事だったのね！？" (8:41); struck, then fierce and protective: "茅萱……ちゃん……何するの……" (8:49); "茅萱ちゃん……／もし、春花に手を出そうものなら……／誰だって容赦しないわ……！" (8:61-63); "死月妖花に逆らわないって……／茅萱ちゃんももう、手遅れなのね……。／それとも、その姿は既に死体なのかしら？" (8:68-70); "だったら、春花は私が守る！" (8:74); "そんな血濡れたナイフじゃ、きっと大した切れ味じゃないわね" (8:81); "うあああ！！" (8:94); "茅萱ちゃん……！　どういうつもりよ……！" (8:117); "…………／春花を連れてくるわ" (8:138-139); facts: searched the 墓地広場 ground with 春花 (8:30-31); kicked 茅萱's face and fought with a branch and a roundhouse kick; took the knife, stopped, left it in a tree and went to the hut (8:75-143); per 茅萱's narration she passed the 山籠 20 years ago before marrying (8:77); in 茅萱's memory "呪殺された遺体は、撲殺されていたの" (0000136D:8:147, paraphrasing 00001184:16:90-20:0); 栄一郎 3p 美冬ちゃん (000013CD:8:316)
4	50	0		chunk-20 additions		0000130D		- chunk-20 additions (as of 0000130D):
4	51	2	50	route of 000011CC		0000130D		  - route of 000011CC (V467), lines colour 春花の母: brisk, commanding, unstretched in the crisis ("やっぱりダメよ。荒田は危険過ぎる。帰るわよ" 000011E3:8:160; "私は元木町よりも、春花の方が大事よ！" 8:162; "そうよ！　住むところなんてどこでもあるんだから！" 8:164; "念のため聞くわ。／本当に荒田に行くの？" 8:192-193; "だから私たちは、あなたたちの決断に委ねる。／本当に覚悟はいいのね？" 8:206-207); the stretched register returns once ("私だってまだまだ若いわよー！　3人に負けてたまるもんですか！" 8:220); in the cave practical ("春花、この部屋変よ。油が新しすぎるの。" 0000125E:8:104; "春花、私が入るから、合図したら足を引っ張ってちょうだい" 8:136; "さすが、五島ちゃんね" 8:151); "こうなった以上、一刻も早く茅萱ちゃんを見つけないと。／それに、本当に栄一郎さんやサクラさんが茅萱ちゃんをさらったとすれば、私なら話ができる" (0000127A:8:8-9); to 茅萱 on the phone, hedging ("ヴェルジのミイラ……？／んん……どうだったかしら、すぐには思い出せないわ……" 0000130D:8:60-61)
4	52	2	50	facts		0000130D		  - facts (this route): her grandmother 金井桂子 found the 御神木 in 祀耀737 (000011E3:8:61-66); drives them from 豊岳駅; secretly fetches the key ring (00001214:8:3-5); levers the stone with a hatchet and pulls out the masked mummy (0000125E:8:128-165); vanishes at the 墓地広場 (0000127A:8:72-99); per bloody 茅萱 she is at the 廃屋 on the mountain road (8:148-149); arrives at 荒田 on the night of April 6 ahead of the others (0000130D:8:68)
4	53	0		chunk-19 additions		000011B4		- chunk-19 additions (as of 000011B4):
4	54	2	53	790		000011B4		  - 790 (0000110D, colour 春花の母): stammering cover to child 茅萱: "ああ、茅萱ちゃん。私たち、もうこれで帰るね" (8:127); "え、えっと……／ななな、何でもないのよ！／　おおお母さんはちょっとビックリしたことがあったみたいで…しし心配しなくて大丈夫よ" (8:132-135); "茅萱ちゃん、お父さんに車は荒田駅に置いておくって伝えてちょうだい" (8:140)
4	55	2	53	800, Tokyo		000011B4		  - 800, Tokyo (00001124-000011B4, route of 00000B57): the stretched cheerful register ("あーら茅萱ちゃん！／　おはようおはよう！" 00001124:8:11-12; "今日は東京に出張で来ててねー！" 8:16; "あららー！？　茅萱ちゃん、もしかして夜更かししたのー？" 8:75; "おーっほっほっほ五島ちゃん！　それはタイのお造りよー！" 0000119C:8:28; "おほほほ五島ちゃん！　それは赤カブの漬物よー！" 8:48); laughs ほほほ / おっほほほほ, and once the snort "…………／ブフッ！" (00001124:8:152-153); a motherly, unstretched counsel ("どうしたの？　困ったことがあれば、何でも言いなさいな" 8:133; "モテたいなら、今の自分を見つめ直して男性が喜ぶことをしていくといいわ。／でも彼氏が欲しいんだったら、そのままでいい。" 8:160-161; "人は悩みと失敗を積み重ねて、大きくなっていく。" 8:179; "茅萱ちゃん、きっと必死過ぎるのよ。" 8:256); light but pointed ("だったら茅萱ちゃん……／茅萱ちゃんは、隠し事をしていないって言えるの？" 0000113D:8:64-65; "なつみちゃんのことよりも、もっともっと大きなこと、隠してない？" 8:67); tender at the confession ("そう……。／辛かったね……ずっと……" 0000116C:8:105-106; "よく、言ってくれたわ。" 8:109); frank ("10年前、春花をいじめるクラスメイトを本気で殺そうとしたことがあったの。" 8:139); careful questioning ("おかしいと思わない？" 00001184:16:18; "呪殺された死体は――／頭を鈍器で砕かれていたの" 16:90-20:0); "それはないわ。私、出産に立ち会ったもの" (16:42); "その通りね。／茜たちを利用したアリバイ工作も考えていたし…" (0000119C:8:191-192); a message in curly-wrapped text with "(^-^)" (00001154:8:72, V441)
4	56	2	53	calls		000011B4		  - calls (chunk 19): 茅萱 茅萱ちゃん / この子 (to the 仲居: "私の姪っ子"); Goto 五島ちゃん; Natsumi なつみちゃん (3p); Haruka 春花 (3p); Eiichiro 栄一郎さん; サクラ サクラさん; Erika お義母さん; 幸太郎 幸太郎さん; 茜 茜 (3p)
4	57	2	53	facts		000011B4		  - facts (chunk 19): Primavera's 本店 in 元木町 was her and 茜's café; 茜 "今も隣の部屋に住んでるのよ" (00001124:8:87, the route where the Niimuras returned); runs a small company with a Tokyo branch, rents a car (0000113D:8:135-140; 000011B4:8:56); asked Natsumi and Goto to help with the 呪殺 (0000113D:8:3); hides why Natsumi comes until 茅萱 confesses; ten years ago meant to kill 春花's bullies and was stopped by なつみちゃん (0000116C:8:139-147); attended Natsumi's birth (00001184:16:42); knows the 呪殺 victims' heads were crushed (20:0); told 五島 everything about the case and that 茅萱 drinks (000011B4:8:96; 0000119C:8:286); 五島 and 茅萱 call her おばさん / 叔母さん
4	58	0		chunk-18 additions		000010C3		- chunk-18 additions (as of 000010C3):
4	59	2	58	route of 00000BD6-00000E61 continued		000010C3		  - route of 00000BD6-00000E61 continued (May 800): paid for the Kogoris' inn trip (00000F40:11:15); phone, subdued: "あ、春花……／ごめんねこんなときに" / "あのね春花……／落ち着いて聞いてほしいんだけど……。／荒田のおばあちゃん、さっき亡くなったって……" (00000F57:11:166-171, colour 春花の母); drives them from 荒田駅 ("お疲れ様。荷物、こっちに乗せてね" 00000F9F:11:29); runs Erika's funeral as the 大魔女's deputy (11:43)
4	60	2	58	00000FB7		000010C3		  - 00000FB7: stretched register forced through exhaustion ("え？／ほーっほっほ！　これくらいなんてことないわよー！" 11:9-10; "あらーダメよ！　春花が魔女になれるのは20歳になって、私が死んでからよー！" 11:14); quiet, unstretched at the grave: "春花、ここにはね、あなたのお姉さんが眠っているの" (11:49); "私と栄一郎さんの血をひいた子供。／生きてうまれることができなかったわ" (11:51-52); "5か月。／たった5か月だけ、私の中にいた。／でも、その5か月、とても幸せだったわ。" (11:63-65); "本当はね、このことは春花に言わないつもりだったの" (11:73); "あやかは血のつながった子供。／春花は茜との 絆 で授かった子供。" (11:91-92); "…………／そうね、大丈夫よね……" (11:143-144); memory of Haruka's childhood (11:109-125, replay of 00000682, V422); the look that sees through Haruka's lies (11:105-107, 11:118)
4	61	2	58	facts		000010C3		  - facts: her stillborn first child あやか lies in the 荒田 墓地広場 (00000FB7:11:49-59); runs a company, cannot leave 元木町 (11:154)
4	62	2	58	000010C3		000010C3		  - 000010C3: the 内府's lines are drawn in her colour (V424)
4	63	0		chunk-17 additions		00000F24		- chunk-17 additions (as of 00000F24):
4	64	0		chunk-17 additions		00000F24		- chunk-17 additions (as of 00000F24):
4	65	2	64	route of 00000F24		00000F24		  - route of 00000F24 (the route of 000005C1-00000656, 祀耀800-802): vanished from 元木町 on 800 April 8 (76:19-24); her decomposing body found by chance in the 荒田 graveyard when Erika was buried, about a month dead; 命日 set at 800 April 8 (76:49-74, 76:96); per Haruka's narration she flayed and killed 古郡良治 in 元木町 (76:36, Haruka's belief)
4	66	2	64	the 白般若		00000F24		  - the 白般若: the masked figure in a white 般若 mask and white robe with a worn hatchet and mace (64:136-139; 88:47-49; 106:279) is her, unmasked by Goto at 142:138-139; no lines while masked; beats Chigaya and 夏菜 with the back of the blade (106:291), toys with Haruka (88:51-108), leaves the old book on ヴェルジ (100:37-40), holds a knife to Haruka's throat (88:291-317); ungendered in the narration until 142:139 (V388)
4	67	2	64	lines unmasked, colour 春花の母, broken タメ口		00000F24		  - lines unmasked, colour 春花の母, broken タメ口: "…………" (142:140); "春……花……！" (142:156); "春花……これを……！" (142:162); "ち、違う……これを……夏菜ちゃんに……" (142:166); "あの子は……じきに、翠眼呪殺の年齢になるから……。／それまで、大事に持たせて……" (142:168-169); "春花……早く、私から離れて……。／もう……限界が……近い……" (142:182-183); "私は……神使になることを……選んだ……" (142:185); worn middle-aged face, no pulse, cold (142:146, 142:172-175)
4	68	2	64	in the enacted 800 scene		00000F24		  - in the enacted 800 scene (142:206-187:37, his account): cold, contemptuous タメ口 with わ / のよ / かしら: "早く春花たちのところへ行って、なつみちゃんを片付けないと……。／携帯もテーブルに置きっぱなしだし、どこにいるのかしら" (142:208-209); "茜は分かってないのね。／なつみちゃんを殺すってことは、茜も殺すってことよ？" (142:218-219); "本気なの？／私、荒田の山籠に耐えた女。普通の女よりもずっと強いのよ？" (142:223-224); "はあ！　はあ！／これを注射すれば……！" (187:14-15); "栄一郎さん！？" (187:17); "ぐ……ぐぐ……え、栄一郎さん……" (187:23); "栄一郎さんと……一緒に……？" (187:26); "条件……？" (187:29); then two empty 「」 (187:33, 187:35)
4	69	2	64	facts		00000F24		  - facts (per the man coloured 春花の父, 142:199-187:65): pushed by him down the Revo Heights stairs while injecting ドローガ; died; taken to 荒田; buried to be found, reburied, revived by the 女神 as a "生きた第一世代の神使"; a year ago found the ヴェルジ mummy and brought it to サクラ; with too little ドローガ in her she kept her own will and tried to get Haruka out, angering the 女神. Haruka's reading (187:69-72; 193:62-70, 193:89-90): she rescued Natsumi, stopped Haruka at the 集会場, struck and dragged Haruka and hung the mummy to scare her away, coated サクラ's mummy with ファルシフィカソ; gone at dawn (193:22)
4	70	2	64	calls		00000F24		  - calls: Haruka 春花; 夏菜 夏菜ちゃん (3p); 茜 茜; Eiichiro 栄一郎さん; Natsumi なつみちゃん (3p)
4	71	2	64	open questions added		00000F24		  - open questions added: V388
4	72	0		chunk-16 additions		00000F0D		- chunk-16 additions (as of 00000F0D): route of 00000F0D (祀耀804-805): no lines of her own; the 元木町事件 suspect who vanished with Haruka from a five-storey roof (14:176-182; 44:146); per Ise, the 女ケ沢市事件's mastermind who flayed 古郡良治 (38:41-42, 38:68); hidden at 荒田 on the 山籠 with Haruka, harboured by the settlement (14:185-190); found after 804 April 8, sentenced to death on 805 August 1 (68:1-3, "新村美冬被告"); 夏菜 3p 叔母さん, 幸太郎 3p 美冬ちゃん (32:92); replayed lines "なつみちゃん……。もう……そういう問題じゃないのよ……。／行くわよ、春花……" (173:18-19, colour 春花の母)
4	73	0		chunk-15 additions		00000EF6		- chunk-15 additions (as of 00000EF6): no lines; route of 00000EF6: burned herself to death right after the case of 祀耀800 April 8 (140:4; 26:85), damaged beyond drug testing (20:175); per the accepted view the 死神 (26:86); Natsumi recalls her one-handed strength against Haruka (26:92-101); Goto's hypothesis: she used a drug and burned herself to cut the trail to its maker (20:176-180, hypothesis only); buried at 荒田, with a second grave near the hospital (8:165); the 三回忌 grave visit for her and 良治 on 802 April 30 (8:156-163; "おばさんの三回忌" 140:224); Haruka 3p 私のお母さん (134:165), Goto 3p 美冬さん (20:175); adoptive mother on the 戸籍謄本 (26:151)
4	74	0		chunk-14 additions		00000EDF		- chunk-14 additions (as of 00000EDF):
4	75	2	74	route of 00000EDF		00000EDF		  - route of 00000EDF (祀耀800 April 8 night, the route of 00000488): the masked 死神 attacker with hatchet and mace (65:1-2; 117:157, 117:165); in Goto's vision she flees to burn herself and destroy the drug in her body (65:48-50; 59:125), and her funeral at 荒田 is cancelled (89:39-43); in the real frame Goto stops her and she surrenders (117:170-229)
4	76	2	74	lines		00000EDF		  - lines: "く……！　どうして……！" (65:13); "な……！" (65:17); "ど、どうしてそれを……！？" (65:25); "どうしてドローガのことを……！？" (117:173); "は……春花は……／春花は渡さない……！" (117:181-182); "いくら春花がいい子でも、そんなこと……" (117:185); "春花……？" (117:190); "春花こそ、どうしてここに……" (117:192); "春花にまでばれてしまっては……。もう、これまでね……" (117:195); "私は……こんなことしかできないような、できそこないの母親よ……" (117:202)
4	77	2	74	facts		00000EDF		  - facts: per 幸太郎 in Goto's vision, he sent her ドローガ and ファルシフィカソ ten years ago; サクラ sent hatchets, maces, robes and masks to sell (59:104-116); Goto's narration names her 新村美冬 (bare full name) throughout
4	78	0		chunk-13 additions		00000EAF		- chunk-13 additions (as of 00000EC7): no lines; 00000EC7: phones Haruka at about 22:30; the content is not given, Haruka answers "は！？" (11:275-282); Natsumi 3p 春花のお母さん; "春花のお母さんみたく女社長" (11:53, Natsumi guessing about the inn woman); replayed 800 scene in 00000EAF: lying with a head wound (74:14); Goto's hypothesis in 804: her body was the only one that could be faked, she knocked Goto out, set the fire and died in it, perhaps to destroy evidence of an accomplice or of herself (00000EAF:91:86-123, hypothesis only)
4	79	0		chunk-12 additions		00000E95		- chunk-12 additions (as of 00000E95):
4	80	2	79	route of 00000E7B		00000E95		  - route of 00000E7B (祀耀804): no lines; per 桃子's research she killed Erina (00000E7B:28:228-229); hiding on the 山籠 with Haruka (34:314; 54:233); per サクラ she asked サクラ for help against Haruka's bullies and received ファルシフィカソ from 幸太郎 as a test (60:76-93); shot by 桃子 while watching the fire (82:80-92)
4	81	2	79	00000E95		00000E95		  - 00000E95: no lines; gave the Kogoris and Haruka a top-room inn trip "血のつながった家族で", booked before they could refuse (11:12-15); a company president (11:16); told Haruka she had asked for her two bullies to be killed (11:181-182)
4	82	0		chunk-11 additions		00000E61		- chunk-11 additions (as of 00000E61):
4	83	2	82	crisis register, unstretched and commanding		00000E61		  - crisis register, unstretched and commanding (00000E01): "さあ、早く乗って！" (11:45); "春花！　ここは茅萱ちゃんに任せるの！　行くわよ！" (11:50); "時間的にまだ誰もふもとに着いていないはず。／だから、山道で襲われる可能性が高いの！" (11:54-55); "みんな、伏せておいてよ！　荒田には猟銃もあるんだからね！" (11:67); "ちょうどこの先急カーブがあるわ！　そこで振り落す！" (11:95); "なつみちゃんの危険予知が働いたの！" (11:109); a pause "…………／できるそうよ……" (11:131-132); "大丈夫。私が入口を守るから" (11:134); "つべこべ言わないで、なつみちゃんと五島ちゃんと地下に行くの！／いい！？" (11:139-140); "さて、ここからは私も働かないとね" (11:158, inferred); "春花、荒田の女はいつも命がけなのよ……！" (11:162)
4	84	2	82	stretched register back on April 9		00000E61		  - stretched register back on April 9 (00000E61): "大丈夫よー茜！　私に任せなさいなー！" (11:75); "はいはーい！" (11:77); "…………／ふふふ……！／おーっほっほっほっほ！／それもそうねー！" (11:106-109); "もちろんいいわよー！　おばあちゃんも喜ぶわー！" (11:111); "お義母さん直伝のセクシーポーズよー！" (11:130)
4	85	2	82	quiet to Haruka		00000E61		  - quiet to Haruka: "春花……私たちのことだけど……" (11:83); "春花……／いい子に育ってくれて……ありがとね。／私と栄一郎さんの世界一の娘だわ" (11:101-103); closing the subject: "2人とも、もうやめておきなさい。…もう……いいじゃない、それで……" (45:9-10), "もう……／いいじゃない……" (45:15-16), then silence
4	86	2	82	facts		00000E61		  - facts (route of 00000BD6-): drives the escape; guards the base entrance with a hatchet, exhausted after (00000E49:11:74); police questioning (00000E61:11:2); 3p Erika おばあちゃん to Haruka (11:111) (as of 00000E61)
4	87	0		chunk-10 additions		00000DE9		- chunk-10 additions (as of 00000DE9):
4	88	2	87	narrator of 00000CFA		00000DE9		  - narrator of 00000CFA (私; route of 000001DB, 祀耀800 April 7-8): cold clipped judgments ("バカバカしい。" 11:30; "ただただ、滑稽だ。" 11:32); plans as lists and self-questions (11:93-139); manic self-analysis ("私には才能があるんでしょうね、犯罪の才能が。" 11:262; "あはは！　やっぱり論理破綻してるわー！" 11:271; "あーあ、／楽し。" 11:273-274); flat butchery detail (11:317-336); "私の心は栄一郎さんが死んだときに壊れてしまったのだ。" (11:363); closes "日本のみなさん、賭けましょう。" (11:397)
4	89	2	87	lines in 良治's narration		00000DE9		  - lines in 良治's narration (00000CE3), businesslike タメ口 with わ / かしら / のよ: "春花となつみちゃんの分をね" (11:17); "子供を守るのは、母親として当然でしょ？" (11:22); "それとも、今から専用アプリでも作ってくれるのかしら？" (11:29); "あら、そ……" (11:35); "さすが良治さんね。こんなにきれいに聞こえるなんて" (11:94)
4	90	2	87	lines 00000CFA		00000DE9		  - lines 00000CFA: "で、どういうつもりかしら？　デートのお誘い？" (11:3); "あっはははは！　ほんとにおかしい！／春花と離れるくらいなら死んだ方がマシよ！" (11:38-39); "今年の死神の餌食は、古郡家に決まったのよ" (11:221); "そ" (11:231); "くっふふふ！" / "くっふふふふ……！" (11:244, 11:254; cf. 000008D0); self-pity "どうして……どうして私だけがこんな目に……！" (11:247); "春花を渡してなるものかああ！" (11:253); "んふふ……最後に唾を吐きかけるなんて、まるでイタチの最後っ屁ね。" (11:297)
4	91	2	87	lines, route of 00000BD6-		00000DE9		  - lines, route of 00000BD6-: quiet, unstretched "分かった。ちゃんと見張っておくから" (00000D41:11:48); stretched "みんな、ゴザから降りてー！　そこ、開けるから" (00000D89:11:8), "えー？　そうなのー？" (11:12), "あまり奥に行っちゃダメって言われているわー。" (11:73); at the 法要, low "なつみちゃんと五島ちゃんは外で休んでて" (00000DE9:11:110)
4	92	2	87	facts		00000DE9		  - facts (route of 000001DB): ordered the bug in Haruka's phone, paid 300,000 yen (00000CE3:11:16-42); returned to 元木町 to watch the Kogoris (11:10-14); refuses to give Haruka back; kills 良治 (throat strike, Achilles tendons, flayed alive over five hours, red food dye), leaves him at the 御神木 about 4:30 on April 8 (00000CFA); stole the minivan; made Haruka sick every April; planned to kill 茜 and Natsumi dressed as the 死神, with ドローガ syringes from her closet; drives a 軽自動車
4	93	2	87	facts		00000DE9		  - facts (route of 00000BD6-): a 魔女; opens the storeroom under 夏菜's base; attends the 法要 in 能面 (00000D89; 00000DE9:11:23) (as of 00000DE9)
4	94	2	87	open questions added		00000DE9		  - open questions added: V244
4	95	0		chunk-09 additions		00000CCA		- chunk-09 additions (as of 00000CCA):
4	96	2	95	narrator of her account in 00000B57		00000CCA		  - narrator of her account in 00000B57:11:51-144 (unquoted first person inside Haruka's file: 私, お義母さん, なつみちゃん, 栄一郎さん; reflective, anxious: "だけど、今回のなつみちゃんの警告、ちょっと変。／危険を警告しに来たわけじゃないの？" 11:99-100); 11:113 "お母さんに報告した" (V218)
4	97	2	95	lines		00000CCA		  - lines: "私と……茜……" (00000B57:11:36); "私と茜の、1番古い写真……。…私の1番大事なものの1つ。／うぎゅ……茜……！" (11:39-42); "このままじゃ、茜も浮かばれないわね……" (11:48); "ごめん、それはできないわ……。荒田集落で親の法要に出席しないなんて、許されないこと。" (11:131); "あるわ。どう処分すればいいか分からないから、まだ保管してる。" (11:139); "春花、よく聞いて。この呪殺事件の首謀者は……／幸太郎さんで間違いない" (11:184-185); "そんなことしてない！　お義母さんにだって言ってない！" (11:191); "春花、待ちなさい！" (00000B9F:11:9); "茅萱ちゃんはね……荒田を出て外の世界を知ってから、初めて幸太郎さんから教えられたことに疑問を持ったの。" (11:39-40)
4	98	2	95	route of 00000BD6-00000C81		00000CCA		  - route of 00000BD6-00000C81: the stretched cheerful register ("ほほほ春花！　また1ついい経験をしたわねー！" 00000C38:11:5; "おほほほほ！　新村家の女なら、これくらい慣れなさいよー！" 11:59), a wild driver; cowed by Erika's impression of her ("お、おほほ……。／美冬……新村です……" 00000C68:11:88-89; "お、お義母さん！　私、そんなポーズしたことないですよ……！" 11:100); sulks with うぎゅ ("うぎゅ……。私は栄一郎さんのためにいつまでも若くいたいだけなのに……" 00000C81:19:37; "栄一郎さんが私を好きだと言ってくれたのは、お互い似た者同士で分かり合えるからなの……！" 19:60)
4	99	2	95	790		00000CCA		  - 790 (00000CB3, 良治's narration): "来てくれたってことは、それなりの覚悟があるってことよね？" (11:0); "私、明日は荒田集落に行くの。栄一郎さんの三回忌でね。もう寝るわね" (11:4)
4	100	2	95	facts		00000CCA		  - facts: asked 茜 and 良治 ten days before the visit to come to 荒田; suggested the 荒田駅 shed as their hiding place; kept the drug (00000B57:11:50-144); with Chigaya suspects 幸太郎; slaps Haruka for the first time, then hugs her (00000B9F:11:18-31); drives 夏菜 to hospital, then police questioning (00000BB7:11:4, 11:61); per Chigaya she told Chigaya everything at New Year (00000C08:19:16-19) (as of 00000CCA)
4	101	2	95	open questions added		00000CCA		  - open questions added: V218
4	102	0		chunk-08 additions		00000B3F		- chunk-08 additions (as of 00000B3F):
4	103	2	102	voice		00000B3F		  - voice: the stretched cheerful register at home ("私はまだ台所の片づけがあるから、そっちをするわー！　みんなは遊んでてー！" 00000A30:11:35; "そうねー！　私はお風呂に入るわー！" 00000A48:26:44); calm 丁寧 aside "そのことなら、私から話します" (00000A94:11:78); broken confession "この一連の殺人事件が起きたのは……／私のせいなの" (11:82-83); "だから私がサクラさんを殺したも同然……。／私がサクラさんを追い詰めた……" (11:142-143); "知っていたわ……。／だって、私は栄一郎さんとどうしても……" (11:206-207); "お義母さんあんなこと言ってるけど、…あまり気にしちゃダメよ" (00000AAC:11:39-40); "ごめんなさい……！／私が……！／私のせいなの……！" (00000B3F:11:99-101); "私はもう、これ以上耐えられない……" (11:122)
4	104	2	102	account voice		00000B3F		  - account voice (00000A94:11:107-128): plain past first person, unquoted inside her turn, "私はただただ、喜んだ。"
4	105	2	102	in 790		00000B3F		  - in 790 (Haruka's memory, 00000A7C): 丁寧 to her mother-in-law ("はい、ちょっと2階でお願いできますか？" 11:83); "お義母さん……！" (11:133); "はい……" (11:136); to Haruka "おばあちゃんと2人で話があるの。" (11:40)
4	106	2	102	facts		00000B3F		  - facts: asked サクラ in 女ケ沢 to supply things to remove Haruka's two bullies; サクラ refused; later received hatchets, maces, Noh masks and a drug with a letter to 美冬ちゃん, two sets; threatened 茜 and 良治; gave up; confessed to the grandmother on 790 April 17; サクラ overheard and ran (00000A94:11:94-141); knew of 荒田's April deaths when she married (11:206-207); per 良治, ill at the time, she coerced them and supplied instructions and weapons (00000B27:11:60-61); in the route of 00000AF7-00000B3F: says she told 茜 and 良治 to hide in the 荒田駅 資材倉庫 and that they were killed there; denies directing 城崎 (00000B3F:11:108-117); reports every villager gone (11:80-82); runs out (11:125) (as of 00000B3F)
4	107	0		chunk-07 additions		000009E6		- chunk-07 additions (as of 000009E6):
4	108	2	107	adult voice, 790		000009E6		  - adult voice, 790 (000008B9-000008E8): flustered warmth to Natsumi ("う……うふふ、久しぶりね。元気だった？" 000008B9:29:13-14); calm exposition, タメ口 with わ / のよ / でしょ (000008D0:46:17-99); rage ("どういうこと！？　使った形跡が全然ないじゃない！" 46:104; "黙れ！　よくも私を騙して……！　ただで帰すものか！" 46:118-119); manic laugh with へ (46:144, V155); "くっふふふふ……！" (33:6; 39:0; 46:146); mocking cruelty ("あら、肺が破裂しちゃったかしら？　ほんと、この薬はすごいわね。" 33:29; "ほら、なつみちゃんに最後のキスでもしてあげれば？" 33:42); farewell over cells "じゃあ――良――治さん――。／さよ――／うな――／ら" (33:54-57); despair (000008E8:8:30-47); うぎゅ returns (8:204, 8:220, 8:239, 8:245, 8:257); "もう一度……幸せになろうか……" (8:270); plain resolve "私、もうあきらめない。もう逃げない。" (8:285)
4	109	2	107	adult voice, 800 route		000009E6		  - adult voice, 800 route (0000092D-000009E6): the stretched cheerful register ("春花ー！　なつみちゃーん！　こっちよー！" 00000944:8:111; "あらーみんな揃ったわねー！" 00000972:11:148); falsetto-like "裏声っぽい" (0000092D:11:158; 00000944:8:112); remembered "もうなつみちゃんってば、まだ気にしてるのー？" (0000092D:11:150-152); a flat pause "…………どうかしらねー" about the station shed (00000944:8:132-133); wild driver "さあ……いくわよ……！" (8:234); ghost story in です・ます narration (000009E6:11:8-19:5); "はい" to her mother-in-law's order (00000989:11:99-100)
4	110	2	107	facts		000009E6		  - facts: in 790 (000008D0:46) she planned the method, delivered the letter herself, gave Haruka a children's curse book to steer and test her, invented the 荒田-cult link, the trusted person only sent supplies and broke the 掟, the threat was a bluff; in the 000008D0:33 route kills Haruka, 茜 and 良治 and burns herself with the house; in the true route stops at the last moment, confesses she tried to make Haruka a witch (000008E8:8:192-193) and goes home to 元木町 (8:241-289); after the return: recovered, founded a company (000009E6:11:9-10); cheers Natsumi every year (0000092D:11:149-157); eats out with her (11:85); went to 荒田 two days before the 十三回忌 (00000916:31:78); passed the 山籠 (000009A0:11:110); cooked the 荒田 dinner (00000972:11:185); pales at the paper dolls (00000989:11:127) (as of 000009E6)
4	111	2	107	open questions added		000009E6		  - open questions added: V155, V156, V177
4	112	0		chunk-06 additions		000008A2		- chunk-06 additions (as of 000008A2):
4	113	2	112	narrator of 000007BC, 000007D3, 000007EA, 00000801, 00000818		000008A2		  - narrator of 000007BC, 000007D3, 000007EA, 00000801, 00000818 (first person 私, memoir past with present-feel reflections; unnamed until 000007BC:8:14); third-person focal character of 00000779:8:0-103 (V130)
4	114	2	112	maiden name 金井		000008A2		  - maiden name 金井 (金井美冬, 000007BC:8:254-255; 000007EA:11:169 金井様)
4	115	2	112	young voice		000008A2		  - young voice: soft, whiny タメ口 to 茜; whimper tic "うぎゅ" in dozens of lines (000007BC:8:20 on; V143), named by 茜 as her 口癖 (8:198) and banned; cries "うわーん！　いたいよお……" (8:22); "ひっど！" (8:113); "うぎゅ……今日の茜、嫌い……" (8:181); 丁寧 to Eiichiro until marriage ("栄一郎さん、大丈夫ですか？" 000007D3:11:188; "私は栄一郎さんと歩きたいんです" 000007EA:11:122); "好き……" (000007EA:11:208); "はい！　こんなどうしようもないダメ女でよければ……！　家族にしてください！" (11:253-254); baby talk "あらあら、パパは泣き虫でちゅねー！" (00000801:8:139); one-off "へこんどる / うなだれとる" in narration (000007D3:11:128-129, V137)
4	116	2	112	narration voice		000008A2		  - narration voice (000007BC-00000818): gentle, self-deprecating, short beats, repeated self-coaching ("ここは茜のアドバイス通り、克服しないと！／茜が言うんだから、間違いない！／よし……覚悟はできた！" 000007BC:8:164-166); mirror refrains ("あなたは、私の鏡。／私は、あなたの鏡。" 000007EA:11:258-259); despair in short cells (00000818:11:41-47)
4	117	2	112	adult / crisis voice		000008A2		  - adult / crisis voice: in 0000082F:27 raving ("あの子、魔女なの！？", "早く停めなさいよ！　みんな殺される！"); letter to 茜 in です・ます (00000874:11:31-57); cold and threatening to 良治 and 茜 (000008A2: "逃げようだなんて思わないことね", "なつみちゃんはそのハエみたくなるかもね" 16:28, 16:40); 敬語 proper to the 大魔女 (00000779:8:43-47); flat broken lines at the visit ("私は……／母親……／失格だわ……" 000007A5:8:97-99)
4	118	2	112	facts		000008A2		  - facts: mother died giving birth to her; father died of illness as she entered high school; no siblings (000007BC:8:61; 000008A2:8:119); hates coffee and spicy food (000007BC:8:157-158; 000007D3:11:124) (Haruka's own dislikes, 000005C1, 000006E0); a strong drinker (000007D3:11:168); makeover at 16-ish, courted for years; met Eiichiro at a group date; he proposed the next day (000007EA:11:248); a year of bride tests in the 荒田集落, trained with 鉈 and メイス, hunting, survival (00000801:8:38-49; 000008A2:8:67-69); married; miscarried and cannot conceive (00000818:11:0-21); adopted 茜's first child, 春花 (11:243-250); after Eiichiro's death left 元木町 with Haruka (0000082F:27:32-48); lives poor in 七海荘, room 203, 女ケ沢市 (0000088B:16:12; 000008A2:8:6-10); plans the 女ケ沢 killings through 茜 and 良治 with gear from a "信頼できる人" in 荒田 (00000874; 000008A2); believes Natsumi cursed Eiichiro to death (000008A2:16:1-13); route of 00000779: arrested for murder, abandoning a body and incitement to murder; death penalty likely (000007A5:8:61); meant to kill Haruka and herself rather than lose her (000007A5:8:75-84) (as of 000008A2)
4	119	2	112	open questions added		000008A2		  - open questions added: V130, V136, V137, V138, V143
4	120	0		chunk-05 additions		00000731		- chunk-05 additions (as of 00000731):
4	121	2	120	lines in memory		00000731		  - lines in memory (00000682): gentle タメ口, soft ね / わ, self-reference お母さん: "そっか……なつみちゃんももう小学生ね。春花は学校楽しい？" (11:60); "春花が楽しいなら、それでいい。／でも、辛いことがあったら、ちゃんと言ってね" (11:69-70); "そう、春花は優しい子ね。…そういうことがあるなら、おまじないをかけなさい。春花は、おまじないが得意でしょ？" (11:76-77); "辛いことがあったら、どんなことでも助けてあげるからね" (11:131)
4	122	2	120	lines April 8		00000731		  - lines April 8 (00000697): the stretched cheerful register again ("春花ー！　せっかく起きたのに2度寝しちゃダメよー！" 8:30; "お母さんは今日お仕事行くわねー" 8:37; "んー、こうかしらねー！" 8:139; "あらーダメよ！" 8:143; "人間は中身よ！　外見で着飾るだけの女になっちゃダメ！" 8:152); firm "春花はそんな心配しなくていいの。こういうのは親の務めなんだから" (8:182); flat, expressionless "今日はなつみちゃんと……／仲良くね" (8:197-198)
4	123	2	120	facts		00000731		  - facts: hospitalised for mental illness after Eiichiro's death; watched the 葉桜; went blank whenever Natsumi was mentioned (00000682:11:23-26, 11:59); gave Haruka 『のろいのせかい』 (11:78-79); apologised to parents and teachers for Haruka, never blamed her (11:127-132); over 40, dresses young for her dead husband; pursued him when young (00000697:8:141-150); works constantly, little money (8:178-190); skips the 十三回忌 for "work" (8:36-37); welcomed warmly in the 荒田集落 as an outside bride (00000749:8:40-41); route-dependent: Goto's hypothesis: she is today's 死神 and the real target is Haruka (00000716:8:70-73; 00000731:8:84-86) (hypothesis only, as of 00000731)
4	124	0		chunk-03 additions		00000522		- chunk-03 additions (as of 00000564): named 新村美冬 (Mifuyu Niimura): "新村さんのお母さんである美冬さん" (00000550:11:72), 美冬 by 茜 (00000522:11:92), 美冬さん by 良治 (00000538:11:111); V042 resolved as to identity. Lines (00000564:11:179-191): flat, no stretched endings: "なつみちゃん……。もう……そういう問題じゃないのよ……", "はあ……仕方ないわね……", "私、騙されてたのね……", "行くわよ、春花……". Facts: works at night (00000550:11:102); attended every memorial of Eiichiro, alibis (00000550:11:72); in the 00000564 route unmasked on the roof in 赤装束 and 能面, Ise arrests her for murder, she falls with Haruka and vanishes; in the 00000522 route found dead in a house fire
4	125	0		chunk-02 additions		0000034C:11:232		- chunk-02 additions (as of 0000037D): probable name 新村美冬 (paper doll beside 新村春花, 0000037D:11:58; inference only, V042); lived in 女ケ沢市 with Haruka 10 years ago and had an alibi there (Haruka's account 0000034C:11:232); no lines in chunk 02; route-dependent: found dead in the 00000366 route (11:70)
4	126	0		first_appears	1	000001DD:11:73		- first_appears: 000001DD:11:73
4	127	0		pronoun(s)	1	000001DD:11:102		- pronoun(s): 私 ("私と茜は" 000001DD:11:102)
4	128	0		pronoun FREQUENCY	1	000001DD:11:73		- pronoun FREQUENCY: about as often as typical
4	129	0		speech level baseline	1	000001DD:11:73		- speech level baseline: タメ口, high-energy, exclamatory
4	130	0		sentence-final particles	1	000001DD:11:82		- sentence-final particles: ねー "生ごみはすぐに出さないとねー！" (000001DD:11:82); わー "それはよかったわー！" (11:86); よー "大丈夫よー！" (11:80); かしら "何かあったのかしらねー！" (11:128); のよ "おいしい紅茶もあるのよー！" (11:131)
4	131	0		copula	1	000001DD:11:73		- copula: mostly dropped (feminine forms), stretched endings throughout
4	132	0		verbal tics / catchphrases / fillers	1	000001DD:11:73		- verbal tics / catchphrases / fillers: laugh 「ほほほ」 (11:80) -> TBD; "あらー！" / "あらら" -> "Oh my!"; repeats ("おはようおはよう！" 11:76, "入って入って！" 11:138); long run-on speeches (11:131-132)
4	133	0		dialect	1	000001DD:11:73		- dialect: none
4	134	0		EN correlates	1	000001DD:11:73		- EN correlates: normal-to-high contractions; exclamation marks; stretched endings dropped per STRETCHED ENDINGS rule (grammatical endings), so energy carried by exclamations and repetition; no profanity
4	135	0		facts		000001DD:11:102		- facts: childhood friend of 茜 (Natsumi's mother) since birth, same age (000001DD:11:102-106); works; spoiled food from her fridge (000001DD:11:124)
4	136	0		known ambiguity / open questions	1	000001DD:11:73		- known ambiguity / open questions: V007
4	137	0		as-of	1	00002444		- as-of: 0000246E (was 00002444)
4	138	0		blank		000001DD:11:73		
5	0	0		heading	1	00000024:51:42		## unnamed visitor at the door (Haruka calls him おとうさん)
5	1	0		first_appears	1	00000024:51:42		- first_appears: 00000024:51:42
5	2	0		pronoun(s)	1	00000024:51:42		- pronoun(s): none observed
5	3	0		pronoun FREQUENCY	1	00000024:51:42		- pronoun FREQUENCY: n/a
5	4	0		speech level baseline	1	00000024:51:42		- speech level baseline: タメ口, gentle ("やあ春花、久しぶりだね")
5	5	0		sentence-final particles	1	00000024:51:42		- sentence-final particles: ね "久しぶりだね"
5	6	0		copula	1	00000024:51:42		- copula: だ
5	7	0		verbal tics / catchphrases / fillers	1	00000024:51:42		- verbal tics / catchphrases / fillers: やあ -> "Hi" / "Hello there" TBD
5	8	0		dialect	1	00000024:51:42		- dialect: none
5	9	0		EN correlates	1	00000024:51:42		- EN correlates: one line; normal contractions
5	10	0		known ambiguity / open questions	1	00000024		- known ambiguity / open questions: identity given only by Haruka's split-cell question (WITHHELD in SUMMARY 00000024)
5	11	0		as-of	1	00000024		- as-of: 00000024
5	12	0		blank		00000024:51:42		
6	0	0		heading	1	000001DD:11:35		## 向井 (Mukai; homeroom teacher)
6	1	0		chunk-23 additions		00001533		- chunk-23 additions (as of 00001533): speaks for the first time (00001533, colour ?, named in narration 8:137, 8:148): classroom 丁寧: "はい、おはようございます" (8:136); "お、古郡さん今日から復帰ですね。／法事はどうでした？" (8:143-144); "それと、急ではありますが、今日は転校生を紹介します" (8:153); "え？／　ああ、はい、どうぞ……。／あの、質問タイムとかは――" (8:206-208); "古郡さん、後白河さん、初対面で盛り上がるのもいいけど、そろそろ静かにしてくださいね" (8:248); "それじゃあ、出席を取りますよ" (8:252); homeroom of Class 2-2 (なつみ and 糸織); ungendered by the text: keep so
6	2	0		first_appears	1	000001DD:11:35		- first_appears: 000001DD:11:35 (mail)
6	3	0		pronoun(s)	1	000001DD:11:35		- pronoun(s): none observed (self-names: "担任の向井です")
6	4	0		pronoun FREQUENCY	1	000001DD:11:35		- pronoun FREQUENCY: n/a
6	5	0		speech level baseline	1	000001DD:11:35		- speech level baseline: 丁寧 (school mail)
6	6	0		sentence-final particles	1	000001DD:11:35		- sentence-final particles: none (written です・ます)
6	7	0		copula	1	000001DD:11:35		- copula: です
6	8	0		verbal tics / catchphrases / fillers	1	000001DD:11:35		- verbal tics / catchphrases / fillers: none
6	9	0		dialect	1	000001DD:11:35		- dialect: none
6	10	0		EN correlates	1	000001DD:11:35		- EN correlates: formal written notice, few contractions
6	11	0		known ambiguity / open questions	1	000001DD:11:35		- known ambiguity / open questions: none
6	12	0		as-of	1	000001DD		- as-of: 00001533 (was 000001DD)
6	13	0		blank		000001DD:11:35		
7	0	0		heading	1	00000024:51:11		## 伊勢 (Ise; full name 伊勢大二郎, EN Daijiro Ise; 元木警察署警部補)
7	1	0		chunk-29 additions		00002450		- chunk-29 additions (as of 00002450), colour 伊勢 (00002450 block 18):
7	2	2	1	night shift with a subordinate		00002450		  - night shift with a subordinate: "ああ……眠いと言うより……／退屈だな" (18:2-4); "俺たちが退屈ってのはいいことなんだけどな。" (18:6); long reasoning turns in タメ口 with だ / だろ / な / ぞ: "この元木町は人口が増えていて、2035年には人口が15万人になると見込まれている。今の4倍近くだ" (18:20); "これは俺の妄想だと思って聞いてくれ。" (18:36); "これは誰にも言わないって約束してくれ。…お前の責任も俺が負う" (18:48); "実はこれ、新村美冬の車の中で俺が見つけたんだ" (18:52); "俺がこれを使ってみる" (18:166); "はっはっはっは！　本気にするな！" (18:180); "ん？　誰だこんな時間に" (18:186).
7	3	2	1	calls		00002450		  - calls: the subordinate お前; 新村美冬 (bare full name, 3p); 古郡良治と茜 (3p, via the subordinate).
7	4	2	1	facts		00002450		  - facts: from 元木町 (18:115); found a syringe of pink liquid in 新村美冬's car; holds a copy of the addendum to 新村栄一郎's death certificate (drug traces, inquiry stopped by the 警察庁) (18:50-66); 18:77 is coloured 春花の父 (V644).
7	5	0		chunk-28 additions		0000242E		- chunk-28 additions (as of 0000242E), colour 伊勢:
7	6	2	5	named by an officer, "伊勢警部補に連絡しろ。参考人が見つかったってな"		0000242E		  - named by an officer, "伊勢警部補に連絡しろ。参考人が見つかったってな" (00002420:11:162); per an officer at 00002427:11:90.
7	7	2	5	0000242E		0000242E		  - 0000242E: "どうしました？" (11:47); "くそ！　現れたか！／　おい！　全車聞け！" (11:54-55); "判断は任せる！　こっちは手一杯だ！" (11:81); "下がれ！　武器を捨てろ！　もうこの家は取り囲んでいる！" (11:98); to 桃子 君: "き、君！　何してる！" (11:109); "動くな！　その体勢ではもう銃弾もかわせない！" (11:155); "ダメだ！　来るな！" (11:160); "お、おいボーっとするな！　1人を残して全員後を追え！" (11:198).
7	8	0		chunk-26 additions		00001FEF		- chunk-26 additions (as of 00001FEF):
7	9	2	8	00001BAE		00001FEF		  - 00001BAE: "元木町から急に6人がいなくなった。／古郡家3人、新村家2人、そして五島絵梨奈。" (8:9-10); "とりあえず解散。外の捜査に戻れ" (8:16).
7	10	2	8	00001FEF		00001FEF		  - 00001FEF: "おお！　元木美少女同好会No.1……／じゃなくて、元木町No.1の天才少女、五島絵梨奈！" (8:17-18); "いいいいいかにも！" (8:21); "では2人きりで話を……／じゃなくて、君の証言を聞かせてもらおう！" (8:25-26).
7	11	0		chunk-25 additions		0000062C		- chunk-25 additions (as of 00001854): route of 0000062C (祀耀800 April 8, inferred), colour 伊勢:
7	12	2	11	to a subordinate, gruff タメ口		0000171B:8:0		  - to a subordinate, gruff タメ口: "ふう、全く、この元木町であんな事件が……。／平和と桜が取り柄だったのに、世も末だな" (0000171B:8:0-1); "しっかりした娘さんだな。お前が家まで迎えに行ったのか？" (8:9); startled at 新村春花's name, "昔、先輩から気になる噂を聞いたもんでな" (8:20); "なるほど……ちくしょう、惜しいことをした" (8:27); "ババババババカを言うな！／この警察官たる伊勢大二郎、決してそのようないかがわしいことなど考えておらん！…少女は愛でるものであり、手を出すなど言語道断！" (8:39-42); "わわわ分かっておる！　ちょっと道を踏み外しただけだ！" (8:47)
7	13	2	11	furious at the unescorted release		00001735:8:6		  - furious at the unescorted release: "いったん帰宅だと！？　おい！　巡査部長はいるか！？" (00001735:8:6); "もういい！　俺が行く！／くそ……女ケ沢市では毎回2人ずつ殺されたんだぞ……！" (8:10-11)
7	14	2	11	report to 県警 as bare cells, 丁寧 with 私 and police slang		00001800:8:4		  - report to 県警 as bare cells, 丁寧 with 私 and police slang (ホシ, マルタイ): "これから、ホシを捕獲すると同時に、マルタイの保護を行います。" (00001800:8:4); "噂通りの動きをするのであれば……／銃が効きません。" (8:12-13); "さて、我々のような田舎警察に、捕まえられるかどうか……" (8:20)
7	15	2	11	at the minivan "うわ！　何だこれは！　見た目がひどけりゃ臭いもひどいな……。"		0000182A:8:6		  - at the minivan "うわ！　何だこれは！　見た目がひどけりゃ臭いもひどいな……。" (0000182A:8:6); to 茜 丁寧: "もしもし、私は元木警察署、警部補の伊勢です。／その……今日は急なことで、心中お察しします。" (8:17-18); "娘さんで犯人を釣るなんて言わないで下さいよ……。" (00001830:8:21); "俺だってあんな凶悪犯、放置するわけにはいかないんだよ……" (8:41); "ひでえ風……！　まるで台風だな" (00001854:8:0); "ついに来やがったな、新村美冬……！" (8:11)
7	16	2	11	facts		0000171B:8:48		  - facts: suspects 新村美冬 (00001854:8:11); watches the 五島 home through the bug (00001830:8:14); per his subordinate, "趣味さえまともならモテるだろうに" (0000171B:8:48); a Shabetter photo of him with 五島 at ザッハ (000017CB:8:4-10)
7	17	0		chunk-24 note		00000538:11:34		- chunk-24 note (as of 0000156A): replayed 800 lines only (0000156A:143:0-15, colour 伊勢; from 00000538:11:34 and 00000F0D:173:0-15, V554); no new lines
7	18	0		chunk-18 note		00000F57		- chunk-18 note (as of 00000F57): in Haruka's fantasy (00000F57:11:97-130) the officer who arrests 古郡良治 is drawn in 伊勢's colour but never named: "古郡良治――／婦女暴行、およびわいせつ物陳列の容疑で現行犯逮捕する" (11:98-99); "父親が入るだけで、大声で悲鳴を上げたり、痴漢だの変態だの叫んだりすると思うか？／さあ、続きは署で聞こう" (11:102-103); "さあ、早くしろ" (11:119); do not name him in the English
7	19	0		chunk-17 additions		0000062C:19:42		- chunk-17 additions (as of 00000F24): replayed lines only, from 0000062C:19:42-55 and 00000641:11:102 (82:1-4, 82:14, colour 伊勢); no new lines
7	20	0		chunk-16 additions		00000F0D		- chunk-16 additions (as of 00000F0D):
7	21	2	20	route of 00000F0D		00000F0D		  - route of 00000F0D (祀耀804-805): 佐波県警元木警察署所属 警部補 and 理事 of the 佐波県青少年健全育成委員 (14:59-60); at 皆上市 for the Emperor's visit; takes charge of the runaway 夏菜; leads the search for 新村美冬 mostly alone, four years on (44:155-159); became a policeman to keep 元木町 peaceful as cherry-lovers moved in when he was about 20 (14:152-158); a regular at a soba shop whose owner calls him 大ちゃん (20:0); no wife or girlfriend (20:38); his type "小柄で……無邪気と言うか……天真爛漫と言うか……" (20:43-45); phone wallpaper a small twin-tailed girl "今年で20歳" (26:68-72); calls himself 美少女愛好家, not ロリコン ("ロリコンと言うのは、幼気な少女に対して外道な手段で不健全な行為に及ぼうとする不届き者を言う！" 26:28; "俺はただ単に、愛でていたいだけだ！" 26:31); mentions 元木美少女同好会 (26:161); will wait until 18 (26:49; 68:280); bugged the phone he lent her (50:82; 56:60); tells Goto everything (56:58-60); chases 夏菜 shouting her name (56:253-264); stops her suicide (62:141-169); visits her often for a year; promises to come to 荒田 in two years "警察官としてではなく、1人の男として" (74:145-149); mouths 夏菜 (74:170-174)
7	22	2	20	narrator of block 56		00000F0D		  - narrator of block 56 (俺; unmarked switch, V370): plain, conscientious, self-questioning ("俺が彼女のためにできることは……。" 56:84); rising urgency in short exclamations ("俺は夏菜を助けたい！" 56:260; "俺じゃなきゃダメなんだ！" 56:264)
7	23	2	20	voice		00000F0D		  - voice: stammering flusters ("きききき君ー！／美少女が何たるはしたないことを！" 14:17-18; "なななな名前ふぁ、／古村あああ／秋菜でよいか！？" 14:24-26; "しゅ／しゅ／しゅ／出身は、" 14:33-36; "いいいいいいや、家じゃなくて、ホームだ！" 14:72; "とととととりあえず" 14:82; the bitten "きんりょうなろ、しれいない……！" 14:134, V369; "ちょちょちょちょ！　違う違う違う違う！" 20:5; "ダメだダメだダメだダメだ！" 26:160; "いーかんいかん…いかん！" 68:283; "待ーて待て待て…待て！" 68:278); stiff official "～ものとする" ("話の続きは元木警察署で行うものとする！" 14:82; "食事は元木町に向かう途中で行うものとする！" 14:92); earnest when calm ("君が、大きな間違いを犯さないために、家出と言う小さな間違いを犯していることは理解できた。" 26:141; "俺は、いち早く居場所を失った少年少女たちに、しかるべき居場所を見つけてもらいたい。" 20:88); gruff ("ったく……。" 68:44; "もう勘弁してくれよ……" 32:5, 68:287); tender ("ここにいたのか" 62:143; "安心しろ、俺がついてるから" 68:103); odd suppressed laugh "ぐふっ！／ぐっふふふふ……！", "どぅふふふふふ……！" (74:80-85); "ええい！" (26:31, 26:186); "ごほん！" (14:59)
7	24	2	20	calls		00000F0D		  - calls: 夏菜 君 / 秋菜ちゃん / 秋菜 / 夏菜 (shout; mouthed); Goto 五島ちゃん; Natsumi 古郡さん; 桃子 桃子さん (3p); Mifuyu 新村美冬 (3p), Haruka 新村春花さん (3p); the soba-shop woman none (丁寧)
7	25	2	20	open questions added		00000F0D		  - open questions added: V368, V369, V370
7	26	0		chunk-15 additions		00000EF6		- chunk-15 additions (as of 00000EF6): no lines; route of 00000EF6 (祀耀802): gives Goto case files, a copy of the 戸籍謄本 (26:137) and 新村栄一郎's autopsy (20:29-45); asked the hospital to cooperate (20:253); on TV as a capable 元木警察 警部補 pushing to stamp out youth crime; izakaya regulars call him a lolicon (110:222-234); Goto: "あの人、ロリコンですからね" (36:253); Natsumi remembers him as earnest in the 元木町 case, working with Goto (110:226-228)
7	27	0		chunk-13 additions		00000EAF		- chunk-13 additions (as of 00000EAF): route of 00000EAF (祀耀804): at Goto's door "突然すみません、元木警察署の伊勢と言います。／あの……／町長から、五島さんをヘリポートまで迅速に送り届けるようにと……" (28:264-266); in the police car, stiff 丁寧 with ですな: "あ、あの五島さん……／お声が出ないとお聞きしていますが……" (28:273-274); "や、やっぱり今でも健在ですな！" (28:276); "思い返せば、5年前！　元木美少女同好会、不動の人気No.1の座を射止めたあの天才美少女！" (28:279-280); "私、伊勢大二郎は、もう一度当時の輝きを五島さんに取り戻してもらいたく、こうしてお迎えに上がりました！" (28:284); a long society rant cut off mid-sentence (28:288); Goto's narration "伊勢さんという刑事", who talked the mayor into it (28:275, 28:286); no sign Goto knows him in this route
7	28	0		chunk-08 additions		00000AF7		- chunk-08 additions (as of 00000B3F): phone call to Haruka in the route of 00000AF7-00000B3F, 丁寧 official register, self 私, "我々、元木警察": "あー新村さん。私は元木警察署の伊勢と申します。／先ほど、古郡さんのお宅を捜索しました" (00000B3F:11:35-36); "んー……そうですねえ。気持ちは分かりますけど、何も起こっていないのにこれ以上は……" (11:53-54); "町内に非常線を張り、全ての通行車両を検問します。朝になっても発見できなければ、佐波県警に協力を要請します" (11:61-62); "元木町は平和すぎて、我々、元木警察は暇を持て余していますから" (11:65); no sign in this route that he knows Haruka (as of 00000B3F)
7	29	0		chunk-06 additions		000007A5		- chunk-06 additions (as of 000007A5):
7	30	2	29	route of 00000779		000007A5		  - route of 00000779: orders "捕えろ！" / "よし、連れていけ！" (00000779:8:103, 8:112, speaker inferred); arrest formula with 殺人教唆 (8:105); "美冬さんは移送した。捜査協力感謝します" (8:124); stammer "のののおお！　ああ当たり前だ！　いいい伊勢大二郎！　この身を犠牲にしてでも！" (8:132); "ぜぜぜぜ絶対だめだ！　美少女は愛でるものであって、絶対に手を出してはならんのだ！" (8:135-136); "ごほん！" (8:138); arranged a press embargo for the girls; says the death penalty is likely for Mifuyu (000007A5:8:16, 8:61) (as of 000007A5)
7	31	0		chunk-04 additions		00000641		- chunk-04 additions (as of 00000641):
7	32	2	31	route of 000005C1-00000656		00000641		  - route of 000005C1-00000656: at Goto's door, stammering "わわわわ私は、いいいいせ！" then "私は元木警察警部補、伊勢大二郎だ！" (000005D6:11:76-80); "ふふふ不審者ではない！" (11:95); "し／し／し……！" before "君の写真を撮らせてほしい！" (11:130-135, V102); "ぬおおおおおお！　これぞまさしく、元木美少女同好会人気No.1の五島絵梨奈！" (11:150); "ふう……来てよかった……" (11:155); formal "了解しました！　ご協力、ありがとうございます！" (11:126)
7	33	2	31	written note and email to Goto		00000641		  - written note and email to Goto (0000062C:11:61-66, 11:70-76): plain だ / である, "我々", 3p 古郡さん / 新村さん / 五島さん, "やつ" for the culprit
7	34	2	31	commands		00000641		  - commands: "動くな！　武器を捨てろ！" (0000062C:19:42); "全員下がれ！" (19:53); arrest speech naming 死神 then 新村美冬 (00000641:11:106-115); "バ、バカな！" (11:120)
7	35	2	31	facts		00000641		  - facts: plants a bug at Goto's house to protect Natsumi as bait (0000062C:11:53-79); expected 新村美冬 under the mask (00000641:11:120)
7	36	0		chunk-03 additions		00000564		- chunk-03 additions (as of 00000564):
7	37	2	36	俺 with the girls and in private		00000564		  - 俺 with the girls and in private (00000522:11:72, 00000538:11:46, 00000550:11:10, 11:28); 私 when flustered-official ("わわわ私は警察官だ！" 000004BB:8:18)
7	38	2	36	address		00000564		  - address: 五島ちゃん (000004BB:8:42 on), 古郡さん / 古郡なつみさん, 新村さん / 新村春花さん, 新村美冬 (arrest); waitress 君
7	39	2	36	lines		00000564		  - lines: rant replay (000004BB:8:22-23, V056); radio "こちら元木警察署警部補、伊勢だ！" (000004F9:11:134); arrest formula "新村美冬！　殺人および死体遺棄の容疑で緊急逮捕する！" (00000564:11:182); SMS in polite written form (00000564:11:31, curly quotes); "元木美少女同好会人気No.1ってこんなにうるさいのかよ……同好会退会しようかな" (00000550:11:127); hesitant filler "ええっと……その……" and "だな" (00000538:11:34)
7	40	2	36	facts		00000564		  - facts: smokes (000004BB:8:5; 00000550:11:95); heard of the Niimura family from a senior (000004BB:16:61); carries a gun (00000564:11:183); speaks "as himself, not as an officer" (00000550:11:28); Haruka finds him "かっこいい" (00000550:11:140)
7	41	0		first_appears	1	00000024:51:11		- first_appears: 00000024:51:11 ("伊勢さん", did the 家宅捜索); first lines 000003B4:8:0 (report, speaker per 8:14)
7	42	0		pronoun(s)	1	000004A7		- pronoun(s): 私 when official or flustered ("だだだだだから私は警察官だ！" 000004A7:11:48); 俺 on the phone and to Goto ("俺もすぐにそっちへ" 000004A7:11:91, "俺と……その……" 11:96) (as of 000004A7); switch follows formality, not plot as far as seen
7	43	0		pronoun FREQUENCY	1	00000024:51:11		- pronoun FREQUENCY: about as often as typical
7	44	0		speech level baseline	1	000003B4:8:0		- speech level baseline: 丁寧 in the formal report (000003B4:8:0-13); タメ口, brusque, to subordinates ("おい！巡査部長！" 000004A7:11:102); stiff official phrases to Goto ("い、いかにも！", "断じて不審者ではない！")
7	45	0		sentence-final particles	1	000003B4:8:26		- sentence-final particles: だ "ほとんど正解だ" (000004A7:11:81); ぞ "ここは警察以外立ち入り禁止だぞ！" (11:33); な "ずいぶん目立つのを盗んだんだな" (000003BC:8:7); だろ "盗まれた人が困ってるだろ！" (000003BC:8:10); か "君は年上好きなのか？" (000003B4:8:26)
7	46	0		copula	1	00000024:51:11		- copula: だ (です in the report)
7	47	0		verbal tics / catchphrases / fillers	1	000003BC:8:14		- verbal tics / catchphrases / fillers: stammers "お、お、お……", "ななな！", "だだだだだから" (000004A7:11:30, 11:48); "うむむ" / "うむむむむ" (11:78, 11:87) -> "Hmm" TBD; "ごほん" (11:59) -> "Ahem" (cf. ゴホン row); "くそ" (000003BC:8:14, 8:18) -> "Damn"; "いかにも" -> "Indeed" TBD; "び、美少女……" (000004A7:11:21)
7	48	0		dialect	1	00000024:51:11		- dialect: none
7	49	0		EN correlates	1	00000024:51:11		- EN correlates: normal contractions; formal words in the report; stammer carried by repetition; profanity ceiling "damn"
7	50	0		facts		000003B4:8:15		- facts: about 30, tall, handsome (000004A7:11:26-27); young for 警部補 (000004A7:11:105; 000003B4:8:19); colleagues say he is 元木町一の美少女愛好家 with a ロリコン taste (000003B4:8:15-17); lets slip "元木美少女同好会の人気No.1" (000004A7:11:64); the 23:0 rant on the society's rules is his voice by inference (000003B4:23:0); overworked (000003BC:8:11-19); invites Goto into his car to talk (000004A7:11:96-106)
7	51	0		known ambiguity / open questions	1	00000024:51:11		- known ambiguity / open questions: V046, V047, V048, V049
7	52	0		as-of	1	0000242E		- as-of: 00002450 (was 0000242E)
7	53	0		blank		00000024:51:11		
8	0	0		heading	1	000001E1:33:9		## unnamed red person (dream figure)
8	1	0		chunk-05 additions		00000761		- chunk-05 additions (as of 00000761): Haruka reports Natsumi's dream at her house: "赤い人が出てきて、叫ぶ夢" linked vaguely to Natsumi's father (00000761:8:138-139); no appearance
8	2	0		chunk-04 additions		00000641		- chunk-04 additions (as of 00000641): at the 御神木 Natsumi meets a bright-red figure "夢で見たあの人のように" with no skin; it speaks "な／つ／み" and she knows it is her father (00000641:11:25-37); see 古郡良治 for its lines; narration calls it 赤い人 (11:28-29) until 11:37, then お父さん
8	3	0		chunk-03 additions		000004CF		- chunk-03 additions (as of 00000538): Natsumi's narration now calls the dream figure "真っ赤な男の人" (000004CF:12:43-44) and thinks it was her father (00000538:11:141-142); Goto reads it as the dead father's warning (000004CF:12:91). Before 000004CF the narration keeps it ungendered (V031 still binds those files)
8	4	0		first_appears	1	000001E1:33:9		- first_appears: 000001E1:33:9 (moans)
8	5	0		pronoun(s)	1	000001E5:23:47		- pronoun(s): none (moans and a scream only: 「う……うう……」, 「ううう……ああ……」, "うわああああ" reported 000001E5:23:47)
8	6	0		speech level baseline	1	000001E1:33:9		- speech level baseline: n/a
8	7	0		EN correlates	1	000001E1:33:9		- EN correlates: moans rendered as sounds an English reader can hear
8	8	0		notes		000001E1:33:10		- notes: ungendered in narration (000001E1:33:10, 33:30); Goto assumes 男 for argument only (000001E5:23:26)
8	9	0		known ambiguity / open questions	1	000001E1:33:9		- known ambiguity / open questions: V030, V031
8	10	0		as-of	1	000001E5		- as-of: 00000761 (was 000001E5)
8	11	0		blank		000001E1:33:9		
9	0	0		heading	1	000001DD:11:13		## unnamed TV announcers / reporter / studio talent
9	1	0		chunk-02 additions		000003A8		- chunk-02 additions (as of 000003A8): 佐波放送 field reporter at 中央公園 (000003A8:8:0-30): broadcast 丁寧, filler "えー", "このようにですね"; loses composure ("ちょ……痛い痛い……", "――ちょ待って！") -> clipped English, no contractions in the to-camera lines; studio anchor closes "中継現場はかなり混乱しているようですね"
9	2	0		first_appears	1	000001DD:11:13		- first_appears: 000001DD:11:13
9	3	0		speech level baseline	1	000001E7:11:33		- speech level baseline: 丁寧 broadcast register ("見てください！", "はい、こちら元木町から中継です" 000001E7:11:33)
9	4	0		EN correlates	1	000001DD:11:13		- EN correlates: broadcast English, few contractions
9	5	0		as-of	1	000001E7		- as-of: 000003A8 (was 000001E7)
9	6	0		blank		000001DD:11:13		
10	0	0		heading	1	000001E3:8:48		## unnamed waitress (ザッハ)
10	1	0		chunk-16 additions		00000F0D		- chunk-16 additions (as of 00000F0D): a waitress seats Ise and 夏菜 (38:5) and serves "お待たせしました" (38:123, colour ?); not shown to be the same person
10	2	0		chunk-06 additions		000006F9:17:4		- chunk-06 additions (as of 0000085D): "お待たせしました。ロシアンたこ焼き12個、はずれ2つです" (000007A5:8:165, identical to 000006F9:17:4, V116); smirks at the all-black takoyaki (8:184); twelve years earlier a waitress serves Natsumi's order "お待たせしました。ロシアンたこ焼きです" (0000085D:11:109); not shown to be the same person
10	3	0		chunk-05 additions		000006E0:16:150		- chunk-05 additions (as of 000006F9): "お待たせしました。追加オーダーですか？" (000006E0:16:150); "お待たせしました。ロシアンたこ焼き12個、はずれ2つです" (000006F9:17:4, V116); not shown to be the same person as earlier
10	4	0		chunk-03 additions		000004BB		- chunk-03 additions (as of 000004BB): "2名様ですか？", "こちら春の新作メニューです"; お客様 as address to Ise (8:14, 8:24) -> "sir"; loses composure "はひ？"/"ふぁあ？" (8:20, which voice is which not marked)
10	5	0		first_appears	1	000001E3:8:48		- first_appears: 000001E3:8:48
10	6	0		speech level baseline	1	000001E3:8:48		- speech level baseline: 敬語 service formulae ("いらっしゃいませ。3名様ですか？", "お待たせしました")
10	7	0		EN correlates	1	000001E3:8:48		- EN correlates: fixed service phrases (GLOSSARY when ruled)
10	8	0		as-of	1	0000085D		- as-of: 00000F0D (was 0000085D)
10	9	0		blank		000001E3:8:48		
11	0	0		heading	1	000001E1:33:73		## anonymous board posters (元木高校掲示板)
11	1	0		chunk-25 additions		00001A65		- chunk-25 additions (as of 00001A65): posts dated 4月1日 0:00-0:36 ranking the three girls after a graduate "ビーナス鈴鹿先輩": "古郡なつみに一票" / "あいつこの時期死んでるメンヘラだろ" (8:10-11); "俺も古郡なつみに一票。父なしだけど" / "間違えた、乳なしな" (8:13-15, V582); "だったら俺は新村春花に一票。あれは間違いなく隠れ巨乳" (8:17); a creepy one-post confession to 新村さん (8:25); "天才少女は重いっす" (8:32); the summary list "・古郡なつみ…メンヘラ　貧乳…" (8:40); 俺 and 僕 posters; BOARD VOICE rule applies
11	2	0		chunk-13 additions		00000EAF		- chunk-13 additions (as of 00000EAF): posts dated 祀耀804年5月21日 19:15-19:32 cheering Goto: "今度の大食い大会、うちの卒業生出るってよ！"; "五島絵梨奈って知ってる奴いる？"; "あ、あの伝説の天才少女だろ？⏎あいつ大食いもできるのかー！"; "絶対見るわ！　何なら、応援団作って東京行くか？" (00000EAF:40:22-27); BOARD VOICE rule applies
11	3	0		chunk-12 additions		00000E7B		- chunk-12 additions (as of 00000E7B): replayed posts dated 祀耀800 April 8-9: "おいおい、また殺人だってよ！"; "五島絵梨奈（15）⏎死因：頭部強打による脳挫滅だって⏎脳挫滅って、頭ぐしゃぐしゃってことだな" (00000E7B:227:14-15; V281); BOARD VOICE rule applies
11	4	0		first_appears	1	000001E1:33:73		- first_appears: 000001E1:33:73
11	5	0		pronoun(s)	1	000001E1:33:73		- pronoun(s): 俺 ("俺のじいさん" 33:79, "俺行こうかなー" 33:127), 私 ("私も行く！" 33:128)
11	6	0		speech level baseline	1	000001E1:33:73		- speech level baseline: 乱暴 / net slang (マジ, やばい, ｗ, 乙, 詳細よろ)
11	7	0		EN correlates	1	000001E1:33:73		- EN correlates: BOARD VOICE rule (all-lowercase register), heavy contractions, net slang
11	8	0		known ambiguity / open questions	1	00000E7B		- known ambiguity / open questions: V024; V281 (as of 00000E7B)
11	9	0		as-of	1	00000EAF		- as-of: 00001A65 (was 00000EAF)
11	10	0		blank		000001E1:33:73		
12	0	0		heading	1	000002F6:11:30		## お母さん (Goto's mother; unnamed)
12	1	0		chunk-27 additions		0000210E		- chunk-27 additions (as of 0000210E), colour ?, inferred (V608):
12	2	2	1	0000205F		0000210E		  - 0000205F: "ねえ絵梨奈、まだお姉ちゃんと喧嘩してるの？" (8:38); "お姉ちゃん、学校やめるって" (8:42); "絵梨奈、あなたは何も悪くないの。お姉ちゃんも悪くないの。" (8:46); あなた to 絵梨奈.
12	3	2	1	0000210E		0000210E		  - 0000210E: "帰りは九日よね？" (8:3); "お世話になるんだから、ちゃんとご挨拶するのよ？" (8:5).
12	4	0		chunk-26 additions		00001BDA		- chunk-26 additions (as of 00001BDA): 00001BDA:8:20 (colour ?): "絵梨奈、まだいるの？　もうすぐ電車出発の時間よ？".
12	5	0		chunk-25 additions		00001AB5		- chunk-25 additions (as of 00001AB5): 00001AB5 (small 絵梨奈, 桃子 a schoolchild; colour ?): "お帰り桃子、絵梨奈はいい子にしてた？" (8:1); "あーお帰り！　お花どうだった？" (8:4); "人が落ちた……？" (8:9); "ああ絵梨奈！　早くおやつ食べようね！／アイス欲しいって言ってたでしょ？" (8:10-11); "どうしたの桃子、元気ないわね？" (8:15); "大丈夫？　熱は？　おかゆでも作ろうか？" (8:22); 絵梨奈 calls her ママ, 桃子 お母さん
12	6	0		chunk-18 additions		00000F6F		- chunk-18 additions (as of 00000F87): route of 00000F6F-00000F87 (May 800, family trip): lines colour ?, inferred: "桃子、明日もバイト休みなんでしょ？　ゆっくりできるわよね？" (00000F6F:11:44); flustered "ほ、ほほほ！　そうしましょうお父さん！" (11:123); calls her husband お父さん; drinks, stays at the hotel (00000F87:11:36, 11:42); per Goto she and her husband always praised 桃子 and never compared the sisters (11:112-113); per Goto they worry about 桃子 (11:230, 11:234); in 桃子's memory: "桃子、その話はまた後でね" / "分かったから……。また後でね" / "ちょっと桃子……！　大きい声で言わないで……！" (11:266, 11:271, 11:274)
12	7	0		chunk-15 additions		00000EF6		- chunk-15 additions (as of 00000EF6): route of 00000EF6 (祀耀802): Natsumi lives in her house; lines (colour ?, speaker inferred from narration 134:10 "五島のお母さん"): "あーなつみちゃん！　いいからいいから、休んでて！" (134:8); "なつみちゃん、ご飯はテーブルに置いてるから" (134:11); "ねえなつみちゃん、ちょっと疲れてない？／最近顔色が優れないわよ？" (134:17-18); "絵梨奈が言ってるわよ、ちょっと頑張り過ぎじゃないかって。／お金のことは心配しなくていいから、少しゆっくりしたら……" (134:22-23); warm タメ口 with わよ; calls Natsumi なつみちゃん, 3p Goto 絵梨奈; Natsumi calls her おばさん; with Goto's father offered Natsumi money (140:89)
12	8	0		chunk-13 additions		00000EAF		- chunk-13 additions (as of 00000EAF): route of 00000EAF (祀耀804-805): warm, pushing タメ口 with なさい / じゃない / わよ: "絵梨奈、いらしたわよ" (16:12, 丁寧 いらした about a guest); "お帰り絵梨奈！　すごかったじゃない！" (28:181); "絵梨奈ならあれじゃ足りないもんね！／待ってなさい、すぐ作るから！" (28:186-187); "絵梨奈！　絵梨奈！　テレビテレビ！" (28:216); "何言ってるのよ！　こんなチャンス、滅多にないのよ！？" (28:225); phone "はい五島です。…え！？町長ですか！？" (28:242-246); "ほら早く準備しなさい！　ヘリコプター待たせてるんだから！" (28:258); "絵梨奈、負けてもいいんだから！／せっかくの大舞台に出られるチャンスなんて、もう2度とないわよ！" (28:261-262); "絵梨奈、頑張ってね！" (40:33); facts: works (52:145); wept when Goto vanished for a day, scolded her for hours (40:0-8); Goto's father on a business trip, came home (40:1), no lines
12	9	0		first_appears	1	000002F6:11:30		- first_appears: 000002F6:11:30 (flashback)
12	10	0		pronoun(s)	1	000002F6:11:30		- pronoun(s): none observed
12	11	0		speech level baseline	1	000002F6:11:36		- speech level baseline: タメ口, feminine, warm ("あら絵梨奈、その笑顔、とてもいいわよ" 000002F6:11:36)
12	12	0		sentence-final particles	1	000002F6:11:30		- sentence-final particles: わよ "とてもいいわよ" (000002F6:11:36); の "どうしたの？" (000002F6:11:30); なさい "もうやめなさいよ" (0000037D:11:74)
12	13	0		copula	1	000002F6:11:30		- copula: mostly dropped (feminine forms)
12	14	0		verbal tics / catchphrases / fillers	1	000002F8:12:8		- verbal tics / catchphrases / fillers: stretched when drunk "絵梨奈ー！　元気ー？" (000002F8:12:8), "ちょっと待ってよー！" (12:13); "あー絵梨奈！　よかったー！" (0000037D:11:9)
12	15	0		dialect	1	000002F6:11:30		- dialect: none
12	16	0		EN correlates	1	000002F6:11:30		- EN correlates: normal contractions; no profanity; warm
12	17	0		facts		000002F8:12:1		- facts: at a class reunion in 皆上市 on 4/8 with her husband (000002F8:12:1, 12:20)
12	18	0		known ambiguity / open questions	1	000002F6:11:30		- known ambiguity / open questions: none
12	19	0		as-of	1	00001BDA		- as-of: 0000210E (was 00001BDA)
12	20	0		blank		000002F6:11:30		
13	0	0		heading	1	000002F8:12:15		## お父さん (Goto's father; unnamed; self-reference おとーさん)
13	1	0		chunk-18 additions		00000F6F		- chunk-18 additions (as of 00000F87): route of 00000F6F-00000F87 (family trip; lines colour ?, inferred from narration 00000F6F:11:73, 11:190): "先にホテルに荷物置いていくぞ" (11:71); "お、お父さんたちはここで待ってるから、2人で行ってきなさい！／あ、母さん、ビールでも飲もうか！" (11:121-122); "おー桃子！　絵梨奈！　どうだった？" (11:189); "どうした絵梨奈、怖かったか？" (11:192); calls his wife 母さん; drinks, stays at the hotel (00000F87:11:36)
13	2	0		first_appears	1	000002F8:12:15		- first_appears: 000002F8:12:15 (phone)
13	3	0		pronoun(s)	1	000002F8:12:15		- pronoun(s): none observed; self-reference おとーさん ("おとーさんですよー" 12:15)
13	4	0		speech level baseline	1	000002F8:12:15		- speech level baseline: タメ口, drunk, lecturing
13	5	0		sentence-final particles	1	000002F8:12:17		- sentence-final particles: ぞ "立派な大人になるんだぞ！" (000002F8:12:17); だ "天才なんだ！"
13	6	0		copula	1	000002F8:12:15		- copula: だ
13	7	0		verbal tics / catchphrases / fillers	1	000002F8:12:15		- verbal tics / catchphrases / fillers: "いいか絵梨奈！" (12:17)
13	8	0		dialect	1	000002F8:12:15		- dialect: none
13	9	0		EN correlates	1	000002F8:12:15		- EN correlates: normal contractions; exclamatory
13	10	0		facts		000002F8:12:17		- facts: calls Goto "選ばれた子" and both daughters 賢い娘たち (000002F8:12:17)
13	11	0		as-of	1	000002F8		- as-of: 00000F87 (was 000002F8)
13	12	0		blank		000002F8:12:15		
14	0	0		heading	1	000002F8:12:17		## 桃子 (Momoko; Goto's older sister; called お姉ちゃん)
14	1	0		chunk-29 additions		00002450		- chunk-29 additions (as of 00002450), colour 桃子 (00002450):
14	2	2	1	curt but kind タメ口 with あんた		00002450		  - curt but kind タメ口 with あんた: "あんたさ……。／覚えてないんじゃ仕方ないけど……／あの事故、本当にただの事故だと思ってる？" (12:8-10); "あんた、事故の瞬間を見てたんだよ" (12:17); "誰かに押されて落ちたって" (12:21); "ごめん、コンビニに行くんだったね。邪魔した" (12:54); "…………／私が絵梨奈に協力……？" (12:86-87); "仕方ない、分かったよ。絵梨奈の頼みだもんね" (12:108); "今日のまかないのあまり" (12:148); "…………／どうしてだろ、自分でもよく分かんない" (12:189-190); "ちょ、待ちなさいって。焦ったっていいことないって" (12:233); "いい？／　あんた1人で先輩の家に行ったってどうにもならないでしょ？" (12:239-240).
14	3	2	1	memory		00002450		  - memory (12 years ago, colour 桃子): "…………／さあ……" (12:41-42); "そうだね……" (12:45); 12:39 bare first person (V659).
14	4	2	1	facts		00002450		  - facts: works at a café, a cultural-anthropology professor of 元木大学 is a regular she "turned down" recently (12:78-105); saw 栄一郎's accident but not the moment of the fall (12:13); brings the staff meal home; sharp: reasons that 盗感 could expose what 古郡先輩 learns (12:213-236).
14	5	0		chunk-28 additions		0000242E		- chunk-28 additions (as of 0000242E), colour 桃子:
14	6	2	5	000023E7		0000242E		  - 000023E7: curt タメ口 to 五島: "あいさつした方がいい？" (8:8); "今会ったら店の評価落ちるし" (8:13); "何で2人の靴玄関になかったの？" (8:25); "やっぱり私はいない方がいい。あんたもその方がいいでしょ" (8:29).
14	7	2	5	0000242E		0000242E		  - 0000242E (narrator 桃子, 私; past, present-feel alarm): counts four waiting cars (11:17-21); "すみません！　警察ですよね！？" (11:43); "五島絵梨奈の姉！　あんたも妹を守りなさいよ！" (11:86); punches an officer and takes his gun (11:89-91); "どけ！　どきなさい！／　人ん家でなに好き勝手してんのよ！" (11:102-103); "黙れ！／　こんなやつ1人殺せない警察こそとっとと出ていけ！" (11:115-116); fires four shots (11:173); "私は――人を撃ったのだ。" (11:178); "絵梨奈……大丈夫……？" (11:179, 11:210); "分かってるよ……。／だから来たんでしょ……" (11:215-216); "『私は何を間違えたのだろうか』" (11:230).
14	8	0		chunk-27 additions		0000210E		- chunk-27 additions (as of 0000210E):
14	9	2	8	0000205F		0000210E		  - 0000205F (teen, colour 桃子): warm at first, "ただいま、絵梨奈。ちゃんとお留守番できた？" (8:1); "ごめん、今日は1人になりたい" (8:10); "今日のは不幸だったから" (8:14); snaps "うるさい！　2度と話しかけるな！" (8:24); 乱暴 break: "うるせえっつってんだろ！／脳みそしか取り柄のないやつは黙れよ！／あんたの顔なんて見たくない！" (8:29-31); "はやく消えろよ……" (8:36); quits school after a month of silence (8:42-44).
14	10	2	8	0000206C		0000210E		  - 0000206C: on the phone with four men: bright タメ口 to カズ君 and シンジ君 ("うんうん、カズ君の気持ち分かる！" 8:1), polite 丁寧 to マサシさん and タカヒロさん ("タカヒロさんにそういってもらえるのは、とても嬉しいです。" 8:21); "はは、それはバイト先のお客さんだよ。" (8:13); "でも私、実家住みだから……" (8:17).
14	11	2	8	00002084		0000210E		  - 00002084 (reported by 店長): "プリマベラの五島桃子さん", quit about 2 years before and left 元木町; skilled but not enjoying the work, aiming at a goal (8:13-14, 8:25-34).
14	12	2	8	0000210E		0000210E		  - 0000210E: あんた; "あんた、何か隠してるんじゃない？" (8:21); "盗み聞きしてたのは悪かった。" (8:25); "そんなとこに妹を行かせられるわけないでしょ！" (8:55); "今さらだよね、私がこんなこと……" (8:57); "………… ／分かった。覚えておく" (8:68-69).
14	13	0		chunk-26 additions		00001FF5		- chunk-26 additions (as of 00001FF5):
14	14	2	13	00001BD4		00001FF5		  - 00001BD4: "もうだいぶ貯まったし、そろそろ仕事先にも言わないとね" (8:0); a pair of unnamed disposables, one missing; "あの子……" (8:6).
14	15	2	13	00001D1E		00001FF5		  - 00001D1E: 丁寧 to the master マスター (8:0); senior タメ口 to 三原 "三原さん、泣いちゃダメだよ。" (8:16); "うん、約束。私、嘘言ったことないでしょ？" (8:26).
14	16	2	13	00001D40 / 00001D6F		00001FF5		  - 00001D40 / 00001D6F: at 荒田 during the fire, bloodied, a pistol (8:9); planned it four years (00001D6F:8:19).
14	17	2	13	00001FF5		00001FF5		  - 00001FF5: "あんたさ、この前の事件解決に関わってたんだって？" (8:8); "ラッパみたいな音" (8:30); "あんた、事故の瞬間を見てたんだよ" (8:46); 12:0 bare (V596).
14	18	0		chunk-25 additions		00001AB5		- chunk-25 additions (as of 00001AB5):
14	19	2	18	00001807		00001AB5		  - 00001807 (祀耀800 April 8, inferred: 絵梨奈 in police protection), colour 桃子: three days into a shabby part-time job ("この服、もうタバコ臭い。このバイト、やめようかな……" 8:0); phone 丁寧 "はい、五島です。／ええ、五島桃子です。" (8:2-3); "店長、すみません！　早退させてください！" (8:9); "基本的に、ほとんどバイトなんで……。四月中は休みないです" (8:19); "別に……いいじゃないですか、そんなこと……" (8:22); "妹が警察で保護されてるそうなんです！" (8:28); "はあ！？　何で絵梨奈がそんなことすんのよ！" (8:31); "この……！" (8:42); "こんなとこで働くの、こっちから願い下げ！" (8:44); "今のは妹の分。／私の悪口ならまだしも、何で絵梨奈のことまで！" (8:46-47); service 敬語 as a weapon "お久しゅうございます、道畑様。本日もご来店、誠にありがとうございます。" (8:53); "私がプリマベラの看板娘……／五島桃子、／です！" (8:56-58); "今度絵梨奈の悪口言ったら……／マジで殺す" (8:62-63); facts: Primavera's 看板娘 (8:56); several part-time jobs
14	20	2	18	00001755		00001AB5		  - 00001755 (a schoolchild; 絵梨奈 small): "絵梨奈！　やっと見つけた！" (8:37); "もう、ダメじゃない。お姉ちゃんから離れちゃダメだよ？" (8:39); "よしよし、絵梨奈はいい子だね。／で、この人は？" (8:41-42); "すみません、妹がご迷惑をおかけして……" (8:47); "違うよ、この人は迷子になった子をパパやママに会わせてくれる優しい人なの" (8:49), パパ / ママ said to the little one
14	21	2	18	00001AB5		00001AB5		  - 00001AB5: "ただいまー" (8:0); "うん……絵梨奈が言ってたでしょ？　人が落ちたって" (8:17); "ごめんお母さん、もう私も寝る" (8:19); shaken after the cherry viewing, eats nothing (8:15-23)
14	22	0		chunk-18 additions		00000F9F		- chunk-18 additions (as of 00000F9F):
14	23	2	22	route of 00000F6F-00000F87		00000F9F		  - route of 00000F6F-00000F87 (May 800, 20: "私、もう20歳だから" 00000F87:11:294): curt タメ口 with あんた: "別に……" (00000F6F:11:45); "あんた……先輩に対していつもあんな上から目線で話してるの？" (11:59); "あんたさあ……。／五島一族きってのチビなんだから気をつけなよ" (11:99-100); "そういう時はごめんじゃなくてありがとうでしょ？" (11:103); "どれでもいい" (11:113); flustered "し、仕方ないでしょ！　地図見てなかったんだから！" (11:130); "ななな何ビビってんのよ！" (11:135); "あああ当たり前でしょ！" (11:142); "私ずっとここにいたけど？／さっき走っていったのはお化け" (11:181-182); "ほんと仕方ない子……" (11:196); "別に……" as a refrain (00000F87:11:41, 11:101, 11:186, 11:322, 11:328)
14	24	2	22	her confession		00000F9F		  - her confession (00000F87): "ねえ……。／勝手で悪いけど、自分語りしていい？" (11:74-75); "私さ……／5年前、高1の時に初めて彼氏出来たんだけど……／付き合って1ヶ月もしないうちに事故で死んだ" (11:87-89); "ったく……あの時の色は地毛だったつーのに" (11:98); "賢く真面目に生きるのが、嫌になった。／だから高校中退した。" (11:106-107); laughter "あっははははは！　男って……！" (11:131); "私……／今まで何やってたんだろ……／偏見持って頭固いのって……／私の方じゃん……" (11:172-175); "嫌いならこんな夜中に送るわけないでしょ！" (11:184); "私、あんたに捨てられるのが怖かった" (11:199); "もう、あんたに……／絵梨奈にとって、私っていらないんじゃないかって……" (11:208-209, first 絵梨奈 here); "私ね……／小さいころに、お母さんにおねだりしたの。／妹が欲しいって" (11:256-258); "その顔、久しぶりに見たわ。" (11:288); "あんたさ。／私の貯金にたかる気でしょ" (11:297-298); "あーもう分かった分かった。" (11:310); "半分本気。／だってさ……／あんたのために使えるなら……" (11:313-315); "絵梨奈、明日はあんまり泣くんじゃないよ。" (11:331); "ボトルの底の色で、中の状態が分かるようになってるの。" (11:342); "後でその先輩紹介してよ。／もう1人の先輩もさ。会ってみたくなった" (11:348-349)
14	25	2	22	facts		00000F9F		  - facts (this route): has a driving licence (00000F87:11:39); hair naturally light, now dyed (11:102); first boyfriend died in an accident in her 高1; dropped out; works daily at part-time jobs incl. customer service, saving to leave home; turned down the customers who pressed her (11:142-148); was top of her class as a child (11:110); asked for a sister and chose the name えりな at about two (11:256-276); drinks 超炭酸ボンバー and reads its pressure indicator (11:334-345); agrees to stay at home (11:310-315); per Goto, wants to meet her seniors (00000F9F:11:209)
14	26	2	22	toddler speech in her memory		00000F9F		  - toddler speech in her memory (colour 桃子): "ねえねえ、まま！　わたし、いもうとがほちい！" (00000F87:11:265); "やだ！　いもうとほちい！／おなまえ、きめたの！／えりなっておなまえ！／かわいいでしょ！？" (11:267-270); "ほんとに！？　いもうとできるの！？／やったー！　えりなちゃんがくるー！" (11:272-273) (V428)
14	27	2	22	open questions added		00000F9F		  - open questions added: V428
14	28	0		chunk-16 additions		00000F0D		- chunk-16 additions (as of 00000F0D): route of 00000F0D (祀耀804): close to Goto, over-protective per Ise (56:14; Goto: "いつまで経ってもシスコンなんだから" 56:17); knows of the case talks (56:16); lines: "あ、いたいた。絵梨奈、こっち" (44:104); "じゃあ、私はこれで。／絵梨奈、あんまり遅くならないでよ？" (56:7-8); "ちゃんと夜道には気を付けてよ？" (56:10); "伊勢さん、絵梨奈のこと、お願いしますね" (56:12); Ise 3p 桃子さん
14	29	0		chunk-15 additions		00000EF6		- chunk-15 additions (as of 00000EF6): route of 00000EF6: not seen, not named; left home right after the case of 祀耀800 April 8 and has not been in touch for two years (134:2-5, per Natsumi's narration "五島のお姉さん"); Natsumi uses her room
14	30	0		chunk-14 additions		00000EDF		- chunk-14 additions (as of 00000EDF):
14	31	2	30	speaks in 00000EDF		00000EDF		  - speaks in 00000EDF (route of 00000488, 祀耀800): the phone call and messages (33-37, 53:302-335, 202:147-220) are inside Goto's foresight vision; real frame on 祀耀800 August 1 (117:246-297)
14	32	2	30	voice		00000EDF		  - voice: curt, dry タメ口 with あんた, わ / でしょ / のよ: "もしもし！？　ほんとに大丈夫なの！？" (33:9); "悪かった、まくし立てて" (33:23); "ぶっちゃけ、嬉しくない" (37:35); "うわ……ちょっとそういう話、苦手だわ" (37:50); "うざ……" (37:84); "自分で言うか……" (37:128); "何様よ……" (37:158); "男の前では、…だけ繰り返してりゃいい" (37:186-191); "だから男はキャッチアンドリリースなの！" (37:211); "言うな！" (37:229); "ご想像にお任せするって伝えといて" (37:255); "カラコン盗んだの、あんたか" (37:301); "想像するだけで……嫌だ。／殺した人、絶対に許さない" (37:343-344); "絶対に、絶対に無事に帰ってきてよね" (37:348); "そういうことは、電話では言わない主義" (37:357); "ねえ、絵梨奈" / "おやすみ" (37:367-370); "何であんたがお願いすんのよ！…何で……あんたが……" (202:188-190); written "役立たずでごめん。元気出して。姉より" (202:220); real frame: "ねえ、何で私のお金でレンタカー借りなきゃいけないのよ……" (117:246); "何さ！　あんたたち姉妹ほどべたべたしないし！" (117:253); "ちょっと……／何よ、絵梨奈のバカ……" (117:295-296)
14	33	2	30	calls		00000EDF		  - calls: Goto 絵梨奈 (first time 37:161; before only あんた, per Goto 37:168) / あんた; Natsumi 貧相ちゃん (3p 37:314, address 117:261); 夏菜 あなた / あんた (202:154, 202:195)
14	34	2	30	facts		00000EDF		  - facts (vision): a boyfriend for one month in 高1, "もう5年も前" (37:205-208); drinks 超炭酸ボンバー (37:237; 53:309); wears disposable colored contacts (37:301-303); works part-time (202:170); no car, rents one (37:319-320); taught Goto from her textbooks (202:114); nicknames 師匠 and 桃ちん in the epilogue (V331)
14	35	2	30	open questions added		00000EDF		  - open questions added: V331
14	36	0		chunk-13 additions		00000EAF		- chunk-13 additions (as of 00000EAF): route of 00000EAF (祀耀804): not seen, no lines; Goto: "4年前、突然家を出てしまったお姉ちゃんのように。" (52:157); nothing else said of her there
14	37	0		chunk-12 additions		00000E7B		- chunk-12 additions (as of 00000E7B):
14	38	2	37	full name 五島桃子		00000E7B:54:208		  - full name 五島桃子 (Momoko Goto) (00000E7B:54:208; news 82:49); alias 藤野桃子 to the 荒田 people (34:32-33)
14	39	2	37	narrator of 00000E7B		00000E7B		  - narrator of 00000E7B (私): opens with a です・ます address to an unnamed "あなた", two questions, calm and essayistic ("私からの問いかけは、2つです。" 11:24; "あなたの1番古い記憶は何ですか？" 11:27; "あなたは『復讐』というものを、どう思いますか？" 11:129); then plain だ / である first person, clinical and self-lacerating, with a recurring tumour metaphor for her conscience ("良心という名の腫瘍が、一層大きくなった気がする。" 28:86; "私の腫瘍はどうやら悪性のようだ。" 28:111); plans as figures and lists ("装弾数は12発、重さ730グラム。" 34:50); self-commands ("さあ、やれ。／やれよ！" 34:88-89); refrain "私の心は、どこか歪んでいる" (11:95, 11:100, 11:159, 82:283); block 82 a present-feel dying monologue turning childish and pleading ("私は悪くない。" x4 82:66-69; "何さ、死神だとか、呪殺だとか……。／1番私が死神っぽいじゃん……。" 82:221-222; "ずるいよ。仲直りせず、遠くに行っちゃうなんて。" 82:227; "絵梨奈……／大好きだよ。" 82:295-296)
14	40	2	37	speech		00000E7B		  - speech: 丁寧 to サクラ, 城崎, 春花 ("いえいえ、体調が第一ですから" 28:159; "私も荒田駅で降りますから。大丈夫ですよ" 28:77; "佐波県の元木町からです。本当の名前は、五島桃子と言います" 54:208; "春花さん、その話は後にしましょう。" 88:216); soft タメ口 to 夏菜 ("うん……" 40:47; "夏菜ちゃん……／助けてちょうだい……。" 48:128-129; "ちょっと夏菜ちゃん、少しは掃除したら？" 48:306; "お菓子のゴミくらい、持ち帰りなさい！" 48:309); breaks: "ねえ、何なの？" / "どうしてこの子まで！？　まだ小さい赤ちゃんじゃない！" (34:192-194); "だけどさ……！／家族を失うって……／辛いことなんだよ……" (34:210-212); "や、やめてよ……！", "いや……！", "やだ……！", "ゆ、許して……！", "もうやだこんなの！" (48:187-206); "何よ……！／夏菜ちゃんに……／私の何が分かるの……！" (48:242-244); to the villagers "そんなハッタリ、私には通用しない！…覚悟するのはそっち！" (88:143-146); "どきなさい！" (180:48)
14	41	2	37	calls		00000E7B		  - calls: 夏菜ちゃん, サクラさん, 幸太郎さん, 城崎さん, 春花さん; 3p 新村美冬 (bare full name), 古郡なつみ; Erina 絵梨奈 / 妹, once あんた (82:98); her parents お母さん / 両親 / 親
14	42	2	37	facts		00000E7B		  - facts (route of 00000E7B, 祀耀804): 24 (82:49); four years older than Erina; named her えりな before birth after a 'Lucy doll' (11:73-81); oldest memory: a friend of her mother's newborn girl, at one or two (11:47-49, whose child withheld); taught Erina, was overtaken, pushed her away from high school on (11:87-112); spent savings meant for running away on information about 荒田, ドローガ and the killer (11:147-149); handgun and 144 rounds, one test-fired, a silencer (11:158; 34:50-52; 28:208); can drive (34:219-221); cannot shoot 夏菜 when dared (48:168-207); her grudge dissolves (54:1-10); after サクラ's blood hits her one eye turns green (82:36-41); shoots 夏菜 and 春花, about 30 villagers, then 新村美冬 (82:14-15, 82:27, 82:56-58, 82:80-92); shoots herself; dead in hospital per the news (82:175-178); left a plan notebook-diary on her desk (11:208; 54:14; 82:185)
14	43	2	37	EN correlates		00000E7B		  - EN correlates (00000E7B): the address section formal, few contractions; narration plain, short declaratives; speech to 夏菜 normal contractions; no profanity observed
14	44	2	37	open questions added		00000E7B		  - open questions added: V269, V270, V271, V273
14	45	0		chunk-07 additions		000008B9		- chunk-07 additions (as of 000009B7): as a child in 790 (000008B9): "絵梨奈やっと見つけた！　すぐ1人でどっか行っちゃうんだから！" (8:16); polite to 良治 "あ！　ザッハで会った……！　すみません、またこの子が邪魔しちゃって……ほら絵梨奈、行くわよ" (8:18-20); "でも、そんな申し訳ないですよ" (22:21); "本当にすみません。さあ、行くわよ！" (22:28); in Goto's ghost story (000009B7:11:3-21, three months before 00000900): some 霊感, not close to Goto, out at night, curt "ねえ、あんた今から出かけるの？", "あんた誰とも電話しないでよ。ちょっとやばい感じがするから", "あっち系で"
14	46	0		chunk-06 additions		00000801:8:163		- chunk-06 additions (as of 00000874): as a toddler (1-2 years, "ももこ") at the café: "まま！　いもうと、ほちい！　ももこ、いもうと、ほちいの！", "おなまえ、えりな！", "あーい！　ももこ、しずか、する！" (00000801:8:163-177, V138); as an elementary schooler at ザッハ: polite to 良治 ("ごめんなさい、この子がお邪魔しちゃって……" 00000874:11:0), "さあ、絵梨奈、帰るわよ" (11:2); per 良治, very polite and capable, looked after Natsumi and her sister while he was in the toilet (00000874:11:6, 11:13-15); Natsumi calls her 桃子ちゃん (11:4)
14	47	0		chunk-04 additions		000005C1:11:23		- chunk-04 additions (as of 00000617): works as the waitress at the café later named プリマベラ, not named there (000005C1:11:23-31, 11:287-306); service 敬語 with わたくし: "本日はご来店、誠にありがとうございます。こちら、レギュラーメニューでございます。" (11:26), "いらっしゃいませ、五島様" (11:289), "今回はわたくしの方で、お三方分をサービスいたします。どうぞまた、ご利用くださいませ" (11:300-301); drops at once to a flat plain whisper to Goto: "この2人、他の人に見つかったまずいんでしょ？　早く行きなさいよ" (11:304-305); striking, dyed brown hair, perfume (000005C1:11:32-38; 00000617:8:29-31); came home briefly and went out again (00000617:8:6, 8:18); per Goto, close until Goto's elementary-school years, then distant (00000617:8:12-13)
14	48	0		chunk-03 additions		0000057B		- chunk-03 additions (as of 0000057B): arrives at the police station, not named there (Natsumi 3p お姉さん, first meeting); to Goto 絵梨奈 instead of あんた: "絵梨奈……！", "ったく……いつまでたってもガキなんだから……" (0000057B:11:89, 11:96)
14	49	0		first_appears	1	000002F8:12:17		- first_appears: named 000002F8:12:17; first line 0000034C:11:14
14	50	0		pronoun(s)	1	0000034C:11:20		- pronoun(s): 私 ("私、もう20歳だし" 0000034C:11:20)
14	51	0		pronoun FREQUENCY	1	000002F8:12:17		- pronoun FREQUENCY: about as often as typical
14	52	0		speech level baseline	1	0000034C:11:33		- speech level baseline: タメ口, curt and blunt to Goto; instant switch to 丁寧 with a guest (0000034C:11:33-34)
14	53	0		sentence-final particles	1	0000034C:11:22		- sentence-final particles: し "高校すぐやめたし" (0000034C:11:22); か "夜遊び、か……" (11:17); よ "死んじゃったってよ" (0000037D:11:29); よね "変よね？" (0000037D:11:72)
14	54	0		copula	1	000002F8:12:17		- copula: dropped
14	55	0		verbal tics / catchphrases / fillers	1	0000034C:11:15		- verbal tics / catchphrases / fillers: "あんたか" (0000034C:11:15); "んで" (0000037D:11:38) -> "So" (cf. GLOSSARY んで); "ごめんごめん" (0000037D:11:75)
14	56	0		dialect	1	000002F8:12:17		- dialect: none
14	57	0		EN correlates	1	000002F8:12:17		- EN correlates: high contractions; flat, clipped; no profanity observed
14	58	0		facts		000002F8:12:3		- facts: 20; dropped out in the first year of high school; out most nights; dyes her hair (0000034C:11:11-25); resents the "genius girl" per Goto (000002F8:12:3)
14	59	0		known ambiguity / open questions	1	00000EDF		- known ambiguity / open questions: V055; V331 (as of 00000EDF)
14	60	0		as-of	1	0000242E		- as-of: 00002450 (was 0000242E)
14	61	0		blank		000002F8:12:17		
15	0	0		heading	1	000001DB:15:91		## お父さん (Natsumi's father; 古郡良治 Ryoji Kogori; named only)
15	1	0		chunk-29 additions		00002444		- chunk-29 additions (as of 00002444), colour なつみの父:
15	2	2	1	00002444		00002444		  - 00002444: "五島ちゃん！？" (14:479, first half); "確かにこの辺のはずだ" (14:461, colour ?, inferred); "茜は五島ちゃんと一緒に駅へ戻ってくれ。集落へは俺1人で行く" (14:489); "おい、あんたは本当に信用できるのか……？" (14:500); "分かった。じゃあ城崎さん、案内を頼みたい" (14:505); "茜、こうして味方が増えたんだ。役割分担をした方がいい" (14:508); "春花ちゃん、無事だったか！" (20:429); "城崎さん、気持ちは分かるし緊急事態だけど、そんな物騒な態度は遠慮してくれ。高校生がいるんだから" (20:533); "連絡がついたぞ。五島ちゃんから既に通報があったらしい。" (20:551); "今そんなことを言っても始まらない。俺はすぐに茜を追いかける" (26:266); "そうだ、君なら例の薬のことを知っているだろう？　あれは使えないのか？　俺も茜も持っている！" (26:270); "くそ……！　なつみどころか茜まで……！" (26:279); "時間がない、急いでくれ。" (26:430); "何を言っているんだ！　目を覚ませ！" (26:468).
15	3	2	1	calls		00002444		  - calls: 茜 茜; 五島 五島ちゃん; 春花 春花ちゃん; 城崎 あんた then 城崎さん; 糸 君.
15	4	2	1	facts		00002444		  - facts (this route): alive; came up from the shed on hearing the attack through the bugging app (14:482); sets call blocking while tracking 春花's phone (26:19-21); carries ドローガ, as does 茜 (26:270); per 栄一郎 "こいつ、慎重派だから" (26:476); rescued April 13 without memory.
15	5	0		chunk-28 additions		00002427		- chunk-28 additions (as of 00002427), colour なつみの父:
15	6	2	5	00002306		00002427		  - 00002306: "おい茜！　大丈夫か！？" (8:2); "どうした？　副作用か？" (8:4); asked if he "did it": "…………／ああ……" (8:10-11); "しっかりしろ！　病院、行くか？" (8:14); self 俺 ("俺は……。／ああ、大丈夫" 8:26-27); alone: "俺はどうすればよかったんだ……！　もっと手立てはあったはずなのに……！" (8:35); "茜……／お前は本当に……／本当にやったのか……？" (8:36-38).
15	7	2	5	0000241B-00002427		00002427		  - 0000241B-00002427 (reported): instructed 茜 by letter; went to bargain with 美冬 and did not return; a 課長 at 株式会社IC (00002420:11:4); blood type シスAB型 (11:91); killed by 美冬 the day before (00002427:11:190).
15	8	0		chunk-26 additions		00002057		- chunk-26 additions (as of 00002057):
15	9	2	8	00001C02		00002057		  - 00001C02: "よし。栄一郎、頼むぞ……" (8:2); "なつみは10日前、俺たちに『荒田へ行くな』って言ったんだ。" (8:25); decides to stay (8:29).
15	10	2	8	00002001		00002057		  - 00002001: "正直、賛成できない" (8:70); "茜が幸せになれるかどうか、その切り口でな。" (8:86).
15	11	2	8	00002057		00002057:8:2		  - 00002057:8:2: "ぐ……くそ……！".
15	12	0		chunk-25 additions		00001AC1		- chunk-25 additions (as of 00001AC1):
15	13	2	12	narrator of 00001AC1		00001AC1		  - narrator of 00001AC1 (俺; 790 May 1, printed 800 (V585), then 800 April 7): plain, fatherly, wry ("全然話聞いてないな……" 8:12; "大丈夫だろうか……" 8:24; "ちくしょう、栄一郎のやつめ……" 8:51); lines colour なつみの父: "おい、今日は引っ越しなんだから、ちゃんとお手伝いするんだぞ！" (8:9); "よーし、荷物は全部積みこんだな。／なつみは美冬さんの車に乗せてもらえ" (8:17-18); "あまり遠くへ行くなよ？" (8:32); "気持ちは分かるけどな……。／でも、なつみが言う以上、仕方がないだろ" (8:65-66); "ああ、ついに、だな……。／信頼できる人、／能面を使う文化、／そして……／あの薬のこと" (8:88-92); "そんな……まさか……" (8:95)
15	14	2	12	facts		00001AC1		  - facts: they always follow なつみ's seasonal warnings (8:74-76); he and 茜 were first to attend the 十三回忌 (8:69); the unknown sender of 美冬's weapons and drugs still worries him (8:81-84); per the police record (00001735:8:1) 茜 told なつみ he was on a Hokkaido trip; arrives home in 000017FA (8:21, no line)
15	15	0		chunk-24 additions		0000156A		- chunk-24 additions (as of 0000156A): route of 0000156A: dead since 800 (46:54); the phone he gave 五島 15 years ago now her video camera (52:117-119); per 五島's hypothesis perhaps not a 女ケ沢市 killer either (28:77-82); 茜 calls him 良治君, corrected to お父さん for なつみ (40:199)
15	16	0		chunk-23 additions		0000082F:11:130		- chunk-23 additions (as of 00001533): memory line of 12 years ago, colour なつみの父, byte-identical REPLAY of 0000082F:11:130: "おい、栄一郎、無理するな！　下りてこい！　風船なんてまた買えばいい！" (000014EE:8:17, V531); alive in this route: a sleepy send-off "ふああ……いってらっしゃい" (00001533:8:2)
15	17	0		chunk-22 additions		000011CC		- chunk-22 additions (as of 000014BC): route of 000011CC (colour なつみの父): message in ASCII straight double quotes "なつみ、今はただ、みんなに従いなさい。" (00001477:8:45, QUOTE WRAPPERS: curly); phone, terse and coded: "調子はどうだ？" (8:94); "うん、まあそうだけど……" (8:98); "なつみ、こういうことなんだ" (8:100); "ちょっと待て、茜に替わる" (8:104); morning memory "茜、なつみだっていつまでも子供じゃないんだ" (000014BC:8:17); listens through the bugging app (00001477:8:47)
15	18	0		chunk-20 additions		000011CC		- chunk-20 additions (as of 000011E3): no lines; route of 000011CC (V467): stays home on なつみ's foresight (000011CC:8:52-54); phones her at 豊岳駅, reported "無理せず帰って来なさいって" (8:133-138); the bugging app he built lets them listen (8:135-136; 000011E3:8:178); 美冬: "茜も良治さんも相当迷っていたみたい" (8:202)
15	19	0		chunk-18 additions		00000F40:11:3		- chunk-18 additions (as of 00000F57): at the inn (colour なつみの父): "宿まであと10分くらいだけど、停めて休むか？" (00000F40:11:3); "そうそう、今まで通りな" (11:23); drunk, naked in the family bath: "よう娘たちよ！　家族風呂はどうだ？" (00000F57:11:36); "な、何だ！？　どうしたんだ春花ちゃん！？" (11:48); "むむう！　うちの娘たちに何かしたら、この俺が許さん！" (11:56); "ちょ、春花ちゃん！／どうしたんだ！／落ち着きなさい！／こら、危ない！" (11:63-66); "いよう！　春花ちゃん！　何か面白いことでもあったかー！？" (11:133); "そうそう！　俺たちは裸の付き合いをした仲だもんな！" (11:138); in Haruka's fantasy "私はただ……／娘たちと家族風呂に……" (11:100-101), "なつみ……／すまない……／俺は……／のぞきで変態で痴漢の、どうしようもないやつだ……" (11:105-108); still bathes with Natsumi (11:76-91, inferred); told Haruka many stories of her father's life (11:144-145); asleep before 21:00 (11:140). 00001092, 000010AA, 000010C3: 藤吉郎's and the 殿下's lines are drawn in his colour (V424)
15	20	0		chunk-17 additions		00000641		- chunk-17 additions (as of 00000F24): replayed lines of the flayed father from 00000641 (82:9 joins 11:54-56 into one cell; 82:11; colour ?); per the enacted 800 scene 茜 says "良治君を殺したのは美冬。" (142:214); his and 茜's 三回忌 held in 802 before Natsumi's trip (82:34)
15	21	0		chunk-16 additions		00000F0D		- chunk-16 additions (as of 00000F0D): no lines; route of 00000F0D: killed (flayed) in the 元木町事件 of 800, by 新村美冬 per Ise (38:47, 38:55, 38:68; replay 173:10); Haruka's birth father (38:47); per Goto his 命日 is "今日" = 804 April 7 (44:46, V385); replayed morgue narration "そこに眠っていたのは、まぎれもなく、私のお父さんだった。" (173:7)
15	22	0		chunk-15 additions		00000EF6		- chunk-15 additions (as of 00000EF6): no lines; route of 00000EF6: dead since 祀耀800 April 8; his 三回忌 in 802, the rites left to Natsumi's grandparents (140:210-214); Haruka visits his grave with Natsumi (8:159); father of both girls on the 戸籍謄本 (26:141, 26:147); per Natsumi "お酒好き" (110:170) and nothing odd about his body (26:78-79)
15	23	0		chunk-13 additions		00000EAF		- chunk-13 additions (as of 00000EC7): no lines; 00000EC7: drunk and asleep before 21:00, skips the hot spring (11:1, 11:269); replayed 00000EAF lines: the flayed body in 中央公園 is "古郡先輩のお父さん" (62:0-70:0)
15	24	0		chunk-12 additions		00000E95		- chunk-12 additions (as of 00000E95): drives the family to the inn (00000E95:11:3); "宿まであと10分くらいだ。いい天気でよかった" (11:2, speaker inferred); "そうそう、今まで通りな" (11:66); "まあ、それも今のうちだけだろ。そのうちに慣れるさ" (11:72); room phone "あーもしもし、ビール2本お願いします。／お前ら、何かいるか？" (11:74-75); pours his own beer, then 茜's (11:99, 11:102) (as of 00000E95)
15	25	0		chunk-11 additions		00000E01:11:61		- chunk-11 additions (as of 00000E61): phone "なつみ、無事か！？" (00000E01:11:61); "なつみ、落ち着くんだ！　お前の直感が働かないのは、このままでも安全だからだ！／いいか、よく聞くんだ！　常に車の窓を開けておくんだ。" (11:63-64); at the hospital "すまんな……" (00000E61:11:7); "美冬さん、休憩したくなったら連絡してくれよ。同じ道の駅で休憩することにしよう" (11:76); "お前たちの携帯でもタイマー撮影できるぞ！…ほい！　あと5秒！" (11:123-125); "ほい、チーズ！" (11:131); per Eiichiro, 良治 and the others meant to tell Natsumi of the sisterhood at 20 (00000E31:11:47) (as of 00000E61)
15	26	0		chunk-10 additions		00000D29		- chunk-10 additions (as of 00000D29):
15	27	2	26	narrator of 00000CE3		00000D29		  - narrator of 00000CE3 (俺; the route where the killings went ahead, 790 to the eve of 祀耀800 April 7): summary past, bitter, technical ("技術者としてこれほど屈辱的なことはない。" 11:87); self-disgust ("何が親だ！　何が技術者だ！" 11:111); last hope ("10年前に見せてくれた彼女の天才ぶりに賭けてみるしかない。" 11:197)
15	28	2	26	lines 00000CE3		00000D29		  - lines 00000CE3: "それなら盗聴アプリでも入れればいいだろう？" (11:24); "あと1週間しかないじゃないか……" (11:34); "くそ……！" (11:43); "――なあ、近藤課長" (11:68); "すまんがこの期限ではこれが限界だ" (11:104); drunk "へ！　何が開発部の課長だ！" (11:108); "はっはっは！　はっははははは……" (11:127); "お前は俺にとって、最高の妻だよ" (11:203)
15	29	2	26	lines 00000CFA		00000D29		  - lines 00000CFA (Mifuyu's narration): "美冬さん、春花ちゃんを返してくれないか？" (11:15); "最悪そうする。あの2人を、そろそろ俺たちの呪縛から解放してやる" (11:49); "だまれ……！　この魔女め……！" (11:239); "春花ちゃんは……絶対に返してもらう……！" (11:243); "家族には……手を出さないでくれ" (11:303); broken over cells "な……／なつみ……／は……" (11:350-352), "殺さ……／ない……／で……" (11:355-357)
15	30	2	26	route of 00000BD6-		00000D29		  - route of 00000BD6-: phone "お前、今荒田の外だろ？　どうだ？　何か分かるか？" (00000D11:11:86); "春花ちゃんは、家で美冬さんと洗い物をしているようだ。" (11:91); text "不安だろうが、自分の直感を信じろ。お前に危険は及ばないはずだ。" (00000D29:19:106)
15	31	2	26	facts		00000D29		  - facts: 開発部の課長 (00000CE3:11:108); rigged Haruka's phone (hidden app, old battery, 10 g of metal) as a hint for the girls; with 茜 killed six on Mifuyu's orders (00000CFA:11:47); route of 000001DB: flayed alive by Mifuyu, left at the 御神木 on April 8 (00000CFA); route of 00000BD6-: alive, listening through the app (00000D11:11:49; 00000D29:19:107) (as of 00000D29)
15	32	0		chunk-09 additions		00000CCA		- chunk-09 additions (as of 00000CCA):
15	33	2	32	narrator of 00000CB3		00000CCA		  - narrator of 00000CB3 (俺; 祀耀790 April 7-8, the route where the killings go ahead): torn self-questioning in short cells ("いや、俺はそもそも誰に許しを請うというのだ？／神様か？　警察か？　被害者の親か？" 11:50-51); resigned ("もう、どうにかなってしまっているのだろうな……" 11:84); lines "バ、バカを言うな！" (11:17), "2人だけの問題じゃないだろ！　古郡家と新村家全員に関わることなんだ！" (11:25), "茜……／俺も薬を試してくる" (11:64-65), "家族と見知らぬ子供の命、どちらを取るかと言われたら、迷う要素がない" (11:72)
15	34	2	32	in Mifuyu's account		00000CCA		  - in Mifuyu's account (00000B57): "美冬さん、俺たちが今度の十三回忌に参列することはできないか？" (11:60); "いや、待て茜。それなら、なつみも連れて行った方が良い" (11:67); "この時期のなつみなら、きっと俺たちの助けになってくれる！" (11:70); "よし。今度、うちの会社から最新モデルのスマートフォンが出る。…盗聴アプリを組み込んだやつをプレゼントしよう。" (11:120-121)
15	35	2	32	route of 00000B57-00000BB7		00000CCA		  - route of 00000B57-00000BB7: alive, badly hurt, a hostage: "なつ……み……" (00000B9F:11:154), "なつみ……！　早く……逃げろ……！" (11:161)
15	36	2	32	route of 00000BD6-00000C81		00000CCA		  - route of 00000BD6-00000C81: on the phone at home in 元木町 (00000C50:11:64-107): "どうやら、全部聞いたみたいだな。実はな――" (11:65); "ちゃんと、元木町の家にいるぞ。" (11:69); "確か2箱だったな" (11:78); "とんでもないやつだな、その真犯人は……" (11:94); "ごそんぷさま……？" (11:107)
15	37	2	32	facts		00000CCA		  - facts: planned the bugging app for the girls' safety (00000B57:11:120-121; 00000C50:11:66); the 女ケ沢 kit came in two boxes, masks and robes, then weapons and ドローガ (00000C50:11:78-82) (as of 00000CCA)
15	38	0		chunk-08 additions		00000AF7		- chunk-08 additions (as of 00000B3F): phone lines in the route of 00000AF7-00000B3F (00000B27): "もしもし、なつみか？" (11:43), sober, paper ready; "分かった。ちょっと待てよ" (11:49); "確かに、美冬さんが病んでいて、子供2人を殺すよう脅迫したのは事実だ。／指示書や武器なんかも美冬さんが用意したんだ" (11:60-61); "んー……。／いや、そうじゃないな。能面と赤い装束みたいな服も渡された。" (11:65-66); "実は……／薬も一緒に渡されたんだ" (11:80-81): injected, removes the brain's limiter, written directions to use at most 80% briefly (11:83-98); "なんだお前ら！／茜、早く逃げろ！" (11:107-108); "なつみ！　早くそこから逃げろ！　すぐに荒田から逃げ出すんだ！" (11:111); per Mifuyu killed in the 荒田駅 資材倉庫 (00000B3F:11:108-109) (as of 00000B3F)
15	39	0		chunk-07 additions		00000916		- chunk-07 additions (as of 00000916):
15	40	2	39	narrator of 000008B9, 000008D0, 000008E8		00000916		  - narrator of 000008B9, 000008D0, 000008E8 (to 8:313)
15	41	2	39	lines		00000916		  - lines: "よし、このお金で買ってきなさい！" (000008B9:8:14); "茜、今日はずっとここにいる。あれは使わない" (29:95); zoo dad "あれはコアリクイだそうだ。アリを食べる動物だ" (29:139); "美冬さん待ってくれ！　美冬さんは、本当はこんなこと望んでないはずだ！" (000008D0:46:116); "やめろ！" (33:25); to the doctor 私 ("あの、私は……" 000008E8:8:57); "さあ、そろそろ帰るぞ。風邪引いたら大変だ" (8:357); in 800: "ちょ、サボりって何だよ……。昨日お前が会社に行くなって言ったんだろ？" (00000916:31:20-21); "あ、ああ……。くそ、あいつめ……" (31:58)
15	42	2	39	narration voice		00000916		  - narration voice (chunk 07): reading Mifuyu through her traits (000008B9:29:44-60); gratitude to Eiichiro in second person ("栄一郎……お前がなつみに力を与えてくれたおかげだ" 36:36; 000008E8:8:301-306); slow-motion doubt in short questions (000008D0:27:5-24); dry self-mockery ("俺の器も小さいもんだ……" 000008B9:22:32)
15	43	2	39	facts		00000916		  - facts: decides with 茜 not to kill (000008B9:29:95); killed by Mifuyu in the 000008D0:33 route (burst lung, suffocation); in the true route lets the four reconcile (000008E8:8:294-295); in the route where the Niimuras returned: alive in 800, drinks a bit too much per Natsumi (00000916:31:59); made the big rice balls (0000092D:11:16); got the phones cheap through his contacts, cost split between the two families (0000092D:11:74-75) (as of 00000916)
15	44	0		chunk-06 additions		000008A2		- chunk-06 additions (as of 000008A2):
15	45	2	44	narrator of 0000082F, 00000846, 0000085D, 00000874, 0000088B, 000008A2		000008A2		  - narrator of 0000082F, 00000846, 0000085D, 00000874, 0000088B, 000008A2 (first person 俺)
15	46	2	44	pronoun		000008A2		  - pronoun: 俺 throughout (narration and speech) (as of 000008A2); 我々 in narration (00000846:11:9) and to the client ("我々にお任せください" 00000846:11:85); 俺たち for the couple
15	47	2	44	speech		000008A2		  - speech: タメ口, だ / な / ぞ / だろ; to his wife 茜 / お前; to Eiichiro 栄一郎 / お前; to Mifuyu 美冬さん; to Natsumi なつみ / お前; business 丁寧 to the client ("お持ちできますよ", "参りますので" 00000846:11:83-87); "ったく……。分かったよ" (0000082F:11:91); "くそ" (0000085D:11:153; 0000088B:35:39; 000008A2:16:29); young: "まあ楽しく気軽にやろうや" (000007D3:11:62), "しっかりやれよー！" (11:191)
15	48	2	44	narration voice		000008A2		  - narration voice: plain, practical, engineer's detail (prototypes, semiconductors); comic panic in the takoyaki scene ("なつみ、お前はそんな賭博気質だったのか！？" 0000085D:11:93); protective, self-questioning ("なつみ……本当にお前を信じていいんだな？" 0000088B:16:37); slow-motion horror in cells (0000082F:11:151-156)
15	49	2	44	facts		000008A2		  - facts: technical high school; friends with Eiichiro since high school, same company after graduation (00000846:11:22, 11:53-54); develops phone hardware, poor at software (11:125); proposed to 茜 at 21 (000007BC:8:279); biological father of Haruka and Natsumi (00000818:11:243-247; 00000846:11:28 "春花ちゃんは、俺たちの実の娘だ"); witnessed Eiichiro's fall; saved by Natsumi's warnings (0000082F:19:0-2; 00000846:11:93-97); always obeys her warnings (00000846:11:104); considers moving and a transfer request (0000085D:11:51-59); goes to 女ケ沢 on April 7 to talk Mifuyu out of the killing (00000874:11:92); per Mifuyu, he said he could no longer entrust Haruka to her (00000779:8:85-86, her account) (as of 000008A2)
15	50	0		chunk-05 additions		00000697:8:19		- chunk-05 additions (as of 00000731): name on one of three dolls on Haruka's desk (00000697:8:19); engineer at a company that makes phones; gave the three girls matching smartphones on April 3 (000006E0:16:75-77; 00000731:8:35); Natsumi says he is on a business trip to Hokkaido (000006B2:8:16); Haruka 3p なつみのお父さん; route-dependent: Goto suspects he planted the bug in Haruka's phone and was one of the 女ケ沢市 killers (00000716:8:7, 8:103) (hypothesis only)
15	51	0		chunk-04 additions		00000641		- chunk-04 additions (as of 00000641): appears to Natsumi as the flayed red figure at the 御神木 (00000641:11:25-67); broken lines over cells: "な／つ／み" (11:32-34), "もう……大丈夫……" (11:49), "なつみ……。信じ……なさい……。春花ちゃんを……" (11:54-56), "みんなを……みんなは……味方だよ" (11:59-60); gentle imperative なさい; crumbles into petals; Natsumi takes the warning voices to be his (11:12-13, 11:75); 茜 calls him 良治君 (11:123)
15	52	0		chunk-03 additions		00000564		- chunk-03 additions (as of 00000564):
15	53	2	52	lines in memory		00000564		  - lines in memory (00000538:11:105-114): 俺 ("俺の顔で安く手に入ったからな！"); タメ口, cheerful, だ / さ / な ("何、大したことじゃないさ"); laugh "はは！"; calls Natsumi なつみ, 3p 春花ちゃん, 五島ちゃん, 茜, 美冬さん
15	54	2	52	letter to 茜		00000564:11:97		  - letter to 茜 (00000564:11:97-120): plain written style, 俺 / お前, "頼むぞ。"; signed 古郡良治
15	55	2	52	facts		00000564		  - facts: the park victim, identified by Natsumi (00000538:11:72); died of blood loss from crows after being flayed (11:82); designs smartphones (11:107); "とてもかっこよくてダンディで……それでいてちょっとお茶目な人" per Natsumi (11:103); planned to meet 美冬 on the night of 4/7 (00000564:11:100-102)
15	56	2	52	EN correlates		00000564		  - EN correlates: warm, jokey dad; normal contractions; no profanity
15	57	0		first_appears	1	000001DB:15:91		- first_appears: 000001DB:15:91 (mentioned); full name 0000034C:11:136
15	58	0		pronoun(s)	1	000001DB:15:91		- pronoun(s): none observed (no lines)
15	59	0		facts		000001E7:15:0		- facts: the 中央公園 victim (as of 000001E7:15:0); his "business trip" was announced yesterday evening (0000034C:11:152)
15	60	0		as-of	1	00002427		- as-of: 00002444 (was 00002427)
15	61	0		blank		000001DB:15:91		
16	0	0		heading	1	000002F8:12:37		## 新村栄一郎 (Eiichiro Niimura; named only)
16	1	0		chunk-30 additions		00002473		- chunk-30 additions (as of 00002473):
16	2	2	1	00002473		00002473		  - 00002473 (dead, colour 春花の父; self 僕, mocking タメ口 to his twin): "よう兄貴" (11:220); "全く……やらかしてくれたなあ" (11:224); "やっぱり、兄貴じゃこんなもんか。／あーあ、人間をスパイにする計画もうまくいかなかったな" (11:229-230); "兄貴はやがて第四世代としてその肉体は女神様のものになる。" (11:254); "兄貴も頭が悪いなあ。" (11:262); "ほんとバカだなあ兄貴は。10年間も黙っていた時点で、兄貴にも責任があるんだよ？" (11:270); "いや、待ってくれ。俺にいい案がある" (11:275, self 俺 once, V661); "死んだ人間が神使でいられるのはせいぜい20年程度。つまり僕の肉体が衰える8年以内に神使が見つかればいい" (11:294); "800年経っても、糸姫はただの下賤の娘。女神にはふさわしくないと判断した" (11:303); "荒田と元木の血を引いた女神様だよ？" (11:309); "もしこのことをばらしたら、本当に全員殺す" (11:315); voices in 幸太郎's head: "兄貴、僕は兄貴のようになりたかったんだ" (11:330); "僕は兄貴にはどうしてもかなわない。／だから僕は僕で、自分の幸せを見つけることにする" (11:332-333).
16	3	2	1	facts		00002473		  - facts: hyphae from the fallen cherry tree hold 幸太郎 (11:217-227); per 幸太郎's deduction he posed as 幸太郎 to 城崎 "昨夜" (0000246E:11:101-105) and beheaded サクラ ten years ago, posing as 幸太郎 before エリカ (11:188-189); エリカ agrees "多分ね" (0000246E:11:349-350); his death: "木から転落死した" (00002473:11:361-366), two years before サクラ's (11:370).
16	4	0		chunk-29 additions		00002450		- chunk-29 additions (as of 00002450):
16	5	2	4	00002444		00002450		  - 00002444 (dead, colour 春花の父): mocking, cheerful タメ口, self 僕: "はっはっは！　ようやく気づいたか！" (26:454); "なかなか面白そうなことをしてるじゃないか。ここで見学させてもらおうかな" (26:457); "糸姫、お前は僕たちを裏切ったんだ。／お前はもはやただの人。" (26:460-461); "おいおいなつみちゃん、それじゃあ良治がびっくりするだけだろ？　こいつ、慎重派だから" (26:476); "まあ、一応言っておくけど、母さんと兄貴は集落にいる。" (26:484); "あの2人には女神様の脅威となる血が流れている。" (26:489); "そ／こ／で！／　大サービスだ。" (26:498-501); "女神様！　ついにこの時が来ました！" (26:502); to 春花 in the chamber: "春花、目を覚ましたんだね" (32:26); "はは、父親に向かってひどい口の聞き方だねえ。／美冬ちゃんはどんな教育をしていたのか" (32:34-35); "まあ、確かに意識は生前の僕とは違う。" (32:37); "ここは糸姫山の頂上の地下だ" (32:39); "はっはっは！　すごいよ春花！　完全に君の勝ちだよ！" (32:244); "そうだね、あと15年ほどすれば女神様は元木町へ移住なさる。" (32:248).
16	6	2	4	facts		00002450		  - facts: per 城崎 he married 美冬 after she passed the 荒田 trials (20:542); per 五島's deduction he beheaded サクラ ten years ago, unseen by anyone (26:299-301); per 糸 one of the "dead first generation" (26:285).
16	7	2	4	00002450		00002450		  - 00002450: per 桃子, 3-year-old 五島 said he was pushed (12:21); his death certificate addendum names drug traces and biological fragments, the inquiry stopped by the 警察庁 (18:62-65); an ephedrine-like drug in his body (18:75); 18:77 on 伊勢's line is coloured 春花の父 (V644).
16	8	0		chunk-28 additions		00002433		- chunk-28 additions (as of 00002433):
16	9	2	8	00002340		00002433		  - 00002340 (dead, colour 春花の父): cheerful タメ口, self 僕: "ほう、春花、なぜか色々と知っているみたいだな" (11:30); "はっはっは！　まあそうだね。／僕どころか女神様のことまで知られたわけだし" (11:36-37); "ほら、1つしかないからな" (11:47); "あいよ" (11:57); "美冬ちゃん、僕は生き返ったんだよ。" (11:73); "さあ美冬ちゃん、ずっと僕たちと一緒にいよう。僕たちは、家族なんだから……" (11:83).
16	10	2	8	the guide		00002433		  - the guide: "わたくしの父、新村栄一郎から始まる血液感染" (00002330:77:5); 000021E2:517:4 "お父さんはサクラさんを守るためにドローガを使い――".
16	11	2	8	died 12 years before 800 in 中央公園		00002433		  - died 12 years before 800 in 中央公園 (0000240C:11:68); なつみ was sprayed with his blood (0000241B:11:82); his 十三回忌 at 荒田 (00002433:11:131).
16	12	0		chunk-27 additions		000020E4		- chunk-27 additions (as of 000020E4):
16	13	2	12	000020E4		000020E4		  - 000020E4 (at the party before his marriage, colour 春花の父): "いやあ、もうきついっすよ城崎さん！" (8:1); "ひえええ……" (8:3); per サクラ, left 荒田 after breaking a leg hunting (8:40), which 美冬 doubts (8:41-42); サクラ: "あ、でも私と栄一郎はそういう関係じゃなかったから" (8:36); 美冬 calls him 栄一郎さん.
16	14	2	12	reported		000020E4		  - reported: his 三回忌 (00002072:8:3); his 十三回忌 over, ファルシフィカソ left from it (000020C0:8:2).
16	15	0		chunk-26 additions		00001FFB		- chunk-26 additions (as of 00001FFB):
16	16	2	15	00001C08		00001FFB		  - 00001C08 (young, colour 春花の父): 僕; "兄貴は兄貴で、サクラを守るために必死になっているのに、僕は何もできていない……！" (8:12); "僕はずっとサクラの味方だよ。何があっても" (8:24).
16	17	2	15	00001C23		00001FFB		  - 00001C23: 丁寧 to 美冬; mother 母さん (8:8); "荒田集落の住人は、75歳になるとみんな四月に自殺してしまうんです" (8:26).
16	18	2	15	00001D6F		00001FFB		  - 00001D6F:8:111-139 (dead): "だから姫様は、美冬ちゃんが女神様に謁見することを許可して下さったんだ".
16	19	2	15	00001FFB		00001FFB		  - 00001FFB: leaves 荒田: "うん……。ごめん、母さん……" (8:1).
16	20	2	15	the guide calls him "わたくしの父"		00001FFB		  - the guide calls him "わたくしの父" (00001CA0:258:5).
16	21	0		chunk-25 note		00001984:71:0		- chunk-25 note (as of 00001AC1): no lines; per the Primavera staff, 金井様's companion, plain-looking, "ちょっと金井様には釣り合わない" (00001AA5:8:7-9); 茜 introduces him to 美冬 as 良治君's colleague (00001984:71:0-1); per 良治, "栄一郎は相変わらず、なつみを通して俺たちを見守っていてくれる" (00001AC1:8:52); his 十三回忌 at 荒田 on 800 April 8 (8:68)
16	22	0		chunk-24 note		0000156A		- chunk-24 note (as of 0000156A): route of 0000156A: no lines; per 五島 he used ドローガ once and なつみ became second generation from his blood (58:33-35); 茜 recalls the 中央公園 御神木 he climbed for なつみ's balloon (46:55, 46:65) and "栄一郎さんが桜から落ちて死んだ日" (76:142)
16	23	0		chunk-23 additions		000011CC		- chunk-23 additions (as of 0000151C): route of 000011CC, dead:
16	24	2	23	memory line of 12 years ago, colour 春花の父		000011CC		  - memory line of 12 years ago, colour 春花の父: "僕はこれでも、荒田集落の山育ちなんだ！　木登りくらいどうってことないよ！" (000014EE:8:18, REPLAY of 0000082F:11:131-132 without "よ！"/"ほ！", V531); per 糸姫 he used ドローガ and alone met her 神使 condition, and she needed the balloon to take him (000014EE:8:33-39)
16	25	2	23	embedded in a cherry, his body speaks 死月妖花's words		000014EE:24:42		  - embedded in a cherry, his body speaks 死月妖花's words (colour 春花の父; per narration not his voice or manner, 000014EE:24:42-44; V551): "この地の滋養はすべて吸った。だから僕は、もうここでは生きられない" (24:38); "共に元木の地に根を下ろし、永劫の繁栄を成し遂げようぞ" (24:40); "女神様のお出ましだああああ！！！" (24:54); "古郡なつみ古郡なつみ古郡なつみ古郡なつみ" (00001505:8:42); stammered "あああああ兄貴そそそそそそんなものでどどどどうする気だ" (0000151C:8:122); "どどどどどうしししてここ殺せない！！！？？" (8:144); "うああああ糸姫ーーーーー！！！" (8:215)
16	26	2	23	after 死月妖花's death, rotting but conscious, his own gentle voice		0000151C		  - after 死月妖花's death, rotting but conscious, his own gentle voice (0000151C): "み……ふゆ……ちゃん……" (8:346); "ごめん……ね……。／僕は……ずっと……" (8:348-349); "なつ……み……ちゃん" (8:360); "ちが……う……／君のせい……じゃ……" (8:363-364); "春花……／大きく……なったな……" (8:369-370); "よか……た……" (8:372); "み……ふゆ……ちゃ……" (8:376); falls to bones (8:411); dawn of 祀耀800 April 8 is his 命日 (8:427-428); 美冬 carries his bones down (8:457)
16	27	0		chunk-22 additions		000011CC		- chunk-22 additions (as of 000014D7): route of 000011CC, dead, lines colour 春花の父 (0000142B, 000014BC telepathy, 000014D7):
16	28	2	27	voice		0000142B:8:102		  - voice: 僕; mild, coaxing, "friendly" タメ口 that turns mocking; はっはっは / あはは / おっほほ; long expository turns for the 女神 with 尊敬語 about her ("女神様はとても悩まれたそうだよ。" 000014D7:8:172; "女神様は本当にお優しい方だ。" 8:288): "はっはっは！　そうか、君は僕を見るのは初めてか" (0000142B:8:102); "初めまして、春花の父親の新村栄一郎です。／いつも、春花と美冬ちゃんが本当にお世話になってるね" (8:105-106, 丁寧 self-introduction); "僕はやっぱり、暴力的なことは好きじゃないからさ。" (8:185); "ダメだって、五島ちゃんは貴重な人質なんだから。" (8:218); "久しぶりだねなつみちゃん、僕だ、春花の父、新村栄一郎だ" (000014BC:8:241); "あれ？　母さんはどこに行った？" (8:274); "僕は君が飛ばした風船を取ろうとして死んだんだよ？　言うことないの？" (000014D7:8:49); "初めまして夏菜ちゃん、栄一郎叔父さんだよー！" (8:82); "もちろん、僕だよ。" (8:130); "兄貴のモノマネがすっかり身に染みちゃって" (8:126); pained "ぐぐぐ……くそ……！" (8:372), "怒りをお鎮め下さい……！" (8:390)
16	29	2	27	facts		0000142B:8:157		  - facts (his claims): impersonated 幸太郎 at times to manage village news, and beheaded サクラ to start the curse rumour (000014D7:8:126-133, 8:206-211; V516); heals a cut with a hypha from the ground (0000142B:8:157-173); the sound = air through cracks as hyphae dig (8:163-166); the old cycle, 桔梗, the セレジェイラ聖教, 新村晃, the switch from elderly "suicides" to the 呪殺 ten years ago (000014D7:8:134-195); first-generation dead 神使 (8:246); hurt by 夏菜's fresh blood; a huge brown growth bursts from his body at the 女神's anger (8:392-394)
16	30	2	27	calls		000011CC		  - calls: 五島 五島ちゃん / 君 / 天才少女(さん); 茅萱 茅萱ちゃん / 君; なつみ なつみちゃん / 君 / 第二世代の生者; 春花 春花; 美冬 美冬ちゃん / 君; 夏菜 夏菜ちゃん, self 栄一郎叔父さん; サクラ サクラ (3p); 幸太郎 兄貴; Erika 母さん (3p); the 女神 女神様
16	31	0		chunk-21 additions		000011CC		- chunk-21 additions (as of 000013CD): route of 000011CC: dead, moved by 死月妖花, lines colour 春花の父 (0000136D, 00001385 dream, 000013B5, 000013CD); named by サクラ (0000136D:8:152); 茅萱 calls him 叔父さん
16	32	2	31	voice		0000136D:8:153		  - voice: 僕 / 僕ら / 僕たち; breezy, mocking タメ口 with よ / ね / だよ / かな: "よし、サクラはそっちを持って" (0000136D:8:153); "女神様のところだよ" (8:211); "ははは、茅萱ちゃん、面白いこと考えるなあ" (8:228); "茅萱ちゃん、僕らは死人だよ？　女神様の力で動いているだけ。／その意味、分かるでしょ？　ほら、僕の首、見てみてよ" (8:248-249); "まあ、そういうこと。僕たちは不死身で、茅萱ちゃんよりもずっと強い。" (8:265); "その気になればすべての死体を使って、ここを桜の樹海に沈めることだってできるんだ。" (8:273); "しゃべり方や考え方はこの身体の元持ち主に由来するけど、今意識を支配しているのは女神様だ。" (8:287); "ちょ、茅萱ちゃん、ダメだ、それは！" (8:304); in the dream "まずは、その身体の中の血を、死ぬギリギリまで抜いてあげようか" (00001385:8:12); "はっはっはっは！　すごいな茅萱ちゃんは！　賢明な判断だと思うよ！" (000013B5:8:184); "せっかく桜を咲かせても生き物がいなくなったら、女神様が生きていけないからね" (8:241); "よし、もういい、そこまでだ" (000013CD:8:311); "まあ、いい、いいよ、言い訳しなくても。" (8:322); "ここまでは女神様の計画通り。／本当はなつみちゃんだけが目的だったけど、そのためには――／おっと、ここからはまだ秘密にしておこうか" (8:345-347); "さあ、茅萱ちゃん、ご苦労様だったね。／しばらく、眠っていてちょうだい" (8:352-353); last lines heard with gaps (8:357-358, V496)
16	33	2	31	calls		000011CC		  - calls: 茅萱 茅萱ちゃん / 君 / 姪っ子 (3p); サクラ none heard (answers her); 美冬 美冬ちゃん (3p); 春花 春花 (3p); なつみ なつみちゃん (3p)
16	34	2	31	facts		0000136D:8:251		  - facts (this route): his fence-pierced neck unmarked (0000136D:8:251-255); struck 茅萱 from behind in the 蔵 (8:155, her inference); being repaired beside 死月妖花 (000013B5:8:72, サクラ's claim within a test); fresh third-generation blood hurts them, dried blood does not (000013CD:8:350-351)
16	35	0		chunk-20 additions		000011CC		- chunk-20 additions (as of 0000127A): on 茅萱's recording (route of 000011CC, V467) a voice in the colour 春花の父 answers サクラ's "さあ、栄一郎、運びましょう" with "よし、サクラはそっちを持って" (00001214:8:247-248), carrying the knocked-out 茅萱 away; 春花 takes the voices for サクラ and her father (8:252); buried (土葬) in the 墓地広場 with サクラ (0000127A:8:30); moved to 元木町 at high school, the first tie between the two places (000011E3:8:77-80)
16	36	0		chunk-19 additions		000010DD		- chunk-19 additions (as of 000010DD, and 000010F5-0000119C where cited):
16	37	2	36	narrator of 000010DD		000010DD		  - narrator of 000010DD (僕; his lines drawn in the colour 春花の父, speaker by colour, which fixes that label to him): reflective, self-lacerating past narration, a teenager's inner questions ("2人が困った時、僕は何ができるのだろうか。" 11:9; "僕は、最低な奴だ……。" 11:210; "俯瞰的に僕を見てみると、卑屈な皮をかぶりながら、とても自尊心が高く自己愛が強い。" 11:200); under ドローガ the pronoun turns to 俺 ("今の僕なら――／俺なら――。" 11:268-269; "俺がずっとサクラを守ってやる。だから安心しろ。" 11:279, inner) and back to 僕 at 11:283 (V434); closing refrain "桜よりももっときれいな花を、見つけたい。" (11:370)
16	38	2	36	teen lines, タメ口 with 僕		000010DD		  - teen lines, タメ口 with 僕: "兄貴……" (11:69); "いや、ちょっと考えごとさ。…さすが僕の兄貴だよ" (11:72-73); "兄貴……僕にできることって……" (11:88); "もうサクラがいじめられる心配はないんだ。／僕がサクラを守る方法を編み出したんだよ！" (11:157-158); "そんなの、地球の裏側まで行っても探すさ！" (11:172); "サクラ、これで僕はスーパーマンになれるんだ。" (11:219); "あの頭の悪いやつらには、同じ方法で対抗するしかないんだよ！" (11:222); "この方法は、800年も荒田集落を守り続けたご先祖様の知恵なんだ。" (11:226); "ははは……／ははは……！" (11:270-271); to his mother "母さん、荒田にはほとんど桜がないでしょ？…佐波県の元木町っていうところ" (11:350-352); "サクラには僕が出ていくことを黙っていてくれ。／あいつにはもう、合わせる顔がない……" (11:357-358)
16	39	2	36	facts		000010DD		  - facts (000010DD): same age as 幸太郎 and サクラ; saw サクラ's bullying in his second middle-school year and kept silent under threat; in the spring of his third year read the 蔵書 (セレ = 新村儀之助, ドローガ from 荒田's cherries), boiled the 新村本家 cherry roots three days in the cave under the secret base, smoked the crystals; crushed a stone, cracked the rock wall, broke his own leg open; his blood over サクラ in the dark, narrow cave; months in hospital, a lasting limp; サクラ's cover story "木から落ちた"; left 荒田 for a high school in 元木町, 佐波県, asking his mother not to tell サクラ
16	40	2	36	facts		000010F5		  - facts (000010F5, サクラ's narration): married 美冬ちゃん, "美人で甲斐甲斐しい素敵な人", visited 荒田 now and then; died two years before 790 in an accident (8:109-112); 幸太郎 believes he made ドローガ and that his blood gave サクラ her foresight (8:323-331); 美冬 in 00001124:8:229-231: both she and he lacked confidence when they met
16	41	2	36	0000119C		0000119C:8:221		  - 0000119C:8:221-234 (五島's theory): the voice Natsumi calls "新村栄一郎さんの声" comes from a 『何者か』 imitating him, since the dead do not speak (theory only)
16	42	0		chunk-18 additions		00000F40:11:46		- chunk-18 additions (as of 00000FCF): per Haruka's narration, clumsy: broke his leg hunting, died falling from a tree (00000F40:11:46-47); decided to marry Mifuyu the day after meeting (11:38); father of the stillborn あやか (00000FB7:11:51); Goto doubts that his voice on the wind is a dead man's (00000F9F:11:102-109); the closing bare cells of 00000FCF: "そうだね母さん。後はみんなに任せよう。" / "もう、僕たちがでしゃばる必要はない。" (47:1-2), a voice addressed 栄一郎 at 47:0 (V425)
16	43	0		chunk-17 additions		00000F24		- chunk-17 additions (as of 00000F24):
16	44	2	43	speaks in 00000F24		00000F24		  - speaks in 00000F24 (route of 00000F24, 祀耀802 April 8 night): a man's voice in the cave, colour 春花の父 (142:188-207; 187:0-78); Natsumi takes him for 幸太郎 (142:193); he calls himself Haruka's 父親 (142:196); named only by Mifuyu in his enacted account: "栄一郎さん！？" (187:17)
16	45	2	43	pronoun 僕		00000F24		  - pronoun 僕 ("僕が元木町でサポートしてあげたのに" 142:200; narration "僕はあの時、元木町に来ていた。" 187:11); mocking, cheerful タメ口 with だろ / よ / ね / さ, sing-song cruelty unlike the gentle dream voice of 00000E31: "あーあ……やっぱり出来損ないだったか" (142:188); "はは、久しぶりだねえ、春花。／父親に向かってこいつなんて呼び方はダメだろ？" (142:195-196); "美冬ちゃんは出来損ないだ。" (142:199); "ああ、知っている。せっかく僕ら親子が再会したんだ、教えてあげよう" (142:205); "ははは、哀れだよねえ" (187:3); "なるほど、さすが天才少女、いい目の付け所をしているよ。" (187:8); "もしかして、死んじゃった？／まあいいや。とりあえず行こう" (187:36-37); "女神様はね、何でもできるんだよ。" (187:40); "いやいや、あんなミイラはただの繁殖の道具に過ぎない。" (187:45); "タイミングよく母さんが死んでくれて助かったよ。" (187:51); "春花、強いなら相手をしないと" (187:78)
16	46	2	43	calls		00000F24		  - calls: Haruka 春花; Mifuyu 美冬ちゃん; 茜 茜ちゃん (3p); Natsumi なつみちゃん (3p); Goto 天才少女 / 五島ちゃん (3p); Erika 母さん (3p); サクラ サクラ (3p); the girls 君たち
16	47	2	43	facts		00000F24		  - facts (his account; route of 00000F24): a 神使 of the 女神 ("僕と同じだよ" 187:25); sent by the 女神 to 元木町 on 800 April 8; pushed Mifuyu down the Revo Heights stairs as she injected ドローガ; took her body to 荒田 by the 女神's power; the 女神 gives strength, foresight, teleport and control of the dead (187:40-43); the ヴェルジ mummy is only a breeding tool, "the true goddess" higher (187:45-46); pushes Goto out of the cave to the villagers (187:103-104)
16	48	0		chunk-16 additions		00000F0D		- chunk-16 additions (as of 00000F0D): no lines; in 夏菜's foresight vision Haruka: "私の親は新村栄一郎とここにいるお母さんだけだ。" (44:222)
16	49	0		chunk-15 additions		00000EF6		- chunk-15 additions (as of 00000EF6): no lines; route of 00000EF6: his autopsy ("新村栄一郎検死結果", 14 years before 802) found an ephedrine-like drug in his blood; the 警察庁 began a detailed analysis, then refused it and ordered 佐波県警 to stop investigating his death (20:40-73); Goto's theory: Natsumi took the substance from his blood and passed it to Haruka (36:241-242; 20:47); adoptive father on Haruka's 戸籍謄本 (26:150)
16	50	0		chunk-14 additions		00000EDF		- chunk-14 additions (as of 00000EDF): no lines; per サクラ in Goto's vision (00000EDF:59:69-80) he is the first generation: to protect her from school bullies he found the way to make ドローガ, went wild testing a prototype and was hurt; she kept silent because he broke the 掟; 幸太郎: "まあ、あいつらしいな"; サクラ of 幸太郎: "へこみ方は栄一郎そっくりなのね" (47:77); Goto to Mifuyu "新村栄一郎さんが泣いてますよ？" (65:24); replayed search result "元木町在住の新村栄一郎さん（30）" (111:4)
16	51	0		chunk-13 additions		00000EAF:74:0		- chunk-13 additions (as of 00000EC7): no lines; 00000EC7: Natsumi thinks of "私をかばって死んでしまった春花のお父さん" and feels she met him somewhere recently (11:132-136), then clearly remembers meeting おじさん in the dream and the promise (11:187-189); replayed 00000EAF:74:0-4 search result "元木町在住の新村栄一郎さん（30）"
16	52	0		chunk-12 additions		00000E7B		- chunk-12 additions (as of 00000E7B): per 桃子's research, Natsumi was bathed in his blood as a child and he had probably used ドローガ, a "第一世代" (00000E7B:28:13-16); 幸太郎 looks like his photo (34:16) (as of 00000E7B)
16	53	0		chunk-11 additions		00000E49		- chunk-11 additions (as of 00000E49):
16	54	2	53	speaks to Natsumi in 00000E31		00000E49		  - speaks to Natsumi in 00000E31 (her unconscious dream; "named only" in the heading is superseded): pronoun 僕 ("兄貴は、僕が押さえつけた。" 11:34); gentle タメ口 with "はは", よ / ね / だろう / さ: "――なつみちゃん……／聞こえる？" (11:9-10); "そうだよ。やっと声が届いたみたいだ" (11:19); "はは、もう、そんなことはいいんだ。" (11:28); "はは、やっぱり兄貴のやつ、口を滑らせたのか。／まあ、色々あってね。" (11:45-46); "なつみちゃんは死んでいないよ。生きている" (11:67); "その手、握ってごらん" (11:77); "どうか兄貴を責めないでやってほしい。兄貴は、ああするしかなかったんだ" (11:93); "もし真相を知ってしまえば、きっと誰1人幸せにはなれない。" (11:97); "だからもう、2度と僕の声が聞こえることはない" (11:100); "真相さえ、知らなければね" (11:108); "春花と美冬ちゃんのこと、くれぐれも頼むよ！" (11:119)
16	55	2	53	calls		00000E49		  - calls: Natsumi なつみちゃん; 幸太郎 兄貴 (3p); Mifuyu 美冬ちゃん; Haruka 春花; 良治 良治 (3p)
16	56	2	53	EN correlates		00000E49		  - EN correlates: gentle, warm, normal contractions; no profanity
16	57	2	53	facts		00000E49		  - facts: says he held 幸太郎 down (00000E31:11:34); 幸太郎, pinned by the fallen cherry's roots, shouts "やめろ栄一郎！" (00000E49:11:63), a link the text does not state; Natsumi guesses the wind voice "おいで" is "春花のお父さん" (00000E01:15:0-19:2, V264); she forgets the talk on waking except a promise (00000E49:11:10-13, 11:196-200)
16	58	2	53	open questions added		00000E49		  - open questions added: V264
16	59	0		chunk-10 additions		00000CFA:11:384		- chunk-10 additions (as of 00000DE9): probably the man with サクラ in Natsumi's vision of the cave (00000D59:11:204-212; 00000DA1:11:15-17); Goto's hypothesis: in middle school he made ドローガ from a book in the 蔵 and cherry roots, broke his leg (open fracture) testing it, his blood fell on サクラ (00000DA1:11:63-81; 00000DB9:11:66-72; hypothesis only); per 幸太郎 he always sided with サクラ against the bullies, "卑屈なくせに、 絆 ってものを大事にする方だった" (00000DB9:11:13, 11:61); his 十三回忌 on 祀耀800 April 8, memorial photo on the altar (00000D59:11:108; 00000DE9:11:3); Mifuyu: 良治 brought her and Eiichiro together (00000CFA:11:384)
16	60	0		chunk-09 additions		00000B57:11:83		- chunk-09 additions (as of 00000C68): the wind voice "　夏菜についていきなさい" (00000BD6:15:0), which Natsumi takes for おじさん's voice (19:1); his voice sent Natsumi and Goto to Mifuyu's meeting (00000B57:11:83, her account); per 幸太郎, grew up in 荒田, poor at hunting, broke his leg overdoing it, lost confidence and left; 幸太郎 and サクラ tried to keep him; サクラ liked him more ("いつも引っ込み思案でうじうじしたやつだった" 00000C68:11:56-71); Goto suspects something happened to him long ago (00000BB7:11:215) (as of 00000C68)
16	61	0		chunk-08 note		00000A7C:11:3		- chunk-08 note (as of 00000A94): 命日 April 8 (00000A94:11:14-15); his 三回忌 held in 荒田 about ten days before 790 April 17 (00000A7C:11:3); the only death in the register's last 30 years that was not a suicide (00000A94:11:178)
16	62	0		chunk-07 additions		000008B9:36:38		- chunk-07 additions (as of 00000972): remembered lines "だから……！　美冬さんを笑顔にするためには、まずは僕が笑顔にならないと……！　もし美冬さんが悲しんでいたら、僕が笑顔になります！" (000008E8:8:233-236, V156) and "美冬ちゃんだって、世界一の奥さんだよ！" (8:275); 良治: "今日は、お前の命日だ" on April 8, 790 (000008B9:36:38); Natsumi says she heard his voice asking her to help Haruka (000008E8:8:95-96); twin brother 新村幸太郎, same looks, different nature (0000095B:35:21; 00000972:11:12-13); "一見おどおどして頼りない感じ" per Mifuyu via Haruka (00000972:11:13); the "おじさん" Natsumi sees at the 新村本家 is 幸太郎 at 27:5-35:14 (the first sighting 0000095B:11:41-43 is not explained separately)
16	63	0		chunk-06 additions		000008A2		- chunk-06 additions (as of 000008A2):
16	64	2	63	speaks in 000007D3, 000007EA, 00000801, 00000818, 0000082F		000008A2		  - speaks in 000007D3, 000007EA, 00000801, 00000818, 0000082F (memory files)
16	65	2	63	pronoun		000008A2		  - pronoun: 僕 ("どう考えて僕には釣り合わないよ！" 000007D3:11:90; "僕と、家族になってください！" 000007EA:11:248) (as of 0000082F); self おじさん to Natsumi (0000082F:11:123), お父さん to the unborn child (00000801:8:133)
16	66	2	63	speech		000008A2		  - speech: 丁寧, nervous, stammering to Mifuyu before marriage ("だだだだいじょうび……！" 000007D3:11:58; "だいりょうぶでぶ" 11:189; "ひゃめて下さいって言ってるんだ！" 11:276; "あ、あにょ！…ありまひゅか！？" 000007EA:11:172-173; "ぼびょびょぼ僕は" 11:215; V138); タメ口 to 良治 ("おい良治……！　勘弁してくれよ……！" 000007D3:11:86); after marriage タメ口 to Mifuyu, 美冬ちゃん ("本当かい！？　やったね美冬ちゃん！" 00000801:8:128); pep "気合いだ！　気合い！" (000007D3:11:95); cries with a moaning sob (000007D3:11:204-209; 000007EA:11:98-99; 00000801:8:135-137); "あちちち！", "おごごごご！　あぢぢぢ！" (00000818:11:170, 11:180); "よ！…ほ！" climbing (0000082F:11:131-132)
16	67	2	63	EN correlates		000008A2		  - EN correlates: shy, polite, apologetic; stammer by repetition; warm, cheerful after marriage; no profanity observed ("くそう" once 000007D3:11:92)
16	68	2	63	facts		000008A2		  - facts: short, heavy, not handsome (000007D3:11:47-48); limps from a childhood leg injury (000007D3:11:351; 0000082F:11:104-107); has an older twin brother, same looks, confident (000007D3:11:224-226, unnamed); left 荒田 at high school; friends with 良治 from high school, same company (00000846:11:53-54); dislikes coffee and spicy food (000007D3:11:125); proposed to Mifuyu the day after meeting her (000007EA:11:248); his mother = the 大魔女 (00000801:8:40); adoptive father of Haruka (00000818:11:244); feared Mifuyu would do anything to keep her happiness (0000082F:11:73-74); died 祀耀788 April 8 falling from the 御神木 onto the fence, twisting away from Natsumi per 良治 (0000082F:11:150-157, 19:6-8) (as of 0000082F)
16	69	0		chunk-05 additions		00000682:11:9		- chunk-05 additions (as of 00000697): Haruka's account (00000682:11:9-15): climbed the 御神木 for Natsumi's balloon, fell, the park fence pierced his neck; died at 30 (11:213); memorial photo in the living-room cabinet (11:211); not handsome, heavy (11:214), "醜男" (00000697:8:145); warm and kind; Mifuyu pursued him (00000697:8:146-149); Haruka prays to him as the 死神 ("死神――お父さん" 00000682:11:170)
16	70	0		chunk-03 additions		000004E3:27:109		- chunk-03 additions (as of 000005AC): Haruka's father; fell reaching for a balloon Natsumi let fly (Ise, 00000550:11:44); family home in 荒田地区 / 荒田集落, 飯沢県 (00000550:11:67-68); Haruka: "デブ", shorter than her mother (00000595:11:92); in Haruka's curse story he is the 死神 (000004E3:27:109-120)
16	71	0		first_appears	1	000002F8:12:37		- first_appears: 000002F8:12:37 (news article)
16	72	0		pronoun(s)	1	000002F8:12:37		- pronoun(s): none observed (no lines)
16	73	0		facts		000002F8:12:33		- facts: of 元木町, 30, died 祀耀788 4/8 in 中央公園, fell from a cherry tree, struck his neck on the fence; climbing for a child's balloon; drinking with a friend's family (000002F8:12:33-54); Haruka's father per her message (000002FA:19:15)
16	74	0		as-of	1	00002450		- as-of: 00002473 (was 00002450)
16	75	0		blank		000002F8:12:37		
17	0	0		heading	1	0000037D:11:41		## unnamed old detective (刑事)
17	1	0		first_appears	1	0000037D:11:41		- first_appears: 0000037D:11:41
17	2	0		pronoun(s)	1	0000037D:11:41		- pronoun(s): none observed
17	3	0		speech level baseline	1	0000037D:11:41		- speech level baseline: タメ口, avuncular ("ゆうべは大変だったね"), polite formula when leaving ("失礼しました。それならいいんですよ。じゃあ、お大事に")
17	4	0		sentence-final particles	1	0000037D:11:41		- sentence-final particles: ね "気がついたんですね" (11:41), "大変だったね" (11:43); かな "何か分かるかな？" (11:50)
17	5	0		EN correlates	1	0000037D:11:41		- EN correlates: normal contractions, mild
17	6	0		facts		0000037D:11:42		- facts: "おじいさんのような刑事" Goto met at the police station on 4/8 (0000037D:11:42)
17	7	0		as-of	1	0000037D		- as-of: 0000037D
17	8	0		blank		0000037D:11:41		
18	0	0		heading	1	000003AE:8:0		## unnamed examiner (called 先生 by the patient)
18	1	0		first_appears	1	000003AE:8:0		- first_appears: 000003AE:8:0
18	2	0		pronoun(s)	1	000003AE:8:0		- pronoun(s): none observed
18	3	0		speech level baseline	1	000003AE:8:0		- speech level baseline: 丁寧 at first ("名前を聞かせてもらえますか？"), then gentle タメ口 ("ごめんね。" / "落ち着いた？" 8:24-25); phone to staff 丁寧 ("常時監視してください")
18	4	0		EN correlates	1	000003AE:8:0		- EN correlates: soft, short questions; all lines ――-prefixed (keep)
18	5	0		as-of	1	000003AE		- as-of: 000003AE
18	6	0		blank		000003AE:8:0		
19	0	0		heading	1	000003AE:8:1		## unnamed patient (masked ××××)
19	1	0		first_appears	1	000003AE:8:1		- first_appears: 000003AE:8:1
19	2	0		pronoun(s)	1	000003AE:8:1		- pronoun(s): 私 ("私は誰も助けられないの！" 8:22)
19	3	0		speech level baseline	1	000003AE:8:1		- speech level baseline: 丁寧 to the examiner; drops to plain in the outburst (8:22)
19	4	0		sentence-final particles	1	000003AE:8:1		- sentence-final particles: の "助けられないの！" (8:22); よ "もうやめてよ！"
19	5	0		EN correlates	1	000003AE:8:1		- EN correlates: short replies, few contractions when polite
19	6	0		known ambiguity / open questions	1	000003AE:8:1		- known ambiguity / open questions: identity masked; no gendered pronoun (V050); silent turns as single-space cells (V041)
19	7	0		as-of	1	000003AE		- as-of: 000003AE
19	8	0		blank		000003AE:8:1		
20	0	0		heading	1	000003B4:8:14		## unnamed police officers (元木町 station)
20	1	0		first_appears	1	000003B4:8:14		- first_appears: 000003B4:8:14
20	2	0		pronoun(s)	1	000003B4:8:14		- pronoun(s): 私 (female officer "私警部補狙ってたのに" 8:18); 俺 ("俺は年上がいいなあ" 8:25)
20	3	0		speech level baseline	1	000003BC		- speech level baseline: タメ口 among themselves (わねえ, まじで, なあ); 丁寧 to Ise, overdone "お疲れ様でございますでございます！" (8:28, V039); subordinate in 000003BC: 丁寧 ("警部補最近働き過ぎです")
20	4	0		EN correlates	1	000003B4:8:14		- EN correlates: casual office chatter; "まじで" -> "Seriously?!"
20	5	0		known ambiguity / open questions	1	000003B4:8:14		- known ambiguity / open questions: V039, V046
20	6	0		as-of	1	000003BC		- as-of: 000003BC
20	7	0		blank		000003B4:8:14		
21	0	0		heading	1	000003A8:8:5		## unnamed rowdy high-schoolers (TV crowd)
21	1	0		first_appears	1	000003A8:8:5		- first_appears: 000003A8:8:5
21	2	0		pronoun(s)	1	000003A8:8:5		- pronoun(s): 俺 ("じいちゃんばあちゃん俺元気だよー！" 8:25)
21	3	0		speech level baseline	1	000003A8:8:5		- speech level baseline: タメ口, shouting, stretched endings ("よろしくうー", "ふぉおお")
21	4	0		EN correlates	1	000003A8:8:5		- EN correlates: high contractions, whoops; "いえーい" -> "Woo-hoo!" TBD; "マジ" -> "seriously"
21	5	0		as-of	1	000003A8		- as-of: 000003A8
21	6	0		blank		000003A8:8:5		
22	0	0		heading	1	00000488:34:5		## unnamed receptionist (police station)
22	1	0		first_appears	1	00000488:34:5		- first_appears: 00000488:34:5
22	2	0		speech level baseline	1	00000488:34:5		- speech level baseline: タメ口, casual ("ちょっと待ってね"; on the phone "いや、なんか背の小さい女の子")
22	3	0		EN correlates	1	00000488:34:5		- EN correlates: casual, normal contractions
22	4	0		as-of	1	00000488		- as-of: 00000488
22	5	0		blank		00000488:34:5		
23	0	0		heading	1	00000488:48:0		## unnamed voices (00000488:48)
23	1	0		chunk-14 note		00000488		- chunk-14 note (as of 00000EDF): replayed in 00000EDF:235:0-10 as the voice flood Goto hears after Natsumi's blood touches her; she takes it for Natsumi's kind of intuition (235:11-12); reuse the 00000488 English
23	2	0		first_appears	1	00000488:48:0		- first_appears: 00000488:48:0
23	3	0		pronoun(s)	1	00000488:48:0		- pronoun(s): 私 ("私が六人殺した" 48:4), 俺たち ("違う殺したのは俺たちだ" 48:5); several speakers, none attributed
23	4	0		EN correlates	1	00000488:48:0		- EN correlates: fragments, no connecting words, U+3000 separators kept; echoes of earlier lines must reuse their English (V044)
23	5	0		known ambiguity / open questions	1	00000488:48:0		- known ambiguity / open questions: V043, V044
23	6	0		as-of	1	00000488		- as-of: 00000EDF (was 00000488)
23	7	0		blank		00000488:48:0		
24	0	0		heading	1	00000488:11:4		## unnamed figure at a distance
24	1	0		chunk-14 note		00000EDF		- chunk-14 note (as of 00000EDF): in 00000EDF (the same route, 祀耀800 April 8 night) Goto notes the killer was about 100 m away a moment before (208:5); the attacker is 新村美冬 in 死神 dress (117:157-165)
24	2	0		first_appears	1	00000488:11:4		- first_appears: 00000488:34:118 ("遠くに立っている誰か"); 00000488:11:4 "さっきの人"
24	3	0		pronoun(s)	1	00000488:11:4		- pronoun(s): none (no lines); no gender, no description
24	4	0		as-of	1	00000488		- as-of: 00000EDF (was 00000488)
24	5	0		blank		00000488:11:4		
25	0	0		heading	1	000004F9:11:90		## the 死神 (masked figure; "死神" in Haruka's story)
25	1	0		chunk-25 note		0000062C		- chunk-25 note (as of 00001854): the guide 立木三日 wears the same 能面 and 赤装束 as "先ほどの犯人と思しき者" and says she is another person (000017B6:82:0-8); in the 0000062C route 伊勢 expects 新村美冬 (00001800:8:9-13; 00001854:8:11); a 女ケ沢 witness saw something too fast to be human (00001741:8:26-35)
25	2	0		chunk-22 note		000011CC		- chunk-22 note (as of 000014D7): route of 000011CC: 美冬: "荒田集落では死んだ人のことを死神って言うの。／死神は自分の命日に現世に舞い戻り、生きた人間を連れて行こうとする。" (000014BC:8:121-123); なつみ's hypothesis: the masks and robes hide individuals from the foresight 死月妖花 uses (8:171-182); 栄一郎's version of the lore: "死神は、アバドンに従いし4人の神使の使い魔。" (000014D7:8:239, V520)
25	3	0		chunk-21 note		000011CC		- chunk-21 note (as of 000013FD): route of 000011CC: 茅萱: "呪殺事件とは、死者が生者をあの世に連れて行く事件――／まさに死神による生者の連行だった。" (0000136D:8:9-10); the 482 verse orders descendants to wear blood-coloured robes to resist the dead (00001355:8:96); the 大魔女's oral lore: "死神は、アバドンに従いし4人の神使。" (000013FD:8:227, V499)
25	4	0		chunk-20 note		000011CC		- chunk-20 note (as of 000012DE): route of 000011CC (V467): 春花 recalls the 荒田 死神 who returns on the 命日 to take the living, "完全な形で再現" by the recording (00001214:8:267-269); masked villagers in the 能面 / 赤装束 / 鉈 / メイス set bar the way (000012DE:8:70-77)
25	5	0		chunk-17 additions		0000062C:19:40		- chunk-17 additions (as of 00000F24): route of 00000F24: replayed 0000062C:19:40-76 (82:0-7); per the enacted 800 scene the 死神 at Goto's house was 茜 on Mifuyu's half-used ドローガ (187:1-2); Haruka: "ヴェルジの格好もまさに死神だし、ヴェルジ自体が死神とも言える" (124:261); the 荒田 rite repels the 死神 of the dead on their 命日 (142:141-144); a new figure in white, the 白般若, is a separate block
25	6	0		chunk-15 additions		00000EF6		- chunk-15 additions (as of 00000EF6): route of 00000EF6: per "今の定説" the 死神 was Haruka's mother (26:86); Natsumi recalls it pushing back Haruka's two-handed attack with one hand (26:92-101, replayed lines colour 春花, V350); 2 years earlier Natsumi and Haruka took the train to escape it (36:130)
25	7	0		chunk-14 additions		00000EDF		- chunk-14 additions (as of 00000EDF): route of 00000EDF (祀耀800 April 8 night): the 怪人 with hatchet and mace who attacks Goto and Natsumi (65:1-3), named by Goto as 新村美冬 (65:24); in the real frame "私を鉈で叩き切ろうとした死神" is 新村美冬 (117:157, 117:165); the 荒田 funeral book: the dead are 死神 and take the living; 能面 and a red over-robe (赤装束) seal them; they kill with hatchet and mallet (メイス); the 魔女 dress alike; only the 大魔女 can put them down; attendees dress the same (192:140-153); Goto: Mifuyu's dress matched the 死神 role (192:155-157)
25	8	0		chunk-12 additions		00000E7B		- chunk-12 additions (as of 00000E7B): route of 00000E7B (祀耀804): about 20 villagers in "死神の装" (赤装束, 能面, 鉈, メイス, torches; サクラ: "法要や戦いの時の荒田集落の正装" 180:36-37, V274) on ドローガ surround the 新村 house to kill 夏菜 (180:22-27); narration 怪人 then 死神 (180:25, 180:45); 桃子 in 死神 dress to escape (180:90); "1番私が死神っぽいじゃん……" (82:222)
25	9	0		chunk-11 additions		00000E01:11:85		- chunk-11 additions (as of 00000E19): narration calls the attacking villagers in 十三回忌 dress 死神たち (00000E01:11:85); Natsumi's reasoning: masked and robed villagers cannot be identified, so her foresight misses danger to them; the custom's stated reason (so the 死神 cannot take them) may cover another; "そもそも『死神』って何だろう？" (00000E19:11:18-34)
25	10	0		chunk-10 additions		000001DB		- chunk-10 additions (as of 00000DE9): route of 000001DB: Mifuyu plans to kill 茜 and Natsumi in the 死神's dress and manner (00000CFA:11:131-132); "今年の死神の餌食は、古郡家に決まったのよ" (11:221); route of 00000BD6-: Chigaya in rite dress at the door frightens Natsumi (00000D41:11:12-18); at the 法要 the dead are 死神: all wear 能面 and 赤装束 and keep silent so the 死神 cannot find them (00000DD1:11:61-80); a robe and mask laid on a table are possessed, pinned with knives, the limbs cut off with the hatchet and the mask smashed with the mace (00000DE9:11:4-7, 11:166-172, 11:215-216); the Portuguese rite lines use English "Grim Reaper" (V258)
25	11	0		chunk-08 additions		00000A48:26:18		- chunk-08 additions (as of 00000B27): 荒田 usage confirmed by Chigaya: the dead are 死神 and try to take the living; the grandmother draws them off on the road to the rite (00000A48:26:18-25); a 掟 bars touching a 死神 killed by 呪殺, so those ten got no 法要 (00000ADE:11:35); at the 継承の儀 the figure in 赤装束 and 能面 with hatchet and mace is Chigaya (00000A62:19:32-34), the grandmother in black robes and an old woman's mask; in 00000ADE masked villagers in the same dress attack (narration 怪人たち, 11:136); Natsumi's father: Mifuyu's kit held Noh masks and red robes (00000B27:11:66)
25	12	0		chunk-07 additions		000008E8:8:135		- chunk-07 additions (as of 00000972): no masked figure in chunk 07; Haruka (6) says her curse made her mother a 死神 and prays to "お母さんの中の死神さん" (000008E8:8:135-184); Mifuyu: "死神を呼ぶ魔女にしようとしたのは、私なの" (8:193); at 荒田 the word names a shochu 『死神』 and a dish シニガミトカゲ (00000972:11:160, 11:175; V170)
25	13	0		chunk-06 additions		00000697		- chunk-06 additions (as of 000008A2): route of 00000697-00000779: Mifuyu dresses as the 死神 (小面), a second 死神 in an old woman's mask appears and is Haruka in disguise (00000779:8:18-102); 良治's memory: Mifuyu gives 茜 and 良治 the 赤装束 (knives sewn inside), 能面, 鉈, メイス and a strength drug for the 女ケ沢 killings (000008A2:8:24-47); in 荒田 usage 死神 = the dead, the gear = the settlement's battle dress (000008A2:8:84-95; V124)
25	14	0		chunk-05 additions		00000682:11:115		- chunk-05 additions (as of 00000749): no appearance in chunk 05; Haruka: in the 荒田集落 the dead are called 死神, and they and memorial attendees wear 能面 and 赤装束 with 鉈 and メイス (00000749:8:11-30; V124); Goto: the usual image is 骸骨に大きなカマ (8:25); Haruka's childhood method "summons" it (00000682:11:115); route of 00000697-00000761: Goto's hypothesis puts Haruka's mother under the mask (00000731:8:13) (hypothesis only)
25	15	0		chunk-04 additions		000005C1		- chunk-04 additions (as of 00000641): route of 000005C1-00000656: enters Goto's room through a 2nd-floor window with no ladder, red robes, 鉈 and a metal club, 能面 (0000062C:19:38-39); dodges every bullet (19:47); Natsumi names it "これが死神だ……！" (19:51); narration 怪人 then 死神; no lines; unmasked as Natsumi's mother 茜 (00000641:11:116-118); keep ungendered in every line before 00000641:11:118
25	16	0		first_appears	1	000004F9:11:90		- first_appears: 000004F9:11:90 (the bench smashed); described 11:92-93
25	17	0		pronoun(s)	1	000004F9:11:90		- pronoun(s): none (no lines in chunk 03)
25	18	0		description		000004F9:11:92		- description: big red clothes / 赤装束 with a hood, a hatchet (鉈) and a mace (メイス), a 能面 (000004F9:11:92-93; 00000564:11:157); one-handed strength; drives a car (0000050E:11:148-153)
25	19	0		notes		00000564		- notes: narration calls it 死神 (in 「」 or 『』 at first) and 怪人 (00000564:11:157); ungendered until unmasked in the 00000564 route; do not add a pronoun where the JP has none
25	20	0		known ambiguity / open questions	1	000004F9:11:90		- known ambiguity / open questions: V014
25	21	0		as-of	1	000014D7		- as-of: 00001854 (was 000014D7)
25	22	0		blank		000004F9:11:90		
26	0	0		heading	1	000004E3:11:1		## unnamed police officer (answers 古郡良治's phone)
26	1	0		first_appears	1	000004E3:11:1		- first_appears: 000004E3:11:1
26	2	0		pronoun(s)	1	000004E3:11:1		- pronoun(s): 私 ("私は元木警察の者で――")
26	3	0		speech level baseline	1	000004E3:11:1		- speech level baseline: 丁寧 phone formula ("こちらは古郡良治さんの携帯です")
26	4	0		as-of	1	000004E3		- as-of: 000004E3
26	5	0		blank		000004E3:11:1		
27	0	0		heading	1	000004F9:11:136		## unnamed radio operator (西佐波警察)
27	1	0		first_appears	1	000004F9:11:136		- first_appears: 000004F9:11:136
27	2	0		speech level baseline	1	000004F9:11:136		- speech level baseline: 丁寧 radio procedure ("聞こえ――ますが", "了解しました", "どうぞ")
27	3	0		EN correlates	1	000004F9:11:136		- EN correlates: radio procedure words (Roger, Over); ―― dropouts kept at their positions
27	4	0		as-of	1	000004F9		- as-of: 000004F9
27	5	0		blank		000004F9:11:136		
28	0	0		heading	1	00000538:11:16		## unnamed officer (police station, 00000538)
28	1	0		first_appears	1	00000538:11:16		- first_appears: 00000538:11:16
28	2	0		speech level baseline	1	00000538:11:16		- speech level baseline: gentle タメ口 ("新村春花さんだね。2階へ行ってもらえるかな"; "古郡なつみさん、君には地下に来てもらいたい" 11:25)
28	3	0		known ambiguity / open questions	1	00000538:11:16		- known ambiguity / open questions: V072 (possibly Ise)
28	4	0		as-of	1	00000538		- as-of: 00000538
28	5	0		blank		00000538:11:16		
29	0	0		heading	1	00000564:11:3		## unnamed high-schoolers (ザッハ customers)
29	1	0		first_appears	1	00000564:11:3		- first_appears: 00000564:11:3
29	2	0		speech level baseline	1	00000564:11:3		- speech level baseline: タメ口 gossip ("ねえねえ", "マジで！？")
29	3	0		as-of	1	00000564		- as-of: 00000564
29	4	0		blank		00000564:11:3		
30	0	0		heading	1	00000522:11:171		## unnamed epilogue speaker(s) (00000522:11:171-175)
30	1	0		chunk-15 note		00000522		- chunk-15 note (as of 00000EF6): V064 resolved: the same 祀耀802 April grave visit plays in 00000EF6:8:156-159 ("行こうか……" colour なつみ; "ありがとう……なつみ……" colour 春花); read/speakers/chunk03.tsv colours 00000522:11:171 なつみ, 11:172 春花, 11:173 なつみ, 11:174-175 春花; the thanking speaker is 春花. In 00000522 itself the lines still take no name or pronoun (the author withholds there)
30	2	0		first_appears	1	00000522:11:171		- first_appears: 00000522:11:171
30	3	0		pronoun(s)	1	00000522:11:171		- pronoun(s): none
30	4	0		calls Natsumi		00000522:11:171		- calls Natsumi: なつみ (bare)
30	5	0		notes		00000522:11:171		- notes: not named, not gendered; "ありがとう……なつみ……", "なつみ……ありがとう……生きていてくれて……"; "行こうか……" speaker not marked
30	6	0		known ambiguity / open questions	1	00000EF6		- known ambiguity / open questions: V064 (resolved 00000EF6)
30	7	0		as-of	1	00000522		- as-of: 00000EF6 (was 00000522)
30	8	0		blank		00000522:11:171		
31	0	0		heading	1	000005C1:11:39		## unnamed madams (café, two women)
31	1	0		first_appears	1	000005C1:11:39		- first_appears: 000005C1:11:39
31	2	0		pronoun(s)	1	000005C1		- pronoun(s): 私 ("私が言ったのは" 000005C1:11:43; "私が欲しいのは" 11:46) (as of 000005C1)
31	3	0		speech level baseline	1	000005C1		- speech level baseline: genteel over-polite, ざます / ざますわ / ですわ, "おほほほ！", "あららー！", address 奥様 (000005C1:11:40-50) (as of 000005C1)
31	4	0		EN correlates	1	000005C1		- EN correlates: over-formal English, no contractions, no regional accent, never "my dear" / "positively" (STYLE DIALECT POLICY) (as of 000005C1)
31	5	0		known ambiguity / open questions	1	000005C1		- known ambiguity / open questions: V078 (as of 000005C1)
31	6	0		as-of	1	000005C1		- as-of: 000005C1
31	7	0		blank		000005C1:11:39		
32	0	0		heading	1	00000617:8:46		## unnamed volleyball coach (顧問の先生, middle school, flashback)
32	1	0		chunk-25 additions		00001849		- chunk-25 additions (as of 00001849): 00001849 (colour ?, addressed 先生 by 五島 8:0): 俺; kind, lecturing タメ口 to 五島 (五島さん): "五島さんか……。／でも、もう最初の規則で決まったことだからねえ" (8:1-2); "どんな時も100%の力を出せる人なんていやしない。" (8:8); "じゃあ、誰を落とす？" (8:16); "俺は今さら『古郡を入れるから、お前やっぱり落選な』なんて誰にも言えないよ。" (8:21); "古郡はレギュラーになりたいんじゃなく、レギュラーとしての実力があると認められたかった。／俺はそう思うよ" (8:42-43); "よし、じゃあもう遅いから、気を付けて帰るんだよ" (8:60); 3p 古郡 (bare) / あいつ; knew of 五島's secret support (8:27); tryouts on April 6 (8:22)
32	2	0		first_appears	1	00000617:8:46		- first_appears: 00000617:8:46
32	3	0		pronoun(s)	1	00000617		- pronoun(s): none observed (as of 00000617)
32	4	0		speech level baseline	1	00000617		- speech level baseline: タメ口 coach barks: "どうした古郡！　そんなこともできないのか！？" (00000617:8:46), "もういい、古郡。はい、次！" (8:52), "よし、いいぞ古郡！　その調子だ！" (8:178), "よーし集まれ！" (8:182), "おいしっかりしろ！" (8:223) (as of 00000617)
32	5	0		calls Natsumi		00000617		- calls Natsumi: 古郡 (bare surname) (as of 00000617)
32	6	0		EN correlates	1	00000617		- EN correlates: short imperatives, high contractions, no profanity (as of 00000617)
32	7	0		notes		00000617		- notes: unnamed club members speak three short plain lines (00000617:8:117-119); unattributed (as of 00000617)
32	8	0		as-of	1	00000617		- as-of: 00001849 (was 00000617)
32	9	0		blank		00000617:8:46		
33	0	0		heading	1	00000656:11:172		## unnamed phone speaker (00000656:11:172-183)
33	1	0		chunk-17 note		00000656		- chunk-17 note (as of 00000F24): in the 802 continuation of the 00000656 route 夏菜 watches 豊岳駅 for strangers (118:26-29; 136:69) and the settlement speaks of a 女神 and a prophecy (136:16-27; 118:79); consistent with this speaker, not stated; V091 stays open, keep the 00000656 lines unattributed
33	2	0		chunk-16 note		00000656		- chunk-16 note (as of 00000F0D): 夏菜 grew up by 豊岳駅 (00000F0D:8:14) and says "私強いから" (32:104); consistent with this speaker, not stated; V091 stays open, keep the 00000656 lines unattributed
33	3	0		chunk-09 note		00000656		- chunk-09 note (as of 00000BD6): in the route of 00000BD6 新村夏菜 is alone at 豊岳駅 on an errand and runs the mountain (00000BD6:11:80-91); she says "私、強いから" in 00000B87 and 00000B9F; consistent with this speaker, not stated; V091 stays open, keep the 00000656 lines unattributed
33	4	0		chunk-07 note		00000656		- chunk-07 note (as of 0000095B): 新村夏菜 calls 茅萱 お姉ちゃん and Haruka 春花ちゃん and is athletic (0000095B:35:51, 35:103, 35:117-118); consistent with this speaker, not stated; V091 stays open, keep the 00000656 lines unattributed
33	5	0		chunk-05 note		00000697		- chunk-05 note (as of 00000697): a different unnamed caller from the 荒田 side phones Haruka in 00000697 (see its own block); any link between the two is unshown (V106)
33	6	0		first_appears	1	00000656:11:172		- first_appears: 00000656:11:172
33	7	0		pronoun(s)	1	00000656		- pronoun(s): 私 ("私の視力、すごくいいからさ" 11:174; "私強いから" 11:182) (as of 00000656)
33	8	0		speech level baseline	1	00000656		- speech level baseline: タメ口, casual ("見えたよ", "どうする？", "うん、じゃあね") (as of 00000656)
33	9	0		calls		00000656		- calls: お姉ちゃん (addressee, unheard); 3p 春花ちゃん; "女神様" (as of 00000656)
33	10	0		EN correlates	1	00000656		- EN correlates: casual, normal contractions; no name, no gendered pronoun anywhere (as of 00000656)
33	11	0		notes		00000656		- notes: 11:184-186 "…………／ち……！" and "今年も、呪殺が起きるのか……！" may be the same or another speaker (as of 00000656)
33	12	0		known ambiguity / open questions	1	00000656		- known ambiguity / open questions: V091 (as of 00000656)
33	13	0		as-of	1	00000F0D		- as-of: 00000F24 (was 00000F0D)
33	14	0		blank		00000656:11:172		
34	0	0		heading	1	00000656		## おばあちゃん (Natsumi's grandmother; named only)
34	1	0		chunk-15 additions		00000EF6		- chunk-15 additions (as of 00000EF6): route of 00000EF6: no lines; Natsumi's grandparents (おじいちゃんおばあちゃん / おじいちゃんたち) offered to support her (140:89); were to take her in, but she moved to Goto's (140:248); take charge of her father's 三回忌 rites (140:212); on an Okinawa trip, held up by a typhoon when she is hospitalised (61:55-58)
34	2	0		first_appears	1	00000656		- first_appears: 00000656:11:4 ("私のおばあちゃんの家、電車で1時間") (as of 00000656)
34	3	0		pronoun(s)	1	00000656		- pronoun(s): none (no lines) (as of 00000656)
34	4	0		facts		00000641		- facts: Natsumi moves to her house after her parents' deaths in the route of 00000641-00000656 (as of 00000656)
34	5	0		as-of	1	00000656		- as-of: 00000EF6 (was 00000656)
34	6	0		blank		00000656		
35	0	0		heading	1	00000697:8:61		## unnamed phone caller (00000697:8:61-85, 荒田 side)
35	1	0		chunk-07 note		00000697		- chunk-07 note (as of 00000944): identified as 新村茅萱 (チガ姉), Haruka's cousin: every line opens "ん……", calls Haruka 春花, sister of 夏菜 (00000944:8:23-41; 0000095B:35:67); V106 resolved; see the 新村茅萱 block. The 00000697 lines still need no name or pronoun.
35	2	0		first_appears	1	00000697:8:61		- first_appears: 00000697:8:61
35	3	0		pronoun(s)	1	00000697		- pronoun(s): 私 ("私の番号登録してなかったの？" 8:64) (as of 00000697)
35	4	0		pronoun FREQUENCY	1	00000697		- pronoun FREQUENCY: about as often as typical (as of 00000697)
35	5	0		speech level baseline	1	00000697		- speech level baseline: タメ口, soft, feminine-leaning forms (ね, わ-less; "久しぶりね", "夏菜は春花が大好きだものね") but no gendered word; every line opens "ん……" (as of 00000697)
35	6	0		sentence-final particles	1	00000697		- sentence-final particles: ね "春花、久しぶりね" (8:61); の "登録してなかったの？" (8:64); けど "来ないって聞いたけど？" (8:68); よ "分かってくれてるみたいよ" (8:73); ものね "大好きだものね" (8:79) (as of 00000697)
35	7	0		verbal tics / catchphrases / fillers	1	00000697		- verbal tics / catchphrases / fillers: "ん……" at every line start -> TBD ("Mm...") (V106); laugh "ふふ" (8:79) -> "Heh" (GLOSSARY ふふ) (as of 00000697)
35	8	0		calls		00000697		- calls: Haruka 春花; 3p おばあちゃん, 夏菜 (as of 00000697)
35	9	0		EN correlates	1	00000697		- EN correlates: soft, short, normal contractions; keep ungendered (as of 00000697)
35	10	0		known ambiguity / open questions	1	00000697		- known ambiguity / open questions: V106 (as of 00000697; resolved 00000944)
35	11	0		as-of	1	00000697		- as-of: 00000944 (was 00000697)
35	12	0		blank		00000697:8:61		
36	0	0		heading	1	00000697:8:46		## 谷崎 (Tanizaki; Haruka's homeroom teacher, Class 3-1)
36	1	0		chunk-25 additions		00001A7F		- chunk-25 additions (as of 00001A7F):
36	2	2	1	per 春花's classmates		00001A7F		  - per 春花's classmates (00001A5C): the 国語 teacher, nicknamed 玲ちん (8:18-19); board typos every five minutes (8:21) and odd Japanese ("日本語は変だけど、玲ちん優しいし、かわいいもんね" 8:35; V105 resolved: in-world oddity); loved by pupils, rated low by staff for being too friendly (8:30-32); a graduating 3rd-year, 美山先輩, confessed to her (8:36-38); to be the next homeroom teacher (8:50); a woman (かわいい, 女の嫉妬 talk 8:35-47; わね / わよ in her lines)
36	3	2	1	00001A6B		00001A7F		  - 00001A6B (after New Year, colour ?): at a clinic after the BDDP takoyaki, stunned katakana speech (V583): "ハハハ、ハイ……" (8:1); "BDDPに……／ヤラレタ……" (8:7-8); "コノタコ焼キ" (8:35); "休ミ明ケ……／生徒タチヘノ話題ニト思ッタ" (8:38-39); "コレ、食ベタ者ニシカワカラナイ" (8:47); the doctor calls her 谷崎先生
36	4	2	1	00001A7F 三者面談		00001A7F		  - 00001A7F 三者面談 (colour ?, named by 春花 8:56): 丁寧 to the mother, soft タメ口 to 春花 with わね / わよ: "大丈夫よ、今日は新村さんで最後だから" (8:4); "新村さんって、3年前に元木町に引っ越してきたのよね？" (8:8); "えっと……春花さんは友達も多くて協調性もあり、みんなと上手に溶け込んでいますよ。" (8:21); "あの春花さんのお母さん、以前は女ケ沢市の学校に通っていたそうですね？…元木町はご存じのように、とても心優しい人ばかりです。" (8:39-40); "ちょっと、お酒臭かったから……" (8:62); "ねえ新村さん、念のために聞くけど、いじめに遭ってないわよね？" (8:68); "お母さん、大事にしてあげてね。私も、できるだけ協力するから" (8:75)
36	5	2	1	calls		00001A7F		  - calls: 春花 新村さん / 春花さん (to the mother); 美冬 春花さんのお母さん / お母さん
36	6	2	1	known ambiguity / open questions		00001A7F		  - known ambiguity / open questions: V105 (resolved 00001A5C), V583
36	7	0		first_appears	1	00000697:8:46		- first_appears: 00000697:8:46 (mail)
36	8	0		pronoun(s)	1	00000697		- pronoun(s): none observed; self-names "担任の谷崎です！" (as of 00000697)
36	9	0		speech level baseline	1	00000697		- speech level baseline: 丁寧, over-cheerful, clumsy ("おはよう！", "よい休日を！"; "とのことだす" 8:48) (as of 00000697)
36	10	0		EN correlates	1	00000697		- EN correlates: cheerful school notice with one or two off phrases (V105) (as of 00000697)
36	11	0		facts		00000697		- facts: Haruka: "相変わらず谷崎先生の日本語はおかしい" (8:51) (as of 00000697)
36	12	0		known ambiguity / open questions	1	00000697		- known ambiguity / open questions: V105 (as of 00000697)
36	13	0		as-of	1	00000697		- as-of: 00001A7F (was 00000697)
36	14	0		blank		00000697:8:46		
37	0	0		heading	1	00000682:11:41		## 御子神 (Mikogami; Haruka's elementary classmate in 女ケ沢市; named only)
37	1	0		chunk-17 note		00000F24		- chunk-17 note (as of 00000F24): Haruka: the classmate she defended came from a セレジェイラ聖教 family (118:263-266); Goto: the faith came from 荒田, worshipped ドローガ, collapsed about 70 years ago, its families still shunned (118:268-275); the name 御子神 is not used (V390)
37	2	0		chunk-07 note		000008D0		- chunk-07 note (as of 000008D0): per Mifuyu, the classmate Haruka defended comes from a family tied to the 女ケ沢 cult (000008D0:46:79); the name is not used there
37	3	0		first_appears	1	00000682:11:41		- first_appears: 00000682:11:41
37	4	0		pronoun(s)	1	00000682		- pronoun(s): none (no lines) (as of 00000682)
37	5	0		facts		00000682		- facts: bullied as the child of an "邪教" family; Haruka defended her and became the target (00000682:11:41-46) (as of 00000682)
37	6	0		known ambiguity / open questions	1	00000682		- known ambiguity / open questions: V109 (as of 00000682)
37	7	0		as-of	1	000008D0		- as-of: 00000F24 (was 000008D0)
37	8	0		blank		00000682:11:41		
38	0	0		heading	1	00000697:8:77		## 夏菜 (reading TBD; 荒田 side; named only)
38	1	0		chunk-30 additions		00002478		- chunk-30 additions (as of 00002478), colour 夏菜:
38	2	2	1	00002473		00002478		  - 00002473 (replays 00000E19): "パパ！　何言ってるの！？" (11:59); "パパがママを殺したの……？" (11:61); "パパはいつも言ってた……。／ママを殺した犯人を見つけたら、同じ目に遭わせなさいって……！" (11:63-64); "パパ！　エリ姉たちを殺すなら、私がパパを止める！　パパを殺さなくても、止めることはできるもん！" (11:77).
38	3	2	1	facts		00002478		  - facts: slept in the 元木町組 room (0000245F:11:1); out on a dawn walk with them (11:111); knocked out by 幸太郎's deer technique (00002473:11:84-86); per サクラ with 茅萱 "本当に優秀な荒田の戦士" (0000246E:11:247); 0 years old ten years ago (0000246E:11:184); her birth day remembered (00002473:11:353); later left with おばさん (00002478:11:108).
38	4	0		chunk-29 additions		00002444		- chunk-29 additions (as of 00002444), colour 夏菜:
38	5	2	4	00002439		00002444		  - 00002439 (with 茅萱): cold, cheerful, then weeping タメ口, self 私: "油断したね、お姉ちゃん" (11:58); "パパが言ってたよ。資材倉庫に呪殺の真犯人がいるってさ" (11:66); "嘘でしょ？　それ" (11:84); "はは、私、お姉ちゃんを刺しちゃった" (11:100); "成敗だよ。／呪殺事件を起こした犯人を成敗するの" (11:105-106); "誰が犯人ならいいの！？" (11:123); "私、誰も信じられないんだよ！　ギシンアンキなんだよ！" (11:146); "ふざけないでよ！　もうそんなの投げやりじゃん！" (11:171); "じゃあどうしたらいいの！？　ママを殺したやつなんて誰だろうと絶対に許せない！" (11:175); "お姉ちゃん、裏切ったんだね。" (11:228).
38	6	2	4	memory		00002444:32:142		  - memory (00002444:32:142-151, colour 夏菜, age 4-5): "絵本で見た。生き物はみんな死ぬって。／でも死んだから魂が生まれ変わって、新しい命になるって" (32:142-143); "ママ、きっと別のところで幸せになってるよね" (32:151).
38	7	2	4	facts		00002444		  - facts (this route): lays an animal snare for 茅萱; stabs her arm, side and hand; fought with 茅萱 since New Year (11:133); cut in the back by 茅萱's 鉈 (11:215-218); staggers home (0000243F:11:77-86); per 糸, finished off by the villagers (20:401); per サクラ luckily dead (26:487).
38	8	2	4	calls		00002444		  - calls: 茅萱 お姉ちゃん; 幸太郎 パパ; サクラ ママ (3p); 香織 calls her カナカナ, 城崎 夏菜ちゃん.
38	9	0		chunk-28 additions		00002433		- chunk-28 additions (as of 00002433), colour 夏菜:
38	10	2	9	00002340		00002433		  - 00002340: "おばさんと一緒に行ったんじゃ……！" (11:89); "春花ちゃん！　何をする気！？" (11:95).
38	11	2	9	00002433		00002433		  - 00002433: "あれ？　こんな朝っぱらから誰かに電話するの？" (11:15); "むー、やっぱり春花ちゃん来れないのかあ……。残念無念……" (11:17); "春花ちゃん下ネタでいじると面白いし、色々と新ネタ仕入れたからねー！／　いっちょズッコンバッコンとぶっこんでやろうって！" (11:20-21); "はーい、ママ！" (11:25); born with green eyes, per 茅萱 (11:85).
38	12	2	9	00002225		00002433		  - 00002225:11:163: 五島 chooses a school-entry gift for 夏菜ちゃん.
38	13	0		chunk-27 additions		0000211A		- chunk-27 additions (as of 0000211A), colour 夏菜:
38	14	2	13	00002072		0000211A		  - 00002072 (reported): she has green eyes too; the villagers want them changed (8:28-39).
38	15	2	13	000020B4		0000211A		  - 000020B4: "ねえママ、春花ちゃんと話して元気づけてあげることできないかな？" (8:2); calls 美冬 叔母さん (8:4).
38	16	2	13	000020C6		0000211A		  - 000020C6 (elementary graduation): polite to the teacher; "せ、先生、皆さん、いつまでも、末永く、また会う日まで！" (8:6); "パパもママも、忙しいですから……" (8:17); "じゃ、じゃあ先生！　また四月に！" (8:19).
38	17	2	13	000020D8 / 000020DE		0000211A		  - 000020D8 / 000020DE (guarding 五島): "あれあれ？　どこへ行くのかな？" (000020D8:8:54); "分かったよ、パパ！" (8:57); "私、新村夏菜！　ねえ、あなた名前は？" (000020DE:8:3); "五島ちゃんかあ！" (8:6); "ここからこっそり逃げてみない？" (8:32); "実はね、ここでおかしくなってないの、私だけなの" (8:43); "あっははははは！　なんてね！　ちょっとでも逆らったら殺すからね！" (8:57); "私めちゃくちゃ強いからね！" (8:59); alone: "ううう……！／もうやだ……！　こんなの、やだ……！" (8:64-65).
38	18	2	13	00002114		0000211A		  - 00002114 (searching with 美冬): "むー！　私の秘密基地が勝手に使われていたなんて！" (8:2); "むむー！" (8:5); "うん、私、鼻がいいからさ" (8:14); "やっぱり、お姉ちゃんの匂いしないよ" (8:20).
38	19	2	13	0000211A		0000211A		  - 0000211A: alone: "お姉ちゃん……。／なんであんなことを……" (8:2-3); "嘘でもあんなこと――" (8:8).
38	20	0		chunk-26 additions		0000202C		- chunk-26 additions (as of 0000202C):
38	21	2	20	00001B70		0000202C		  - 00001B70: lively タメ口; "姉妹で語り合おうぞ！" (11:66); 秘密基地 = a cave (11:52); "私はお姉ちゃんの代わりなの！？" (11:95); "私、ママのこと覚えてないの。" (11:132); resolved to kill the culprit (11:130); promises 五島 not to (11:196, 11:199).
38	22	2	20	00001BB4		0000202C		  - 00001BB4: "お姉ちゃんは私にパパを殺させたいの！？" (8:20); "ギシンアンキ？" (8:36); "お姉ちゃんのうそつき！" (8:53).
38	23	2	20	00001BCE		0000202C		  - 00001BCE: "パパを犯人だって言うやつなんて、家族じゃない！" (8:36); "私、お姉ちゃんと仲直りする。" (8:65).
38	24	2	20	00001C12		0000202C		  - 00001C12: a knife from 城崎 for her birthday (8:6-7).
38	25	2	20	00001C34		0000202C		  - 00001C34: narrator as a baby (私, inferred): "私、やっとハイハイができるようになったばかり。" (8:6).
38	26	2	20	00001D2A		0000202C		  - 00001D2A (サクラ alive): "運転手さんすみません、ちょっとママの体調が悪いのでここで降ります" (8:9).
38	27	2	20	00002019		0000202C		  - 00002019: "新村夏菜のドッキリ☆歓迎計画、準備完了！" (8:16; V597).
38	28	2	20	0000202C		0000202C		  - 0000202C (small): "ママ、お化けに連れて行かれたの？" (8:23); "私がここを守るの！" (8:68).
38	29	0		chunk-25 note		00001AE8		- chunk-25 note (as of 00001AE8): 790 (inferred): a baby practising crawling, minded by 春花 (00001AE8:8:14); no lines
38	30	0		chunk-23 additions		000011CC		- chunk-23 additions (as of 0000154E): route of 000011CC, lines colour 夏菜:
38	31	2	30	to 糸姫, cheerfully menacing		000014EE:16:23		  - to 糸姫, cheerfully menacing: "糸姫ちゃんだっけ？…私の血、たっぷり浴びせるよ？／　自分の致死量くらい分かってるから" (000014EE:16:23-25); "人間を狩るのは初めてだね" (16:217); "切腹くらいで済む話じゃないよね。こう見えても私史上1番の激おこだよ？" (16:222); then "そうだよねえ……殺さなきゃ殺されてたってことでしょ？…" (16:346-348); "だから殺していいってのはおかしくない？／　死ぬのが怖くないのと、死んでもいいのは違うでしょ？" (16:350-351)
38	32	2	30	fighting		00001505:8:13		  - fighting: "分かった！" (00001505:8:13); "春花ちゃん、大丈夫！？" (8:30); "みんな！　私から離れないでよ！" (8:35); "じゃあ、みんなに私の血を塗ってもダメなの！？" (8:39); "あれじゃ届かないよ……！" (8:53); "なつみちゃん！　大丈夫！？／　いたたた……足が……" (0000151C:8:38-39); "え？" (8:56)
38	33	2	30	after		0000151C:8:311		  - after: "あは！　じゃあもう大丈夫だね！" (0000151C:8:311); "みんなー！　もう大丈夫だよ！　さっさとお顔を見せなさーい！" (8:313); to her dying mother "あの……私、夏菜……" (8:384); "ママ……。／ママ！　私、会いたかった！" (8:397-398); "やだ……！　ママ！　せっかく会えたのに……！" (8:403); "交換日記……散らかってないよね……？" (8:449); asleep "エリ姉……？" / "えへ" / "お姉ちゃんが、2人いる……" (0000154E:8:51-56)
38	34	2	30	facts		00001505:8:36		  - facts (this route): cuts her arm, leg and face for fresh blood (00001505:8:36); climbs on a bad ankle to cut なつみ free (0000151C:8:41-42); the only one without mask and robe (8:304); both eyes blue after 死月妖花's death (8:307-310); helped down the mountain (8:453); her wounds treated with the grandmother's herbs (0000154E:8:16)
38	35	0		chunk-22 additions		000011CC		- chunk-22 additions (as of 000014D7): route of 000011CC, lines colour 夏菜:
38	36	2	35	to なつみ, confiding and contrite		0000148E:8:16		  - to なつみ, confiding and contrite: "うん……ずっとここに閉じ込めているの、エリ姉も嫌みたいだから……" (0000148E:8:16); "なつみちゃん……／お姉ちゃんは、もうダメかもしれない" (8:188-189); "私、今朝……／お姉ちゃんを見つけてたの" (8:222-223); "ごめんなさい！　私、昨日からお姉ちゃんが怖かったの！" (8:258); "私、もう卑怯なことしない！／もう、嘘つかないから……！" (8:268-269); "やっぱりなつみちゃん、すごいね！" (8:286); her account as bare first-person cells (8:231-236, 8:242-243, V522)
38	37	2	35	at the river		000014A5:8:13		  - at the river: "ここね、ママが死んだところなの" (000014A5:8:13); "この花、パパがお供えしているの" (8:24); "えへ！　そんなママの娘なのに、私、おてんばになっちゃった！" (8:34); "ママ、今日はたくさんお客さんが来てくれたよ！" (8:44); "お待たせ！　行こ！" (8:49); "大船に乗ったつもりでくつろぐといいよ！" (8:145)
38	38	2	35	fighting		0000148E:8:76		  - fighting: "誰！？　いるんでしょ！？　出てきて！" (0000148E:8:76); "エリ姉を離して！" (000014D7:8:73); "は、離せ！／離せ！" (8:76-77); "パパになにしたの！？" (8:207); "く……！　パパはずっとママと集落を大事に思ってたのに……！／ママを返せ！" (8:212-213); "いた！　何するの？　お姉ちゃん……！" (8:367)
38	39	2	35	facts		00001414:8:224		  - facts (this route): found 茅萱 in the hut that morning and left her (0000148E:8:222-247); a baby of 0 when サクラ died (000014A5:8:30); per the grandmother the only one left who can destroy 死月妖花, still green-eyed (00001459:8:108; 00001414:8:224); thrown 7 m by 栄一郎, twists an ankle (000014D7:8:84-91); her arm cut by 茅萱 for fresh blood (8:365-375)
38	40	0		chunk-21 additions		000011CC		- chunk-21 additions (as of 000013E6): route of 000011CC: lines colour 夏菜: lookout and helper in 茅萱's search ("お姉ちゃん、どう？　見つかりそう？" 00001325:8:7); "分かったよ、お姉ちゃん。逆だね。／本が見つからなかったら、パパは無実なんでしょ？" (8:60-61); "安心してお姉ちゃん、本を見つけても隠したりしないから。" (8:63); flustered stammers "ままままま待ってよ！" (8:94), "バババババカ言わないでよ！" (8:129), "だだだだだだから読まないでって言ったの！" (8:246); "うう……鬼だ……" (8:111); "お姉ちゃんのバカ！　頭の中でくらい好きにしたっていいじゃない！" (8:249); reads her diary aloud, including the boy's entries in a boy's voice with おれ (8:167-221, V486, V488); "オッケー！　いよいよ本格的な捜査になって来ましたなあ！" (0000133D:8:61); Kansai-style "はいはい、なんでっしゃろ？" (8:88, V485); "うわ！　くっさいなあ！" (8:104); searchers' call "お姉ちゃーん！　出てきてー！" (0000139D:8:2); at the standoff "どいて！　春花ちゃんを探さないといけないの！" (000013CD:8:247); "エリ姉、行くよ？" (000013E6:8:59); 3p for 幸太郎 パパ, and お父さん twice (00001325:8:54, 8:85); facts: in fifth grade, wrote a whole exchange diary with an imagined 大翔君 herself (00001325:8:240-251); keen eyes, nose and ears, smells the 蔵 in the room, climbs into the top cupboard without a shoulder and breaks the ceiling boards with her fists (0000133D:8:12-13, 8:39-53, 8:92-106); per 茅萱's inference, she searched the rest hut, found 茅萱 and left (0000139D:8:100-124); guides 五島 and なつみ toward the hut (000013E6)
38	41	0		chunk-20 additions		000011CC		- chunk-20 additions (as of 0000130D): route of 000011CC (V467), fifth grade (000012AD:12:27; 0000130D:8:26): bright pushy タメ口 ("初めまして！　春花ちゃんのいとこの新村夏菜です！／好きな男性のタイプは――" 0000122E:11:68-69; "あい！　いつも元気でピチピチの新村夏菜です！" 000012AD:12:56); no foresight ("ううん、そんな超能力はないよ？／ママにはあったみたいだけどね！" 0000122E:11:82-83); subdued alone with 五島 ("お姉ちゃん……" 00001247:8:4, 8:7; "大人たちは『お姉ちゃんは呪殺されたんじゃないか』って言うの。" 8:28); asks to call 五島 エリ姉 (8:46-52); the love lecture ("やっぱり、ちゃんと稼ぎがあって、家族計画を立てられる人じゃないと。" 000012C5:8:150; "どんな男になるかは、女次第だよ？" 8:163; learned from web novels, 8:169-170); "ゴイリョク、すごいよ！" (8:121); a lone "ん、" at a turn start ("ん、どうだろう……" 000012DE:8:14); "静かに……／誰かいる" and two knives drawn (8:64-67); "どいて！　春花ちゃんを探さないといけないの！" (8:79); facts: quarrelled with 茅萱 at New Year, made up (00001247:8:22-23); learned today of the cave under her base (0000122E:11:88); told なつみ where 春花 went (000012AD:12:62-63); faster than sixth-graders, likes science and PE (000012C5:8:123-140); spores remain in her per 茅萱 (000012F5:8:180)
38	42	0		chunk-19 additions		000010F5:8:97		- chunk-19 additions (as of 00001184): as a baby in 790 (colour 夏菜): "んまま？" (0000110D:8:148); "うう……／うぎゅううう……" (24:102-103, V440); "んまま！" (0000113D:8:102); born the summer before (000010F5:8:97); サクラ calls her "同じ翠眼の夏菜" (000010F5:8:336); blue-and-green odd eyes like 茅萱 (00001154:8:103); 茅萱 carried her to the cliff asleep (0000110D:24:22); 茅萱 rules her out of the 呪殺: no motive, 6 at the first unexplained one (00001184:16:68-71); 茅萱 fears 幸太郎 will "use" her (0000113D:8:133)
38	43	0		chunk-18 additions		00000BD6		- chunk-18 additions (as of 00000FCF): route of 00000BD6-00000E61 continued: no lines; at Erika's funeral (00000F9F:11:40); per Goto at the secret base she told Goto the sisters were only at cross purposes (00000F6F:11:64-66; 00000F87:11:189); Goto plans to take her to 元木町 (00000F9F:11:203-205); Haruka: "夏菜は従妹なんだから、お母さんだってダメなんて言わないさ" (00000FCF:43:10); Goto: "夏菜ちゃんは私の大事な妹です！" (11:48)
38	44	0		chunk-17 additions		00000F24		- chunk-17 additions (as of 00000F24):
38	45	2	44	route of 00000F24		00000F24		  - route of 00000F24 (祀耀802 April 8): 12, starting middle school this year (88:265; 124:32); one green eye (118:296); watched 豊岳駅 for strangers (118:26-29; 136:69); appears to have fallen in with the possessed: menacing at 118:57-59 ("あはは！　春花ちゃん、自分の立場分かってるよね？…ううん……万一死ななくても……とどめを刺すけどね"), "ヴェルジ様がよそ者3人組を殺せって言ってたんだけどなあ……" (118:78-79), "ママが言ってた" (118:69); marches Goto in at knifepoint and drums at the rite (106:33, 106:70); "ほら五島ちゃん、立てる？／お母さんの身体に誰かが薬を塗ったみたいなの" (106:252-253); strikes five vital points in Haruka (106:262-265); "お姉ちゃん、この人強いよ" (106:283)
38	46	2	44	but sane all along, going along		00000F24		  - but sane all along, going along (88:203-216): crying "お姉ちゃん……パパ……" (88:154); "ねえ……／春花ちゃん……助けて……" (88:184-185); "私……ずっと怖かった……。／みんな、ずっと前からおかしくなっちゃって……。／ママも……殺されちゃって……" (88:195-197); "パパも……お姉ちゃんも……／肌が冷たかった……" (88:250-251); "私……本当にひとりぼっちになっちゃった……" (88:260); "だったらそこ、私の秘密基地だよ？" (88:288); "いいの、私が1年間ずっと黙っていたからこんなことになったの。" (88:311); "ごめんね春花ちゃん……さっきはナイフ突き付けたり、殴ったりして……" (88:315); last "春花ちゃん、ごめん……止められなかった……" (187:98)
38	47	2	44	facts		00000F24		  - facts (route of 00000F24): the ドローガ did not take on her (193:85); Mifuyu brought a clear syringe for her against the coming 翠眼呪殺 (142:166-169); attacked at home by the villagers, Achilles tendons cut, an arm lost (187:95, 187:100); dead at dawn, eaten by crows (193:8-16)
38	48	0		chunk-16 additions		00000F0D		- chunk-16 additions (as of 00000F0D):
38	49	2	48	reading		00000F0D:26:181		  - reading: かな, "Kana" (Ise's stammer "か……" / "かかか……" / "な……" 00000F0D:26:181-184; V107 resolved); the heading's "reading TBD" is superseded
38	50	2	48	narrator of 00000F0D		00000F0D		  - narrator of 00000F0D (私) except block 56 (Ise) and the replays in 173 (route of 祀耀804, 14 years old, then 805 aged 16): lively, self-mocking, knowing asides ("このおっさん、露骨にロリコンだな……" 8:135; "元気に返事をする秋菜ちゃん（仮）。" 8:163); a country girl's wonder ("なるほど、これが文明ってやつか。" 8:41); shrewd bargaining with Papa and Ise (32:83-90; 38:81-82); a cold reasoning spiral toward killing Goto, split into self-argument cells (50:29-70, "五島絵梨奈を殺さないために、五島絵梨奈を殺そうとしているのだ。" 50:53); despair addressed to Papa in present feel (62:59-107, "私の存在そのものが……／罪なんだよ。"); lyrical-romantic close (74:197-202); refrain 逃げる ("私は逃げている。" 8:0, 8:2; 179:196)
38	51	2	48	speech		00000F0D		  - speech: bright 丁寧 to strangers, as her mother taught her at middle-school entry (20:103), with a playful act ("ほんとですか！？　いい人に会えてよかったー！" 8:114; "えへ！　私、今年で15歳です！　やっと私も四捨五入で20歳ですよ！" 8:137); teasing Ise ("あは！　やっぱり伊勢さんってロリコンですか！？" 26:23; "じゃあ、私たちはお互いの秘密を共有する仲ですね！" 26:54-56); flirty drawl "じゃ～あ？" / "ん～？" / "も～、ちゃんと呼んでくれなきゃ……嫌だよ……" (26:179-185); to Papa タメ口 with もん / ちょうだい ("だって！　そんなの、怖いんだもん……！" 26:93; "ママにはパパから伝えておいてちょうだい" 26:118; "分かってるって！　私強いから！" 32:104); broken ("私……／たくさん殺しちゃった……" 62:7-8; "殺し……／たく……なかった……" 62:159-160; "パパ……／自首して" 62:183-184); in 805 タメ口 to Ise ("伊勢さん、いつになったら私の名前呼んでくれるの？" 68:175; "16歳って、結婚できる歳だよ！" 68:274; "何さ……。／大人ってそう言うものなの？…はっきりしなさいよ！　男でしょ！？" 74:123-126); 丁寧 to Natsumi ("古郡さん、本当に……／すみませんでした" 68:135-136); laugh "あは！" (68:24; 68:246), "えへ" (8:137; 32:132); inner "もう、黙れよこのチビ……！" (44:103)
38	52	2	48	calls		00000F0D		  - calls (this route): 幸太郎 パパ; サクラ ママ; Chigaya お姉ちゃん; Mifuyu 叔母さん (3p); Haruka 春花ちゃん (3p); Ise 伊勢さん / 大ちゃん (posing as kin, 38:148); Goto 五島さん, 3p bare 五島絵梨奈 when she plans to kill her; Natsumi 古郡さん, 3p 古郡なつみ; 3p 亡くなったおばあちゃん (Erika dead in this route, 14:190)
38	53	2	48	false name 古村秋菜, 14, from 飯沢県		00000F0D		  - false name 古村秋菜, 14, from 飯沢県 (8:131-160; V367)
38	54	2	48	facts		00000F0D		  - facts (route of 00000F0D): runs away in April 804 after an early first period (『あれ』 8:48-52; 20:107-125) with 100,394 yen and two knives (8:17, 8:46); hunts, runs faster than cars (8:61, 8:126); lived by 豊岳駅 (8:14); eyes blue and green (8:144); Papa told her to report her first period and that the urge to kill Mama follows, curable by him after (20:106-121); she learns the urge is toward people with Mama's kind of foresight (179:151-156); her own danger foresight first works at ザッハ against Goto (38:167-189), foresees the bug in the lent phone (50:80-82) and a future arrest scene (44:184-242); plans to kill Goto, then drops it (50:49; 179:63-93); at 元木駅 about 20:50 on 804 April 7 she slashes Natsumi's neck unknowingly, the blood turns nearby women 翠眼 and they kill each other; she flees (179:150-197); tries to cut her own throat in a phone box; Ise stops her (62); tells Papa to turn himself in (62:184); counted a victim of "terrorism", no record (68:61, 68:76); a year in the 元木町 children's home (68:15); 16 on 805 August 1 (68:190); in love with Ise; he promises to come to 荒田 on her 18th birthday "1人の男として" (74:145-149)
38	55	2	48	open questions added		00000F0D		  - open questions added: V367, V370, V372, V373, V381, V384
38	56	0		chunk-14 additions		00000EDF		- chunk-14 additions (as of 00000EDF):
38	57	2	56	route of 00000EDF		00000EDF		  - route of 00000EDF (Goto's vision, 祀耀800 April 11-13): one green eye, one blue (71:69-70), born so (71:83); a school class of ten (77:35); hunts; cooks for the guest ("家事手伝い歴、10年" 186:23); lines: "あは！　やっぱり！／春花ちゃんのいとこの新村夏菜です！" (71:65-66); "五島ちゃん、嫌なことは、お風呂でざざっと洗い流そうね！" (77:11); "だったら……／泣かなきゃいいじゃん……。無理して泣かなくたってさ……" (77:72-73); "お！？　怪盗ゴトーの参上ですかな！？" (77:145); "夏菜ではありません！　副団長怪盗ニームラです！" (192:6); "こいつは掘り出し物ですぜ、団長！" (83:72); "まあ！　そうやって五島ちゃん、私のエロ本横取りする気でしょ！？" (83:93); "五島ちゃん、私にもちゃんと聞かせてね。" (83:141); "五島ちゃんやめて！／ママ！　早く逃げて！" (83:225-226); "ママ！　ファルシフィカソを持ってきて！／これって多分呪殺だよ！" (83:228-229); "五島ちゃん、ごめん！" (83:239); newlywed joke "お風呂にする？…あ・／た・／し？" (186:68-72); "お母さんを亡くした動物みたいなの" (186:85); "はい、旦那様！" (186:105); "それはお姉ちゃんの直感で察しなさい！／私たちは、第三世代なんだから！" (53:57-58); to 桃子 on the phone "ちょっと！　何でそんなに冷たいの！？" (202:193); "今の人……泣いてたよ" (202:203); "てやんでえ！　お安い御用でい！" (202:237); "Wow！　パパがロリ巨乳とご対面だあ！" (202:258); "すげえ……バインバインしとる……" (202:270, V345)
38	58	2	56	real frame, 祀耀800 August 1		00000EDF		  - real frame, 祀耀800 August 1: turns 11 and moves in with Haruka (117:272-274, 117:309); "初めまして、爆乳軍団のみなさん！" (117:273); "あれ？　あなた、どこかで会ったことないですか……？" then "なーんてこと真に受けたら、変なナンパ師に連れて行かれちゃうよー！？" (117:280-282, addressee not marked); brought ファルシフィカソ ("これで大人の階段登っても大丈夫！" 117:302)
38	59	2	56	calls		00000EDF		  - calls (this route): Goto 五島ちゃん / ゴトー団長 / 旦那様 (no エリ姉); サクラ ママ; 幸太郎 パパ; Chigaya お姉ちゃん; Haruka 春花ちゃん; 桃子 お姉さん
38	60	2	56	open questions added		00000EDF		  - open questions added: V331, V344, V345
38	61	0		chunk-12 additions		00000E7B		- chunk-12 additions (as of 00000E7B):
38	62	2	61	route of 00000E7B		00000E7B		  - route of 00000E7B (祀耀804): a middle-schooler, turning 15 on August 1 (40:83); blue-and-green odd eyes until treated, then both blue (48:26; 68:180-181); smells gunpowder at 100 m and inside a bag (34:141-142; 48:84); climbs the mountain as fast as a buggy (34:137-138); kills the orphaned cub with a hatchet (34:180-186)
38	63	2	61	voice		00000E7B		  - voice: polite です・ます to 桃子: "あの、ありがとうございます！" (28:65); "桃子さん、怖がらなくていいですよ。何もしませんから" (40:40); "ここ、私の秘密基地なんです" (40:50); "私、八月一日が15歳の誕生日なんです。／15歳になる前に……／集落を出ようと思ってます" (40:83-85); "ママを殺すんです" (44:0, alone in its block); "この目は呪われているんです" (48:29); "桃子さんは誰も殺しませんよ。私には分かります" (48:158); "私を妹と思ってください。…秘密を打ち明けあった姉妹ですよ！" (48:284-286); the dare in commanding plain form: "撃ちなさいよ……！", "早く撃て！", "妹さんへの思い、その程度？" (48:199-205); casual "ふむふむ、了解だよ！／もうバギーもだいぶ古いもんねー" (34:20-21); "えー？　ママみたいなこと言って……" (48:307); "はあい……" (48:310); flustered "へ、平気です！　病気ってわけじゃないですから" (54:76)
38	64	2	61	frenzy		00000E7B		  - frenzy (54:265-302): "ううう……！　何、これ……！"; "あ……／ががががが…" (GLOSSARY ぐがががが); "ママ……／死ね……"; "殺してえええ！！／早く私を殺してえええ！！"; "もも……こ……さん！／早く、私を殺して……！／頭を……撃ち抜いて……！"; "ママが死んじゃううううう！！！"
38	65	2	61	after		00000E7B		  - after: "ママ……／ごめんなさい……" (68:175-176); "パパが私を守ろうとして、盾になって……" (180:2); "こいつら気絶させて、この赤装束を着ればみんなの目を騙せるでしょ！？" (180:86); "ママ、血の臭いだ。" (88:12); "パパ、よかった！　生きてたんだ！" (88:23); "父親を殺されたんです。けじめはつけないと" (88:130)
38	66	2	61	calls		00000E7B		  - calls (this route): 桃子さん; サクラ ママ; 幸太郎 パパ; 春花ちゃん; Chigaya お姉ちゃん (3p); Mifuyu 叔母さん (3p); Erika おばあちゃん (3p, dead); 城崎さん
38	67	2	61	facts		00000E7B		  - facts (route of 00000E7B): first period on 804 April 7, then the frenzy against サクラ; 幸太郎 injects ファルシフィカソ and her eyes turn blue (60:42; 68:180-187); shot by 桃子 after サクラ's blood hits them (96:0-104:15; 82:27)
38	68	0		chunk-11 additions		00000E61		- chunk-11 additions (as of 00000E61):
38	69	2	68	lines		00000E61		  - lines: "エリ姉、帰っちゃうの！？　本当に危ないの！？" (00000E01:11:19); "私、ちゃんとエリ姉たちを守ってみせるから！" (11:23); "お姉ちゃん気を付けて！　前の方に何人かいるみたい！" (11:76); "1人だけ！　でも後ろから不意打ちして銃壊してやったよ！" (11:121); "あいよ、お姉ちゃん！" (11:124, V263); "お姉ちゃんは集落の入り口辺りで降りたよ。そこを見張るって" (11:156); "オッケーパパ！" (00000E19:11:3); "パパ！　何言ってるの！？" (11:89); "パパがママを殺したの……？" (11:91); "パパはいつも言ってた……。／ママを殺した犯人を見つけたら、同じ目に遭わせなさいって……！" (11:93-94); "パパ！　エリ姉たちを殺すなら、私がパパを止める！／パパを殺さなくても、止めることはできるもん！" (11:124-125); "なつみちゃん、元気になったんだね！" (00000E49:11:158); "ほれほれ！　この通り、検査でも問題なく元気元気！" (11:162); "おーエリ姉！　私は元気なぴちぴちの10歳だぞ！" (11:165); "せっかく私、パパのために強くなったのに……" (11:169); "うん！　パパね、この時期になるといつも沈丁花の花を摘むんだよ！　ママにお供えするってね！" (11:175); "はにゃ……？" (00000E61:11:16)
38	70	2	68	facts		00000E61		  - facts (route of 00000BD6-): two knives from the closet; runs beside the car, breaks the one gun (00000E01:11:22-24, 11:121); promised Goto not to kill (00000E19:11:97); felled by 幸太郎 at once, fine per tests (00000E19:11:140; 00000E49:11:162); waits at the police station for Erika (00000E61:11:17) (as of 00000E61)
38	71	0		chunk-10 additions		00000DB9		- chunk-10 additions (as of 00000DB9):
38	72	2	71	lines		00000DB9		  - lines: "えー？　もっとゆっくりしようよー！" (00000D11:11:127); sleepy "エリ姉、どこいくの？" (00000D41:11:39); "本当に……パパが犯人なの……？" (00000D59:11:5); "やっほー！" (00000D71:11:10); "奥……？　ここが1番奥だよ？" (11:37); "天井の穴から滝みたいに雨が落ちてくるよ！" (11:56); "え！？　じゃあ、私の秘密基地に、いっぱい人が入っていたってこと！？／そんなあ……" (11:88-89); "あーん、私の秘密基地があ……" (00000D89:11:5); "むむむ！　行くに決まってるでしょ！　秘密基地の全貌を暴いてやるんだから！" (11:52); "ねえねえ、叔母さん！" (11:76); "ちぇ……" (11:78); "あれは木の根っこだよ？" (11:138); "ねえ、エリ姉って本当はあんな感じなの？" (00000DB9:11:115)
38	73	2	71	calls		00000DB9		  - calls: Mifuyu 叔母さん (00000D89:11:76)
38	74	2	71	facts		00000DB9		  - facts: would kill the culprit without hesitation, per Goto; two knives at her pillow (00000D41:11:103, 11:107); considerate: carried the bags, rescued Goto in the impression contest (00000D71:11:17-20); sharp eyes in the dark (00000D89:11:139); may enter the storeroom at 20 as a 魔女 (11:77); does not know ドローガ is made, per 幸太郎 (00000DB9:11:35) (as of 00000DB9)
38	75	0		chunk-09 additions		00000C81		- chunk-09 additions (as of 00000C81):
38	76	2	75	sleepy, frightened		00000C81		  - sleepy, frightened (route of 00000B57-00000BB7): "う……ん……。／エリ姉、離れないで……。／エリ姉と一緒に寝たいの……／怖い……" (00000B6F:11:3-6); "エリ姉……眠い……" (00000B87:11:58)
38	77	2	75	hunter talk		00000C81		  - hunter talk: "パパはすごく優しいよ！　私が色々なことできるようになるとね、パパも褒めてくれるの！" (00000B87:11:65); "やっぱり狩りだね！　この前の秋に、おっきい熊を1人でやっつけたの！　すごいでしょ！？" (11:72); "不意打ちってやつかな？　木の上からグサリって！" (11:77); bare "鉈とメイスだよ。" (15:0); "まさか！　そんなことできるのは私とお姉ちゃんだけ！" (19:4); bare "　　　絶対に殺す。" (23:0, V235)
38	78	2	75	earnest		00000C81		  - earnest: "だって、なつみちゃん、こんなに優しいのに犯人なわけないじゃん……" (00000B87:27:32); "なつみちゃん、ごめんなさい！" (27:65); "そっか……。／お姉ちゃんは、正しかったんだ……" (27:74-75); refrain "私、強いから" / "私……／強いから……！" (27:79-82, 27:105; 00000B9F:11:47, 11:268)
38	79	2	75	confronting her father		00000C81		  - confronting her father (00000B9F:11:231-278): "パパ、いつも言ってたよね……。／ママを殺した犯人に仕返しするために、強くなりなさいって。…私……／できたよ？"; "1番間違えてるのはパパだよ。"; "パパにこれ以上……／悪い人になってほしくないから"; to the villagers "そうだよ！　私が魔女！　ママは私が生まれてすぐ死んだの！…私が呪殺の犯人なの！　私が全員殺したの！"; the ruse "エリ姉は……／偽者のお姉ちゃんだもん。" (11:208-211)
38	80	2	75	dying		00000C81		  - dying (00000BB7): "痛い！　痛いよ！　エリ姉……！" (11:10); "マ……／マ……" (11:71-72); "ママが……／ずっとそばにいてくれる夢見てた……" (11:82-83); "私……／最後まで……／寂しかった……。" (11:95-97); "だ／い／す／き" one mora per cell (11:119-122, V232)
38	81	2	75	route of 00000BD6-00000C81 voice		00000C81		  - route of 00000BD6-00000C81 voice: first meeting at 豊岳駅 "初めまして！　春花ちゃんのいとこの新村夏菜です！" (00000BD6:11:102); crude teasing ("女子高生の3人組って、大体は2人かわいくて、1人はイマイチだよね？" 11:107; "今夜私が、手取り腰取り、モテる秘訣をアドバイスしてあげるよ！" 11:114); "あい！　新村夏菜です！" (00000BED:11:9); dirty joke "この身体でご奉仕するから……／優しくしてね……" (11:21-22); "山の天気きらーい！" (11:63); sneeze "へい……／へい……／へ……／へっちょん！" (11:93-96); "ダメ！　エリ姉は私のものなの！" (11:121); "ほいほい、りょーかーい！" (11:164); "あーお姉ちゃんいた！　もう、遭難したら動いちゃダメって基本中の基本でしょ！？" (00000C21:11:129-130); "この天才ハンター少女、新村夏菜を忘れてもらっちゃあ困るぜ！" (00000C68:11:143); "私は天才少女のエリ姉と組んでこそ、心技体共に完璧な姉妹なのだ！" (11:147)
38	82	2	75	calls		00000C81		  - calls: Goto エリ姉 (from 00000BED:11:121 in that route); 幸太郎 パパ; Chigaya お姉ちゃん; サクラ ママ
38	83	2	75	facts		00000C81		  - facts: 10 (00000B87:19:16); hunts with hatchet, mace and knives on her father's order; killed a bear alone last autumn (00000B87:11:72-81; 00000C38:11:46); runs the mountains faster than the train (00000BD6:11:88-91); quarrelled with Chigaya at New Year when Chigaya named their father (00000B87:27:44-45); route of 00000B57-00000BB7: injects the drug, kills the attacking villagers, stabs 幸太郎, is cut in the side, dies in hospital on 祀耀800 April 8 before 6:00 (00000B9F:11:222-305; 00000BB7:11:1-125); her 11th birthday August 1 (00000BB7:11:159) (as of 00000C81)
38	84	0		chunk-08 additions		00000B3F		- chunk-08 additions (as of 00000B3F):
38	85	2	84	baby in 790		00000B3F		  - baby in 790 (00000A7C): just crawling, babbles "んま" (11:47-90)
38	86	2	84	voice		00000B3F		  - voice: sleepy "んにゃあ……／いやだ……" (00000A48:11:30-31); "今日、五島ちゃんと一緒に寝るの……" (32:4); "さあさあ、お墓へ肝試しだー！" (32:21); "ばああ！！！" (00000AF7:11:11); "荒田の山は私の遊び場だからねー！　目を閉じててもわかるよ！" (11:16); "くノ一、くノ一！／あーれー！　おやめになってー！" (11:22-23, V199); "他はジジイとババアばっかりだしね！" (11:30); "小学生が自動車通学なんて贅沢しないってば！" (11:35); "いらっしゃいませー！" (11:74); tender "私はママのこと覚えてないけど、ママが私のこと、空から優しく見ていてくれるような……" (11:99); "やったあ！　本物のお姉ちゃんも好きだけど、エリ姉も大好き！" (11:137); "お姉ちゃん！　魔女継承おめでとう！" (00000B0F:11:5); wounded "パパ……" / "お姉ちゃんが……／裏切った……" (00000ADE:11:99, 11:107-108)
38	87	2	84	calls		00000B3F		  - calls: Goto エリ姉 from 00000AF7:11:137 (was 五島ちゃん); サクラ ママ (3p); Erika おばあちゃん; 幸太郎 パパ
38	88	2	84	facts		00000B3F		  - facts: born 祀耀789 August 1 (00000A94:11:35); her mother died when she was a baby (00000AF7:11:101-102); walks an hour to school, fastest runner; a secret base in a cave that was her mother's, then Chigaya's (11:93); lonely (11:121-127); route of 00000A62-00000ADE: stays home (00000A48:26:8), then staggers in with a hatchet-like wound on her back (00000ADE:11:104-105); route of 00000AF7-00000B3F: frightened, sleeps on Goto's lap (00000B3F:11:5-6) (as of 00000B3F)
38	89	0		chunk-07 additions		000009E6		- chunk-07 additions (as of 000009E6):
38	90	2	89	full name 新村夏菜		000009E6		  - full name 新村夏菜 (0000095B:35:39); speaks from 0000095B on; 10 ("ピチピチの10代ですよー！" joke); 幸太郎's second daughter, 茅萱's sister, Haruka's cousin, Eiichiro's niece (35:39, 35:66-69); blue-green odd eyes (35:46); athletic: drops from the cherry tree and through the ceiling (35:117-118; 000009A0:11:81, 11:87-88); elementary-school age (00000972:11:86)
38	91	2	89	pronoun		000009E6		  - pronoun: 私 ("私がいるのバレバレだったね！" 0000095B:35:37; "私も思春期に差し掛かってますから！" 00000972:11:132)
38	92	2	89	speech		000009E6		  - speech: pushy, cheeky タメ口 with です・ます self-introductions ("新村幸太郎の次女、新村夏菜でーす！" 35:39; five in a row 35:66-70); crude slang ("やっぱり五島ちゃんおっぱいでけえ！…これがロリ巨乳ってやつかあ！" 35:91-93); taunts Haruka ("春花ちゃん口悪ーい！　だからモテないのよねー！" 35:53; "夏菜様、怖いから一緒に来て下さいって" 000009A0:11:19; "ほーかほーか！" 11:16); echoes the tail of Goto's lines (00000989:11:43-90); scared "う～……五島ちゃんって……怖い……" (000009B7:19:123)
38	93	2	89	calls		000009E6		  - calls: 幸太郎 パパ (V148); 茅萱 お姉ちゃん; Haruka 春花ちゃん; Natsumi なつみちゃん; Goto 五島ちゃん
38	94	2	89	EN correlates		000009E6		  - EN correlates: high contractions, childish-crude; no regional markers
38	95	2	89	reading still not given		000009E6		  - reading still not given (V107) (as of 000009E6)
38	96	0		first_appears	1	00000697:8:77		- first_appears: 00000697:8:77
38	97	0		pronoun(s)	1	00000697		- pronoun(s): none (no lines) (as of 00000697)
38	98	0		facts		00000697		- facts: looked forward to seeing Haruka at the 十三回忌; teases her with dirty jokes; "春花が大好き"; was called away by her mother right after phoning Haruka (00000697:8:77-81) (as of 00000697)
38	99	0		known ambiguity / open questions	1	00000697		- known ambiguity / open questions: V107 (as of 00000697); V331, V344, V345 (as of 00000EDF)
38	100	0		as-of	1	00002444		- as-of: 00002478 (was 00002444)
38	101	0		blank		00000697:8:77		
39	0	0		heading	1	00000697:8:72		## ばあちゃん (Haruka's grandmother, 荒田 side; named only)
39	1	0		chunk-30 additions		00002478		- chunk-30 additions (as of 00002478), colour エリカ:
39	2	2	1	0000245F		00002478		  - 0000245F: "さて、早めに食事を済ませて行くとするかね" (11:16).
39	3	2	1	0000246E		00002478		  - 0000246E: "幸太郎！　今までどこへ行っていた！？" (11:23); "でも幸太郎、安心したよ。お前は襲撃に加わっていなかったんだね" (11:28); "幸太郎！　待ちな！" (11:40); "幸太郎、地下の奥深くに糸姫山へ向かう隠し通路があるはずだ。／いざとなったらそこを通ってみんなを逃がすんだ" (11:309-310); "いや、知らないね" (11:323); "幸太郎……。／お前、もしかして気づいたのかい？" (11:336-337); "お前はあの時、確かにこう言った。／私がサクラを突き落した。…" (11:341-343, V665); "そうかい……。／はあ……やっぱりそうかい……" (11:347-348); "この集落を犠牲にする気かい？" (11:356); "何を腑抜けたことを言ってるんだ！／　お前はこのままやられっぱなしでいる気かい！？" (11:376-377); "私は悔しいよ！　幸太郎のために口を割るまいと思っていたけど、私だってお前と同じだ！" (11:381); "私は命がけでなつみちゃんたちを守る。この集落もね" (11:382); "でもね、荒田の男なら落とし前はつけな。／命を賭してでもね" (11:386-387); "さあ幸太郎、正念場だよ。／1人はみんなのために、みんなは1人のために" (11:390-391, refrain).
39	4	2	1	00002473		00002478		  - 00002473: "お前たち、聞こえるか！？　もう大丈夫だ！" (11:207, replays 00000E31:11:47); memory: "幸太郎、栄一郎が……／死んだそうだ" (11:361-362); "事故でね。すぐに元木町に行くよ" (11:364).
39	5	2	1	facts		00002478		  - facts: never called the police to shield the one she believed beheaded サクラ (her son); slaps 幸太郎 twice (0000246E:11:358-375); takes up a 鉈, first time he saw her armed outside a rite (11:383-384); 城崎 suspects she knows something (11:169-173). 00002478: died of a heart attack ("おばあちゃんが亡くなったわ" / "心筋梗塞で" 11:28-30).
39	6	0		chunk-29 additions		00002444		- chunk-29 additions (as of 00002444): no lines; 五島: "エリカちゃんが長をしているこの集落" (14:338); per 栄一郎 (dead) "母さん" is held alive in the settlement as a "生き証人" (26:484-485); found alive with no memory of the night (32:301); 春花 recalls her telling of the suicides and ten years of killings (20:189).
39	7	0		chunk-28 additions		00002433		- chunk-28 additions (as of 00002433), colour エリカ:
39	8	2	7	000021CF		00002433		  - 000021CF:8:348-393: the young woman who asks 篠崎 (as 金崎勉) for train fare, then confesses, is drawn in エリカ's colour (V630): "あ……あの……／財布……落としちゃって……" (8:356-357); "待ってください！　こんな大金……！" (8:365); "違うんです……！　本当は財布なんて、なくしてなくて――" (8:384); the same scene she told as 私 in 000009A0:11:154-201.
39	9	2	7	00002433		00002433		  - 00002433: "さてね。美冬さんは『仕事』って言っていた" (11:3); "春花のために少しでも銭を稼ぎたいだろうさ。" (11:7); "茅萱、私は71歳だ。私に残された時間はあと4年" (11:63; "自殺の件" per 茅萱 11:64); "私はね、この集落を変えたいんだ" (11:66); the 掟 is really "緑の目を持つ16歳の子供" (11:90); "もしここで生まれた子供なら、翠眼と分かった時点ですぐに殺せるけどね" (11:84); would have left the settlement for 美冬 and 春花 (11:100); quotes the 開祖 (11:110-111); "ただ伝統を守ることが善じゃない。" (11:119); calls 茅萱 お前 (11:82).
39	10	2	7	named エリカ, 新村春花's grandmother, in the afterword		00002433		  - named エリカ, 新村春花's grandmother, in the afterword (00002268:8:14).
39	11	0		chunk-27 additions		00002127		- chunk-27 additions (as of 00002127), colour エリカ:
39	12	2	11	000020F0		00002127		  - 000020F0 (茅萱's 呪殺 fit): "大丈夫だ茅萱、ばあちゃんがついてるからね" (8:2); "ダメだよ、お母さんを殺したら――" (8:7); "今、お父さんがお前を治す方法を調べてる" (8:11); "幸太郎、茅萱はこうやって覚醒と失神を繰り返すんだ。" (8:22).
39	13	2	11	000020F6		00002127		  - 000020F6 (after サクラ's post-mortem): "3人で調べたから、きちんと客観的な検死だったはず" (8:3); "お前はもう……" (8:5, stops); "右の足首に、強く握られた痕があった" (8:16); "集落の中に人殺しがいるなんてことになったら大変だ" (8:26).
39	14	2	11	00002102		00002127		  - 00002102: "どうした城崎！？" (8:28).
39	15	2	11	00002120		00002127		  - 00002120: "そうだね、親しき仲にも礼儀ありだね。" (8:5); "気をつけるんだよ。／長い夜になるかもしれない" (8:11-12).
39	16	2	11	00002127		00002127		  - 00002127: called 大魔女様 by the searchers; "伝承にあった、アバドンへ続くと言う――" (8:24).
39	17	2	11	幸太郎 calls her 母さん		00002127		  - 幸太郎 calls her 母さん (000020EA:8:9; 000020F0:8:17).
39	18	0		chunk-26 additions		00002026		- chunk-26 additions (as of 00002026), colour エリカ:
39	19	2	18	00001B76		00002026		  - 00001B76: "私たち、戦友だよ！" (11:46); "ようこそ荒田へ。絵梨奈ちゃんも、立派な戦士だね！" (11:53); a rite with 茅萱 before the 法要 (11:64).
39	20	2	18	00001BC4		00002026		  - 00001BC4:8:2 "これ城崎！　未成年に絡み酒かい？"; 00001D17:8:20 "サクラ、誰がコスプレババアだって？".
39	21	2	18	00001FFB		00002026		  - 00001FFB: to 栄一郎 お前 (8:2).
39	22	2	18	00002013		00002026		  - 00002013: buys a used 元木高校 uniform online (8:18-22).
39	23	2	18	00002026		00002026		  - 00002026: becomes 大魔女; 丁寧 / 敬語 to her mother-in-law; an anime fan (8:73-80).
39	24	0		chunk-25 additions		00001AE8		- chunk-25 additions (as of 00001AE8), colour エリカ:
39	25	2	24	00001729		00001AE8		  - 00001729 (a 供養 for 美冬, inferred before 春花's adoption): chants in katakana Portuguese, twice (8:0-1, 8:3-4; V574); "これで供養は終わりです。あまり、気を落とさないように" (8:6); "優しい友達がいるんだろ？" (8:8); "まあ、急ぐことはない。／何度も話し合って、納得できる答えを探すといい" (8:10-11)
39	26	2	24	00001AE8		00001AE8		  - 00001AE8 (790, after 栄一郎's 法要), older-woman タメ口 with かい / だよ / さ: "美冬さん、ここにいたのかい" (8:1); "栄一郎の法要は終わったのに、まだ祈り足りなかったかい？" (8:3); "あやか……？　そんな名前だったか" (8:7); "美冬さん、栄一郎もあやかも亡くしたけど、私だって美冬さんの家族なんだ。／この集落はみんな、美冬さんの味方だよ" (8:10-11); "茅萱は……／あの子は今、入院していてね。大した病気じゃないから、来週には退院するよ" (8:17-18, a cover per 000010F5); "私は、これでもこの集落を変えようとしているんだけどね、この集落の長として" (8:26); "昔は妙な薬を作ったり、殺人をしたりしていたけど、そんなことは私が許さない。／そんなことをして人を守ったって、それは独りよがりの正義でしかない" (8:30-31); "美冬さん、もし困ったことがあったら春花を連れてここに逃げてくればいい" (8:40); "子供が16歳になるまでここに住めないという 掟 があるが、それはもう今の時代には合わない。" (8:42); "栄一郎の代わりに、私が助けてあげるからね" (8:43)
39	27	2	24	open questions added		00001AE8		  - open questions added: V574
39	28	0		chunk-24 note		0000156A		- chunk-24 note (as of 0000156A): route of 0000156A: alive at 荒田 in 800 in 春花's enacted account, colour エリカ: "春花、残念だけど……" (193:97, over 美冬's death)
39	29	0		chunk-23 additions		000011CC		- chunk-23 additions (as of 00001533): route of 000011CC, lines colour エリカ: arrives with 幸太郎 and the masked villagers: "なつみちゃん、これでいいんだろ？／　どうやら、幸太郎も同じことを考えていたみたいでね" (0000151C:8:109-110); REPLAY "分かった、急いだ方がいいね" (8:119); recites the lore in 『』 inside her 「」 (8:129-133) and "死月妖花に対抗するご先祖様の知恵だ" (8:134); "さすが、美冬さんの娘とその友達だね" (8:332); "どうした、城崎！？" (8:335); insists on the 十三回忌: "お前たち、何を言っている！　予定通り十三回忌はやる！／　この荒田集落で法要を行わないなど、よほどのことがない限りあり得ない！" (8:439-440), "頼むよ……／最後に栄一郎の顔を見ることができたんだ。／弔いくらい、させとくれ" (8:442-444); "そりゃ、遺体は墓地に埋葬するし、動物の死体は集落から離れたところに埋めるからね" (8:463); facts: her herbs heal the arm wounds fast (00001533:8:11; 0000154E:8:16); per 春花, a check-up found a dangerous heart vessel before any attack (00001533:8:59-60)
39	30	0		chunk-22 additions		000011CC		- chunk-22 additions (as of 000014BC): route of 000011CC, lines colour エリカ:
39	31	2	30	voice		00001414:8:28		  - voice: plain older-woman タメ口 with かね / かい / だよ / さ / な-imperatives, brisk in action: "翠眼呪殺のことは知っているかね？" (00001414:8:28); "ほら、着いたよ" (8:96); "下りておいで、ゆっくりね" (8:108); "大丈夫、気絶しているだけだ。" (8:131); "待ちな、茅萱！　お前には別のことをしてもらわないといけないんだ！" (8:173); "ついてきな" (8:179); "大丈夫だよ絵梨奈ちゃん、これでも、そこら辺の男には負けやしないさ！" (8:236); "春花、事態は分かっている。" (00001459:8:105); "茅萱はもう、翠眼じゃない……" (8:111); "でもね、そんなに甘くはないんだよ。" (8:129); "この荒田集落は、10年前から――／サクラが死んだ時から……／いや、ずっと昔から得体の知れない者に乗っ取られていたのかもね" (8:174-176); "きっと……／栄一郎の方だ。" (8:178-179); "絵梨奈ちゃん、捕まってしまったのかい……。／いよいよ、正念場だね。" (000014BC:8:252-253); "分かった、急いだ方がいいね" (8:267)
39	32	2	30	narration voice		00001459:8:200		  - narration voice: her account of 790 in unquoted first person inside 春花's file (00001459:8:200-235, V521), plain and forgiving ("でもね、思いとどまり、正直に懺悔した美冬さんを責める気にはなれなかった。／大魔女として甘いと思われるかもしれないけどね。" 8:234-235)
39	33	2	30	facts		00001414:8:26		  - facts (this route): per her, 幸太郎 found ファルシフィカソ and サクラ gave it to herself (00001414:8:26-37); 幸太郎 kept 茅萱 odd-eyed and in Tokyo (8:55-60, 8:82-90); the cave was made by 死月妖花 and stored robes and masks, about ten sets stolen (8:98, 8:116-120); recites the lore's continuation (8:212-214, V519); guesses 栄一郎 beheaded サクラ (00001459:8:178-180); goes for 夏菜, then back to the village for help with masks and robes (000014BC:8:263-268); 五島 calls her エリカちゃん at last (00001414:8:234)
39	34	0		chunk-21 additions		000011CC		- chunk-21 additions (as of 000013FD): route of 000011CC, lines colour エリカ (000013FD:8:126-297): gentle, perceptive older-woman タメ口 with かい / だよ / さ / ね: "ああ、城崎、ありがとうね。／えっと、お嬢ちゃん1人かい？" (8:126-127); "えっと、絵梨奈ちゃん、だったかな？" (8:137); "ごめんね、せっかく来てもらったのに、こんなことになっちゃって……" (8:140); "家、入ろうかね" (8:146); "詫びのあいさつ回りさ。" (8:154); "絵梨奈ちゃん、聞きたいことがあるんだろ？" (8:159); "死体が動くなんて、聞いたことないね" (8:168); "んん……その様子だと、どうやらおかしなことが起きているようだね。" (8:171); oral lore recited: "死者黄泉出で尋常ならざる妖花立ち並ぶ。／死体となりし人々もまた妖花となり黄泉出でる" (8:196-197, V497) and 『死神は、アバドンに従いし4人の神使。…』 (8:227-230); "その洞窟はね、作られたんだよ。／『尋常ならざる妖花』にね" (8:207-208); "私が行こう。幸太郎には置手紙をしておく" (8:289); "そうだよ、それともやっぱり、私は怪しいかい？" (8:291); "なつみちゃんだって、私のことをエリカちゃんって呼んでるし、絵梨奈ちゃんだって、そう呼んでいいんだよ？" (8:297); facts: out on the buggy with 幸太郎, probably to the 豊岳 supermarket (00001325:8:9-10); her things include cosplay mail-order magazines and an album of last year's Comiket (00001325:8:1-6); the 大魔女-only oral lore, learned like the times tables (000013FD:8:233-234); never been to the end of the cave (cave-ins; forbidden before her time); never read the 蔵 books beyond ceremonial customs; 幸太郎 read them to cure 茅萱's frenzy (8:215-224); the hot spring at the summit of 糸姫山, 2 hours' walk (8:278-279); will go herself; 城崎 calls her 大魔女様; 五島 calls her おばあさん
39	35	0		chunk-20 additions		000011CC		- chunk-20 additions (as of 0000130D): route of 000011CC (V467), lines colour エリカ: gentle, plain older-woman タメ口 ("なつみちゃん……よく来てくれたね。／その気持ちだけでも、十分嬉しいから" 00001295:8:95-96; "春花たちはさっき外へ出て行ったから、家には私しかないよ" 8:102; "ちゃんと、無事に家に帰してあげるからね" 8:128; "ん？　そう思うかい？／そうだよ、私は嫁入りの時にここに移り住んだんだ" 8:139-140; "私はね、旦那と結婚する時に決めたんだよ。何があってもこの地を守り抜くって。" 8:143; "怖くて当たり前だよ。怖いって気持ちがないと、無謀なことをして失敗するだけ。" 8:148; "ふふふ、春花には『いい加減に歳考えろ、このコスプレババア！』なんて言われてるけどね" 8:191); cooking ("これは1度冷ましてからお皿に取り分けておくれ" 000012AD:12:1; "はいよ！" 12:10; "何なら、私のことエリカちゃんって呼んだっていいんだよ？" 12:17; "年の割になかなか洒落た名前だろ？" 12:19; "ありゃ？　しまった！／まったく、歳は取りたくないもんだね" 12:7-8); to 美冬 and 春花 "気を付けていくんだよ" (0000125E:8:9-10); facts: no impression greeting this time (000011FA:8:4); for ten years has tried to stop the 呪殺 (00001295:8:89); told 茅萱 the 0723 code (000012F5:8:1); per 茅萱's suspicion, she or 幸太郎 guards the basement books and hides the truth (0000130D:8:147-165, 茅萱's inference); Natsumi and 五島 call her おばあさん in narration
39	36	0		chunk-19 additions		000010DD		- chunk-19 additions (as of 00001184): lines coloured エリカ (speaker by colour). 000010DD, to 栄一郎: "そうかい、まあ、外の世界を見てくるのもいいだろうね" (11:346); "町全体が桜の名所の元木町かい。／まあ、いいんじゃないかね" (11:353-354); "まあ……／いいんじゃないかね" (11:359-360). 000010F5 (790), commanding: "サクラ、どうした！？　何の騒ぎだ！？" (8:277); "サクラ、入りな" (8:281); "私にも分からない……" (8:285); "このことを他の者に知られたら厄介だろうね。／幸太郎、サクラ、よく聞くんだ。" (8:287-288); "この集落の気質は知ってるだろ？" (8:292); "お前の役割は『いつも通りの新村家』を演じること" (8:303); "よし、私が地下倉庫まで先導する。" (8:305). 0000110D, to 茅萱: "どうだい茅萱、もう調子は大丈夫かい？" (8:32); "そうかいそうかい、それならいい" (8:34); "大丈夫だよ、茅萱。何も心配しなくていい" (8:38); "よし、一緒に会いに行こうか" (8:47); at the cliff "サクラ！　バカな考えはよすんだ！" (24:16), "お前が死んで何になるんだ！　いいから早く上がりなさい！" (24:29), "サクラーーー！！" (24:34), "幸太郎、お前……！" (24:76), "…………／そうだね……。／私が殺したも同然だね……" (24:80-82), "幸太郎、その鉈、ちゃんと隠すんだよ？" (24:86). Facts: knocked 茅萱 out at a vital point and had her hidden in the 地下倉庫 (000010F5:8:279-307), nursed her for days (0000110D:8:21-23); per サクラ, head of the settlement yet "ざっくばらんで合理的", an outside bride, shops in town for her costume hobby (000010F5:8:125-126, 8:178-179); caught サクラ's wrist and could not hold her; accepted 幸太郎's charge in silence (0000110D:24:13-88; 00001184:8:22-24)
39	37	0		chunk-18 additions		00000BD6		- chunk-18 additions (as of 00000FCF): route of 00000BD6-00000E61 continued: died in May 800 of a heart attack, about 70, not related to the case (00000F57:11:171; 00000F87:11:48-49, 11:65; 00000F9F:11:153); funeral at the 集会所, buried the next day (土葬) in the 墓地広場 (00000F9F:11:37-56; 00000FB7:11:42-45); the dented 大魔女 mask laid on her face (00000F9F:11:47-51); Goto's only friend allowed to call her 絵梨奈 (00000F87:11:51); her voice on the wind in 00000FCF (bare cells 15:0, 23:0-3, 31:0-4; see the block "the grandmother's voice and the closing voices"); addressed 母さん by the voice at 47:1 (V425)
39	38	0		chunk-17 additions		00000F24		- chunk-17 additions (as of 00000F24): route of 00000F24: died of a heart attack right after Haruka came to 荒田 in 800; her grave-digging uncovered Mifuyu's body (76:18, 76:49-55); サクラ became 大魔女 after her (76:18); per the man coloured 春花の父 her timely death let Mifuyu's body be found without a search (187:51, "母さん"); no lines
39	39	0		chunk-16 additions		00000F0D		- chunk-16 additions (as of 00000F0D): route of 00000F0D (祀耀804): dead; 夏菜: "パパもママも亡くなったおばあちゃんも、叔母さんをかくまっているに違いない" (14:190)
39	40	0		chunk-14 additions		00000EDF		- chunk-14 additions (as of 00000EDF): route of 00000EDF (Goto's vision): alive; at the wake in an old woman's mask and black robe (186:14-15); twin-tailed impression "自他ともに認める天才少女、五島エリカ参上！" / "見ての通り！　大変な思いをしてへこんでいる五島ちゃんを元気づけているのであります！" (47:82-86); "自己紹介がまだだったね。幸太郎の母親の新村エリカです。" (59:3); "この大バカ者！　昔からドローガを使うなと言っていただろうが！" (59:119); "私が薬の実験台にでも何でもなってやるさ" (59:134); "女ケ沢市で6人死んで、元木町で3人、そして昨夜は何があった？" (59:137); "ははは！　そりゃいいね！" (53:63); proposed confining Chigaya ten years ago (59:13); did not know the green-eye curse (59:25); Goto's narration おばあさん
39	41	0		chunk-12 additions		00000E7B		- chunk-12 additions (as of 00000E7B): route of 00000E7B (祀耀804): died of illness some years before (00000E7B:28:226; 34:272; サクラ 3p "今は亡くなった義母の新村エリカ" 68:11); had 茅萱 hidden in 夏菜's base during her frenzy (68:10-11); サクラ's impression skill is "おばあちゃん仕込み" (180:116); the villagers call サクラ 大魔女様 in this route (as of 00000E7B)
39	42	0		chunk-11 additions		00000E49		- chunk-11 additions (as of 00000E49):
39	43	2	42	lines		00000E49		  - lines: "お待ち！　なつみちゃん、これを持っていくといい" (00000E01:11:35); "これは歴代の大魔女が使っていたものだ。きっとお守りになる！" (11:37); "今の私にできることなんて、もうこれしかないのさ……。／それを私だと思って、連れて行ってやっておくれ" (11:40-41); "みんな無事かい！？" (11:146); "仕方ないね……久しぶりに運動するとしようか" (11:159, inferred); "幸太郎！　早くお前も地下に行くんだ！／その出っ張った腹で戦うつもりじゃないだろうね！？" (11:163-164); in Haruka's account (00000E49): "お前たち、聞こえるか！？　もう大丈夫だ！" (11:47); "茅萱が集落の入り口で少しばかり足止めをしてくれたんだ。足を切って動きを鈍らせてね" (11:78); "こいつら、バカだよ。ドローガの副作用にやられたんだ" (11:83); "なるほどね。／少しは私も役に立てたみたいだ" (11:97-98); "私の方で応急処置はするから、急いで救急車を！" (11:103)
39	44	2	42	facts		00000E49		  - facts (route of 00000BD6-): gives Natsumi the metal 大魔女 mask she wore at the 法要 (00000E01:11:36-41); by phone sends them to 夏菜's base (11:127); takes a hatchet at the base (11:160); probably held by the police a while (00000E49:11:145) (as of 00000E49)
39	45	0		chunk-10 additions		00000DE9		- chunk-10 additions (as of 00000DE9):
39	46	2	45	own voice		00000DE9		  - own voice (00000D59), plain older-woman タメ口: "ごめんね、なつみちゃん。寝てたかい？" (11:19); "ふむ……城崎から、色々聞いたみたいだね。" (11:21); "この事件にはね……『真犯人』なんていないのさ。" (11:52); "私には、怯えて手を出してしまった者を警察に突き出す度胸がなかった" (11:63); "ああ……そうだね。そうしようか……" (11:82); "敢えて言うならサクラは 掟 に殺されたようなものだ。" (11:86); "ああ……やっとこれで終わる気がする……" (11:115); "んふふふふ！　いいのかねえ？　こんなコスプレババアが友達だったら、色々大変だよ？" (11:132); "はっはっは！　これでなつみちゃんの若さを吸い取って、まだまだ元気に生きられそうだ！" (11:142); "茅萱！　次のコミケも行くからね！" (11:143); "あったりまえだろ！　あんなごみごみしたところを老人に1人で歩けって言うのかい？" (11:145)
39	47	2	45	rite voice		00000DE9:11:43		  - rite voice: the 大魔女's Latin-script Portuguese at the 法要 (00000DE9:11:43, 11:167, 11:172; V258); a different mask and robe colour (11:22)
39	48	2	45	facts		00000DE9		  - facts (route of 00000BD6-): agrees to go to the police after the 十三回忌 (00000D59:11:79-82); once proposed disbanding the settlement (11:67); practised the Mifuyu pose a week before a mirror (11:135); sent Goto hunting, which Natsumi later finds odd (11:192-194); does not know ドローガ is still made, per 幸太郎 (00000DB9:11:35-36); Natsumi's narration: おばあさん to 00000D59:11:136, エリカちゃん from 11:192 (as of 00000DE9)
39	49	0		chunk-09 additions		00000C81		- chunk-09 additions (as of 00000C81):
39	50	2	49	route of 00000B57-00000BB7		00000C81		  - route of 00000B57-00000BB7: at the station, watching (00000B57:11:162-164); cuts off 幸太郎's arm with a hatchet: "幸太郎……。／まったく、お前たちってやつは……" (00000B9F:11:326-327); "やっぱり、10年前のことは間違いだったんだよ" (11:330); police questioning (00000BB7:11:61)
39	51	2	49	route of 00000BD6-00000C81		00000C81		  - route of 00000BD6-00000C81: cosplay greeting (00000C50:11:0); impersonates Mifuyu, stretched: "おーっほっほっほ！　新村美冬、久しぶりに荒田集落に来たわよー！" (00000C68:11:87), "ほらー見てごらんなさい！　いつまでも若くいることこそ、元気でいる秘訣なのよー！" (11:99); a glare "ん゛！？" (11:101); switches to Goto "お待たせしました！　自他ともに認める天才少女五島エリカ、参上です！" (11:134); "おやおやあ？　元祖天才ハンター少女である、この五島エリカに勝負を挑む気ですかあ？" (11:146); "ほほう！　いいでしょう！　2人まとめてかかってきなさい！" (11:151); "ハンター少女に勝負を挑まれたわけですから、今から山に出て、大物を狩って来た方が勝ちです！" (00000C81:19:12); "ようし！　制限時間は1時間！" (19:23)
39	52	2	49	facts		00000C81		  - facts: goes to Tokyo; cosplayed the heroine of the film "Fascination" at Comiket, to many cameras (per Chigaya, the cameras were on Chigaya) (00000C08:11:49-79); per Natsumi, told them the drug was once made and destroyed (00000B87:11:34-35); 城崎: the 大魔女 has been modernising 荒田 (00000C38:11:33-34); has not told the police (00000C21:11:116) (as of 00000C81)
39	53	0		chunk-08 additions		00000B3F		- chunk-08 additions (as of 00000B3F):
39	54	2	53	own voice, no impression		00000B3F		  - own voice, no impression: plain older-woman タメ口 with ね / さ / かい / かね / だね / な-imperatives: "この勝負では、勝者は1人と決まっている！" (00000A30:11:16); "荒田集落に最初に来た人が、この桜のそばに家を建てたのさ" (11:66); "私はね、この荒田集落を変えたいんだ……" (11:83); "なつみちゃんは……／呪いを信じるかね？" (11:211-212); "呪いなんてもの、ありゃしない。あるとすれば、それは誰かが裏で手を引いている" (11:216-217); "なつみちゃんもちょっと付き合っておくれ" (11:221); "茅萱、そろそろ準備しな" (00000A48:11:0); "やっぱりこの格好は暑いねえ。もうちょっと薄手のに変えようかね" (00000A62:19:66); "ほう！　さすが天才少女だね！" (19:78); "あるよ。自殺する病気ってのがね……" (00000A94:11:11); "春花、分からないかね？" (11:18); "よっこらしょっと" (00000A30:11:60); "はっはっは！" (11:172); "ふふふ、嬉しいねえ" (11:162); commanding on the phone "おい！　誰かいるのか！？　荒田の人間か！？　答えなさい！" (00000B27:11:132)
39	55	2	53	rite voice		00000B3F		  - rite voice: Portuguese in Latin script (00000A62:19:51, 19:55, 19:61; V186)
39	56	2	53	in 790		00000B3F		  - in 790 (00000A7C, 00000A94 accounts): "お、春花、夏菜の子守なんて偉いね" (00000A7C:11:74); "みんな！　すぐにサクラを探し出すんだ！／1人はみんなのために！　みんなは1人のために！" (11:130-131); "美冬さん……話は分かったから、何も気にしなくていい。今日のところは、もう春花を連れて帰りな。いいね？" (11:134-135); to Mifuyu 丁寧 then plain ("美冬さん……自分がしたこと、分かりますよね？…まあ……／いいんじゃないかね！" 00000A94:11:129-135)
39	57	2	53	address		00000B3F		  - address: from 00000A30 Goto and Natsumi call her エリカちゃん, at her request, with タメ口; she calls Goto 絵梨奈ちゃん; 茅萱 and 幸太郎 bare; 美冬さん; サクラ (3p); Chigaya and 夏菜 call her おばあちゃん; 幸太郎 母さん; 城崎 大魔女様 (00000B27:11:137); narration names her エリカちゃん from 00000A30:11:219
39	58	2	53	facts		00000B3F		  - facts: 71 (00000B0F:11:98); married in 祀耀750 (00000A94:11:195); エリカ is a winter flower's name, "ハイカラすぎて" (00000A30:11:173); wants to reform 荒田 (laws, trust); 荒田 made a strength drug for 500 years, banned by an earlier 大魔女, may still exist (00000A30:11:113-123); chose not to call the police over サクラ (00000A62:19:21); drew the 死神 off the road at the rite, black robes, old woman's mask (00000A48:26:20; 00000A62:19:45-47); on her predecessor's order let no one stop the suicides and kept the reason secret (00000B0F:11:109-137); invited Natsumi for her knowledge of 女ケ沢 (00000A94:11:166; 00000B0F:11:18); will consult police after the 法要 (00000B0F:11:84); goes to the 城崎 house (00000B3F:11:3) (as of 00000B3F)
39	59	2	53	open questions added		00000B3F		  - open questions added: V186, V197
39	60	0		chunk-07 additions		000009E6		- chunk-07 additions (as of 000009E6):
39	61	2	60	named 新村エリカ		000009E6		  - named 新村エリカ (Erika Niimura) (0000095B:11:85); speaks from 0000095B on (the heading's "named only" is superseded); about 70 ("70過ぎて" 11:136); head (長) of the 荒田集落, runs the 法要 (11:51-56); an outside bride about 50 years ago (000009A0:11:101-108); anime otaku who greets guests in impressions and costumes: as Haruka ("お前ら！　遅いぞ！　待ちくたびれたぜ！" 0000095B:11:71; "いいから飯できるまでクソして待ってな！" 11:92), as Chigaya ("むふ、引っ掛かったね春花" 11:128), as Goto ("自他ともに認める天才少女、五島絵梨奈！　荒田集落に参上！" 00000989:11:6; "五島エリカ" on her doll 000009A0:11:98)
39	62	2	60	own voice		000009E6		  - own voice: plain タメ口 of an older woman, ね / かい / よ, な-imperatives, "はっはっは！" ("お客さんたちにつまらん集落だと思われたくないからね！" 0000095B:11:133; "さあ、みんな座りな。勝負だ！" 00000989:11:107; "じゃあ、5分後に始めようか" 000009A0:11:6; "春花、夏菜、まだ怪談の途中。静かにしな" 000009B7:19:79; "これ美冬さん、大丈夫かい？" 19:117); commanding 丁寧 to Mifuyu ("美冬さん、今からやること、分かりますね？" 00000989:11:98)
39	63	2	60	story voice		000009E6		  - story voice (000009A0:11:101-238): plain past, calm ("でも他に選択肢はなかったんだよ……"; "まあ、あくまで怪談だからね。それは想像に任せるよ" 11:242)
39	64	2	60	facts		000009E6		  - facts (her story): passed the 山籠 and a second test, to kill an official threatening 荒田; did not kill him; he was found cut up "鉈のような大きな刃物で"; the previous 大魔女 credited her silence (000009A0:11:108-235); hosts the 荒田流 ghost-story contest with paper dolls (00000989:11:116-152); EN: "Erika" keeps the one-letter joke with "Erina" (00000989:11:36) (as of 000009E6)
39	65	2	60	open questions added		000009E6		  - open questions added: V172, V182
39	66	0		chunk-06 additions		00000779		- chunk-06 additions (as of 000008A2): called 大魔女 (大魔女様), head of the 荒田集落, Eiichiro's mother (00000801:8:40; 000007A5:8:153; 000008A2:8:125-127); Mifuyu 3p お義母さん / 大魔女様 / 栄一郎さんのお母さん; friendly and kind per Mifuyu (00000801:8:40), cheerful per Haruka, hobbies anime, impressions, cosplay; taught Haruka her impression (000007A5:8:153-156); opposes violence and was not told of Mifuyu's plan (000008A2:8:127-129); no lines in person as of 000008A2: the 大魔女 lines in 00000779 are Haruka's impersonation (V149)
39	67	0		first_appears	1	00000697:8:72		- first_appears: 00000697:8:72 ("ばあちゃん、怒ってないか？")
39	68	0		pronoun(s)	1	00000697		- pronoun(s): none (no lines) (as of 00000697)
39	69	0		facts		00000697		- facts: the caller says "おばあちゃんはちゃんと分かってくれてるみたいよ" (8:73) (as of 00000697)
39	70	0		as-of	1	00002444		- as-of: 00002478 (was 00002444)
39	71	0		blank		00000697:8:72		
40	0	0		heading	1	00000682:11:41		## unnamed schoolchildren (女ケ沢市 bullies, elementary and middle school; in Haruka's memory)
40	1	0		first_appears	1	00000682:11:41		- first_appears: 00000682:11:41
40	2	0		pronoun(s)	1	00000682		- pronoun(s): 俺 ("俺にもやらせろよ！" 11:166) (as of 00000682)
40	3	0		speech level baseline	1	00000682		- speech level baseline: 乱暴 ("おい御子神！", "ほんときもい！　邪教徒なんて死ねよ", "はい教団かいさーん！") (as of 00000682)
40	4	0		calls		00000682		- calls: 御子神 (bare), 新村 (bare), お前, こいつ (as of 00000682)
40	5	0		EN correlates	1	00000682		- EN correlates: blunt, high contractions, schoolyard insults (as of 00000682)
40	6	0		as-of	1	00000682		- as-of: 00000682
40	7	0		blank		00000682:11:41		
41	0	0		heading	1	00000779:8:108		## unnamed policewoman (婦警, 00000779)
41	1	0		first_appears	1	00000779:8:108		- first_appears: 00000779:8:108
41	2	0		pronoun(s)	1	00000779		- pronoun(s): none observed (as of 00000779)
41	3	0		speech level baseline	1	00000779		- speech level baseline: 丁寧 ("作戦成功……ですね……" 00000779:8:108) (as of 00000779)
41	4	0		notes		00000779		- notes: one of the officers who played the dead girls (8:107); her line echoes Goto's 作戦成功です (GLOSSARY) (as of 00000779)
41	5	0		as-of	1	00000779		- as-of: 00000779
41	6	0		blank		00000779:8:108		
42	0	0		heading	1	000007BC:8:236		## unnamed young men (pick-up lines; 000007BC and 000007D3)
42	1	0		first_appears	1	000007BC:8:236		- first_appears: 000007BC:8:236
42	2	0		pronoun(s)	1	000007BC:8:236		- pronoun(s): 俺たち / 俺ら (000007BC:8:236; 000007D3:11:264) (as of 000007D3)
42	3	0		speech level baseline	1	000007D3		- speech level baseline: タメ口, flirty then insulting ("ねえねえ、そこのお姉さん", "よかったらドライブ行かない？"; "何だこの酔いどれチビデブサイク", "お前の顔、なんかムカつくわ", "おい、こいつやっちまおうぜ" 000007D3:11:278-285) (as of 000007D3)
42	4	0		calls		000007D3		- calls: Mifuyu お姉さん (non-relative: "miss"); Eiichiro こいつ, デブ (as of 000007D3)
42	5	0		EN correlates	1	000007D3		- EN correlates: high contractions, crude; no regional markers (as of 000007D3)
42	6	0		notes		000007BC		- notes: two different pairs (a clothes shop, 000007BC; from 皆上市, 000007D3:11:264) (as of 000007D3)
42	7	0		as-of	1	000007D3		- as-of: 000007D3
42	8	0		blank		000007BC:8:236		
43	0	0		heading	1	000007BC:8:254		## unnamed suitors (000007BC:8:254-256)
43	1	0		first_appears	1	000007BC:8:254		- first_appears: 000007BC:8:254
43	2	0		speech level baseline	1	000007BC		- speech level baseline: 丁寧 ("金井さん！　ずっと好きでした！　付き合って下さい！"; "金井美冬さん！　俺とデートしてください！") (as of 000007BC)
43	3	0		notes		000007BC		- notes: three separate voices, one line each; 8:256 typo (V135) (as of 000007BC)
43	4	0		as-of	1	000007BC		- as-of: 000007BC
43	5	0		blank		000007BC:8:254		
44	0	0		heading	1	000007D3:11:300		## unnamed firefighter (000007D3)
44	1	0		first_appears	1	000007D3:11:300		- first_appears: 000007D3:11:300
44	2	0		speech level baseline	1	000007D3		- speech level baseline: 丁寧 ("今回は緊急事態ってことで仕方なかったと思いますけど、くれぐれも以後注意して下さいね") (as of 000007D3)
44	3	0		as-of	1	000007D3		- as-of: 000007D3
44	4	0		blank		000007D3:11:300		
45	0	0		heading	1	000007EA:11:169		## unnamed café staff (プリマベラ; "いつもの店員さん")
45	1	0		chunk-26 additions		00001D1E		- chunk-26 additions (as of 00001D1E): 00001D1E: the master (「」, colour ?): "はあ……君以上の子なんて、もう……" (8:4).
45	2	0		chunk-25 additions		00001AA5		- chunk-25 additions (as of 00001AAE): 00001AA5-00001AAE: the waitress (「」, colour ?) and the master (――-led cells, 僕, V586):
45	3	2	2	waitress, polite 丁寧		00001AA5:8:0		  - waitress, polite 丁寧: "ビギナーコーヒー2つお願いします" (00001AA5:8:0); "ええ、コーヒーが苦手なカップル、金井様とそのお連れ様です" (8:3); "『たで食う虫も好き好き』、人の好みは分からないってことですね" (8:11); "あ、じゃあ私が金井様にもう一度あいさつします。" (8:20); "はい。私も次の看板娘を譲れる子が現れるまでは、誠心誠意、お客様をおもてなしします" (8:24); "古郡様と新村様、おめでたいですね" (00001AAE:8:0); "得やすいものは去りやすい。／Easy come, easy go.ですね" (8:27-28, V584); "わあ、デラックスアフタヌーンティーセット！" (8:33)
45	4	2	2	master, fatherly タメ口		00001AA5:8:1		  - master, fatherly タメ口: "――はいよ！" (00001AA5:8:1); "――でもまあ、どのようなお客様であれ、全力でおもてなしすること。それがプリマベラの心だ。" (8:12); "――金井……いや、新村様が結婚して、子供ができるのか……。" (00001AAE:8:17); "――でも、急にやって来た幸せって、急に消えてしまうっていう持論があってさ。" (8:26); "――ははは、じゃあ看板娘さん、幸せをお2人に届けておくれ。" (8:35); calls her 君 / 看板娘さん
45	5	2	2	facts		00001AA5		  - facts: the waitress is the Primavera 看板娘 of that era, waiting for a successor (00001AA5:8:24); in 800 桃子 holds the title (00001807:8:56); the waitress is not linked by the text to the 000007EA staff line beyond the setting
45	6	0		first_appears	1	000007EA:11:169		- first_appears: 000007EA:11:169
45	7	0		pronoun(s)	1	00000801		- pronoun(s): none observed (as of 00000801)
45	8	0		speech level baseline	1	000007EA:11:169		- speech level baseline: 敬語 service ("いらっしゃいませ、金井様。ご注文はいかがなされますか？"; "取り揃えてございます"; "まことに感謝しております" 000007EA:11:169-190; "古郡様、新村様、この度はおめでとうございます" 00000801:8:145) (as of 00000801)
45	9	0		calls		00000801		- calls: Mifuyu 金井様 (V082 treatment); 茜 and Mifuyu 古郡様、新村様; Eiichiro お連れ様 (as of 00000801)
45	10	0		EN correlates	1	00000801		- EN correlates: formal service English, few contractions (as of 00000801)
45	11	0		notes		000007BC:8:64		- notes: the café is not named in these files; "いつも茜と一緒に行く喫茶店", the one opened when they were in high school (000007BC:8:64 プリマベラ) (as of 00000801)
45	12	0		as-of	1	00001AAE		- as-of: 00001D1E (was 00001AAE)
45	13	0		blank		000007EA:11:169		
46	0	0		heading	1	000007EA:11:154		## unnamed café customers (overheard, 000007EA)
46	1	0		first_appears	1	000007EA:11:154		- first_appears: 000007EA:11:154
46	2	0		speech level baseline	1	000007EA		- speech level baseline: タメ口 gossip ("美女と野獣って感じだね……", "あれはあれでお似合いなんじゃないの？") (as of 000007EA)
46	3	0		notes		000007EA		- notes: several voices, unattributed; keep ungendered (as of 000007EA)
46	4	0		as-of	1	000007EA		- as-of: 000007EA
46	5	0		blank		000007EA:11:154		
47	0	0		heading	1	00000801:8:121		## unnamed doctors (00000801, 00000818)
47	1	0		chunk-07 note		000008E8		- chunk-07 note (as of 000008E8): a doctor at the 女ケ沢 hospital (000008E8:8:52-66): 丁寧 "大丈夫です。脳にも骨にも異常はありません", "ええっと、お父さんですか？", "あ、あの、では私はこれで"; not shown to be any earlier doctor
47	2	0		first_appears	1	00000801:8:121		- first_appears: 00000801:8:121
47	3	0		pronoun(s)	1	00000818		- pronoun(s): none observed (as of 00000818)
47	4	0		speech level baseline	1	00000801:8:121		- speech level baseline: 丁寧 ("おめでたですね"; "もう、あなた1人の身体ではないんですから" 00000801:8:121-125; "その……こういうことは……／珍しくはないんです" 00000818:11:0-1; "非情な話だと思うのですが" 11:18) (as of 00000818)
47	5	0		notes		00000818		- notes: not shown to be the same doctor (as of 00000818)
47	6	0		as-of	1	00000818		- as-of: 000008E8 (was 00000818)
47	7	0		blank		00000801:8:121		
48	0	0		heading	1	00000818:11:131		## unnamed sweet-potato vendor (old woman, 元木山)
48	1	0		first_appears	1	00000818:11:131		- first_appears: 00000818:11:131
48	2	0		pronoun(s)	1	00000818		- pronoun(s): none observed (as of 00000818)
48	3	0		speech level baseline	1	00000818		- speech level baseline: タメ口, brisk, friendly ("あいよー"; "だーれがおばちゃんだってー？"; "そうだろ、そうだろう。うちの畑で作った芋だよ"; "あつあつな夫婦だねえ……。芋が焦げちゃうじゃないか"; "ほれほれ、これ持って帰んな！") (as of 00000818)
48	4	0		EN correlates	1	00000818		- EN correlates: casual, normal-to-high contractions; no regional markers (DIALECT POLICY) (as of 00000818)
48	5	0		known ambiguity / open questions	1	00000818		- known ambiguity / open questions: V144 (as of 00000818)
48	6	0		as-of	1	00000818		- as-of: 00000818
48	7	0		blank		00000818:11:131		
49	0	0		heading	1	0000082F:11:44		## unnamed picture-story barker (中央公園, 0000082F)
49	1	0		first_appears	1	0000082F:11:44		- first_appears: 0000082F:11:44
49	2	0		speech level baseline	1	0000082F		- speech level baseline: 丁寧 call ("今から紙芝居やりますよー！　お菓子や風船もありまーす！") (as of 0000082F)
49	3	0		as-of	1	0000082F		- as-of: 0000082F
49	4	0		blank		0000082F:11:44		
50	0	0		heading	1	00000846:11:55		## unnamed junior colleague (後輩 of 古郡良治)
50	1	0		first_appears	1	00000846:11:55		- first_appears: 00000846:11:55
50	2	0		pronoun(s)	1	00000846:11:123		- pronoun(s): 僕 ("いやいや、僕なんかじゃこんなカスタマイズ無理ですよ……" 00000846:11:123) (as of 0000088B)
50	3	0		speech level baseline	1	0000088B		- speech level baseline: 丁寧 with っす ("古郡さん、そろそろ出る時間っすよ" 11:55; "古郡さんさすがっすね！" 11:88; "経理に叱られますって！" 11:64) (as of 0000088B)
50	4	0		calls		0000088B		- calls: 良治 古郡さん (as of 0000088B)
50	5	0		EN correlates	1	0000088B		- EN correlates: casual-polite, eager; normal contractions (as of 0000088B)
50	6	0		as-of	1	0000088B		- as-of: 0000088B
50	7	0		blank		00000846:11:55		
51	0	0		heading	1	00000846:11:66		## unnamed client (先方, 00000846)
51	1	0		first_appears	1	00000846:11:66		- first_appears: 00000846:11:66
51	2	0		speech level baseline	1	00000846		- speech level baseline: 丁寧 business, casual edges ("古郡さん、もう少し軽量化できませんかね？"; "いやーさすが古郡さん、助かりますよ！") (as of 00000846)
51	3	0		as-of	1	00000846		- as-of: 00000846
51	4	0		blank		00000846:11:66		
52	0	0		heading	1	0000088B:35:41		## お義母さん / お義父さん (茜's parents; 外崎家)
52	1	0		chunk-26 additions		0000200D		- chunk-26 additions (as of 0000200D): 0000200D (small なつみ with them; colour ?): grandfather in dialect "じゃじゃじゃ、ごの絵本どだ？" (8:2), "じっちゃんと入るが！" (8:5), "桜っこ咲いでるが？" (8:8) (V604); grandmother soft タメ口 "ほらなつみ、このお人形さんはどう？" (8:0), "茜たち、何があったのかしら" (8:21).
52	2	0		first_appears	1	0000088B:35:41		- first_appears: 0000088B:35:41 (named as 良治's in-laws); lines 35:42, 35:49, 35:52
52	3	0		pronoun(s)	1	0000088B		- pronoun(s): none observed (as of 0000088B)
52	4	0		speech level baseline	1	0000088B		- speech level baseline: mother タメ口, warm ("良治さん、茜、お疲れ様。少し休んでいく？", "さあさあ、ちょっとでも休んで、お茶でも飲んでいって"); father: one dialect line "ええがだええがだ。だっだどいぎゃ！", unintelligible to 良治 (35:52-53) (as of 0000088B)
52	5	0		dialect	1	0000088B		- dialect: father, unnamed dialect (V147) (as of 0000088B)
52	6	0		facts		00000846:11:17		- facts: the mother saw newborn Mifuyu at 茜's check-up (00000846:11:17-19; 0000088B:35:45); family name 外崎 (00000874:11:98, V150); keep Natsumi overnight in the route of 0000088B:35 (as of 0000088B)
52	7	0		known ambiguity / open questions	1	0000088B		- known ambiguity / open questions: V147, V150, V151 (as of 0000088B)
52	8	0		as-of	1	0000088B		- as-of: 0000200D (was 0000088B)
52	9	0		blank		0000088B:35:41		
53	0	0		heading	1	00000697		## 新村茅萱 (Chigaya Niimura; チガ姉 Chiga-nee; Haruka's cousin)
53	1	0		chunk-30 additions		00002478		- chunk-30 additions (as of 00002478):
53	2	2	1	narrator		00002478		  - narrator (私) of 00002478 (inferred; "茅萱！" 11:77, "新村茅萱さん" 11:99): measured past narration with present-feel reflection; clipped resolve ("私はただ――普通に過ごすしかない。" 11:124); closes "のだが――。／それはまた――別の世界での話。" (11:129-130, V666).
53	3	2	1	lines		00002478		  - lines (colour 茅萱; every turn but one opens "ん……"): 0000245F: "ん……お父さん、おはよう" (11:3); "ん……今朝起きたら春花たちもいなかったわ。その辺散歩しているんじゃないかしら" (11:8); "ん……地下倉庫、ね……" (11:18); "ん……いつものとこ？" (11:25); "ん……お父さん、着いたわ。沈丁花の花、摘んでいくの？" (11:56). 00002478: "ん……お父さん、久しぶり" (11:8); "ん……差し入れ持ってきてるから" (11:10); "ん……おばあちゃんが亡くなったわ" (11:28); "ん……それと……。／なつみちゃんも死んだ" (11:34-35); "ん……お父さん、何か知らないかしら？" (11:56); "ん……待って下さい！　まだ5分経ってないです！" (11:73, 丁寧 to the officer); "ん……警察庁って……！" (11:100).
53	4	2	1	memory		00002478		  - memory (00002473:11:344-351, as a child at 夏菜's birth, colour 茅萱, already with the opener): "ん……この子もやっぱりお母さん似かしら？" (11:344); "ん……えっと……／やっぱりお母さんに似てほしいかな" (11:350-351).
53	5	2	1	facts		00002478		  - facts: confined in the underground storeroom ten years ago in the killing urge (0000245F:11:21-22; 0000246E:11:307); with 夏菜 guarded なつみ's group (0000246E:11:30); later: 荒田 closed, lives in Tokyo on a sudden state scholarship, university, part-time job, コンパ; watched; cannot use ファルシフィカソ or contact 五島 (00002478:11:107-125).
53	6	0		chunk-29 additions		0000243F		- chunk-29 additions (as of 0000243F):
53	7	2	6	narrator		0000243F		  - narrator (私) of 00002439 (inferred): measured, reasoning past narration; weighs 古郡夫妻's plan ("いささか無謀な判断にも思える" 11:14); tense action cells ("もう――これしか！" 11:214).
53	8	2	6	lines		0000243F		  - lines (colour 茅萱), every turn opening "ん……": "ん……夏菜……" (11:60); "ん……夏菜！　ダメよ！　その人たちを傷つけちゃダメ！" (11:70); "ん……いい夏菜！　お父さんの言うことを聞いてはダメ！" (11:79); "ん……私は……夏菜の家族なのよ！？" (11:107); "私は……！／　私は誰も殺したくない！　夏菜にも殺してほしくない！" (11:115-116, no opener); "ん……夏菜、分かった。／犯人は私。" (11:166-167); "やめなさい！" (11:188); "ま、待ちなさい……！" (11:226); pain "ぐう……！" (11:98), "うぐう……！" (11:138).
53	9	2	6	facts		0000243F:11:87		  - facts (this route): skipped the 継承の儀 by a plan with おばさん (11:6-9); carries a 鉈; stabbed three times by 夏菜, a deep wound in the side (11:159-164); cuts 夏菜's back (11:216-223); seen following 夏菜, bloody (0000243F:11:87-89); per 糸, finished off by the villagers (00002444:20:401); per サクラ luckily dead (26:487); 香織 calls her チーちゃん.
53	10	0		chunk-28 additions		00002433		- chunk-28 additions (as of 00002433):
53	11	2	10	00002340		00002433		  - 00002340:11:91 (reported by a colour-? voice): "茅萱ちゃんは……／さっきまでいたんだけどな……"; 春花: "隠れたんだろ" (11:93).
53	12	2	10	00002433		00002433		  - 00002433 (colour 茅萱; narrator 私 in 11:32-49): every turn opens "ん……": "ん……夫や父親の法要に来ないって、相当な用事なのかしら？" (11:2); "ん……春花、久しぶりね" (11:28); "ん……私ね、おばあちゃんの考え方好きよ。" (11:58); "ん……忘れるはずない。今でも夢で見るわ" (11:81); "ん……でも私も夏菜も緑の目で生まれた。" (11:85); "ん……分かったわおばあちゃん。私もできることはやってみる" (11:126); "だって夫の十三回忌よ？" (11:131); stands in as 魔女 at the 法要 (11:42-43); narration worries about エリカ's authority (11:44-49).
53	13	0		chunk-27 additions		00002108		- chunk-27 additions (as of 00002108), colour 茅萱:
53	14	2	13	00002072		00002108		  - 00002072 (reported): missed 栄一郎's 三回忌, said to be in hospital; her green eye is gone (8:3-12, 8:33).
53	15	2	13	000020F0		00002108		  - 000020F0 (child, in a 呪殺 fit): "あがががが…" (8:1); "殺して……！／　早く、殺して……！" (8:5-6); "早く！　私でもお母さんでもいいから殺して！" (8:14); wakes "おとう……さん……？" (8:27), "お母さん……／よかった……。" (8:30-31).
53	16	2	13	00002102		00002108		  - 00002102 (REPLAY of the 00001EFF dream, no ん tic): "ほんとに、お母さんに会えるの？" (8:5); after waking the tic: "ん……夢……？" (8:22); "ん……ナイフで……。／ナイフで……！" (8:25-26); "お母さん……" (8:30-31) as 百合子's death is called.
53	17	2	13	000020B4		00002108		  - 000020B4: "ん……春花の様子はどう？" (8:0).
53	18	2	13	000020D2		00002108		  - 000020D2: "ん……別に来週の儀式で使う予定はないでしょ？" (8:11); "でももうファルシフィカソなんて効果はないでしょ？" (8:14).
53	19	2	13	000020DE		00002108		  - 000020DE: to 夏菜: "ん……それと、あまりおしゃべりしすぎないようにね" (8:26); "ん……夏菜、なつみちゃんをここに迎え入れることになったから。" (8:49).
53	20	2	13	00002108		00002108		  - 00002108 (Tokyo, to ハナちゃん): "ん……私、明日からしばらく実家に帰るの" (8:11); "ん……私…… ／死ぬかもしれない" (8:35-36); "ん……ハナちゃんくらいお淑やかな女なんてそうそういないもんね。" (8:60); rejected by over 100 men (8:52).
53	21	2	13	000020FC		00002108		  - 000020FC (chat): チガちゃん; men who chase her end up drinking till morning (8:21-23).
53	22	0		chunk-26 additions		0000202C		- chunk-26 additions (as of 0000202C):
53	23	2	22	drunk		0000202C		  - drunk (00001B81; 00001BCE:8:68-81): no ん…… opener; "何かしら？　かわいい妹よ！" (00001B81:8:6); "あ、春花、おかわりロックで" (8:15); "こんなセクハラジジイには超絶美人の茅萱様が死ぬまでお酌してやる！" (00001BCE:8:81).
53	24	2	22	sober, ん…… opener		0000202C		  - sober, ん…… opener: "ん……夏菜、聞いて。犯人はきっとお父さんなの……" (00001BB4:8:13); "ん……夏菜はまだ甘いわ。" (8:46); just 20 per 城崎 (00001BC4:8:17); suspects 幸太郎 over the 鉈とメイス training (00001BF7:8:30-37).
53	25	2	22	00001C5D		0000202C		  - 00001C5D: drops the opener when threatening "黙りなさい！" (11:68); "私は……！／　生まれた時から……／呪われた身体なの" (11:150-153); 15:0 (V594).
53	26	2	22	00001EFF		0000202C		  - 00001EFF (narrator, 私, inferred): believed herself the culprit after a dream (8:21-56); "どうやら、私も同罪だったみたい。" (8:58); her 翠眼 was cured (8:126).
53	27	2	22	0000202C		0000202C		  - 0000202C (young): "ん……本当にいいの？　そんなことして。" (8:58).
53	28	0		chunk-25 note		000010F5:8:279		- chunk-25 note (as of 00001AE8): no lines; in 790 エリカ tells 美冬 "あの子は今、入院していてね。大した病気じゃないから、来週には退院するよ" (00001AE8:8:18), a cover for her confinement (000010F5:8:279-307); the 死月編 trailer mentions "オッドアイの姉妹？" (00001AFE:35:1)
53	29	0		chunk-23 additions		0000154E		- chunk-23 additions (as of 0000154E):
53	30	2	29	lines colour 茅萱, the ん…… opener kept on sober turns		0000154E		  - lines colour 茅萱, the ん…… opener kept on sober turns: "ん…………お母さんを殺した、真犯人……" (000014EE:8:66); "ん……もし、あなたが生者だと言うなら、あなたの頸動脈をこれで切り裂いたらどうなるのかしら？" (16:73); "ん……私にお母さんを殺そうとさせて、さらに私に罪をなすりつけてきた。／えっと、手足を切り落としても死なないようにするには……" (16:200-201); "ん……私、人に対してあまり怒ることはないの。" (16:215); "ん……許せないけど……。…ごめん、私には分からないわ……" (16:343-345); "ん……夏菜、血をつけて！" (00001505:8:12); "ん……そういうこと。私はそれで失敗したわ" (8:40); "ん……あれはとても無理よ……。／脊髄反射のように、抑えが利かないの" (0000151C:8:83-84); "ん……みんな、お疲れ様" (8:329); dropped in grief: "お母さん……！　私、会いたかった！　ずっとずっと、お母さんに……！" (8:383) (V464 family); "ん……これでよしっと。／さあ、戻りましょう" (8:458-459)
53	31	2	29	narrator of 0000154E		0000154E:8:0		  - narrator of 0000154E:8:0-138 (私; no switch sprite): tired, tender past narration turning sharp ("でも……私は気づいたのだ。／呪殺事件は、まだ真の解決には至っていない。" 8:23-24; "なるほど、そういうことか。" 8:93); lines "ん……ごめん、五島ちゃん……" (8:35); "ええ！！？／　それは……ちょっと……" (8:47-48, no ん……); "ん……ふふ、そうね" (8:59); "ん……五島ちゃん、私に話したいことがあって、ここに来たんでしょ？" (8:73); "ん……やっぱりいたのね" (8:108); "ん……お父さん……。何か言ってよ……" (8:127)
53	32	2	29	facts		0000154E		  - facts (this route): carries 五島 down the mountain (0000151C:8:453); puts 夏菜 to bed after the 十三回忌 (0000154E:8:8-14); knew nothing of the 蔵 fire (8:78); locked the base's barred door that morning (8:106); her father had kept her 翠眼 untreated at サクラ's request and cured her with ファルシフィカソ (8:205-207, 8:225-226, his account)
53	33	0		chunk-22 additions		000014D7		- chunk-22 additions (as of 000014D7):
53	34	2	33			000014D7		  - no narration; lines colour 茅萱. Waking in the cave, weak, ん…… opener on most turns: "ん……" (00001414:8:135); "五島……ちゃん……？" (8:138); "はあ……ありがとう、五島ちゃん……" (8:149); "ん……これで……／死月妖花の脅威が1つなくなったのね" (8:163-164); "ん……五島ちゃん、廃屋に行ったみんなを救出する！" (8:166); "ん……残念だけど、お父さんは何か隠しているわ" (8:253); "ん……これが、ヴェルジのミイラ……" (8:272)
53	35	2	33	the act		000014D7		  - the act (0000142B; 000014D7 to 8:338): cold, contemptuous タメ口, the ん…… opener dropped except "ん……私は正気。／女神様に会いに行くの" (0000142B:8:79-80): "邪魔しないで！" (8:59); "邪魔するなら……／死ぬ？" (8:66-67); "選んでいいわよ？／ここで死ぬか……一緒に来るか。" (8:69-70); "あっはははは！　違うわよ！　私はまだ生きているわ！" (8:85); "情けないわね、天才少女が……" (8:133); "言うこと聞かないなら殺せばいいのに……。" (8:202); "黙んなさい、天才少女。あんたが口を開くと迷惑なの" (000014D7:8:68); "そしてここへ向かう途中に、トミのミイラに触れることで、私は第四世代として生まれ変わった。" (8:285)
53	36	2	33	after		000014D7:8:342		  - after: the opener back ("ん……いつまでも……／いつまでも、やられっぱなしなわけじゃないわ……！" 000014D7:8:342-343; "ん……ごめんね、五島ちゃん。／ミイラを処分するために、どうしてもこの演技が必要だったの。" 8:361-362; "ん……これが死月妖花の弱点。" 8:374; "ん……みんな、伏せて！" 8:396) (V464 family)
53	37	2	33	facts		000014D7		  - facts (this route): found unconscious and bloodied in the cave, pulse present (00001414:8:125-134); both eyes now blue (8:154-160): per her father's note she was injected with ドローガ by the dead and he cured it with ファルシフィカソ (000014D7:8:353-357); sees in the dark (0000142B:8:25); feigns fourth generation; jumps into the hot stream with the ヴェルジ mummy (000014D7:8:331-341); cuts 夏菜's arm and wounds the dead with the fresh blood (8:365-373); per サクラ, the killings she remembered were illusions shown to her (8:270)
53	38	0		chunk-21 additions		000013CD		- chunk-21 additions (as of 000013CD):
53	39	2	38			000013CD		  - narrator of 00001325, 0000133D, 00001355, 0000136D, 00001385, 0000139D, 000013B5, 000013CD (route of 000011CC, April 6 afternoon to April 7 night): comic, self-mocking with 夏菜, a rough inner voice when jealous ("おい大翔、もうそれ日記じゃねえだろ。" 00001325:8:222; "春休みになったら会えねえとかほざいてたくせに" 8:233), inner shrieks "キエエエ…！！" (8:200, V489); reading narration with long book passages; urgent short cells under threat ("落ち着け……！" 0000136D:8:19); a blind thought monologue while carried; reasoning spirals of "なぜ" (00001385:8:59-75); planning lists with ・ (000013CD:8:16-20); drowsy one-phrase cells ("少しだけ……／ほんの……／少しだけ……。" 000013CD:8:222-224)
53	40	2	38	lines to 夏菜, bossy big sister playing mother		000013CD		  - lines to 夏菜, bossy big sister playing mother: "ん……夏菜、よく聞きなさい。／私たちのお母さんはもう10年前に亡くなったの。／だから姉である私は、母親の代わりもしないといけないの。" (00001325:8:133-135); "ほら、怒らないからお姉ちゃんに言ってごらんなさい？" (8:131); "は？" (8:151); "んあ？" (8:165); Kansai-style tsukkomi "はよ読めや" (8:195, V485); tender "ん……大丈夫よ、夏菜には夏菜のいいところがあるんだから。" (8:258)
53	41	2	38	lines under threat		000013CD		  - lines under threat: "誰！？" (0000136D:8:86); "ん……お母さん……！　どうして……？" (8:109); "ん……どこに連れて行く気なの！？" (8:209); bluff "ん……そんなことしたら、ファルシフィカソをその女神様にお見舞いするわ！" (8:224); "な、何よこれ……！" (8:270); "だったら、ここで殺しなさいよ！" (8:294); "お母さんの声を出すな！　お母さんのマネをするな！" (8:300); feigned despair muttered alone ("無理だ……やっぱり無理だ……逃げられないよ……" 0000139D:8:46; "死ぬのはみんなにしてよ！" 8:85; "はは……／ははは……やっぱりもうダメだ……！" 000013B5:8:7-8); feigned surrender to her dead mother ("ん……最後くらいはお母さんと仲良く過ごしたいって。" 000013B5:8:134); to 叔母さん, feigned hostility ("ん……叔母さん、これは遊びじゃないの。私の言うとおりにして" 000013CD:8:67); to the dead villagers "ん……邪魔しないで、私は本気なの。／あの子たちに手を出すなら……／殺す！" (8:275-277)
53	42	2	38	the ん…… opener		000013CD		  - the ん…… opener: kept on most sober turns; dropped through the teasing of 夏菜 (00001325:8:151-165), in outbursts and fear ("誰！？", "なんてことを……！" 0000136D:8:289, "お母さんの声を出すな！", "そ、そんな、叔父さんたちを騙すわけない……！" 000013CD:8:319) and in "叔母さん！　言うこと聞いて！" (000013CD:8:113) (V464)
53	43	2	38	calls		000013CD		  - calls: 夏菜 夏菜 (self お姉ちゃん; 妹よ in narration 00001325:8:251); サクラ お母さん; 栄一郎 叔父さん; Mifuyu 叔母さん; Haruka 春花; 3p 五島ちゃん, なつみちゃん, お父さん, おばあちゃん, 大翔 (the diary boy)
53	44	2	38	facts		000013CD		  - facts (this route): New Year fight with 夏菜 after naming their father (00001325:8:15-16); got her own room when her mother died (8:30-31); finds the three hidden books in the roof space via the three-mat room (0000133D); sends 『猛き音と翠眼呪殺』 to 五島; reads that fresh third-generation blood hurts the dead (0000136D:8:314-325; 000013CD:8:106-111, her inference; confirmed by 栄一郎 8:350); taken by her dead mother and 栄一郎 on April 6 evening, escapes, hides in the old rest hut with cloth earplugs (00001385; 0000139D:8:10); poorer at writing ("もともと字の下手な私" 0000136D:8:26); tricks the dead with feigned madness and a proposal to confine the 元木町 four; sends 美冬 and 春花 to the hut marked with her blood; knocked out by 栄一郎 (000013CD:8:354); 美冬 passed the 山籠 20 years ago before marrying 栄一郎 (8:77, her narration)
53	45	0		chunk-20 additions		0000130D		- chunk-20 additions (as of 0000130D):
53	46	2	45	route of 000011CC		0000130D		  - route of 000011CC (V467): narrator of 000012F5 and 0000130D (April 5 night to April 6, 15:00): methodical, self-questioning past narration ("私はどうしてそんな矛盾した行動をしていたのか。" 000012F5:8:30); distrust ("この荒田集落の人間は、たとえ身内であっても信用できない。" 8:37); lists with ・; realisation in one-line cells and anger ("やられた……！／騙された……！" 0000130D:8:152-153)
53	47	2	45	lines		0000130D		  - lines: phone to 春花 with the ん…… opener, dropped on some turns (V464): "ん……春花？　お久しぶり" (000011CC:8:24); "あら、五島ちゃんにやり方聞かなかったの？" (8:29); "ん……私が懸念していたのは、なつみちゃんにあの殺意が起こらないかどうかなの。" (8:43); "ん……／私自身が矛盾している……？" (8:71-72); on the recording "誰！？" (00001214:8:219), "おかあ……さん……？" / "お母さん……！　どうして……？" (8:233, 8:237); bloody, dazed "ん……どうしたの？　そんな顔して……" (0000127A:8:131), "ん……いい、春花。このまま山道を進めば廃屋につく。" (8:148); "ん……みんな、待って！" (000012DE:8:91); to 夏菜 "ん……大丈夫だから、ありがと" (0000130D:8:22); "くそ……！" (8:150, no ん……)
53	48	2	45	memo		0000130D		  - memo (00001214:8:128-159, 丁寧 written, illegible characters as ×, V459): 『彼女』 watches through her senses; names 『死月妖花』
53	49	2	45	facts		0000130D		  - facts (this route): arrived at 荒田 April 5; read the basement library with the 0723 code; sent 五島 photos in secret, breaking the 掟 (000012F5:8:17-21); per the report she and 夏菜 are third generation (8:91, 8:95); her foresight fails at 荒田 this year (000011CC:8:44); taken from the 蔵 on April 6 evening after a voice she called お母さん (00001214:8:219-249); reappears bloody, nose bleeding, near the 墓地広場 (0000127A:8:136-140); Haruka's narration of her "この緑の目を持つ者" (8:158); a stranger to なつみ (000012DE:8:96)
53	50	0		chunk-19 additions		000011B4		- chunk-19 additions (as of 000011B4):
53	51	2	50			000011B4		  - narrator of 0000110D, 00001124, 0000113D, 00001154, 0000116C, 00001184, 0000119C, 000011B4 (私; route of 00000B57-00000BB7, 祀耀800 late March to April 5, a Tokyo university student): narration has no "ん……"; comic, self-deprecating present feel about her love life ("なーんてことを考えているうちは、私の女子力なんておっさんレベルだ。" 00001124:8:116; "たまらなく、たまらないのだ。" 8:42); rough when her 荒田 blood rises ("こんな都会育ちのモヤシどもに負けてたまるか！／こちとら天然100％の山ガールなんだ！" 8:38-39; "いやいや待て待て、このババアは何言ってるんだ……！" 0000119C:8:73); a cold confession ("私はこの手で、5人殺した。" 00001154:8:53); a denial litany ("私は何も知らない。" x3 0000113D:8:20-22); reasoning lists with ・ (00001154:8:139-142); an allegory of a talking scale (00001184:24:1-22); anaphora of loss ("お母さんが死んでしまった季節。／お母さんを殺したくなった季節。" 0000110D:24:132-133)
53	52	2	50	voice		000011B4		  - voice: the "ん……" opener on every sober spoken line, also as a child in 790 ("ん……お母さん、どうしたの？" 000010F5:8:90; "ん……もう元気だよ！" 0000110D:8:76; "ん……夏菜、おうちに帰ろうか" 24:106); dropped in the 790 frenzy ("う……！／　うがががが……！", "お母さん……／死ね……／死んで……！" 000010F5:8:254-261), in "はーい" (8:103), and in flustered or indignant turns ("あ、あの叔母さん！　悩み相談していい！？" 00001124:8:125; "え！？　叔母さんもお酒の失敗で！？" 8:143; "うん……2人の会話、はっきり覚えてるし" 00001184:8:27; "いいかげんにして！" 0000119C:8:75; "私だって、本気になればかなり食べられるわよ……！" 8:68; "あ！　ちょ、五島ちゃ、おま！" 000011B4:8:18); soft タメ口 with わ / わね / かしら / のよ ("ん……叔母さん、今日も元気そうね" 00001124:8:72; "ん……似合う、かな……" 8:120; "ん……私って……／女としてダメかな……" 8:136-137; "ん……恋がしたい……かな……" 8:167-168; "ん……お酒やめようかなあ……" 8:241); formal 丁寧 / 謙譲 at a first meeting ("ん……新村茅萱と申します。／この度はわざわざお越しくださいまして、ありがとうございます" 0000119C:8:40-41); the confession "ん……／私がやったの。／私が……" (0000116C:8:98-100); "ん……叔母さん、呪殺事件、絶対に止めようね。" (0000113D:8:127); "ん……なつみちゃんと私は絶対に顔を合わせないようにしたいの。" (00001184:24:34); cries "ううう……！　うっう……！" (0000113D:8:111)
53	53	2	50	calls		000011B4		  - calls (chunk 19): サクラ お母さん; 幸太郎 お父さん (3p); Erika おばあちゃん; 夏菜 夏菜, self お姉ちゃん; Mifuyu 叔母さん, 3p 美冬叔母さん, このババア (thought); Haruka 春花; Eiichiro 栄一郎叔父さん / 叔父さん (3p); 茜 茜さん (3p, 00001124:8:156); Goto 五島さん (narration) -> 五島ちゃん; Natsumi なつみって子 / 古郡なつみ (3p) -> なつみちゃん; ハナちゃん; 城崎 城崎さん, his wife 城崎夫人 (3p)
53	54	2	50	facts		000011B4		  - facts (chunk 19, route of 00000B57): at 10 in 790 her foresight woke with the urge to kill her mother; confined in the 地下倉庫, the grandmother nursed her; the frenzy stopped after some days (after サクラ's ファルシフィカソ, 000010F5:8:355); she woke 790 April 12; on April 17 she followed an unseen voice to the cliff, saw サクラ fall and her father behead the body, and kept silent; at 11 (791) she stabbed 城崎's wife 百合子, then one a year to 795, five in all, to clear her father; she did not do the 796-onward killings; per 美冬 the victims' skulls were crushed with a blunt weapon, which she cannot square with her memory of stabbing (00001184:20:0-24:27); her foresight works in cherry season without her mother's dark-narrow limit and fails at 荒田; this year it shows her own death at 荒田 on April 8 (back cut open, cut in two, or stabbed by a 翠眼 春花) with many others (00001154:8:113-148); blue-and-green odd eyes, told in Tokyo they are unique for a Japanese (8:101-108); a face growing like her mother's; almost 21 (00001124:8:174); a tennis-circle drinker with a three-digit losing streak, has woken in a gutter and once floating in the 隅田川; a big eater who does challenge menus (8:195-197); plays boxed video games; no make-up since Coming of Age Day; confesses to 美冬 in a 銀座 料亭 (0000116C); meets 五島 there on 800 April 1; leaves for 荒田 on April 5, three days before the 十三回忌; will swap with 美冬 at the 継承の儀 and watch 夏菜 (0000113D:8:131-133)
53	55	2	50	open questions added		000011B4		  - open questions added: V432, V433, V439
53	56	0		chunk-18 additions		00000BD6		- chunk-18 additions (as of 00000FCF): route of 00000BD6-00000E61 continued (May 800): the "ん……" opener: "ん……お久しぶり" (00000F9F:11:11); "ん……そうよ。叔母さんから聞いてたはずだけど？" (11:15); "ん……こんにちは、五島ちゃん" (11:19); "ん……うふふ。第一印象の五島ちゃんも好きだけど、私、今の五島ちゃんも好きよ" (11:24); "ん……お疲れ様、春花" (00000FB7:11:2); "ん……明日は、上にあるものだけで大丈夫よ" (11:5); "ん……叔母さん、私もそう思うわ。この集落には私と夏菜、城崎さんの3人しかいないから" (11:17); "ん……夏菜を1人にはできないわ。" (11:19); "ん……春花、今はおばあちゃんの冥福を祈ってあげて。" (11:27); "ん……分かったわ。春花はまだ知らないものね" (11:35); drinks badly per Haruka (00000F40:11:54); lives at 荒田 now; her study abroad in doubt (00000FB7:11:18-21), kept per Haruka's final plan (00000FCF:11:24, 43:9-17)
53	57	0		chunk-17 additions		00000F24		- chunk-17 additions (as of 00000F24):
53	58	2	57	route of 00000F24		00000F24		  - route of 00000F24 (祀耀802 April 8): back from Tokyo; both eyes blue (124:188); like サクラ in looks, speech and manner (70:113-114); "今年で22歳" per Haruka's guess (70:112); moves without sound (70:103-104, 118:14-16)
53	59	2	57	the "ん……" opener on every line, calm, soft タメ口 turning menacing		00000F24		  - the "ん……" opener on every line, calm, soft タメ口 turning menacing: "ん……春花？" (70:102); "ん……やっぱり春花。ずいぶん髪が伸びたわね" (70:107); "ん……春花、言いたいことは分かるわ。／でも、誰もいないところに来ないといけなかったの" (70:144-145); "ん……三回忌は中止になったの。" (136:12); "ん……お母さんがね……／予言したの" (136:16-17); "ん……春花、やっぱり髪、短い方が似合うわよ？" (124:128); "ん……春花、大人しくして。私、暴力は嫌いよ？／まして、弱い者いじめなんてしたくない" (124:150-151); "ん……私にとって、春花は狩られる獣と同類なのよ？" (124:156-157, as one turn); "ん……荒田の信仰は一神教。" (124:213); "ん……彼女は『ヴェルジ』と呼ばれていたこの集落の神様。" (124:216); "ん……神様は死んだの。" (124:222); unmarked by ん…… once: "もう、この集落には脅威が入り込んでいるの。…女神殺しをする脅威がね" (124:229-231); ritual 丁寧 / 敬語 to the villagers ("ん……みなさん、今日は四月八日。" 106:78; "ん……それではお披露目致します。" 106:90); "ん……そう、春花の仕業ね。お母さんのミイラに細工をしたのは" (106:201); "ん……春花、ナイフの研ぎが甘いわ。" (106:230); "ん……ほら、力やスピードだけに頼ってると……／足元すくわれるわよ？" (106:241-242); "ん……誰かしら……？" (106:282); "ん……春花！　ダメよ！" (106:300); in Goto's account "ん……声を出さないで、すぐに外に出て" (64:67)
53	60	2	57	facts		00000F24		  - facts (route of 00000F24): fought 夏菜 daily in play and at every home visit (124:154); catches a knife bare-handed with magnesium carbonate (106:229-236); presides at the rite, burns サクラ's mummy (106:78-152); hit with the back of the 白般若's blade (106:291); cold to the touch, walks home like a zombie (88:225-251); strangles Goto and Haruka at the cave (187:112-130); a 胚 in her house at dawn (193:42)
53	61	0		chunk-16 additions		00000F0D		- chunk-16 additions (as of 00000F0D): route of 00000F0D (祀耀804): not seen, no lines; per 夏菜, at 10 (after her first period) she went mad and tried to kill their mother, was confined for days under the secret base, and her green-and-blue eyes turned both blue (20:99-101, 20:113); 夏菜 is close to her (44:33); "お姉ちゃん……" in 夏菜's farewell list (62:140)
53	62	0		chunk-14 additions		00000EDF		- chunk-14 additions (as of 00000EDF): route of 00000EDF (Goto's vision): both eyes blue (71:24), once one green (71:83; 77:78-82); ten years ago, in the frenzy, went at サクラ with a knife and was confined underground, then treated (59:9-16, 59:114-118); the "ん……" opener on every line: "ん……お疲れ様、春花" (71:21); "ん……よしよし、春花。辛かったね" (71:26); "ん……えっと、五島さんだったかしら？" (71:31); "ん……今回の分は急で用意できなかったの。…今、お父さんが作ってるらしいわ" (71:105-107); "ん……五島ちゃん、本当に事故！？　無理やりじゃなかった！？" (53:71); "ん……私が……／私を助けるために、たくさんの人が……" (59:182-183); "ん……私、今でも考えるの。／あの時、お母さんを殺したいって衝動をどうしたら抑えられたのか" (59:186-187); "ん……五島ちゃん……ごめんなさい。" (59:194); "私の命は……誰よりも重いものだと思う。" (59:218); "それがせめてもの、私の罪滅ぼしだから……" (59:229); "ん……私のために……申し訳ありませんでした。" (59:232); per 夏菜 she can eat without limit when she wants (186:52); calls サクラ お母さん, 幸太郎 お父さん, Erika おばあちゃん
53	63	0		chunk-13 additions		00000EC7		- chunk-13 additions (as of 00000EC7):
53	64	2	63	route of 00000EAF		00000EC7		  - route of 00000EAF (祀耀804): meets Goto as a stranger on the contest bus; fair, foreign-looking, "目の色が青い" (40:81-88), "2つの青い目" (91:133); knows sign language (40:92); back from study abroad last month, living at the family home, scouted by Japonica TV last week after a 10-pound steak in 36 minutes (34:255-260); TV billing "美しき肉食獣" (40:127); 2nd in the qualifier (25), runner-up in the final (10,098 g) (28:144; 97:277); later Goto's partner in charity; absent from the Nobel ceremony
53	65	2	63	voice		00000EC7		  - voice (00000EAF): the "ん……" opener on every line, soft タメ口 with わ / わね / かしら / のよ to Goto: "ん……もしかして、声が出ない方かしら？" (40:91); "ん……私は新村茅萱と言います。よろしくお願いします" (40:98); "ん……でも、納得のいかない結果だったみたいね" (34:248); "ん……不公平だから……。" (34:275); "ん……知っているわ。／私の従妹。4年前に亡くなったけど……" (91:134-135); "ん……瞬間まで……！？／まさか、あなた、元木町の……" (91:138-139); "ん……この話は、あとにしましょう" (91:146); "ん……五島さん、絶対に来てくれると信じてたわ" (22:43); "ん……五島さん、おめでとう。／あなたと戦えて、本当によかった" (97:326-327); a year later "ん……もうはっきりと話せるようになったのね" (16:17); the startled "え？" without ん…… (91:131); the "ん……" dropped also when her letter is read
53	66	2	63	letter read by Goto		00000EC7		  - letter read by Goto (16:134-148), 丁寧 / 敬語 ("申しました通り"), 3p 五島 (bare) and 彼女: "私が五島を苦しめた張本人でもあります。" (16:138); "私があの時、幼少期に父を告発していたなら――" (16:141); "これは、私にとっての罪であり、罰でもあります。" (16:145)
53	67	2	63	00000EC7		00000EC7		  - 00000EC7: the inn fortune-teller says she once advised a young un-Japanese-looking person in Tokyo; Natsumi asks if she had blue-and-green odd eyes (11:150-159); cf. 00000A18 (V322)
53	68	2	63	calls		00000EC7		  - calls (00000EAF): Goto 五島さん / あなた; Haruka 3p 私の従妹
53	69	2	63	open questions added		00000EC7		  - open questions added: V322
53	70	0		chunk-12 additions		00000E7B		- chunk-12 additions (as of 00000E95): route of 00000E7B (祀耀804): no lines; studying abroad (00000E7B:28:224; 34:272); born with blue-and-green odd eyes; around the first 女ケ沢市事件 had the frenzy against サクラ, was confined in 夏菜's base, cured with ファルシフィカソ; both eyes blue since (48:44-58; 60:10, 60:80-96; 68:10-11); 00000E95: Haruka's green eye is "チガ姉や夏菜みたい" (11:31, 11:42), consistent with her odd eyes in the 800 route; Natsumi recalls their "一体感" in the 荒田 hut (11:239) (as of 00000E95)
53	71	0		chunk-11 additions		00000E49		- chunk-11 additions (as of 00000E49):
53	72	2	71	"ん……" opener kept in action		00000E49		  - "ん……" opener kept in action (00000E01): "ん……五島ちゃん、／脱出するためには夏菜の力も必要よ" (11:26-27); "ん……夏菜は車を追いながら援護して。私は車の屋根で応戦するから" (11:29); "ん……叔母さん、大丈夫！　車に異常はないわ！" (11:47); "ん……分かった！　夏菜は絶対に戦っちゃダメよ！　ドローガを使ってたら勝ち目はないわ！" (11:77); "ん……任せて！／大丈夫！　ちゃんと私が守り通して見せるから！" (11:82-83); "ん……私は平気！／叔母さん、よく気づいたわね" (11:107-108); "ん……それならもう大丈夫ね。／夏菜は前を見てて！　私は後ろを！" (11:122-123); dropped in shouts: "叔母さんごめん！　こっちは手が回らない！" (11:94), "き、危険予知！？／だったら早く集落に戻って！　今、集落には新村家しかいないはず！" (11:110-111, speaker inferred)
53	73	2	71	facts		00000E49		  - facts (route of 00000BD6-): fights on the car roof with a knife; gets off at the settlement entrance to guard it; slowed the villagers by cutting their legs (00000E49:11:78); leaves to study abroad around the summer (11:148) (as of 00000E49)
53	74	0		chunk-10 additions		00000DE9		- chunk-10 additions (as of 00000DE9):
53	75	2	74	sober "ん……" opener again		00000DE9		  - sober "ん……" opener again: "ん……なつみちゃん、私よ" (00000D41:11:18, in rite dress); "ん……入るわね" (00000D59:11:10); "ん……なつみちゃん、おばあちゃんを責めるなら、私も同罪よ。" (11:73); "ん……おばあちゃん、明日、十三回忌が終わったら警察に行きましょう？" (11:79); "ん……もう、終わらせないと" (11:81); "ん……あら？" (00000D89:11:3); "ん……お母さんが魔女の力を得たのって、そう言うことだったのね……" (11:16); "ん……思ってたよりも緊張するものね。／でも、初めてにしては上出来かしら。" (00000DE9:11:206-207); dropped in surprise: "ええ！？　私もまた行くの！？" (00000D59:11:144)
53	76	2	74	replayed lines inside Goto's turns		00000DE9		  - replayed lines inside Goto's turns (00000D41:11:187-189, V250; 00000DD1:11:154-162, V257)
53	77	2	74	facts		00000DE9		  - facts: becomes a 魔女 by the rite on the night of April 7 (00000D41:11:31; 00000DE9:11:205 "魔女デビュー"); hauls the pot up by rope (00000D89:11:93); 3p サクラ お母さん (V148 family) (as of 00000DE9)
53	78	0		chunk-09 additions		00000C68		- chunk-09 additions (as of 00000C68):
53	79	2	78	sober "ん……" opener throughout chunk 09		00000C68		  - sober "ん……" opener throughout chunk 09 ("ん……春花……？" 00000B57:11:6; "ん……きっとあそこね……" 11:12; "ん……秘密の場所……" 11:16; "ん……叔母さん！　やっぱり、捕まえよう！" 11:167; "ん……みんな！　もう一刻も早く荒田から離れた方がいいわ！" 00000B9F:11:52); dropped in shouts: "みんな逃げて！　ドローガよ！　みんな早く！" (11:183), "お父さん！　もうやめて！／私は……／お父さんの操り人形じゃない！" (11:108-110), "春花お願い……！…荒田のことは……／荒田の人間がけりをつけるから！" (11:290-295)
53	80	2	78	bare line "殺人の訓練をさせられていたの"		00000C68		  - bare line "殺人の訓練をさせられていたの" (00000B57:15:0, V235)
53	81	2	78	route of 00000BD6-00000C81		00000C68		  - route of 00000BD6-00000C81: warm, teasing "ん……あらあら。じゃあ、五島ちゃんは私の妹でもあるのね。" (00000BED:11:118); "ん……荒田に住んでたら、これくらいどうってことないわよ" (11:167); flustered "え！？／ん……えっと……そう……／ね……。" (00000C08:11:84-86); "ん……なつみちゃん！　やっと私の理解者が現れたのね！" (11:97); "ん……天才少女って、伊達じゃないわね。" (19:29); "ん……ごめん、事件当初から聞いていたっていうのは嘘" (19:11-12); drunk, no "ん……", stretched: "でしょー！？　この荒田は食べ物だけじゃなく、お酒もおいしいのよー！" (00000C68:11:4), "城崎さーん？／あのおっさんの家はー……" (00000C81:19:69-70), "あはははは！　夜這い？　夜這い？" (19:72); startled "ひ！／ん……春花、脅かさないでよ……" (00000C50:11:128-129)
53	82	2	78	facts		00000C68		  - facts: studying welfare in Sweden for four years from this summer (00000C08:11:109-120); buys clothes in Tokyo; tall and very slim, a body complex (00000C08:11:84-100); taken to Comiket by Erika; learned of the 呪殺 details from Mifuyu at New Year after quarrelling with 夏菜 (19:16-19); suspects her father because he made the sisters hunt with hatchet and mace; wants to prove him innocent yet suspects him (00000C21:11:2-8, 11:99-101); was to swap with Mifuyu at the rite to watch 夏菜 (00000B57:11:176-181; 00000C21:11:32-40); サクラ's intuition worked in dark, narrow places (00000BED:11:149); route of 00000B57-00000BB7: knocked down, then cut in two by a villager's hatchet shielding 夏菜 (00000B9F:11:191, 11:297); dead (00000BB7:11:6) (as of 00000C68)
53	83	0		chunk-08 additions		00000B27		- chunk-08 additions (as of 00000B27):
53	84	2	83	story voice		00000B27		  - story voice (00000A18): です・ます telling mixed with plain cells; "ん……" opens every quoted line inside the story too ("ん……私ですか？" 11:18; "ん……に、新村茅萱と言います。今度、隣に引っ越してきました……" 11:90, replayed 11:231); fear "ひ……！？" (11:121); inner "く……！　早く起きてよ、私！" (11:264); closes "ん……あくまでも怪談だからね。／私の作り話かもしれないし、夢だったかもしれないし……" (11:305-306)
53	85	2	83	sober register again		00000B27		  - sober register again (drink wearing off, 00000A18:11:5): "ん……五島ちゃん、私、あなたを甘く見ていたわ。…さすが天才少女ね" (00000A30:11:18-19); "ん……私、今夜、魔女になるの。／魔女っていうのは、集落の神官みたいなものね" (00000A48:11:3-4); "ん……死神に狙われないためよ" (26:18); "ん……御神酒が必要なの。魔女を引き継ぐ私自身の中に" (26:50); "ん……夏菜、ダメじゃない、家に着くまで話しかけたら" (00000B0F:11:7); "ん……だって、呪殺事件の犯人は集落の中にいるわけでしょ？" (11:26)
53	86	2	83	as a child		00000B27		  - as a child (790, 00000A7C): "ん……春花！" (11:19), "ん……もう元気だよ！" (11:24), "ん……ごめん" (11:30): the "ん……" opener already then
53	87	2	83	route of 00000A62-00000ADE		00000B27		  - route of 00000A62-00000ADE: silent in 赤装束 and 能面 with hatchet and mace, smashes the gravestone (00000A62:19:32-62); later wounded, dazed, a bloody hatchet in hand: "みんな……ごめんね……／こうするしかないの……" (00000ADE:11:123-124), cut down from behind; 夏菜: "お姉ちゃんが……裏切った……" (11:107-108)
53	88	2	83	facts		00000B27		  - facts: born 祀耀779 May 18 (00000A94:11:35); university in Tokyo, lives alone, moved flats after her ghost story's events (her telling, 00000A18:11:6-7, 11:290); no driving licence (00000B0F:11:54); 11 at the first 呪殺 (11:57); becomes a 魔女 by the 継承の儀 the night before the 法要, her mother being dead (00000A48:11:3-8); face like her mother サクラ's (00000AF7:11:108); ill at Eiichiro's 三回忌 in 790 (00000A7C:11:25); says 荒田's mood worsens each visit (00000B0F:11:24) (as of 00000B27)
53	89	0		first_appears	1	00000697		- first_appears: 00000944:8:17 (unnamed woman on the train); named 8:41; first line 8:23; she is the 00000697 phone caller (V106 resolved)
53	90	0		pronoun(s)	1	00000944:8:201		- pronoun(s): 私 ("私、自分で言うのもなんだけど、そこまで顔は悪くないと思うの" 00000944:8:201) (as of 00000989)
53	91	0		pronoun FREQUENCY	1	00000989		- pronoun FREQUENCY: about as often as typical (as of 00000989)
53	92	0		speech level baseline	1	00000944		- speech level baseline: soft タメ口, every sober line opens "ん……" (00000944 throughout; 0000095B:11:1, 11:7, 11:124, 35:102-104); one formal self-introduction "ん……初めまして。春花の従姉の新村茅萱と申します。" (00000944:8:41); drunk: no "ん……", loud, stretched ー ("えー？　私たちはー五島ちゃんにー色々とー質問しただけよ？" 00000972:11:79), "だー／かー／らー！" (11:44-46, V167); angry: "何よこのチビ！　大人の20歳に向かってその言い方は！" (00000989:11:59-60), "このチビのスットコドッコイのオタンコナスが、私にはむかうなんて10年早い！" (11:80) (as of 00000989)
53	93	0		sentence-final particles	1	00000944:8:23		- sentence-final particles: のね "やっと気づいてくれたのね" (00000944:8:23); のよ "融通利くのよ？" (8:32); わよ "友達はたくさんいるわよ" (8:157); もの "本当にかわいいんだもの" (8:60); かしら "どうしてなのかしら……" (8:200); わ "春花から聞いているわ" (8:47) (as of 00000989)
53	94	0		copula	1	00000989		- copula: dropped (soft feminine forms) (as of 00000989)
53	95	0		verbal tics / catchphrases / fillers	1	00000697		- verbal tics / catchphrases / fillers: "ん……" at every sober line start -> GLOSSARY ん…… (one fixed English, same as 00000697); "うふふ" (00000944:8:56); "んふ、かわいい……" (00000972:11:141); "ううう……！" (00000944:8:185) (as of 00000989)
53	96	0		dialect	1	00000989		- dialect: none (as of 00000989)
53	97	0		EN correlates	1	00000989		- EN correlates: soft, normal contractions; drunk or angry = high contractions, shouting; no regional markers (as of 00000989)
53	98	0		facts		00000944:8:17		- facts: calls herself 20 (00000989:11:60), looks mid-20s (00000944:8:17); pale blue dress, poncho blanket, long straight hair, blue-green odd eyes, fair and foreign-looking (8:85-87); university student, lived at 荒田 until university (00000972:11:26); flags the train down by the track (00000944:8:31); drinking parties, blackouts, woke in a ditch (8:188-202); dotes on Goto ("今の私の生きがいは五島ちゃんだけ！" 8:222); 老け顔 her first worry, a padded chest her second (00000989:11:64-68); calls Mifuyu 叔母さん (0000095B:11:1); 幸太郎's elder daughter, 夏菜's sister (0000095B:35:67); sides with Natsumi in the contest (00000989:11:85-86) (as of 00000989)
53	99	0		known ambiguity / open questions	1	00000989		- known ambiguity / open questions: V106 (resolved), V167, V177 (as of 00000989); V322 (as of 00000EC7)
53	100	0		as-of	1	0000243F		- as-of: 00002478 (was 0000243F)
53	101	0		blank		00000697		
54	0	0		heading	1	0000095B:27:5		## 新村幸太郎 (Kotaro Niimura; Eiichiro's older twin; Haruka's uncle)
54	1	0		chunk-30 additions		00002478		- chunk-30 additions (as of 00002478):
54	2	2	1	narrator		00002478		  - narrator (俺) of 0000245F, 00002464, 0000246E, 00002473 (inferred; no switch sprites; addressed お父さん / 幸太郎): reflective, guilty past narration with present-feel self-questioning ("俺は何をしているのだろうか。" 0000245F:11:43); self-contempt ("俺は愚かだ。漫談のような滑稽さだ。" 0000246E:11:300); strategic lists ("今の状況を整理する。" 00002473:11:8); defiant inner cries ("人間様をなめるなキノコめ！" 00002473:11:178).
54	3	2	1	lines		00002478		  - lines (colour 幸太郎): to 茅萱 plain and short: "夏菜はどうした？" (0000245F:11:7); "ああ、そのまま渓流に行くよ" (11:57). To サクラ (memory, alive): "はは、俺たちが夫婦って言われてもな。なんだかあまり実感がないな" (11:63); "…………／分かったよ、覚えておく" (11:98-99). To the dead サクラ: "サクラ、いるか？" (11:128; 00002464:11:0); "今日、十三回忌が終わったら、なつみちゃんをここに連れてくる" (00002464:11:26); "俺が……生きた人間だから……？" (11:55); "あ、ああ……／必ず……" (11:61-62). To 城崎 (丁寧, self 僕 twice: "いえ、少なくとも僕は……" 0000246E:11:57, 11:62; 俺 otherwise, V661): "そうでしたね……。そんなことを言いました。真相を教えるって" (11:106); "ははは、面白いことを言いますね。" (11:129); "城崎さん、それこそバカげていますよ！" (11:153). To エリカ: "母さん、覚えてるだろ？　俺がサクラの首を切ったこと" (11:330); "もう、手遅れなんだよ……" (11:357); "俺はサクラに……あいつらにだまされていたんだ……" (11:372). 00002473 (feigned villainy, replaying 00000E19 lines): "くっふふふ……。さすが天才少女、ってとこかな？" (11:49); "俺がみんなをやったんだよ……！" (11:68); "はっはっは！　こりゃすごい！　まるで人形のように軽いぞ！" (11:89, V663); "さあそろそろ死んでくれよ！　かわいい姪っ子よ！" (11:116); then real: "だ、黙れこの化け物め！　裏切り者はお前だ！" (11:251); "ふざけるな！　俺は何があっても絶対に神使になんかならない！" (11:258). 00002478 (raving, colour 幸太郎): "ファルシフィカソを……／使え……" (11:69-70); "茅萱！　女神を殺せ！／　めめめ女神を……！／　あががが……！／　称えろ……！" (11:77-80).
54	4	2	1	facts		00002478		  - facts: brings サクラ 沈丁花 for ten years, the stream only a cover (0000245F:11:100-106); holds the iron-door key (11:115); has met the dead サクラ hundreds of times, only with the cave lights out (00002464:11:3-6); seven years ago, after being watched, one still died, and サクラ comforted him (11:79-92); does not know who kills (11:102-103); he, not the villagers' killer, wrote the notice and set the ambush on 荒田山道 (0000246E:11:13); did not behead サクラ (11:186); takes ドローガ, knocks 夏菜 out, feigns an attack to let the girls flee (00002473:11:79-216); ヴェルジ's mummy spores make him fourth generation, so he hears 死月妖花's voice (11:133-144); pinned by the cherry tree, rescued and "連れて行かれた" (11:388); later held in a 拘置所, swaying, tested clean of ドローガ (hushed up) (00002478:11:12-21).
54	5	0		chunk-29 additions		00002457		- chunk-29 additions (as of 00002457):
54	6	2	5	narrator		00002457		  - narrator (俺) of 00002457 (inferred): cold, planning present-feel narration; scorn for others ("どうしてこうもみんな想像力に乏しいのか。" 11:4); "サクラとは2度と……" / "これで、サクラとは永遠に……" (11:24, 11:44).
54	7	2	5	facts		00002457		  - facts (00002457): explains the witch's power as foresight of a second-generation ドローガ person in cherry pollen when the first generation's blood-bath is re-created (11:9); forges a 回覧板 "『桜の枝を持った者が魔女だ。全員で生け捕りにするように』" starting at 城崎's house (11:33-36); plans to have サクラ talk なつみ into becoming a 神使 underground (11:41).
54	8	2	5	00002444		00002457		  - 00002444: recalled by 五島 (colour 幸太郎): "3人は四月病のことをはっきりとは知らないと思う。…サクラは崖の上で自分が死ぬのを待っていたんだよ……" (14:224-229); per 五島 he told the villagers of なつみ's power (14:231; 26:44); in 五島's imagined scene (colour 幸太郎): "じゃあ幸太郎、住人のみんなになつみちゃんを生け捕りにするように伝えて" (サクラ 26:308), "――と言うわけです。この集落に魔女が来ています" (26:314), "必ず生け捕りにするように。頼みますよ。" (26:317), "サ、サクラ違うんだ！　俺はちゃんと生け捕りに……！" (26:339); per 栄一郎 held alive in the settlement (26:484); found alive with no memory (32:301); 香織 calls him こーちゃん.
54	9	0		chunk-27 additions		00002120		- chunk-27 additions (as of 00002120), colour 幸太郎:
54	10	2	9	00002072		00002120		  - 00002072 (questioned by the villagers): 丁寧: "ちょっと風邪をこじらせただけです" (8:6); "いえ、俺は何も……" (8:16); "ま、待って下さい！　夏菜を殺すなんて！" (8:31); "必ず夏菜は何とかしてみせます。" (8:41); "く……分かりました" (8:48).
54	11	2	9	000020C0		00002120		  - 000020C0: "サクラ、ファルシフィカソの準備ができたぞ。" (8:1); "はは、そんなの盗む物好きがこの集落にいるのかね" (8:6); "城崎さんが呼んでる。" (8:11).
54	12	2	9	000020D2		00002120		  - 000020D2: "ない……" x4; "分からないのか？　誰かが盗み出したんだよ！" (8:7); "ファルシフィカソを薬として使うつもりのやつがいたらどうするんだ？" (8:12).
54	13	2	9	000020D8		00002120		  - 000020D8 (abducts 五島 and なつみ): calm: "ダメだよ、飛び降りて逃げようだなんて。／後ろから俺の娘たちが追いかけている" (8:3-4); "半分正解かな。正直、君はどちらでもいい。／用があるのはなつみちゃんの方だ" (8:11-12); "ああ、約束するよ。そうなれば、もう怖いものなんてない。" (8:51).
54	14	2	9	000020E4		00002120		  - 000020E4: "ああ、これじゃ茅萱にはきついかもな" (8:7).
54	15	2	9	000020EA		00002120		  - 000020EA: packs the 美冬 kit; "サクラ、お前は何も心配しなくていい。" (8:7); "茅萱のことは俺と母さんに任せておけばいい" (8:9).
54	16	2	9	000020F0 / 000020F6		00002120		  - 000020F0 / 000020F6: "茅萱は治ったかもしれないって、サクラが！" (8:24); found サクラ already beheaded (000020F6:8:9); "それだと逆さ吊り……？" (8:21).
54	17	2	9	00002120		00002120		  - 00002120: after a fire: "えっと……すぐに聞き込みしたいこともあるからさ。" (8:7).
54	18	0		chunk-26 additions		00002057		- chunk-26 additions (as of 00002057):
54	19	2	18	00001BBA		00002057		  - 00001BBA (third year confined): 丁寧 to 城崎 "正直、俺も起こると思っています。だって、犯人は俺じゃないから" (8:18).
54	20	2	18	00001BC4 / 00001BCE		00002057		  - 00001BC4 / 00001BCE: drunk asleep "ぐおー！　ぐおー！".
54	21	2	18	00001C29		00002057		  - 00001C29: "ドローガって知っているか？" (8:13).
54	22	2	18	0000202C		00002057		  - 0000202C: "でもな、もし犯人が分かったら、すぐに退治するんだ" (8:47); "それに、サクラのかたきでもあるからな" (8:53).
54	23	2	18	00001EFF		00002057		  - 00001EFF: "間違ったことをしていることくらい、最初から分かっていた。" (8:9); "不死……不滅……永遠……" (8:110).
54	24	2	18	00002057		00002057		  - 00002057: "村八分が怖いんでしたっけ？" (8:55); gives 城崎 ドローガ (8:58).
54	25	2	18	00001C1D		00002057		  - 00001C1D: a visitor called 幸太郎君 has no 幸太郎 colour (V595).
54	26	0		chunk-23 additions		0000154E		- chunk-23 additions (as of 0000154E):
54	27	2	26	route of 000011CC, lines colour 幸太郎		0000154E		  - route of 000011CC, lines colour 幸太郎: arrives with エリカ and the masked villagers after breaking open the underground passage (0000151C:8:111-112); reasoning with 俺: "見ての通りだ。危険を予知する場合、相手の姿を見るか声を聞かないと効果はない。／予知能力が働かなければ、翠眼呪殺は起きようがない。" (8:124-125); "栄一郎、化け物に成り下がりやがって……。" (8:123); "サクラ……心苦しいけど、もう、これで終わりにしよう。／俺が死んだら、向こうで待っててくれ" (8:136-137); "やれやれ、栄一郎もとんでもない奥さんと子供を持ったもんだ" (8:333); carries サクラ's bones down (8:457)
54	28	2	26	narrator of 0000154E from 8		0000154E		  - narrator of 0000154E from 8:139 to the end (俺; no switch sprite, V546): confessional, self-accusing past ("俺は弱かった。" 8:210; "俺のせめてもの仕返しだ。" 8:227; "俺は、ずっと死月妖花に騙され続けていた。" 8:228); lines "俺は集落のみんなから頼られている自負はある。／でも……ふたを開けてみればこんなものだ。／いまだにサクラが死んだことを受け入れられず、女々しくサクラの幻影に操られていた" (8:130-132); "…………／ああ……" (8:137-138); in his account "サクラ……！？　どうして……" (8:149); "当たり前だろ！？　そんなこと、俺が……！" (8:175); "それに俺までここを離れてしまったら、サクラに会えなくなるじゃないか！" (8:198); "お前を失うよりはマシさ……" (8:202)
54	29	2	26	facts		0000154E		  - facts (his account): read the 蔵 books ten years ago to cure 茅萱, so knew of 死月妖花 and the 聖教 (8:139-140); days after サクラ's death, laying 沈丁花 at the riverbank, heard the 猛き音 and her voice; met her dead in secret at the deepest part of the base ever since, telling no one, not even his mother (8:142-167); in 792 she told him the 女神 would kill people outside the 新村家 each year and had him ask to be watched to clear him; she asked him to leave 茅萱's 翠眼 alone (8:168-209); knew the culprit and kept silent; put an electronic lock on the book room 8 years ago (8:214); set fire to the 蔵 yesterday (8:216); hid in the passage last night with ファルシフィカソ meant for the 法要, meaning it for なつみ, and used it on 茅萱 (8:223-226); prays with 沈丁花 before the hole to the summit (8:111-117); per 茅萱, sometimes had foresight like サクラ's (8:115)
54	30	0		chunk-22 additions		000011CC		- chunk-22 additions (as of 000014D7): route of 000011CC: no spoken lines; a note to 茅萱 as bare cells, plain written 俺 / お前: "茅萱、お前はドローガを注射されたが、俺がファルシフィカソで治しておいた。／お前は死月妖花に下ったふりをして、隙を見てヴェルジのミイラを処分するんだ。／燃やす、あるいは水で濡らせばいい。／頼むぞ。／幸太郎" (000014D7:8:353-357); per 茅萱 he hid underground, having foreseen this, on the pretext of apology rounds (8:358-359); per the grandmother he chose to leave 茅萱 odd-eyed and send her to Tokyo, to treat 夏菜 at her first period (00001414:8:55-60); 五島 and 茅萱 suspect him of hiding things (00001414:8:80; 8:253); 栄一郎 claims to have impersonated him at times (000014D7:8:206-211, V516); per 夏菜 he brings seasonal flowers weekly to the place サクラ died (000014A5:8:24-26)
54	31	0		chunk-21 additions		000011CC		- chunk-21 additions (as of 000013FD): route of 000011CC: no lines; out on the buggy with the grandmother (00001325:8:9); shares a room with 夏菜 (8:26, 8:90); the three books were hidden in the roof space above that room, reached through the three-mat room (0000133D; by him, the grandmother or both, 8:142); per the grandmother he read the 蔵 books to cure 茅萱's frenzy (000013FD:8:220-221) and is making apology rounds for 茅萱 and the fire (8:154); 茅萱 wonders whether he is 死月妖花's spy, since he read the books ten years ago and is unharmed (0000139D:8:158-162, her guess); villagers call him 幸太郎君 (000013FD:8:29)
54	32	0		chunk-20 additions		000011CC		- chunk-20 additions (as of 0000130D): route of 000011CC (V467), lines colour 幸太郎: host タメ口 ("やあ、いらっしゃい、春花ちゃんの伯父の新村幸太郎です。／わざわざ来てくれてありがとうね" 000012AD:12:30-31; "そう言えばいないな……またその辺をふらついてるのかな……" 12:33; "よし、ちょっと外を見てくる" 12:35; "荒田の食材はうまいだけじゃなくて、元気の源だからな！" 12:44); searches for 茅萱 (000011FA:8:5); per 茅萱's inference, he or the grandmother guards the basement library and hides the truth (0000130D:8:147-165)
54	33	0		chunk-19 additions		00001184		- chunk-19 additions (as of 00001184):
54	34	2	33	teen		00001184		  - teen (000010DD, colour 幸太郎): the clever leader, 俺, brotherly タメ口 with だ / な / ってよ: "よう、どうした？　春なのに暗い顔して" (11:68); "雷怨猫達って知ってるか？" (11:76); "その頭が、サクラに惚れて彼女を振ったってよ。" (11:78); "俺は、俺にしかできないことをやる。／栄一郎は、栄一郎にしかできないことをやってくれ" (11:86-87); "お前がサクラのそばにいてやるだけでも、あいつは安心するはずだ" (11:89); "まあ……いい。これはお前とサクラの問題だ。俺が口をはさむことじゃないな" (11:93); broke the school gang from inside (11:40, 11:64-67)
54	35	2	33	high school and 790		00001184		  - high school and 790 (000010F5, サクラ's narration): blunt, few words: "元気だそうだ。ちゃんと高校生をやってるらしい" (8:11); "サクラは……／まだ栄一郎が好きなのか？" (8:15-16); "俺が気づいていないとでも？" (8:23); "俺たちさ……／結婚しようか" (8:69-70); "ああ、本気だ。俺はお前を幸せにできる" (8:78); "いや……／俺が幸せになりたいから……" (8:80-81); "なるほどな……。" (8:199); "それだけでうまくいくかな……" (8:206); "やめろ！" (8:262); "サクラ何やってる！　早く逃げろ！" (8:270); "ダメだ！　茅萱にも夏菜にもお前が必要だ！" (8:317); "なあ、サクラ……。／もしかして栄一郎は、ドローガを作ったのか？" (8:322-323); "よし、ドローガを使ってくれる人に頼んでみる" (8:338); "サクラ、お前はそこまで知る必要ない。後は俺に任せろ" (8:343)
54	36	2	33	at the cliff		00001184		  - at the cliff (0000110D, 茅萱's memory): "おい、サクラ！" (8:105); expressionless: "母さん、俺は見てたよ。／サクラを突き落しただろ？" (24:69-70); "これなら、サクラはここで誰かに首を切られて死んだことになる。…母さんが疑われることはないだろう" (24:73-75); "もし助かる見込みがあれば、俺だってサクラの首を切ったりはしないさ。" (24:77); "俺、誰にも言わないからさ" (24:79); "さあ、みんなを呼んでこよう" (24:85); "分かってるよ" (24:87)
54	37	2	33	facts		00001184		  - facts (chunk 19): in the village he directs and the others go into the hills (000010F5:8:184); found 翠眼呪殺 and ドローガ in the 蔵書; planned the ドローガ + ファルシフィカソ test through 美冬 without telling サクラ; it failed (8:338-347); beheaded サクラ's body with a hatchet on 790 April 17, believing his mother had pushed her (0000110D:24:55-79); suspected ever after as the nominal finder, confined in the 集会場 to 795 (00001154:8:46); 美冬 wonders how he appeared right after the fall "as if he knew" (00001184:16:26-31, her doubt only); per 茅萱, at New Year he looked ready to "use" 夏菜 (0000113D:8:133)
54	38	0		chunk-18 note		00000F6F:11:19		- chunk-18 note (as of 00000F9F): no lines; Goto's dream conclusion "幸太郎さんは犯人ではない" (00000F6F:11:19); Natsumi: "幸太郎さんにやられたとき" (00000F9F:11:93); presumably among the arrested villagers (00000F9F:11:41, not named)
54	39	0		chunk-17 additions		00000F24		- chunk-17 additions (as of 00000F24): route of 00000F24: no lines; gave Natsumi the pink "女神様の血" (112:211); carries the ヴェルジ mummy with Chigaya (112:39-42); holds Goto's rope at the rite (106:71); walks home cold like a zombie, treads on 夏菜's foot (88:225-248); throws Haruka 3 m (187:118-120); a 胚 at dawn (193:42); Natsumi mistakes his twin's voice for his (142:193)
54	40	0		chunk-16 additions		00000F0D		- chunk-16 additions (as of 00000F0D): route of 00000F0D (祀耀804-805; phone only, colour 幸太郎): worried, fatherly タメ口 with お前 / self パパ: "夏菜か！？　おい、今どこにいるんだ！？" (26:83); "だから、それはパパが治せるから！" (26:88); "変なおじさんにつかまるんじゃないぞ？" (26:102); "お前がそれを知る必要はない" (32:63); "夏菜……もしそうだとしたら、パパやママは犯人をかくまった罪で逮捕される。" (32:73); "夏菜、それはお前が集落に帰ってきてから教える。" (32:81); "お前にはママのような予知能力が備わっているはずだ。／多分、桜がある場所なら、どこへいても危険を予知できるはず。" (32:97-98; replayed 179:73-75, V372); "おいサクラ！　テレビつけろ！" (62:11); "今どこだ？　迎えに行くから！" (62:179); per 夏菜 a skilled bargainer (32:83); told her at middle-school entry to report her first period, that he can cure the urge (20:106-121); harbours 美冬 (32:73); made the ファルシフィカソ that cured the 元木駅 survivors (68:57-59); arrested, to return in autumn 805 (68:3; 74:3)
54	41	0		chunk-14 additions		00000EDF		- chunk-14 additions (as of 00000EDF): route of 00000EDF (Goto's vision): meets them at 荒田駅 with 城崎 (71:1); "五島ちゃんも犯人に襲われたって聞いたから。／さすがに部外者扱いにはできないって母さんがさ" (71:7-8); walks in on Goto undressed and is beaten (202:255-263; 47:28-48); "だから、あれは事故だったんだ！" (47:28); "サクラ、本当に違うんだ！　俺は覗きなんか……！" (47:32); "いでででで！" (47:42); "うわわああああ！　何でもない、何でもないんだ！" (53:54); "よう、怪盗さん、気がついたか？" (89:36); "気にすることはない。あの本は、五島ちゃんにこそ必要なものだったんだ。" (89:61); account of ten years ago (59:9-65: found the 翠眼呪殺 book in the 蔵; the three generations); "ドローガを送ったのは……／俺だ。／サクラに黙ってやった。" (59:111-113); "なんとでも言えよ！　茅萱とサクラを助けるにはこれしか……！" (59:120); "母さんは……全ての命は平等だと思う？" (59:129); makes ファルシフィカソ for the funeral (71:107; 186:10); in the collapsing vision he and サクラ hang themselves from the cherry (117:136-140); real frame: questioned by police (117:230)
54	42	0		chunk-12 additions		00000E7B		- chunk-12 additions (as of 00000E7B):
54	43	2	42	route of 00000E7B		00000E7B		  - route of 00000E7B (祀耀804): meets the train with a buggy; looks like Eiichiro's photo (34:15-16); "サクラ、体調は大丈夫か？" (34:13, byte-identical with 00000A7C:11:14); "夏菜、バギーが1台壊れてしまってな……。／お客さんもいるから悪いけど歩きで帰ってくれるか？" (34:18-19); "藤野さん！　夏菜は！？" (54:310); "くそ！　遅かったか！　藤野さん！　サクラを頼む！" (54:312)
54	44	2	42	dying		00000E7B		  - dying (88:22-84): "だ、誰だ……！？"; "その声は夏菜か……？／どうして戻ってきた……／逃げろって言っただろ……"; "バカ野郎……／俺は……／もう、ダメだから、夏菜と一緒に……"; "荒田集落は……もうおしまいだな……。／800年間続いてきたのに、今日で……"; "ピンクのを筋肉注射すれば……／10分間だけ……人間の限界まで力を出せる……。…必ず透明な方も注射するんだ……。／それで……／呪殺から免れることができる"; "夏菜……／ママと……／茅萱と……／仲良く……／な……"; then an empty 「」 (88:84)
54	45	2	42	facts		00000E7B		  - facts (route of 00000E7B): found the ファルシフィカソ cure and the forgotten 掟 in an old record; sent the drug to 美冬 as a test (per サクラ, 60:81-93, 60:104-107); told 夏菜 to report any urge to kill her mother (48:67-69); treats her, draws the villagers off as a decoy, killed by them (72:0; 180:2, 180:123; 88:85)
54	46	2	42	open questions added		00000E7B		  - open questions added: V280
54	47	0		chunk-11 additions		00000E49		- chunk-11 additions (as of 00000E49):
54	48	2	47	at the base		00000E49		  - at the base (00000E01): "くそ……！　みんな、早く中へ！" (11:165); "早く中へ！" (11:147, inferred)
54	49	2	47	in the cave		00000E49		  - in the cave (00000E19), hearty then cold: "よし、なるべく奥の方へ行こう。夏菜、後ろは頼むぞ" (11:2); "この扉の所だけだ。奥の方は比較的地盤が固いから問題ない" (11:41); "そりゃそうだよ、ここで行き止まりだ" (11:72); low "くっふふふ……。／さすが天才少女、ってとこかな？" (11:77-78, V265); "どうって……／必要なんだよ、なつみちゃんがね" (11:83-84); "朝食の時に五島ちゃんに問い詰められた時は、さすがに焦ったかな。" (11:87); "だったらどうするんだ？" (11:92); "難しく考えすぎだよ。…俺がみんなをやったんだよ……！" (11:102-103); "はあ……これだから頭でっかちは……。" (11:115); "恐怖って言うのはそう言うものだ。少しトリガーを引いてやれば、あとはドミノ倒しだ" (11:118); "ああもう、うるさいなあ。…五島ちゃんと春花ちゃんはここで死ぬんだから" (11:122-123); one phrase per cell "俺も……／これを使うのは……／初めてだ。…" (11:132-136); "へえ、やっぱりすごいなあ！　俺みたいなデブでも夏菜より速く動けるぞ！" (11:141); "夏菜は少し、お昼寝してなさいね" (11:142); "はっはっは！　こりゃすごい！　人形のように軽いぞ！" (11:147); "さあそろそろ死んでくれよ！　かわいい姪っ子よ！" (11:164); "春花ちゃんは養子なんだよ。本当は古郡家の娘で、なつみちゃんの実の姉" (11:183); "ははー怖い顔だねえ。まったく、うっとうしいガキだ！" (11:187)
54	50	2	47	in Haruka's account		00000E49		  - in Haruka's account (00000E49): "くそ……！　君が死んだらダメじゃないか！" (11:36); "このガキ！　すり替えやがったな！" (11:45); "待ちやがれ！　こんな扉、ぶっ壊してやる！" (11:50); "黙れ黙れ黙れ！" (11:55); "ぐ……！　くそ！　やめろ栄一郎！　離せ……！" (11:63); "くっそおおお！！！　待て……！／待てよおお！！" (11:71-72); "栄一郎が……栄一郎が……" (11:108); raving "サクラ！　お前、裏切ったのか！／俺はお前のために、ずっとずっとお前のために……！…覚えてろお前ら！" (11:111-115)
54	51	2	47	calls		00000E49		  - calls (this route): Natsumi なつみちゃん / 君; Haruka 春花ちゃん / かわいい姪っ子 / ガキ; Goto 五島ちゃん / 天才少女 / 頭でっかち; the girls 君ら; 夏菜 夏菜 / お前 (self パパ); サクラ and 栄一郎 when raving
54	52	2	47	facts		00000E49		  - facts (route of 00000BD6-): holds the barred door's key; leads the girls to the dead-end room; injects ドローガ for the first time; says Natsumi is "needed"; claims all the killings, then mass fear; cuts Natsumi; pinned by the fallen cherry's roots, freed nearly unhurt, deranged (00000E49:11:107-117); per Goto he eased the blow at the end (11:120); per 夏菜 he picks 沈丁花 for サクラ every season (11:175); per Eiichiro he plays the villain so the truth stays hidden (00000E31:11:92-98)
54	53	2	47	open questions added		00000E49		  - open questions added: V265
54	54	0		chunk-10 additions		00000DB9		- chunk-10 additions (as of 00000DB9):
54	55	2	54	lines		00000DB9		  - lines: snore "ぐごごごご……" then "あれ？　春花ちゃんか？" (00000D41:11:66-76); "ふああ……ちょっとトイレ……" (11:78); "もしかして、俺を呪殺の犯人だと思って見張っているとか？　ははは！" (11:89); "サクラの写真はほとんど残っていない。…" (00000DB9:11:5); "もちろん、俺と栄一郎はいつもサクラの味方をしていた。" (11:13); stammer "あ、ああ、しし知っている……" (11:22); "ど、どうしてそこまで……！" (11:24); "さすが、天才少女だね……。／ドローガは確かに作っている。" (11:31-32); "…母さん、怒るだろうな……" (11:43); "栄一郎がなあ……" (11:61); "1人はみんなのために、みんなは1人のために、だ" (11:63); plain technical explanation (11:74-78); "ごめん、それについては本当に知らないんだ……" (11:92); "ごめんよ……" (11:108)
54	56	2	54	facts		00000DB9		  - facts: ドローガ is still made in 荒田 from cherry roots, for self-defence, and the villagers know; his mother, Chigaya and 夏菜 do not (00000DB9:11:32-36); a book in the 蔵 about 50 years old describes it (11:72, 11:83-84); asked to be watched 793-795 (Goto, 00000DD1:11:139); Goto: his account of finding サクラ beheaded is the one lie (00000DA1:11:155-157, hypothesis) (as of 00000DB9)
54	57	0		chunk-09 additions		00000C81		- chunk-09 additions (as of 00000C81):
54	58	2	57	route of 00000B57-00000BB7		00000C81		  - route of 00000B57-00000BB7 (00000B9F): flat, level voice ("抑揚のない声", 11:105): "茅萱……夏菜……。もう分かっただろ？／古郡家の人間は、サクラを殺した張本人。／なつみちゃんは……／本物の魔女だ……" (11:101-104); "茅萱……。／お前まで……／お前まで、魔女に洗脳されてしまったのか……？" (11:112-114); gentle, persuading to Haruka "春花ちゃんは分からないのか？　あの子には魔女の能力がある。／桜の声を聞くという特殊能力。" (11:134-135); "なつみちゃん。君がこちらへ来てくれたら、2人はこのままそっちに返すよ" (11:158); "みんな……ついにあれを使う時が来たぞ" (11:177); "よし、よくやってくれた" (11:188, inferred, V230); "夏菜、こっちに来なさい。お前はまだ子供だ。パパのそばにいなさい" (11:195); "よしよし、夏菜はやっぱりいい子だな" (11:215); "夏菜、何してるんだ！　お前が使ったらダメだろ！" (11:223); "この魔女……／神使は……！／絶対に……／逃がさない……！" (11:316-319); dying "か……あさん……。／俺は……" (11:328-329), "サクラ……／サ……／クラ……" (11:331-333)
54	59	2	57	route of 00000BD6-00000C81		00000C81		  - route of 00000BD6-00000C81: hearty host "いやいや、みんな大変だったね。うちの夏菜が巻き込んでしまって申し訳ない" (00000C38:11:2); "こら夏菜！　お客さん乗せてるんだから、こっちは安全運転で行くぞ！" (11:17); drinking "いやー、ひと仕事終えた後の酒はうまいなー！" (00000C68:11:8); "なつみちゃんの超能力？／そりゃもちろん聞いてるさ！…この集落ではそのことは言わないようにね。" (11:25-28); "思い出した！　サクラが能力に目覚めたのは、中学生の時だ！" (11:52); embarrassed "だ、だから違うって！" (11:83); drunk "熊もいいけど、蛇もいいぞ！" (00000C81:19:43), "なつみちゃん、あのおっさんはいいやつだぞ！" (19:74)
54	60	2	57	calls		00000C81		  - calls: Chigaya 茅萱 / お前; 夏菜 夏菜 / お前 (self パパ); Natsumi なつみちゃん, then 魔女, 神使; Haruka 春花ちゃん; his mother かあさん
54	61	2	57	facts		00000C81		  - facts: looks exactly like Eiichiro's memorial photo (00000C38:11:4); safe driver (00000C50:11:8); told his daughters "お母さんの仇を討つために強くなれ" and to hunt with hatchet and mace (00000B9F:11:41; 00000B87:19:5; 00000C21:11:38); in Goto's reasoning the prime suspect, a manipulator (00000B6F; 00000BB7:11:187-222); route of 00000B57-00000BB7: leads the villagers at the station, holds Natsumi's parents hostage, stabbed by 夏菜, arm cut off by his mother, dies (00000B9F:11:100-334; 00000BB7:11:6) (as of 00000C81)
54	62	2	57	open questions added		00000C81		  - open questions added: V224, V230
54	63	0		chunk-08 additions		00000B27		- chunk-08 additions (as of 00000B27):
54	64	2	63	pronoun 俺 in speech and in his account		00000B27		  - pronoun 俺 in speech and in his account ("俺だって誰がサクラの首をはねたのか知りたいよ" 00000AC4:11:84; "俺が声をかけると" 19:25)
54	65	2	63	teacher voice		00000B27		  - teacher voice: "初めに、君たちに物事の考え方を教えておこうか" (00000AC4:11:15); "なつみちゃん、おめでとう！　答えは／『起』だ" (11:43-44); "なるほどね" as a refrain (11:9, 11:29, 11:41, 11:101, 11:120); "いやいや、責めているんじゃない" (11:71); "うん、いいよ！" (11:116); sleepy "ふああ……一体なんだって言うんだ……？" (00000AAC:11:152); "推理って……俺に何させようって言うんだよ……" (11:157); "あーあ……母さんは君たちまで巻き込んだのか……" (00000AC4:11:3); "よっこらしょっと" (11:5); falters "そ、それは……！" (00000ADE:11:65), "ああ……／サクラは死んでいるよ。／た、確かに死んでいる……" (11:82-84); bare cells "　　生きていたよ。" (00000AC4:15:0), "四月病って知ってるよね？" (23:0)
54	66	2	63	in 790		00000B27		  - in 790 (00000A7C): "サクラ、体調は大丈夫か？" (11:14); "おいサクラ、どうした！？" (11:101); "いいかみんな！　すぐにサクラを探し出すんだ！…全員鉈を持っていくように！" (11:120-122); "母さん！　サクラが飛び出していった！" (11:127); in his account "ふざけたこと言うな！　母さんはそんな心の狭い人間じゃない！" (00000AC4:19:28)
54	67	2	63	calls		00000B27		  - calls: his mother 母さん; サクラ bare; Haruka 春花ちゃん; Natsumi なつみちゃん; Goto 五島ちゃん; the girls 君たち; Mifuyu 美冬ちゃん (3p)
54	68	2	63	facts		00000B27		  - facts: サクラ's husband and childhood friend; overweight (00000A7C:11:115); found サクラ alive on the cliff edge; she fell as he approached; at the bottom five minutes later her head was already severed (00000AC4:19:22-43); first suspect; watched in the 集会所 every April 793-795 at his own request, and the killings went on (00000B0F:11:31-36); names the phone voice as 城崎 (00000B27:11:148) (as of 00000B27)
54	69	0		first_appears	1	0000095B:27:5		- first_appears: 0000095B:27:5 (seen as "おじさん"; identified 35:14); first line 35:15
54	70	0		pronoun(s)	1	0000095B:35:21		- pronoun(s): 俺 ("俺は新村幸太郎って言って" 0000095B:35:21; "俺の娘にケチつける男は許さん！" 00000972:11:48; "さて、俺は部屋で寝るよ" 00000989:11:102); 僕 once in the same turn as 俺 ("僕まで驚いちゃったよ" 0000095B:35:22, V165) (as of 00000989)
54	71	0		pronoun FREQUENCY	1	00000989		- pronoun FREQUENCY: about as often as typical (as of 00000989)
54	72	0		speech level baseline	1	0000095B:35:19		- speech level baseline: タメ口, jovial host ("いやいや、驚かせちゃってごめんよ" 0000095B:35:19; "はっはっは！　いいじゃないか！" 35:98; "えっと、まあ堅苦しい挨拶はいいか。…それじゃあ、乾杯！" 00000972:11:156-157; "さあ、お客さん方、どんどん食べてくれ" 11:173) (as of 00000989)
54	73	0		sentence-final particles	1	0000095B:35:19		- sentence-final particles: よ "ごめんよ" (0000095B:35:19); だ "栄一郎の双子の兄だ" (35:21); ろ "いるんだろ？" (35:35) (as of 00000989)
54	74	0		verbal tics / catchphrases / fillers	1	0000095B:35:19		- verbal tics / catchphrases / fillers: "はっはっは！" (0000095B:35:98, 35:106; 00000972:11:145, 11:216); "いやいや" (0000095B:35:19, 35:22) (as of 00000989)
54	75	0		dialect	1	00000989		- dialect: none (as of 00000989)
54	76	0		EN correlates	1	00000989		- EN correlates: normal contractions, hearty; no profanity (as of 00000989)
54	77	0		facts		0000095B:35:21		- facts: Eiichiro's twin, same looks (0000095B:35:21); clever, confident, respected, the "brain" who assists the grandmother (00000972:11:13, 11:31-32); wife died ten years ago falling from a cliff (11:16-17); father of 茅萱 and 夏菜; plays ghost as a prank (0000095B:35:22); slips away from the contest; Natsumi's narration calls him "あのデブ" (00000989:11:102-104) (as of 00000989)
54	78	0		known ambiguity / open questions	1	00000989		- known ambiguity / open questions: V165 (as of 00000989)
54	79	0		as-of	1	00002457		- as-of: 00002478 (was 00002457)
54	80	0		blank		0000095B:27:5		
55	0	0		heading	1	000008D0:33:59		## unnamed carers (000008D0:33:59-73)
55	1	0		first_appears	1	000008D0:33:59		- first_appears: 000008D0:33:59
55	2	0		pronoun(s)	1	000008D0		- pronoun(s): none observed (as of 000008D0)
55	3	0		speech level baseline	1	000008D0		- speech level baseline: 丁寧 and soft タメ口 with わ / よね ("古郡さーん、おはようございまーす"; "おはよう、古郡さん。今日も桜がきれいですよ"; "古郡さん、今日はお出かけよね？　ご両親の命日って聞いたわ"; "あっはは、古郡さん面白いこと言うわね") (as of 000008D0)
55	4	0		calls		000008D0		- calls: Natsumi 古郡さん (as of 000008D0)
55	5	0		notes		000008D0		- notes: one or two voices, not tagged; 祀耀800 April 8 in the 000008D0:33 route; one is told "あなた――／今日死にますよ" (as of 000008D0)
55	6	0		as-of	1	000008D0		- as-of: 000008D0
55	7	0		blank		000008D0:33:59		
56	0	0		heading	1	000008B9:36:13		## unnamed Chinese-restaurant staff (000008B9:36:13)
56	1	0		first_appears	1	000008B9:36:13		- first_appears: 000008B9:36:13
56	2	0		speech level baseline	1	000008B9		- speech level baseline: ～アル register "ありゃーお嬢ちゃん！　中国語上手アルねー！" (STYLE Q149: plain English + TN); calls Natsumi お嬢ちゃん (as of 000008B9)
56	3	0		as-of	1	000008B9		- as-of: 000008B9
56	4	0		blank		000008B9:36:13		
57	0	0		heading	1	000008B9:29:70		## 久慈浩二 and 畑中ここな (Mifuyu's two targets; named only)
57	1	0		chunk-26 note		00001FE9		- chunk-26 note (as of 00001FE9): paper dolls "くじこうじ……／はたなかここな……" (00001FE9:8:18-19).
57	2	0		chunk-09 additions		00000CB3		- chunk-09 additions (as of 00000CCA): in the route where 茜 and 良治 go ahead (00000CB3-00000CCA): a child found dead at 七海町2丁目 at 16:00 (00000CCA:15:0-39:0); ここな speaks once, "うん！　メガモールで、プリガールショーやってるんだもん！" (47:1), with her father ("ここなは、本当にこの時間の散歩が好きだなあ！" 47:0; "こ、ここな！　何だ？　何なんだこれ？" 47:3); she is killed at 16:01; named as the 第一女ケ沢市事件 (47:13); 茜 takes "the girl", 良治 "the other one" (00000CB3:11:74-75) (as of 00000CCA)
57	3	0		first_appears	1	000008B9:29:70		- first_appears: 000008B9:29:70 (久慈浩二), 29:73 (畑中ここな), on Mifuyu's instruction sheet
57	4	0		pronoun(s)	1	000008B9		- pronoun(s): none (no lines) (as of 000008B9)
57	5	0		facts		00000874		- facts: 久慈浩二, a boy, visits a friend on Thursdays and has cram school at 16:30, cycles past around 16:00; 畑中ここな, a girl, goes with her parents on Thursdays to 『メガモール』 for the 『プリガールショー』 at 16:10; an older brother at cram school (000008B9:29:70-78); the classmates bullying Haruka in 790 (photos in the letter, 00000874) (as of 000008B9)
57	6	0		known ambiguity / open questions	1	000008B9		- known ambiguity / open questions: V179, V180 (as of 000008B9)
57	7	0		as-of	1	00000CCA		- as-of: 00001FE9 (was 00000CCA)
57	8	0		blank		000008B9:29:70		
58	0	0		heading	1	000009A0:11:125		## unnamed old official (the grandmother's story, 000009A0)
58	1	0		chunk-28 note		000021CF		- chunk-28 note (as of 000021CF): the same night told from his side in 000021CF:8:319-395: he is 篠崎ハジメ living as 金崎勉, a prefectural official; the young woman is drawn in エリカ's colour; see the 篠崎ハジメ block.
58	2	0		first_appears	1	000009A0:11:125		- first_appears: 000009A0:11:125 (named as the target); first line 11:162
58	3	0		pronoun(s)	1	000009A0		- pronoun(s): none observed (as of 000009A0)
58	4	0		speech level baseline	1	000009A0		- speech level baseline: gentle, old-fashioned 丁寧: "どうしました？" (11:162); "こんな夜中に若いお嬢さんが1人で出歩くなんていけませんよ。これで、タクシーに乗りなされ" (11:168-169); "いえいえ。あなたに、神のご加護がありますように" (11:173); "でしたら、これはあなたの前に、本当に困っている人が現れた時に、渡してあげてください" (11:199); to his grandson "おお、チャー坊！　迎えに来てくれたのかい？" (11:182) (as of 000009A0)
58	5	0		EN correlates	1	000009A0		- EN correlates: soft, courteous, few contractions; なされ = an old-fashioned polite imperative (as of 000009A0)
58	6	0		facts		000009A0		- facts: a prefectural official about 50 years ago who planned a land grab at 荒田; gave the young bride 2,000 yen; killed "鉈のような大きな刃物で" by someone else (11:125-217); grandson nicknamed チャー坊 (11:180-183), mother of the boy seen (11:184) (as of 000009A0)
58	7	0		as-of	1	000009A0		- as-of: 000021CF (was 000009A0)
58	8	0		blank		000009A0:11:125		
59	0	0		heading	1	000009A0:11:109		## 先代大魔女 (the previous Grand Witch; the grandmother's story)
59	1	0		chunk-26 additions		00002026		- chunk-26 additions (as of 00002026): 00002026 (colour ?; エリカ's mother-in-law, 75): "ああ、エリカさん。遅くに呼び出してごめんね" (8:1); "一つ、自殺しようとする者を止めてはならない" (8:17); "知らなくていい" (8:59); an anime fan "こらエリカさん！　セリフのネタバレはダメだろ！" (8:81).
59	2	0		chunk-08 additions		00000B0F		- chunk-08 additions (as of 00000B0F): at the handover told Erika never to stop anyone taking their own life and to keep the reason to herself; told her only that soon after 桔梗 died there was a 呪殺 of 桔梗's family (00000B0F:11:112-137)
59	3	0		first_appears	1	000009A0:11:109		- first_appears: 000009A0:11:109
59	4	0		speech level baseline	1	000009A0		- speech level baseline: 丁寧, measured: "そうですか。私にまで殺した事実を伏せるとは、あなたはとても口が堅いのですね。／それでいいのです。見事に試練を達成しました" (11:223-224); "いいのです、それで。殺したことを知っているのはあなただけ。／このことは、私も秘密にしておきます" (11:226-227) (as of 000009A0)
59	5	0		EN correlates	1	000009A0		- EN correlates: few contractions, calm formal (as of 000009A0)
59	6	0		as-of	1	00000B0F		- as-of: 00002026 (was 00000B0F)
59	7	0		blank		000009A0:11:109		
60	0	0		heading	1	000009CF:11:20		## unnamed librarian teacher and the 女神さま (Haruka's story, 000009CF)
60	1	0		chunk-08 note		00000A7C:11:9		- chunk-08 note (as of 00000AF7): Haruka calls サクラ "女神さまそのもの" (00000A7C:11:9) and says the 女神さま of her dream looked a little like サクラ (00000AF7:11:107); V175 stays open
60	2	0		first_appears	1	000009CF:11:20		- first_appears: 000009CF:11:20 (the teacher reads the page); 11:31 (the 女神さま in a dream)
60	3	0		lines		000009CF		- lines: the book's words as read by the teacher: "助けたい人がいるなら、このページに書いていることをやりなさい。／でも、その人を助けられないと、あなたは10年後に死ぬかもしれません" (11:21-22); the 女神さま: "まずは大好きな友達を助けなさい。／そうすれば、あなたのお母さんも助かるでしょう" (11:34-35) (as of 000009CF)
60	4	0		notes		00000656		- notes: no gendered word for the teacher; 女神 is a female word; cf. 00000656 "女神様の預言" (V175) (as of 000009CF)
60	5	0		as-of	1	000009CF		- as-of: 00000AF7 (was 000009CF)
60	6	0		blank		000009CF:11:20		
61	0	0		heading	1	00000972:11:16		## サクラ (Sakura; 新村幸太郎's wife; mother of 茅萱 and 夏菜; died 790)
61	1	0		chunk-30 additions		00002473		- chunk-30 additions (as of 00002473), colour サクラ:
61	2	2	1	alive		00002473		  - alive (memory, 0000245F): "幸太郎、私たち、もう来月には夫婦になるのね" (11:62); "まあ！　幸太郎から結婚しようって言ったくせに！" (11:64); "幸太郎は、子供何人欲しい？" (11:71); "私、沈丁花が好きなの" (11:78); "沈丁花って、背も低いし桜に比べたら華もない。／まるでアジサイみたいで、晴れよりも雨が似合う" (11:88-89); "幸太郎、沈丁花の花言葉ってね……／不死、不滅、永遠なんだって" (11:91-92); "ねえ、もしもだよ？／　もし私が死んだら、この花を供えてちょうだい" (11:94-95). Memory at 茅萱's birth (00002473): "ほら幸太郎、抱いてあげて。／私たちの子供、やっぱりどこか幸太郎にも似ているわね" (11:338-339); at 夏菜's birth: "うーん……私はお父さんにも似てほしいかな" (11:345); after her return: "うん、幸太郎が呼んでくれたら、いつでも" (11:377); "私、幸太郎と結婚してよかった。…" (11:380-382).
61	3	2	1	dead		00002473		  - dead: "幸太郎、今日は早いのね" (0000245F:11:131; 00002464:11:1); "幸太郎って、頭悪かったかしら？" (00002464:11:40, first glare); "はあ……。／10年もかけたのに、そんなことで失敗されたらがっかりだわ" (11:49-50); "だからこうやって生きた人間である幸太郎に頼んできたんでしょ？" (11:54, repeated in his memory 11:71); memory of 7 years ago: "大丈夫、私はずっとずっと幸太郎の味方だから" (11:91). 0000246E: "やっぱりしくじったのね" (11:243); "仕方ないから、私が手を貸したわ。／木を切って道をふさいで、ほんのちょっとだけ胞子を出して予知させた。" (11:249-250); "まあいいわ。でも城崎さんは殺さない" (11:261); "これでもう女神様には弱点がなくなる。／後は堂々と荒田の滋養を吸収して繁栄するだけよ" (11:267-268); "私と栄一郎、そしてなつみちゃん。／これで神使が3人。／あと1人――／生きた第一世代がいればいいの" (11:278-281); ruby residue " 唆 " (11:284). 00002473 (in 幸太郎's head, ――-prefixed bare cells, V664): "――幸太郎、何をしているの？" (11:128); "ここにいる全員を0.1秒で皆殺しにするわ。" (11:152); aloud: "あらあら幸太郎、愛する妻を裏切るのかしら？" (11:250); "バッカみたい……。" (11:252); "簡単な話よ。皆殺しにするの" (11:256); "春花を消すことよ？" (11:288); "さようなら幸太郎、愛しているわ" (11:316); in his head: "私たち、家族でしょ？" (11:331).
61	4	2	1	facts		00002473		  - facts: appears only with the cave lights out, in white (00002464:11:3-7); planned wedding in May (荒田 people die in April) (0000245F:11:66-68); her looks brought trouble; disliked her own appearance (11:83-87); as 神使 she does not know where ヴェルジ's mummy lies (11:122-123) — contradicted when the seal stone is found moved (00002473:11:137-141); per 幸太郎 she died two years after 栄一郎, fallen, head severed (11:370-372), reappeared a year later after "あの怪音" (11:374-375).
61	5	0		chunk-29 additions		00002457		- chunk-29 additions (as of 00002457), colour サクラ (dead):
61	6	2	5	00002444		00002457		  - 00002444: "ふふふ、お久しぶり、元女神様" (26:458); "まあでもこうやって神使である私たちが来たんだから、けっこうサービスした方よ？" (26:463); "まあまあ栄一郎。なつみちゃんは新米神使なんだから" (26:477); "他にも生き残った住人がいるみたいだけど、こっちの方が楽しそうだしね。／茅萱も夏菜も幸い死んだことだし" (26:486-487); "糸姫、栄一郎が言ったけどあなたはもうただの人間。" (26:496); "あらあら、交渉成立ね" (32:210); "15年後の四月頃に元木町は滅びる。" (32:252); "もしここでの出来事や15年後のことを誰かに口外したら……／その時は全員の命はないと思ってね" (32:257-258).
61	7	2	5	五島's imagined scene		00002457		  - 五島's imagined scene (colour サクラ): "神使が何のためにいるか分かるでしょ？" (26:310); "あらあら、幸太郎、しくじったのね" (26:336); "さあなつみちゃん、死にたくないでしょ？　生きたいでしょ？" (26:342).
61	8	2	5	facts		00002457		  - facts: per 城崎 she foresaw in dark narrow places in blossom time and felt ill there (14:220-221); per 糸 one of the dead second generation (26:285); per 五島 she ordered 幸太郎 (26:303-304); her daughters' "blood" is a threat to the 女神 (26:489).
61	9	2	5	00002457		00002457		  - 00002457 (per 幸太郎): her foresight was relied on while she lived; after her death it was called a curse (11:12-13).
61	10	0		chunk-28 additions		00002433		- chunk-28 additions (as of 00002433), colour サクラ (alive in this file):
61	11	2	10	00002433		00002433		  - 00002433: "夏菜ー！　ちょっと手伝ってくれるー？" (11:24); "お疲れ様茅萱、上手にできてたわよ" (11:51); "茅萱、どうしたの？　浮かない顔してるけど？" (11:53); "あら？　じゃあ私は先に戻るわね" (11:56).
61	12	2	10	the guide's list		00002433		  - the guide's list: "幸太郎さんとサクラさんはチガ姉を守るために、お母さんにドローガを送り――" (000021E2:517:7).
61	13	0		chunk-27 additions		00002102		- chunk-27 additions (as of 00002102), colour サクラ:
61	14	2	13	000020E4		00002102		  - 000020E4 (young, baby 茅萱): "新村サクラよ。幸太郎の妻の" (8:11); "ええ、美冬ちゃんが山籠に行く前だったかしら？　おととしの一一月だったわね。" (8:20); "栄一郎が心配だったから……" (8:32); "きっと栄一郎は、美冬ちゃんとなら幸せをつかめると思う" (8:49).
61	15	2	13	000020EA		00002102		  - 000020EA: sends 美冬 the kit with a letter; "美冬ちゃんがこれで人殺しなんてするはずが……" (8:13); "鹿か……" (8:18).
61	16	2	13	000020F6		00002102		  - 000020F6 (reported): post-mortem by エリカ: neck cut, a grip mark on the right ankle (8:8-16).
61	17	2	13	00002102		00002102		  - 00002102: REPLAY of the 00001EFF dream lines.
61	18	2	13	000020B4 / 000020C0		00002102		  - 000020B4 / 000020C0 (the line where she is alive after 美冬's death): "春花……ごめん……" (000020B4:8:19); "私にも、責任があるの" (8:21); "私ね、10年前に――" (8:23); "でもあれは、もう形骸化した儀礼だから……。／お義母さんも、もう美冬ちゃんで最後にするつもりみたいだったし" (8:41-42); "山籠……私は本当に勧めないわよ？" (8:51); "美冬ちゃんの一周忌、明日なのよ？" (000020C0:8:8); enters the forbidden place with a 鉈 (8:16-28).
61	19	0		chunk-26 additions		00001EFF		- chunk-26 additions (as of 00001EFF):
61	20	2	19	00001C08		00001EFF		  - 00001C08: "ううん、栄一郎が一緒にいてくれているんだもの。" (8:9); "私がこんなだから、優しくしてくれるの？" (8:21).
61	21	2	19	00001C29		00001EFF		  - 00001C29: "ドローガって多分ポルトガル語よね？" (8:16); "『ファルシフィカソ』ね" (8:27).
61	22	2	19	00001D17		00001EFF		  - 00001D17 (drunk): "あげちゃえあげちゃえ！" (8:10); calls エリカ コスプレババア (8:18).
61	23	2	19	00001D2A		00001EFF		  - 00001D2A (alive): "はあ……はあ……。／そう……しようか……" (8:7-8).
61	24	2	19	00001D40 / 00001D6F		00001EFF		  - 00001D40 / 00001D6F (dead): "ここよ、美冬ちゃん" (8:35); "この集落には、たくさんの死体が必要だから。" (8:46); "私たちの、女神――／ヴェルジ様" (00001D6F:8:102-103).
61	25	2	19	00001EFF		00001EFF:8:22		  - 00001EFF:8:22-42 (茅萱's dream): "毎年、1人ずつ茅萱が人を殺さないといけないの" (8:30).
61	26	0		chunk-25 additions		00001A85		- chunk-25 additions (as of 00001AFE): 00001A85 (before the 女ケ沢 killings, inferred; colour サクラ): refuses 美冬 in soft but firm タメ口 with わ / の / よ: "美冬ちゃん" (8:6); "荒田集落の標語、分かるわよね？" (8:8); "私に 掟 を破れということは、美冬ちゃんが 掟 を破ること。／その標語で解釈するなら、1人がみんなに迷惑をかけること。／考え直して" (8:11-13); "だから、2人の子供を殺すの？" (8:17); "それに、今はそういう時代じゃないのよ。" (8:19); "ごめんね美冬ちゃん、私じゃ何の役にも立てない" (8:22); "経済的援助も、荒田への移住も禁止されている今、私にできることは……" (8:24); "私は、集落の 掟 を破ることはできない" (8:27); she came to 美冬 (8:29); 死月編 trailer, bare cells: "この人がサクラさん。／あなたと同じ、／予知能力者よ。" (00001AFE:35:9-11)
61	27	0		chunk-23 additions		000011CC		- chunk-23 additions (as of 0000154E): route of 000011CC, dead:
61	28	2	27	per 糸姫, she took サクラ "こちらに"		000014EE:8:65		  - per 糸姫, she took サクラ "こちらに" (000014EE:8:65); embedded in a cherry, her body speaks 死月妖花's words (colour サクラ; per narration not her voice or manner, 000014EE:24:42-44; V551): "糸姫……！　私の恩を忘れたのか……！" (24:37); "糸姫、お前も来るんだ！" (24:39); "糸姫、騙してなんかいないわ。ほら、一緒に行きましょう" (24:41); "あーっはっはっは！　来る！　来るぞ！" (24:53); "夏菜から殺せ夏菜から殺せ夏菜から殺せ" (00001505:8:41); "あははははは！　なななななつみちゃん、だだだだ大事なこと忘れてない！？" (0000151C:8:77); stammered "ここここ幸太郎わわわわわ私をどうする気" (8:135); "裏切り者裏切り者裏切り者！！！" (8:216)
61	29	2	27	after 死月妖花's death, rotting but conscious, her own voice		0000151C		  - after 死月妖花's death, rotting but conscious, her own voice (0000151C): "あ……うう……" (8:340); "ちが……や……／夏菜……こうた……" (8:381-382); "か……な……。／もっと顔……見せて……" (8:386-387); "ふふ……／小さい頃の……私に……よく似てる" (8:395-396); "夏菜……／ママはね……／会えて……嬉しい……よ……" (8:404-406); her hand crumbles in 夏菜's (8:401-402); falls to bones (8:411); 幸太郎 carries them down (8:457)
61	30	2	27	in 幸太郎's account		0000154E:8:147		  - in 幸太郎's account (0000154E:8:147-209, 790-792, colour サクラ): soft, persuading タメ口 with わ / の / でしょ: "幸太郎……" (8:147); "死月妖花の力でよみがえったのよ" (8:150); "でもね、よみがえったけど、生き返ったわけじゃないの。／私は死んでいるけど、肉体を死月妖花が再生してくれた" (8:152-153); "私たちが子供の頃に、秘密基地にしていた場所があるでしょ？／　その1番奥でなら" (8:158-159); "ここにはね、女神様に通じる道があるの" (8:163); "だったら、幸太郎が疑われないように協力するわ。" (8:178); "だから今度は、新村家以外の人間を少しずつ殺すことにしたの。" (8:187); "ええ、夏菜の方は治しても構わない。／でも、茅萱の方は――" (8:206-207); "ごめん……" (8:209); 幸太郎 later reads the meetings as 死月妖花's will, not hers (8:220)
61	31	0		chunk-22 additions		000011CC		- chunk-22 additions (as of 000014D7): route of 000011CC, dead, lines colour サクラ (00001442, 000014D7):
61	32	2	31	appearance		00001442:11:177		  - appearance: as ten years ago, "女神のような微笑み" (00001442:11:177); barefoot in a white robe-like garment (00001459:8:188); breathes and sighs like the living (00001442:11:240-241); blue eyes (11:228)
61	33	2	31	voice		00001442:11:176		  - voice: soft タメ口 with わ / ね / かしら / の / のよ, gentle to 春花, then mocking: "久しぶりね、春花" (00001442:11:176); "春花が思っていることは分かるわ。色々と混乱しているわよね" (11:192); "ふふ、敬語なんて使わなくていいのに。" (11:197); "私ね、10年前に死んだの。知ってるでしょ？" (11:204); "だとしたら、私はゾンビかしら？" (11:221); "だから春花、次に会う時は私と敵対するかもしれない。" (11:286); "特に栄一郎には気を付けて。" (11:313); "はい、ママですよ。／ふっふふふ、頼もしいわね、私の娘は" (000014D7:8:214-215); "春花は相変わらず単純で、大して大変じゃなかったわね" (8:220); "女神様をアバドンだなんて、ひどい言い方よね" (8:244); "私たちと1つになるか、ここで全員死ぬか。" (8:298); pain "うあああ……！！" (8:371); to the 女神 "しかし女神様……！" (8:385)
61	34	2	31	facts		00001442:11:259		  - facts (her claims): woke only yesterday, called to save 茅萱 (00001442:11:259-262); explains 死月妖花 as a fungus mimicking cherries and parasitising mammals that moves the dead and kills those who learn too much (11:208-257); later admits one lie, that the 女神 is blind while repairing bodies (000014D7:8:226); never truly injected herself with ファルシフィカソ: an illusion (8:256-266); illusions of killing shown to 茅萱 (8:270); the second-generation dead 神使 (8:247)
61	35	0		chunk-21 additions		000011CC		- chunk-21 additions (as of 000013B5): route of 000011CC: dead, moved by 死月妖花 (the 女神), lines colour サクラ (0000136D, 00001385 dream, 000013B5; memory 000013CD:8:88-90):
61	36	2	35	appearance		0000136D:8:114		  - appearance: a white, angel-like robe, face as in life, light brown hair like 茅萱's, pale skin (0000136D:8:114-116); her beheading leaves no mark (8:255-256); not named in speech except by 栄一郎's "サクラ" (8:153)
61	37	2	35	voice		0000136D:8:110		  - voice: soft タメ口 with わ / のよ / でしょ turning cold and commanding: "茅萱……ごめんね……／お母さん、やっと帰ってこれたの" (0000136D:8:110-111, V494); "さあ、栄一郎、運びましょう" (8:152); "栄一郎、今よ" (8:177); "ダメよ、茅萱、大人しくして" (8:204); "茅萱は読んだんでしょ？" (8:210); "ファルシフィカソ……？／あれは小さな芽を枯らすだけよ？" (8:226-227); "女神様によって支配されたこの身体に、もう、人間としての制限はないの。" (8:263); "茅萱、何を言っているの？　私も栄一郎ももう死んでる。" (8:285); "大丈夫よ茅萱、すぐにそんなこと気にしなくなるわ" (8:299); pain "う！　がががが……！" (8:315); in the dream "悪い娘には、お仕置きが必要ね。楽に死ねると思わないでよ？" (00001385:8:7); a feigned plea "茅萱、言いたいことは色々あるでしょうけど、早くここから逃げなさい" (000013B5:8:67), "親ってね、例えどんなことが起きても、子供には元気で生きてほしいって願うものなの" (8:153), then "じゃあ茅萱、今ここで……／死ななくてはならないわ" (8:158-159), "おめでとう茅萱、合格よ。" (8:187); "茅萱……ほんとに賢く育ってくれて嬉しいわ。" (8:220); "そう、もう、血は流さないでね" (8:246)
61	38	2	35	facts		0000136D:8:287		  - facts (their account): the dead need periodic repair beside 死月妖花 (000013B5:8:72-73); speech and thought come from the body's former owner but the 女神 rules the mind; the owner's mind died over ten years ago (0000136D:8:287-288, 栄一郎's words; 8:291-292); they sense what 茅萱 sees and hears; with 栄一郎 carried 茅萱 into a new tunnel "女神様のところ" (8:211); a test of 茅萱's loyalty (000013B5)
61	39	0		chunk-20 additions		000011CC		- chunk-20 additions (as of 0000127A): on 茅萱's recording (route of 000011CC, V467) a voice in サクラ's colour: "茅萱……／ごめんね……／お母さん、やっと帰ってこられたの" (00001214:8:238-240) and "さあ、栄一郎、運びましょう" (8:247); 8:227 "茅萱……" colour ? (V461); 茅萱 is knocked down after it; buried (土葬) in the 墓地広場 (0000127A:8:30); per 000012F5:8:91 a second generation; keep "the voice" where the narration does not name it
61	40	0		chunk-19 additions		000010DD		- chunk-19 additions (as of 000010F5, and 000010DD / 0000110D / 0000113D / 00001154 / 0000119C where cited):
61	41	2	40	narrator of 000010F5		000010F5		  - narrator of 000010F5 (私; colour サクラ): gentle, self-examining past narration with present-feel thought ("何を考えているのだろう、私は。" 8:62; "単に、飢えているだけ。" 8:47), a quoted phrase turned over in thought (『好意を向けるのが許される人』 8:43-44); resolve under strain ("待ってて、すぐに助けるから。" 8:353)
61	42	2	40	lines as a teen		000010DD		  - lines as a teen (000010DD, colour サクラ): soft タメ口 with よ / の / だよ: "助ける……って？" (11:156); "でも、幸太郎が助けてくれてたから、もう大丈夫よ？" (11:160); "ねえ、栄一郎……。／もし……／もしだよ？／　私が……／明日いなくなったら……／どうする？" (11:165-170); "私、栄一郎が一緒に居てくれるなら大丈夫だよ？／　もし私がここから逃げ出したら……／一緒に来てくれる？" (11:177-179); "待ってよ栄一郎！　私、暴力はやだよ……" (11:221); "こんなもの、使っちゃいけないって気づいた人が、ご先祖様の中にいるんじゃないの？" (11:230); "え、栄一郎……／何……したの……？" (11:286-287); "止血！　止血しないと！" (11:307); "私、みんなには木から落ちたって伝えたから。" (11:326); "だから、心配しないで荒田に戻ってきてね？" (11:338); quoted in his narration "ごめんね、栄一郎……" (11:45)
61	43	2	40	lines as an adult		000010F5		  - lines as an adult (000010F5): "うん……" / "そっか……よかった……" (8:9, 8:12); "…………／うん……／好きよ。今でも" (8:26-28); "ゲホッ！　ごめん……" (8:74); to Chigaya "じゃあ、お願いしていい？" (8:100), "このままで大丈夫よ" (8:102); to 幸太郎 "ねえ幸太郎、この前、美冬ちゃんに会った話、したわよね？" (8:191), "うん、地下倉庫に箱詰めしてるわ。明日引き上げるつもり" (8:215); in the foresight "はあ！　はあ！　はあ！" (8:242), "茅萱が……／茅萱が来る……！" (8:244-245); to the grandmother 丁寧 "分かりました……" (8:304); "幸太郎、ファルシフィカソを私の身体で試して！" (8:316); "ダメ！　もし幸太郎に何かあったら、対策を立てられる人がいなくなる！" (8:319); at the cliff "離してください、お義母さん！" / "お義母さん離して！　一緒に落ちちゃう！" (0000110D:24:15, 24:28); in 茅萱's memory "あら茅萱！　もう大丈夫？" / "よしよし茅萱、怖かったね。もう大丈夫よ" (0000110D:8:52, 8:60), "今日は茅萱の好きな、エンマ鹿と獄卒イノシシのミックスカレーよ" (0000113D:8:99)
61	44	2	40	calls		000010DD		  - calls (chunk 19): 栄一郎 栄一郎; 幸太郎 幸太郎; 茅萱 茅萱; Mifuyu 美冬ちゃん (3p); Haruka 春花 (3p); Erika お義母さん (address and 3p); 城崎 城崎さん (3p)
61	45	2	40	facts		000010DD		  - facts (000010DD-0000110D): bullied in middle school for her looks (industrial oil, cigarette burns, left tied in the summer mountains smeared with honey); loved 栄一郎 and still did after he left; 幸太郎 proposed in high school, she married him after graduating; her foresight noticed the spring she entered high school (8:233); she foresees in the dark upstairs 三畳間 when the village asks, with a small ritual of eyes closed and breathing; sent 美冬 two sets of hatchet and mace (made by 城崎), 能面 and 赤装束 with a letter to sell them (8:129-176); did not know 幸太郎 would use 美冬 for the ドローガ test (8:344-347); injected herself with ファルシフィカソ to give up her foresight for 茅萱 (8:355-357); died 790 April 17 falling from the cliff above the stream while the grandmother held her wrist, her body beheaded by 幸太郎 after (0000110D:24:13-63); in the colour table she is サクラ
61	46	2	40	00001154		00001154:8:134		  - 00001154:8:134-135: after her death the villagers called the foresight 『魔女の力』 and talked of her curse; 0000119C:8:255 (五島): the villagers think the 呪殺 is 新村サクラさん's curse
61	47	0		chunk-17 additions		00000F24		- chunk-17 additions (as of 00000F24): route of 00000F24: alive in 800 (the 790 death is not in this route); became 大魔女 after Erika (76:18); lines in Haruka's memory of 800 (colour サクラ): "春花、これ……" (76:58), "山籠！？" (76:82), "春花、もうそんな慣習に縛られる必要はないわ" (76:84); promised to tell Haruka something on her 20th birthday (76:27); advised her to take books to read aloud, having lost her voice on her own 山籠 (70:70-71); taught Haruka to sharpen a knife (106:231); cherry-season foresight per Chigaya (136:19); died 801 April 8 (106:83-84, "一周忌"); her mummy, unveiled as the goddess 『ブルーシャ』, burned (106:90-165); Chigaya and 夏菜 still speak of her prophecy and her word as current (136:16-27; 118:69); Haruka's guess: the ヴェルジ mummy "cursed" her foresight and she told the villagers to use ドローガ (193:79-84)
61	48	0		chunk-16 additions		00000F0D		- chunk-16 additions (as of 00000F0D): route of 00000F0D (祀耀804-805): alive, no lines; 幸太郎 calls to her (62:11); 夏菜 calls her ママ; danger foresight in cherry season in dark narrow places, which the villagers rely on (26:7-8); 夏菜 runs from her for fear of the urge to kill her (8:34); arrested with 幸太郎 for harbouring (68:10), to return in autumn (74:3)
61	49	0		chunk-14 additions		00000EDF		- chunk-14 additions (as of 00000EDF): route of 00000EDF (Goto's vision, 祀耀800 April): alive (the 790 death is not in this route); two blue eyes (83:207); danger foresight (77:106-107); lines: "誰かいるの？" (83:206); "はあ！　はあ！　わ、分かった……！" (83:230); "まあまあ、幸太郎もまだまだ元気ねえ" (47:27); "ふふ、ちゃんと分かってるから。" (47:33); "はい我慢我慢！" (47:43); "へこみ方は栄一郎そっくりなのね。" (47:77); "第一世代は、栄一郎です。" (59:69); "確かに、美冬ちゃんに10年前、物資を送りました。…売って少しでも生活費の足しになるように" (59:104-106); "全ての命は……／平等です" (59:147-148); "彼らが死んで悲しんでいる家族たちに『あなたたちの家族より、私たちの家族が大事』なんて言えますか？" (59:156); in the collapsing vision she and 幸太郎 hang themselves (117:138-140); real frame: questioned by police (117:230); calls 幸太郎 bare, Erika お義母さん, Mifuyu 美冬ちゃん (3p)
61	50	0		chunk-12 additions		00000E7B		- chunk-12 additions (as of 00000E7B):
61	51	2	50	route of 00000E7B		00000E7B		  - route of 00000E7B: alive in 祀耀804 (the 790 death is not in this route); the villagers call her 大魔女様 (88:120; 180:67); 新村エリカ died of illness some years before (28:226; 68:11); named 新村サクラ by 桃子 (28:95)
61	52	2	50	lines		00000E7B		  - lines: gentle 丁寧 to a stranger mixed with soft タメ口: "す、すみません……" (28:52); "ご親切に、ありがとうございます" (28:57); "あなた、荒田集落……私たちにご用が？" (28:79); "桃子さん、よければうちに来ませんか？／1人旅で、宿が決まっていないなら……" (28:99-100); "私が直接会ったり声を聞いたりした人の危険を予知できるんです。" (28:180); "未来なんて大げさよ。…今の私は、この集落で大活躍なのよ！" (54:108-111); "それは……。／ん……／ごめんなさい、これは誰にも言ってないの。" (54:184-186, a lone "ん……" like Chigaya's opener); "元木町で起きた事件の元凶は――／この私です" (54:225-226); "桃子さん。この集落には、恐ろしい呪いがあるんです。／人を殺したくなる呪いが" (54:241-242); "う、うあああ！！！！" (54:253); "もういいの！　もう、大丈夫だから……！" (68:177); "黙りなさい！　夏菜には指1本触れさせない！" (180:69); "バカをいいなさい！　よくも幸太郎を……！" (88:122); "幸太郎……／ありがとうね。／愛してるわ" (88:249-251)
61	53	2	50	impression voice		00000E7B		  - impression voice (180:108-110): a village woman, shrill, あたし, ちょーだい: "キャーキャー！　みんな！　家の中、火事だよ！／カナカナもすぐに出てくるよ！／あたしたちが玄関を見るから、みんなは他の出口を見てちょーだい！"; 夏菜: "さすが、おばあちゃん仕込みのモノマネだね……" (180:116); V284
61	54	2	50	foresight, her own account		00000E7B		  - foresight, her own account: cherry season only; a dark room no larger than three mats; a person she sees or hears; 15+ minutes makes her ill; range 10 seconds to 10 days; used each season to check the hunters (28:177-187; 54:110-116; 68:67-68); will not say how she got it (54:184-187); both eyes blue (28:55; 60:96)
61	55	2	50	facts		00000E7B		  - facts (route of 00000E7B): per her, sent 美冬 only saleable goods; 幸太郎 tested ファルシフィカソ on 美冬 before curing 茅萱 (60:74-94); strangled by 夏菜 in the frenzy (54:277-283); hatcheted from behind at 幸太郎's body; her blood, "第二世代の血", sprays 桃子, 春花 and 夏菜 (88:252-92:0); 桃子 calls her 女神 (28:64)
61	56	2	50	open questions added		00000E7B		  - open questions added: V284
61	57	0		chunk-11 additions		00000E19:11:67		- chunk-11 additions (as of 00000E61): fresh 沈丁花 in the dead-end room (00000E19:11:67-69); per 夏菜, 幸太郎 picks 沈丁花 for her every season (00000E49:11:175); 幸太郎 raves "サクラ！　お前、裏切ったのか！" (11:112); Haruka still asks why she was beheaded (00000E61:45:24)
61	58	0		chunk-10 additions		00000D29:11:10		- chunk-10 additions (as of 00000DB9): in Natsumi's vision of the past: a woman bloodied by a pot on a tripod in the cave with a man (00000D29:11:10-16; confirmed by a high-school photo 00000DB9:11:3); used the cave as a child (00000D71:11:28); Goto's hypothesis: Eiichiro's blood from an open fracture gave her the foresight (00000DA1:11:80-90, hypothesis only); bullied for her looks, told 幸太郎 and Eiichiro not to side with her at school (00000DB9:11:5-15); in 城崎's story, retracted as a lie, the 魔女 "サクラちゃん" gives お告げ naming culprits (00000D29:19:5-7, 19:61); Erika: killed "by the 掟" (00000D59:11:86)
61	59	0		chunk-09 additions		00000C68		- chunk-09 additions (as of 00000C68):
61	60	2	59	in Goto's imagined dialogue only		00000C68		  - in Goto's imagined dialogue only (00000B6F:11:174-176): "実は――"; "ええ、でももちろん止めたわ。法律にも 掟 にも反することはできない" (invented by Goto, not a memory)
61	61	2	59	facts		00000C68		  - facts: seasonal danger foresight, like Natsumi's, working in dark, narrow places (per Chigaya 00000BED:11:140-149; per 幸太郎, a small three-mat room upstairs, ill in spring from it 00000C68:11:43-49); woke in middle school while Eiichiro was still in 荒田 (00000C68:11:52-53); villagers consulted her on hunting routes (00000C21:11:64-65; 00000C68:11:47); liked Eiichiro more than 幸太郎 (00000C68:11:70); her favourite flower was 沈丁花 (00000BED:11:184); 幸太郎 says the Kogoris killed her (00000B9F:11:102); 夏菜 and Chigaya "女神様の娘" to Haruka (00000B9F:11:51); some villagers fear Natsumi's power because of her (00000C68:11:28)
61	62	2	59	00000BB7		00000C68		  - 00000BB7:15:30-38: a woman appears to Goto at the empty settlement whom Goto takes for 新村サクラ from a photo ("死体が動いている？"); see the block "unnamed woman taken for サクラ" (as of 00000C68)
61	63	0		first_appears	1	00000972:11:16		- first_appears: 00000972:11:16 (as 幸太郎's wife, unnamed); named 00000A62:11:70; first line 00000A7C:11:4 (Haruka's memory) (as of 00000A7C)
61	64	0		pronoun(s)	1	00000A7C:11:108		- pronoun(s): 私 ("私……死をもって償うしかないの……" 00000A7C:11:108; "私…… 掟 を破ったの……" 00000AC4:19:26) (as of 00000AC4)
61	65	0		pronoun FREQUENCY	1	00000AC4		- pronoun FREQUENCY: about as often as typical (as of 00000AC4)
61	66	0		speech level baseline	1	00000A7C:11:4		- speech level baseline: soft, warm タメ口, feminine: "春花、こんにちは。頭の怪我はどう？" (00000A7C:11:4); "あの桜がたくさんある町よね？　そこに住んだら、今よりももっと元気になれそうね" (11:13); "あらあら夏菜ったら。あちこち動き回って、おてんばさんなのね。" (11:51); written です・ます in the letter to Mifuyu ("荒田で準備できるものを揃えました。…どうかこれをうまく役立てて下さい。" 00000A94:11:110-113, per Mifuyu); broken in crisis: "ごめんなさい……／ごめんなさい……" (00000A7C:11:98-99), "幸太郎来ないで！" (00000AC4:19:26), "本当に……？／本当に？" (19:31-32) (as of 00000AC4)
61	67	0		sentence-final particles	1	00000A7C:11:51		- sentence-final particles: ね "おてんばさんなのね" (00000A7C:11:51); よね "町よね？" (11:13); かしら "走れるようになるかしら？" (11:52), "美冬ちゃんどこかしら？" (11:59); なあ "嬉しいなあ" (11:56); の "許されるはずがない……！" / "私は失格なの！" (00000AC4:19:29) (as of 00000AC4)
61	68	0		copula	1	00000AC4		- copula: dropped (soft feminine forms) (as of 00000AC4)
61	69	0		calls		00000A94		- calls: 幸太郎 (bare); 春花; 夏菜; 美冬ちゃん (3p; letter) (as of 00000A94)
61	70	0		EN correlates	1	00000AC4		- EN correlates: gentle, normal contractions; no profanity (as of 00000AC4)
61	71	0		facts		00000A62:11:74		- facts: from 荒田; 幸太郎's childhood friend, married him right after high school (00000A62:11:74-75); near-blonde brown hair, clear features, pearl-white skin, blue eyes, Japanese with white ancestry; bullied for her looks, disliked them; one natural photo (00000A62:19:101-119); passed the 山籠 (00000A7C:11:114); ill every cherry season, like Natsumi's 四月病 (00000A7C:11:14-16; 00000ADE:11:3-6); per Mifuyu, refused to help in 女ケ沢, then the gear, drug and letter came, and Mifuyu believes サクラ sent them, breaking the 掟 (00000A94:11:94-120); died 790 April 17: ran off crying after overhearing Mifuyu's confession, fell from the cliff and was found beheaded (00000A62:15:0-19:8; 00000A94:11:138-141); per 幸太郎, alive on the cliff edge and fell "as if drawn by something unseen" (00000AC4:19:22-43); Haruka calls her a goddess; the 女神 of Haruka's dream looked a little like her (00000A7C:11:7-9; 00000AF7:11:105-107); Chigaya's face resembles hers (00000AF7:11:108); villagers speak of "サクラの呪い" (00000A94:11:150); 夏菜 calls her ママ (3p) (as of 00000B3F)
61	72	0		known ambiguity / open questions	1	00000A62		- known ambiguity / open questions: V187 (as of 00000A62)
61	73	0		as-of	1	00002457		- as-of: 00002473 (was 00002457)
61	74	0		blank		00000972:11:16		
62	0	0		heading	1	00000B27		## 城崎 (reading TBD; 荒田 villager)
62	1	0		chunk-30 additions		00002478		- chunk-30 additions (as of 00002478):
62	2	2	1	0000246E		00002478		  - 0000246E (colour ?, named by 幸太郎 11:49; self 俺): probing, sardonic タメ口 to 幸太郎: "幸太郎君、みんながどこへ行ったか知らないか？" (11:50); "あの回覧板には『南の家に回すように』とあった。" (11:59); "つまり君は住人の命を使って無実を証明した" (11:86); "君は真犯人を知っているんだろ？" (11:90); "昨夜の君が、本当に君だったのかどうか、確認したい" (11:124); "いるじゃないか、1人だけ" (11:135); "俺は警察を呼ぶ" (11:164); "大魔女様も何か知っているんじゃないかってね" (11:173); "それとも、今ここで俺を殺すかい？" (11:213); "9年前、百合子は警察を呼ぼうとした矢先に殺されたけどな" (11:217); "じゃあな幸太郎君、もしかしたらもう、2度と会うことはないかもな。／達者で" (11:226-227).
62	3	2	1	facts		00002478		  - facts: in no robe or mask, did not join the capture (11:47); gave なつみ the cherry branch (11:15); a smith, strong, owns a hunting rifle (11:230); calls the police (national land; arrival in about an hour) and stays home (11:164-199); "昨夜" someone in 幸太郎's shape told him he would reveal the truth and that a 呪殺 would happen today (11:94-108). 00002478: later lives with a friend in 飯沢市 (11:108).
62	4	0		chunk-29 additions		00002444		- chunk-29 additions (as of 00002444):
62	5	2	4	full name 城崎健吾		00002444		  - full name 城崎健吾 (00002444:14:122, 14:141: "改めて自己紹介しよう。城崎健吾、ここの住人だ"); = 健吾君 of 0000201F (whose father killed himself); 香織 calls him ケンちゃん.
62	6	2	4	narrator		00002444		  - narrator (俺) of 0000243F (inferred; named 城崎 by a villager 11:29): dry, self-critical past narration, "我々" for the villagers; "情けない話だ。" (11:146); inner address to his dead wife: "なあ百合子、俺は間違っているよな？" (11:65).
62	7	2	4	lines		00002444		  - lines (colour ?): "みんな、本当にやるつもりなのか？" (0000243F:11:11); "ま、待ってくれ！／　分かった……分かったよ……。俺が裏切るわけないじゃないか……" (11:37-38); "もちろんだ……。サクラちゃんの次に呪殺されたの、誰だか分かっているよな？" (11:40, = 00001BA8:8:19, V656); "おい、魔女殺しよりもあの2人を助けないと！" (11:94); "おい何するんだ！　お前いいかげんにしろよ！" (11:140); "香織さん、大丈夫だ。急所は外してるし出血も大したことない。" (11:152); "分かった……。どこまでできるか分からないけど……。／やるだけやってみるさ" (11:163-164).
62	8	2	4	00002444		00002444		  - 00002444 (colour ?, identified by name and context): "落ち着いて。俺は君の味方だ" (14:116); "君を無事に元木町に帰すために来た" (14:120); "違うんだ！　僕は最後まで反対して――！" (14:148, 僕 once, V653); "もし君が俺を信用できないなら、もう俺は役に立たない。この場で俺の首を刺すといい" (14:163); "罪滅ぼしってのじゃダメか？" (14:177); "じゃあ五島ちゃん、君が能面と装束を着けるんだ。" (14:289); "俺の妻だ" (14:314); "俺は仏でも菩薩でもないし、憎しみがないかと言われたら嘘になる。" (14:316); "住人たちがみんな……／殺されてる" (14:392-393); "まあ、俺のことを信用できないのは仕方ないです。" (14:492, 丁寧 to 良治); "糸？　どこかで聞いたことが……" (20:455); "ここには糸姫山がある。" (20:465); "『齢15ほどの赤い着物を着た少女。それが邪悪なる女神である』ってな" (20:469); "瀬たちをけしかけて元木町の子を殺させたのもお前だな！？" (20:492); "そうか、ただの人間がここまでしたなんて感服だ" (20:514); "糸と言ったな。／ならば君には、生き残った人間を全力で守る義務がある" (20:521-522); "ちょっとでもおかしな真似をしてみろ。今度は外さない" (20:531); "よく分からないけど、今の俺たちはどうなんだ？" (26:418).
62	9	2	4	in 五島's imagined scene		00002444		  - in 五島's imagined scene (colour ?): "生け捕りか……。まあ、血を流さないに越したことはないな……" (26:319); "俺も香織さんに賛成だ。" (26:325).
62	10	2	4	facts		00002444		  - facts (this route): the villagers gather at his house, nearest the main house; he made the hatchets and maces (0000243F:11:3-6); one year older than 瀬正照 (11:112); pretends to join, hides outside the main house, follows 五島 (14:260-261); "山育ち" (14:452); has a hunting rifle and a buggy at home (14:274, 14:419); fires one shot past 糸 (20:516); per 幸太郎 he brought the cherry branch for なつみ (00002457:11:2).
62	11	0		chunk-28 additions		00002340		- chunk-28 additions (as of 00002340): addressed "城崎さん、チガ姉は？" by 春花 (00002340:11:90); the colour-? voice there, by context 城崎: "春花ちゃん！？" (11:88, inferred); "茅萱ちゃんは……。／さっきまでいたんだけどな……" (11:91-92); "お、おい……！" (11:97).
62	12	0		chunk-27 additions		00002102		- chunk-27 additions (as of 00002102), colour ?:
62	13	2	12	000020C0		00002102		  - 000020C0: named by 幸太郎; "おーい！　幸太郎君いるか！？　男手が欲しいんだが！" (8:10).
62	14	2	12	000020E4		00002102		  - 000020E4 (named by 栄一郎 8:1): "さあ栄一郎君、飲んで飲んで！" (8:0).
62	15	2	12	00002102		00002102		  - 00002102: "おおい！　誰か来てくれ！　百合子が！" (8:27); "百合子が……死んでる……！" (8:29).
62	16	2	12	possibly the spokesman of 00002072		00002102		  - possibly the spokesman of 00002072 (V612, not named there).
62	17	0		chunk-26 additions		00002057		- chunk-26 additions (as of 00002057), colour ? throughout:
62	18	2	17	00001BA8		00002057		  - 00001BA8: "サクラちゃんの次に呪殺されたの、誰だか分かっているよな？" (8:19); "ごめんよ、許してくれ" (8:23).
62	19	2	17	00001BBA		00002057		  - 00001BBA: "君は他人を犠牲にして、君のためだけにこの監視をさせているんだろ？" (8:38).
62	20	2	17	00001BC4 / 00001BCE		00002057		  - 00001BC4 / 00001BCE (drunk): "ふぁっはははは！　春花ちゃんよ！" (8:1); "ちがやたんがこんな飲めるなんて" (00001BCE:8:71).
62	21	2	17	00001C12		00002057		  - 00001C12: "城崎家は代々道具を作ってきた家系だ。" (8:4).
62	22	2	17	00001C1D		00002057		  - 00001C1D: "君は誰だ？" (8:34).
62	23	2	17	00001C55		00002057		  - 00001C55: "百合子、落ち着くんだ。" (8:0).
62	24	2	17	00002057		00002057		  - 00002057: "ふざけないでくれ。俺は騙されない" (8:16); "黒幕は誰なんだ？" (8:48).
62	25	0		chunk-23 note		000011CC		- chunk-23 note (as of 0000151C): route of 000011CC: among the masked villagers; "大魔女様！　こっちに来て下さい！　大変です！" (0000151C:8:334, colour ?, named by エリカ's reply 8:335)
62	26	0		chunk-21 additions		000011CC		- chunk-21 additions (as of 000013FD): route of 000011CC, colour ?, self-named (000013FD:8:67): kind, cautious タメ口 with 俺: "えっと君、もしかして元木町から来たっていう……" (8:64); "ああごめん、驚かせちゃったかな……俺は城崎って言うんだ。／こんな大変な時に来てもらって申し訳ないね" (8:67-68); "こんなところでどうしたの？　新村家まで送ろうか？／茅萱ちゃんもどこに行ったか分からないし、あまり1人で出歩いちゃダメだよ？" (8:71-72); "念のため、注意しながら歩いてね。俺もこんな状況じゃ1人で出歩くのは怖いし" (8:77); "大魔女様、この子" (8:121, inferred); "えっと……じゃあ、俺は帰るから" (8:129); a well-built middle-aged man (8:65); calls 五島 君, the grandmother 大魔女様
62	27	0		chunk-19 additions		000010F5:8:134		- chunk-19 additions (as of 00001154): forges hatchets and maces, also sold outside as ritual goods (000010F5:8:134-142); in 茅萱's memory (791, colour ?, attributed by content), placating then angry to his wife 百合子: "百合子、落ち着くんだ。確かに幸太郎君は疑いがかかりやすい立場にある。／だからこそ、もうちょっと――" (00001154:8:18-19); "でも、幸太郎君がやった証拠はなかったじゃないか！／　幸太郎君だって疑われていることくらい、十分に分かっている！" (8:23-24); "よそ者を入れるつもりか！？" (8:27); calls 幸太郎 幸太郎君 (3p); his wife was killed by 11-year-old 茅萱 (8:36-39)
62	28	0		chunk-18 additions		00000BD6		- chunk-18 additions (as of 00000FB7): route of 00000BD6-00000E61 continued: not arrested, did not join the attack (00000F9F:11:40-42); lines colour ?, identified by voice (11:71): "なつみちゃん……" (11:70); "そんな大したことじゃないさ……。／嫌な予感がしたから、何とか伝えようと思ったけど、間に合ってよかった" (11:73-74); "そうだね、色々と疑問に思うことが残ってるだろう。／うちに寄っていくといい" (11:76-77); "そうか、今日は疲れてるだろうしね。また気が向いたら来るといいよ" (11:88); helped Mifuyu prepare the funeral (00000FB7:11:12); one of three left in the settlement (11:17); gave Natsumi the cherry branch earlier (00000F40:11:151)
62	29	0		chunk-17 note		00000F24		- chunk-17 note (as of 00000F24): route of 00000F24: not seen alive; Haruka searches 城崎さん's empty house (130:201); a 胚 at dawn (193:42)
62	30	0		chunk-14 note		00000EDF		- chunk-14 note (as of 00000EDF): route of 00000EDF (Goto's vision): meets them at 荒田駅 with 幸太郎 (71:1) and is thanked at the departure (117:95); no line is clearly his (117:97 "ああ、気を付けてな" unattributed)
62	31	0		chunk-12 additions		00000E7B		- chunk-12 additions (as of 00000E7B): route of 00000E7B (祀耀804): meets 桃子 at 荒田駅 with a buggy (34:12, 34:36); hearty タメ口 to "藤野さん": "本当にいいタイミングでここに来たよ！　ちょっと前まで、部外者は立入禁止だったからね！" (34:79); "藤野さん！　隠れて！　早く！" (34:96); "熊が正面にいる。／冬眠から覚めたばかりの腹を減らせた熊だ！　早くこっちへ！" (34:101-102); "藤野さん、耳をふさいで" (34:112); "よし、やったみたいだ。今の銃声で夏菜ちゃんが来るはず" (34:118); "ああ、藤野さん、危なかったね。…" (34:125); "悪いけど、藤野さんを集落まで案内して…こいつはここで解体しないと運べないな" (34:134-135); "あいよ" (34:189); lecturing "藤野さん、熊っていうのはね、とても執念深い動物なんだ。…母熊を殺したら、小熊も殺せと" (34:201-205); "ああごめんよ藤野さん" (34:57, inferred, V280); a hunting rifle and a hatchet kept on the buggy (34:109-119); open questions added: V280
62	32	0		chunk-11 note		00000E01		- chunk-11 note (as of 00000E01): not seen; Natsumi and Goto read the blood note "スグニゲロ" as his warning, written during the 十三回忌 to avoid suspicion (00000E01:11:1-11, their inference)
62	33	0		chunk-10 additions		00000DE9		- chunk-10 additions (as of 00000DE9):
62	34	2	33	lines		00000DE9		  - lines: "あれ？　なつみちゃん、どうしたの？" (00000D11:11:10); "でもなつみちゃん……／俺が呪殺の犯人だったらどうするつもりだい？" (11:23-24); "もし、俺がおかしな真似をしたら、これで俺を刺すんだ" (11:29); "魔女の話は知らない" (11:35); "法要で使う祭具だよ！　明日見ることになると思うぞ！" (00000D29:11:51-52); "今日……／お告げがあったんだ……" (11:83-84); bare "　　魔女だよ。" (15:0); "魔女って言うのは、サクラちゃんのことだ。" (19:5); grave, lecturing "なつみちゃん、それが呪殺の正体なんだ" (19:39); "ごめん、お告げの話は嘘だ。" (19:61); "俺は何があってもこの集落を守り抜く" (19:91); "あいよ、お姉ちゃん！　頼りにしてるよ！" (19:113, V248); "誰が信用できて誰が信用できないか。それをしっかりと見極めることが大事だ。" (00000D41:11:2); "じゃあ、おやすみ。明日、法要で" (11:7); kind "君たち大丈夫？" (00000DE9:11:130); "壺にファルシフィカソを入れる時は、みんな息を止めてるからね" (11:140)
62	35	2	33	calls		00000DE9		  - calls: Natsumi なつみちゃん / 君 / お姉ちゃん (once); Goto + Natsumi 君たち; サクラ サクラちゃん (3p); 茅萱ちゃん (3p)
62	36	2	33	facts		00000DE9		  - facts: looks an ordinary middle-aged man (00000D11:11:6); smokes (11:54); a widower whose wife was the first 呪殺 victim (00000D59:11:31-32, 11:84); cut the cherry branch for Natsumi (11:23-27); Goto: if his story is true he has killed (00000D41:11:140-141); took off Natsumi's robe at the 法要; Natsumi suspects he put the "スグニゲロ" note in its pocket (00000DE9:11:136, 11:238-239) (as of 00000DE9)
62	37	2	33	open questions added		00000DE9		  - open questions added: V248
62	38	0		chunk-09 additions		00000C81		- chunk-09 additions (as of 00000C81):
62	39	2	38	lines		00000C81		  - lines (route of 00000BD6-00000C81): hearty, loud タメ口, 俺: "おうし、それじゃあ、この姉ちゃん方を新村家まで送迎しようか！／あ、今日はまだ飲んでないからな！" (00000C38:11:7-8); "いやーここに来て早々、とんでもない目に遭っちゃったねー！" (11:29); "お化けかー！　俺もガキの頃は小僧たちと一緒に肝試しとかやってたけど…" (11:37); "あ！　でも、飛んでるハエを鉈で切るのは得意だぞ！　美冬ちゃんに教えたことがあるんだ！" (11:53); "ははは！　鉈でハエを切るだけじゃ、腹はふくれないよ！" (11:55); a pause "…………／そうかい！？" (11:68-69); grave, quiet "なつみちゃん……今のことが本当かどうかは分からない。／だけど、今のことは絶対に、絶対に他の誰にも言わないように。／いいね？" (11:82-84); "その力はね、魔女の力なんだ……。" (11:87); "今のことは忘れた" (11:94)
62	40	2	38	calls		00000C81		  - calls: Natsumi なつみちゃん; the girls この姉ちゃん方; 3p 大魔女様 corrected to ここの長老, 美冬ちゃん, 夏菜ちゃん, 茅萱ちゃん
62	41	2	38	EN correlates		00000C81		  - EN correlates: hearty, high contractions; no regional markers
62	42	2	38	facts		00000C81		  - facts: about 50; from an old 荒田 family, no direct tie to the 新村 (00000C38:11:9-10); a widower living alone across from the 新村 house (00000C81:19:71-73); drinks; route of 00000B57: Haruka thinks him one of the culprits (00000B57:11:150-157) (as of 00000C81)
62	43	0		first_appears	1	00000B27		- first_appears: 00000B27:11:148 (named by 幸太郎 as the voice on the phone) (as of 00000B27)
62	44	0		lines		00000B27		- lines: "大魔女様。呪殺事件の犯人を始末できました" (00000B27:11:137; speaker identified by voice only) (as of 00000B27)
62	45	0		speech level baseline	1	00000B27		- speech level baseline: 丁寧 report to the 大魔女 (as of 00000B27)
62	46	0		facts		00000AF7		- facts: per Haruka "酒好きな人のいいおっちゃん" (00000B3F:11:21); missing with every other villager in the route of 00000AF7-00000B3F (00000B3F:11:80-82) (as of 00000B3F)
62	47	0		known ambiguity / open questions	1	00000B27		- known ambiguity / open questions: V193 (as of 00000B27)
62	48	0		as-of	1	00002444		- as-of: 00002478 (was 00002444)
62	49	0		blank		00000B27		
63	0	0		heading	1	00000ADE		## unnamed masked villagers (attackers, 00000ADE and 00000B27)
63	1	0		chunk-30 additions		0000245F		- chunk-30 additions (as of 0000246E): route of 0000245F-00002478: at the 十三回忌 their faces are hidden; they leave at once for 荒田山道 per 幸太郎's notice (0000246E:11:1-13); per サクラ they attacked なつみ's group in full force but 茅萱 and 夏菜 kept everyone safe (11:245-247); many had ドローガ; "地上にいる住人たちの身体もそろそろ限界" (00002473:11:105); all downed (11:209); later mass arrests, unreported (00002478:11:23).
63	2	0		chunk-29 additions		0000243F		- chunk-29 additions (as of 00002444): route of 0000243F-00002444: all villagers but the 新村本家 gather at 城崎's house in 能面 and 赤装束 with his hatchets and maces (0000243F:11:0-7, 11:43-44); ――-prefixed bare cells, unnamed, several voices: "――今さらなことを言うな。もう決まっていることだろ？　怖気づいたのか？" (11:13); "――それは違う。俺たちの中に犯人はいない。" (11:20); "――裏切り者は魔女の手先。" (11:27); "――城崎、お前も――。" (11:29); "――新村本家にいるやつはみんな殺すべきだ！" (11:143); "――瀬に続け！" (11:144); led by 瀬正照 (see his block); attack the 新村本家 (00002444:14:20-22); shouts "呪いを持ち込む魔女" / "知花の敵" (14:66-67, colour ?); in 春花's memory "1人逃したか" / "外に城崎がいるはず" / "よし、逃げた者は城崎に任せよう" / "見た者を逃がすわけにはいかない" (20:302-305, colour ?), "待て！" / "いたぞ！" (20:337, 20:348); almost all found killed by the 神使 (14:397-411; 26:351); in 五島's imagined scene, ――-prefixed: "――どんな力があるか分からない。俺はその場ですぐに殺すべきだと思う。" (26:321), "――サ、サクラちゃん！？" / "――なぜ生きている！？" (26:337-338); keep unnamed and ungendered.
63	3	0		chunk-23 note		000011CC		- chunk-23 note (as of 0000151C): route of 000011CC: the living villagers come in 能面 and 赤装束 with エリカ and 幸太郎 (0000151C:8:108-114); already cut, they touch なつみ's wound and become third generation, silent, and press against 死月妖花's trunk (8:138-149, 8:188, 8:212-213); unmasked afterwards (8:336); no lines except 城崎's (8:334); two voices "待たせたね" / "いやー疲れた疲れた" (8:105-106, colour ?, V541)
63	4	0		chunk-22 note		000011CC		- chunk-22 note (as of 0000148E): route of 000011CC: about ten sets of robes and masks were taken from the cave store (00001414:8:116-120), so the dead could pass as villagers; the 000012DE standoff from なつみ's side repeats their line (0000148E:8:84) and "ま、待て！" (8:114), colour ?; なつみ later wonders if they meant to protect them (8:273-277); barefoot footprints of many on the cleared path (00001442:11:5-13; 000014A5:8:118-122)
63	5	0		chunk-21 additions		000011CC		- chunk-21 additions (as of 000013FD): route of 000011CC: the masked group of 000012DE, about 20 in 能面 and 赤装束, are the dead, not villagers (000013CD:8:234-309, 茅萱's deduction; 000013FD:8:80-93, 五島's); lines colour ?: "夏菜、お客人、すぐに引き返すのだ。／ここから先へ行ってはならない" (000013CD:8:241-242); "ま、待て！" (8:273; 000013E6:8:13); "ち、茅萱ちゃん、やめろ……！" (000013CD:8:285); "や、やめろ！" / "来るな！" (8:291-292); silent "「…………」⏎「…………」" (8:300, 8:307); they shrink from 茅萱's fresh blood and collapse when released (8:309, 8:313-314); keep unnamed and ungendered. The living villagers of 000013FD are a separate block (chunk 21 walk-ons)
63	6	0		chunk-20 additions		000011CC		- chunk-20 additions (as of 000012DE): route of 000011CC (V467): outside the 新村家 the searchers seem half-hearted per 美冬 (0000125E:8:17-21); in the dead forest several in 能面 and 赤装束 with hatchets and maces bar the way (000012DE:8:70-71); one, colour ?: "夏菜、お客人、すぐに引き返すのだ。ここから先へ行ってはならない" (8:78); unnamed, ungendered: keep so
63	7	0		chunk-18 note		00000BD6		- chunk-18 note (as of 00000F9F): route of 00000BD6-00000E61 continued: all villagers except 城崎, Chigaya and 夏菜 are arrested and still held in May 800 (00000F9F:11:41; 00000FB7:11:17)
63	8	0		chunk-17 additions		00000F24		- chunk-17 additions (as of 00000F24): route of 00000F24 (802 April 8): about 30 (124:65); missing by day; at night in 能面 and 赤装束 at the rite, prostrate under the ヴェルジ mummy (106:59, 88:135); walk home barefoot, cold (88:219-258); rise zombie-like, surround the cave, go for Goto, kill Goto and Natsumi (187:84-132); 胚 in their houses at dawn (193:38-46); no lines; at the 800 burial two unnamed voices (colour ?): "おい！　死体が埋まってるぞ！　まだ腐敗途中の死体だ！" / "誰だこれ、最近死んだやつなんていないぞ！" (76:53-54)
63	9	0		chunk-12 additions		00000E7B		- chunk-12 additions (as of 00000E7B): route of 00000E7B (祀耀804): about 20 on ドローガ around the 新村 house, dodge bullets and ignore wounds (180:22-66); a spokesman in formal 丁寧: "大魔女様、お退きください。我々の目的は夏菜1人。／理由はお分かりでしょう" (180:67-68), "大魔女様、言い伝えは本当だった。夏菜には呪殺の兆候が表れたのです。／ 掟 に従い、殺さなくてはならない。お退きください！" (180:70-71), "さあ大魔女様、夏菜をお渡しください。／大魔女様とお客人に危害は加えません" (88:120-121), "こんなこともあろうかと、ドローガを先に使う組と、今から使う組に分けていた。" (88:149), "仕方ありませんね。大魔女様、お客人、ご覚悟" (88:142); others: "ぐぬう！　足が動かない……！" (180:77); "待って！" / "や、やめろ！" (180:82-83); "いたぞ！" (88:115); "ぐあ！　何だこれは……！", "誰だ……！", "くそ……！" (88:156-158); "春花……！　なぜ俺たちの方を……！　やるべきは夏菜の方だ！" (88:173); "呪われた親子め……！　荒田のために死ね……！" (88:252); "や、やっぱりだ！　呪殺！　呪殺だ！", "この女、翠眼だ！", "やはりよそ者を入れるべきではなかった！", "殺せ！⏎殺せ！⏎客人を殺せ！" (104:17-20); the two stripped at the door are "1人は男、1人は女" (180:100); otherwise unnamed and ungendered; all shot by 桃子 (82:56-58)
63	10	0		chunk-11 additions		00000BD6		- chunk-11 additions (as of 00000E49): route of 00000BD6-: many in 十三回忌 dress attack the car on the mountain road, cling to it, leap 3 m on ドローガ; one had a hunting rifle, broken by 夏菜 (00000E01:11:81-121); narration 住人達 / 死神たち; about ten fall at the base from ドローガ side effects and are arrested for attempted murder (00000E49:11:76-106); no lines; keep unnamed and ungendered
63	11	0		chunk-09 additions		00000B57		- chunk-09 additions (as of 00000BB7): at the station with 幸太郎 in the route of 00000B57-00000BB7, many, with maces and hatchets, 赤装束; inject themselves with the drug from syringes (00000B9F:11:178-181); lines "このガキ……！" (11:272), "こいつも……魔女だ！" (11:273), "うおあああ！！！" (11:287); all die of deep throat wounds dealt by 夏菜 (00000BB7:11:5-8); unnamed, ungendered: keep so (as of 00000BB7)
63	12	0		first_appears	1	00000ADE		- first_appears: 00000ADE:11:133 (as of 00000ADE)
63	13	0		lines		00000ADE:11:133		- lines: "――いたぞ" / "――殺せ" / "――呪いを持ち込む魔女だ" (00000ADE:11:133-135); on the phone "知花の仇……！", "サクラちゃんをよくも……！" (00000B27:11:116-117, not shown to be the same people) (as of 00000B27)
63	14	0		pronoun(s)	1	00000B27		- pronoun(s): none observed (as of 00000B27)
63	15	0		notes		00000ADE		- notes: several; in the rite's dress (赤装束, 能面, 鉈, メイス); narration 怪人たち; unnamed and ungendered: keep so (as of 00000ADE)
63	16	0		known ambiguity / open questions	1	00000B27		- known ambiguity / open questions: V194 (as of 00000B27); V272 (as of 00000E7B)
63	17	0		as-of	1	00002444		- as-of: 0000246E (was 00002444)
63	18	0		blank		00000ADE		
64	0	0		heading	1	00000A18		## unnamed fortune-teller (Chigaya's story, 00000A18)
64	1	0		chunk-13 note		00000A18:11:41		- chunk-13 note (as of 00000EC7): the older woman at the inn in 00000EC7 (a fortune-teller by trade) says she once told a young un-Japanese-looking person in Tokyo "『身近に騙す人がいるから気をつけなさい』" (00000EC7:11:147-156), close to this fortune-teller's "くれぐれも、身近な人に騙されないようにね" (00000A18:11:41); not named in either file; see the block "unnamed fortune-teller at the inn (00000EC7)" and V322
64	2	0		first_appears	1	00000A18		- first_appears: 00000A18:11:14 (as of 00000A18)
64	3	0		pronoun(s)	1	00000A18		- pronoun(s): 私 ("私の専門は人相占い" 11:31) (as of 00000A18)
64	4	0		speech level baseline	1	00000A18		- speech level baseline: brisk タメ口 of a middle-aged woman: "ちょいと、そこのオッドアイのお姉さん" (11:14); "おや、やっぱりオッドアイだね" (11:19); "これまた飛び切り美人だねえ！　どれ、お姉さんを見てあげようか" (11:22-23); "――なるほどね。…決して安易な選択をしないこと。" (11:35-36); "以上！" (11:42) (as of 00000A18)
64	5	0		calls		00000A18		- calls: Chigaya お姉さん (non-relative: "miss") (as of 00000A18)
64	6	0		EN correlates	1	00000A18		- EN correlates: casual, normal contractions; no regional markers (as of 00000A18)
64	7	0		as-of	1	00000A18		- as-of: 00000EC7 (was 00000A18)
64	8	0		blank		00000A18		
65	0	0		heading	1	00000A18		## unnamed estate agent (woman; Chigaya's story, 00000A18)
65	1	0		first_appears	1	00000A18		- first_appears: 00000A18:11:51 (as of 00000A18)
65	2	0		speech level baseline	1	00000A18		- speech level baseline: 丁寧 service: "築年数が80年だから安いんですよ。…住む分には問題ないと思いますよ" (11:51-52); "はい、かしこまりました" (11:55) (as of 00000A18)
65	3	0		as-of	1	00000A18		- as-of: 00000A18
65	4	0		blank		00000A18		
66	0	0		heading	1	00000A18		## the woman next door (Chigaya's other self; Chigaya's story, 00000A18)
66	1	0		first_appears	1	00000A18		- first_appears: 00000A18:11:85 (as of 00000A18)
66	2	0		lines		00000A18		- lines: "後で行きます……" (11:94); "で……／出た……／やっと出た……！" (11:129-131); "あ、あの……！／お礼……です……！" (11:135-136) (as of 00000A18)
66	3	0		notes		00000A18		- notes: gaunt, green-and-blue odd eyes, a face like Chigaya's (11:143-145); in the loop the same lines are Chigaya's own (11:271); keep the replayed lines identical in EN (as of 00000A18)
66	4	0		known ambiguity / open questions	1	00000A18		- known ambiguity / open questions: V215 (as of 00000A18)
66	5	0		as-of	1	00000A18		- as-of: 00000A18
66	6	0		blank		00000A18		
67	0	0		heading	1	000009FE		## モトキザクラ様 and A子's family (Natsumi's ghost story, 000009FE)
67	1	0		chunk-24 note		0000156A		- chunk-24 note (as of 0000156A): per 五島 (0000156A:14:5-19), the legend first appeared in the occult magazine 『M』 of 祀耀747 July as the 御神木's yokai and was blamed for a real killing of a public research group (the ナナシナ事件, V557), to make it fade from memory; なつみ: "きれいな和服を着た女性の妖怪で、善良なモトキザクラ様と悪質なモトキザクラ様がいる。" (14:5)
67	2	0		first_appears	1	000009FE		- first_appears: 000009FE:11:0 (as of 000009FE)
67	3	0		lines		000009FE		- lines: father "モトキザクラ様だ！" (11:34), "どうしましたか？　よければ乗せていきましょうか？" (11:38), "お前たち、モトキザクラ様だ！　席を詰めろ！／　ささ、どうぞどうぞ！" (11:40-41), "ほらお前たち、来てよかったじゃないか！" (11:72); A子 "お父さん、追いかけようよ！" (11:58), "お父さん……さっき話しかけたし、乗せるときに背中押したよね……？" (11:88); mother "じゃあ、きちんとお祈りしましょうね。" + the chant (11:75-76); unattributed "お父さんやるう！" (11:73), "あの、どうすれば戻れるのでしょうか" (19:0), "お願いします！　どうか助けてください！" (27:0); モトキザクラ様 "ここで降ろしてくださいます？" (11:48), "　あなたたちは私のお友達。" (31:1) (as of 000009FE)
67	4	0		notes		000009FE		- notes: father タメ口 to his daughters (お前たち), 丁寧 to the stranger; モトキザクラ様 soft polite feminine (くださいます？) (as of 000009FE)
67	5	0		known ambiguity / open questions	1	000009FE		- known ambiguity / open questions: V181, V183 (as of 000009FE)
67	6	0		as-of	1	000009FE		- as-of: 0000156A (was 000009FE)
67	7	0		blank		000009FE		
68	0	0		heading	1	00000AAC		## 新村桔梗 (reading TBD; named only)
68	1	0		chunk-30 note		0000245F		- chunk-30 note (as of 0000245F): per 幸太郎, "あの鉄格子の扉は、2代前の大魔女がつけたらしい" (0000245F:11:116) (the 大魔女 two back is named 桔梗 elsewhere).
68	2	0		chunk-28 additions		000021CF		- chunk-28 additions (as of 000021CF): per 篠崎's narration: villagers blame him for her death ("桔梗さんに何をした！" 000021CF:8:16); her letters to him said she would warn the villagers of 荒田桜 (8:20) and confirmed ファルシフィカソ protected them (8:36-37); she told him it was 死月妖花 (8:27); "桔梗さんほどの才女" (8:23); her last letter is key material for his addendum (8:143); she underwent the 山籠 as a bride (8:154).
68	3	0		chunk-27 additions		0000212D		- chunk-27 additions (as of 000021C9): the heroine and narrator (私) of 0000212D-000021C9; her lines are drawn in なつみ's colour (V618).
68	4	2	3	background		0000212D:8:4		  - background (her narration): a merchant's daughter in 東京, no surname (00002137:8:52-54); 16 in 祀耀678 (0000212D:8:4; 00002137:8:49); a known "才女" / "天才少女" who beats men at the abacus and in debate (0000212D:8:31-33); reads her 父上's books against custom; dreams of a rich, Westernised country (8:37-45).
68	5	2	3	voice		0000212D:8:18		  - voice (speech): polite 丁寧 to 晃 and her father, with 敬語 where she addresses 晃 (おっしゃる, お戻りに): "父上、この本の続きはどこにあるのでしょう？" (0000212D:8:18); "い、いえ、私、／ものっっっっすごく／暇なんで！" (00002137:8:20-22; the running gag, V620); "あ、私は桔梗と申します。／16歳です" (8:48-49); "夢を見ることは確かに大事です。／でももっと大事なことは…… ／夢をかなえるために行動することです" (0000215E:8:58-60); "晃様は無責任です。" (8:70); "簡単に言ってくれますね。" (00002164:8:6); later wife's 丁寧 with 晃さん: "ただいま、晃さん" (0000217A:8:49); "晃さん、ドローガって知ってますか？" (00002181:8:29); as old 大魔女: "どうぞ、お入りください" (000021A5:8:17); "この集落の代表である新村桔梗です。" (8:25); "ああ、おはよう" (000021B1:8:15); "晃さん……。／いえ、晃さんの 躯 をかぶった女神様。／もう、あなたは終わりです" (000021C9:8:5-7).
68	6	2	3	narration voice		00002143:15:104		  - narration voice: past with present-feel reflections; earnest, self-scolding ("何を考えているの、私。" 00002143:15:104); expository in the research files (00002187-00002199); dry late-life clarity (000021C3).
68	7	2	3	facts		00002137		  - facts (her story): meets 新村晃 in 東京 (00002137); an arranged marriage she learns at the wedding is to 晃, by the 帝's order at 晃's request (00002174, 0000217A:8:17-46); a year of 山籠 on 糸姫山 (0000217A:8:0-3); researches ドローガ from the 新村家 蔵 (00002181-00002199); a child with 晃 (0000218D:8:3, 8:21; 0000219F:8:18-19); after 晃 and his mother die from the 墓地広場 cliff she becomes 大魔女 and stops her research (0000219F); in 祀耀729 March, aged 65, gives 篠崎ハジメ all cherries but the 新村本家 tree (000021A5); later bans ドローガ, makes ファルシフィカソ a ritual object, gives it to all, seals ヴェルジ, rewrites the texts, signing "祀耀735年" (block 8) or "1942年" (block 21) (000021B7-000021BD, V621); in February dead 晃 moved by the 女神 comes for her and she dies (000021C3-000021C9).
68	8	2	3	reading still not given		0000212D		  - reading still not given (V195); addressed 桔梗殿 / 桔梗 by 晃, 桔梗 / お前 by her father, 大魔女様 by villagers, 新村桔梗さん by 篠崎.
68	9	0		chunk-26 note		00002026		- chunk-26 note (as of 00002026): "二代前の大魔女だった桔梗さん" (00002026:8:58).
68	10	0		chunk-22 note		000014D7		- chunk-22 note (as of 000014D7): per 栄一郎: very clever; saw the 女神's takeover of humans, sealed ヴェルジ, gave the villagers ファルシフィカソ, had the セレジェイラ聖教 take the cherries; married into 荒田 through 新村晃, who took ドローガ to 東京市 about 120 years ago; the 女神 killed her family to break her will (000014D7:8:153-171); 美冬: "2代前の大魔女、桔梗さんね。／唯一四月に亡くならなかったっていう" (8:154-155)
68	11	0		chunk-21 additions		00001355:8:45		- chunk-21 additions (as of 0000136D): her note in 『猛き音と翠眼呪殺』, 丁寧 written: "ここから先、重要なことが書かれています。／少しでも子孫たちが読みやすいよう、今の言葉に翻訳しています。どうか、これを役立ててください。／私はもう、長くはありません。／大魔女　新村桔梗" (00001355:8:45-48, colour ?); 茅萱 calls her 桔梗さん ("では桔梗さん、ありがたくあなたの文を読ませてもらいます。" 8:52); her 735 addition to 『ドローガの精製法』 read again (0000136D:8:76-77)
68	12	0		chunk-14 additions		00000EDF		- chunk-14 additions (as of 00000EDF): signed the last page of 'ドローガの精製法', added in 祀耀735 in a different style: injection instead of smoke, and ファルシフィカソ given to a bloodlusting third generation suppresses 呪殺 (00000EDF:83:53-58)
68	13	0		first_appears	1	00000AAC		- first_appears: 00000AAC:11:16 (register row) (as of 00000AAC)
68	14	0		pronoun(s)	1	00000AAC		- pronoun(s): none (no lines) (as of 00000AAC)
68	15	0		facts		00000AAC:11:16		- facts: born 祀耀663 October 25, died 735 February 1, illness (00000AAC:11:16); the only 荒田 person ever recorded dying outside April; the 大魔女 two before Erika; an outsider bride (11:20-21); soon after her death her family was killed in a 呪殺 and erased from the register (00000B0F:11:131-142) (as of 00000B0F)
68	16	0		known ambiguity / open questions	1	00000AAC		- known ambiguity / open questions: V195 (as of 00000AAC)
68	17	0		as-of	1	000021CF		- as-of: 0000245F (was 000021CF)
68	18	0		blank		00000AAC		
69	0	0		heading	1	00000B27		## 知花 (reading TBD; named only)
69	1	0		chunk-29 note		00002444		- chunk-29 note (as of 00002444): "知花の敵" recalled by 五島 among the attackers' shouts (00002444:14:67, colour ?); still not identified.
69	2	0		first_appears	1	00000B27		- first_appears: 00000B27:11:116 ("知花の仇……！", an attacker's shout) (as of 00000B27)
69	3	0		pronoun(s)	1	00000B27		- pronoun(s): none (no lines) (as of 00000B27)
69	4	0		notes		00000B27		- notes: identity not given; ungendered in the text (as of 00000B27)
69	5	0		known ambiguity / open questions	1	00000B27		- known ambiguity / open questions: V194 (as of 00000B27)
69	6	0		as-of	1	00000B27		- as-of: 00002444 (was 00000B27)
69	7	0		blank		00000B27		
69	8	0		blank		00000B27		
70	0	0		heading	1	00000BB7		## unnamed woman taken for サクラ (00000BB7:15:30-44)
70	1	0		first_appears	1	00000BB7		- first_appears: 00000BB7:15:27 (a presence behind Goto); first line 15:30 (as of 00000BB7)
70	2	0		pronoun(s)	1	00000BB7		- pronoun(s): none observed (as of 00000BB7)
70	3	0		speech level baseline	1	00000BB7		- speech level baseline: soft, polite feminine: "あなたが五島絵梨奈さんね。生前の夏菜がとてもお世話になったそうで" (15:30); "おめでとう五島絵梨奈さん。あなたには神使の資格があるの" (15:33) (as of 00000BB7)
70	4	0		calls		00000BB7		- calls: Goto 五島絵梨奈さん / あなた; 夏菜 bare (3p) (as of 00000BB7)
70	5	0		EN correlates	1	00000BB7		- EN correlates: gentle, few contractions (as of 00000BB7)
70	6	0		notes		00000BB7		- notes: Goto takes her for 新村サクラ from a photo and wonders if a corpse is moving (15:37-38); narration 彼女, "彼女たち" (15:40-41) and "大勢" around Goto (15:44); identity otherwise not stated: attribute nothing beyond Goto's perception (as of 00000BB7)
70	7	0		known ambiguity / open questions	1	00000BB7		- known ambiguity / open questions: V224 (as of 00000BB7)
70	8	0		as-of	1	00000BB7		- as-of: 00000BB7
70	9	0		blank		00000BB7		
71	0	0		heading	1	00000CCA		## unnamed bystanders (女ケ沢, 00000CCA)
71	1	0		first_appears	1	00000CCA		- first_appears: 00000CCA:39:0 (as of 00000CCA)
71	2	0		lines		00000CCA		- lines: "だ、だれかー！　子供がしし、死んでるー！！" (39:0); "おい、2丁目でも子供が殺されたぞ！" (47:5); "何なんだよこれ！　誰がやったんだよ！" (47:6); "そんなやつ誰も見なかったぞ！" (47:7); "犯人まだ近くにいるぞ！" (47:8); "早く家に入れ！" (47:9); a scream "いやーーー！！" (47:4, speaker unmarked) (as of 00000CCA)
71	3	0		speech level baseline	1	00000CCA		- speech level baseline: panicked タメ口 (as of 00000CCA)
71	4	0		notes		00000CCA		- notes: several voices, unattributed, ungendered; keep so (as of 00000CCA)
71	5	0		as-of	1	00000CCA		- as-of: 00000CCA
71	6	0		blank		00000CCA		
72	0	0		heading	1	00000CE3		## 近藤 (Kondo; 情報部の課長, 古郡良治's colleague)
72	1	0		first_appears	1	00000CE3		- first_appears: 00000CE3:11:68 (named in address); first line 11:69 (as of 00000CE3)
72	2	0		pronoun(s)	1	00000CE3		- pronoun(s): none observed (as of 00000CE3)
72	3	0		speech level baseline	1	00000CE3		- speech level baseline: hearty 丁寧 with ですな and a laugh: "どうしました？　古郡課長" (11:69); "はっはっは！　古郡課長、またまた面白い企画ですな！" (11:74); "わざわざそんなもの作ったら、テストも考えると1ヶ月じゃすまないですよ！　はっはっは！" (11:78); "そう、それが必要なのかどうかで、全然違いますよ！" (11:83) (as of 00000CE3)
72	4	0		verbal tics / catchphrases / fillers	1	00000CE3		- verbal tics / catchphrases / fillers: "はっはっは！" (11:74, 11:78); "んん……なるほど……" (11:76) (as of 00000CE3)
72	5	0		calls		00000CE3		- calls: 良治 古郡課長 (as of 00000CE3)
72	6	0		EN correlates	1	00000CE3		- EN correlates: jovial office English, normal contractions, polite words (as of 00000CE3)
72	7	0		known ambiguity / open questions	1	00000CE3		- known ambiguity / open questions: V242 (as of 00000CE3)
72	8	0		as-of	1	00000CE3		- as-of: 00000CE3
72	9	0		blank		00000CE3		
73	0	0		heading	1	00000E7B		## unnamed helicopter crew and base (radio, 00000E7B:11:1-20)
73	1	0		first_appears	1	00000E7B		- first_appears: 00000E7B:11:1 (as of 00000E7B)
73	2	0		pronoun(s)	1	00000E7B		- pronoun(s): none observed (as of 00000E7B)
73	3	0		speech level baseline	1	00000E7B		- speech level baseline: the crew in 「」, 丁寧 radio report ("こちら荒田地区上空に到達。／火事は自然鎮火した模様。／集落はほぼ全焼。人影は確認できません" 11:1-3; "了解" 11:5; "応答願います。／発見したのは20代前半と思われる女性です" 11:15-16); the base as bare ――-prefixed cells, plain commands ("――付近に避難住民がいないか確認せよ。" 11:4; "――どうだ、生きているか？" 11:17) (as of 00000E7B)
73	4	0		EN correlates	1	00000E7B		- EN correlates: radio procedure English, few contractions; GLOSSARY 了解 = "Roger." (as of 00000E7B)
73	5	0		notes		00000E7B		- notes: the last report breaks off "えっと……。／これは……／どう見ても……" (11:18-20); voices unnamed and ungendered (as of 00000E7B)
73	6	0		as-of	1	00000E7B		- as-of: 00000E7B
73	7	0		blank		00000E7B		
74	0	0		heading	1	00000E7B		## unnamed newscaster (00000E7B:82)
74	1	0		first_appears	1	00000E7B		- first_appears: 00000E7B:82:16 (as of 00000E7B)
74	2	0		pronoun(s)	1	00000E7B		- pronoun(s): none observed (as of 00000E7B)
74	3	0		speech level baseline	1	00000E7B		- speech level baseline: broadcast 丁寧 in ASCII straight double quotes between narration cells (QUOTE WRAPPERS: curly): "次のニュースです。昨日深夜、飯沢県北部に隣接する、荒田地区で山火事がありました。" (82:16); "当時荒田地区にいた、五島桃子容疑者（24）による犯行と思われます。" (82:49); "拳銃で頭を撃ち抜いたと見られ、病院で死亡が確認されました。" (82:178) (as of 00000E7B)
74	4	0		EN correlates	1	00000E7B		- EN correlates: news English, few contractions (as of 00000E7B)
74	5	0		as-of	1	00000E7B		- as-of: 00000E7B
74	6	0		blank		00000E7B		
75	0	0		heading	1	00000E95		## unnamed inn attendant (仲居, 00000E95)
75	1	0		first_appears	1	00000E95		- first_appears: 00000E95:11:93 (as of 00000E95)
75	2	0		pronoun(s)	1	00000E95		- pronoun(s): none observed (as of 00000E95)
75	3	0		speech level baseline	1	00000E95		- speech level baseline: 敬語 service: "失礼します" (11:93); "本日は、当旅館にお越しくださいまして、まことにありがとうございます" (11:95); "こちら、ご注文いただいたものです" (11:97) (as of 00000E95)
75	4	0		EN correlates	1	00000E95		- EN correlates: formal service English, few contractions (as of 00000E95)
75	5	0		as-of	1	00000E95		- as-of: 00000E95
75	6	0		blank		00000E95		
76	0	0		heading	1	00000EAF		## 南崎しのり (Shinori Minamizaki, reading V307; the eating champion)
76	1	0		chunk-26 note		00001B81		- chunk-26 note (as of 00001B81): "南 崎なんとかさん" (ruby residue), guest at the 元木町 contest (00001B81:8:40, 8:44).
76	2	0		chunk-25 additions		00000EAF		- chunk-25 additions (as of 0000191C): 0000191C (祀耀800 April, the 第70回元木桜祭り; colour ?): special guest, winner of 『大食祭800～冬の陣～』 in February (11:40); slim, about 20 (11:32-33); "初めまして、南崎しのりと申します。よろしくお願いします" (11:41); watches 五島 during the contest, stern (11:97-101); wins with 18 plates when 五島 withdraws (11:166); aside, colour ?: "五島絵梨奈さん……。彼女が本気を出したらどうなるか。／あなたが再び大食いのステージに上がってくるまで、私ももっと強くなっておくわ。／あなたとは、きっとまた出会えるはず" (11:168-170); correction: the earlier fact "lost to Goto at the 元木町 桜祭り contest four years earlier" (as of 00000EAF) is superseded: she won it (as of 0000191C)
76	3	0		first_appears	1	00000EAF		- first_appears: 00000EAF:46:58 (the champion at the curry house, unnamed); named 46:96; first line 46:57 (as of 00000EAF)
76	4	0		pronoun(s)	1	00000EAF		- pronoun(s): 私 ("私はこの4年間、あなたに勝つことだけを目標にチャンピオンを防衛し続けたの" 22:53) (as of 00000EAF)
76	5	0		speech level baseline	1	00000EAF		- speech level baseline: TV 丁寧 ("いやあ、これはすごいですよ！" 46:97; "そうですねえ。結構熱そうですから、目標は7キロですね" 91:217); soft feminine タメ口 to Goto ("あら？　あなた、どこかで会いました？" 46:137; "昔、どこかの大会ですごく強い女の子がいたんですよねえ。…何だったかしら……" 46:140-142; "やっぱり、あなたは4年前に元木町で戦ったイカ焼き少女ね" 22:47; "五島さん、本当におめでとう。…私の、完敗……" 97:320-323) (as of 00000EAF)
76	6	0		sentence-final particles	1	00000EAF		- sentence-final particles: ね, の, かしら (as above) (as of 00000EAF)
76	7	0		EN correlates	1	00000EAF		- EN correlates: poised, normal contractions, a little theatrical; no profanity (as of 00000EAF)
76	8	0		facts		00000EAF		- facts: four-year champion (40:126); gave up the 10kg curry with 2kg left, which Goto later suspects was a feint (46:57-58; 97:71-73); lost to Goto at the 元木町 桜祭り contest four years earlier and waited to meet her again (22:47-53); tactics: non-alcoholic beer, salt-only rice, grated yam and egg (22:230-305; 97:30-31); 9,801 g in the final (97:276); 97:74-75 and 97:179-180 are words Goto imagines or reads in her eyes, not spoken (as of 00000EAF)
76	9	0		known ambiguity / open questions	1	00000EAF		- known ambiguity / open questions: V307 (as of 00000EAF)
76	10	0		as-of	1	0000191C		- as-of: 00001B81 (was 0000191C)
76	11	0		blank		00000EAF		
77	0	0		heading	1	00000EAF		## 新橋ゆき乃 (Yukino Shinbashi, reading V307; Japonica TV announcer, "ゆきぴん")
77	1	0		chunk-26 additions		00001D0E		- chunk-26 additions (as of 00001D0E): 00001D0E (colour ?): "ジャポニカテレビの新橋ゆき乃と申しまーす" (8:13); eats only location bentos (8:58).
77	2	0		chunk-25 additions		00001073		- chunk-25 additions (as of 00001A4E): 00001A4E (祀耀800 April, a morning show live from 中央公園; colour ?): field reporter, broadcast 丁寧 with many ！: "全国の皆さん！　おはようございます！／新橋ゆき乃、今日はこちらにお邪魔しております！" (8:1-2); "実はこの木、まだ生えてから70年も経っていないそうなんですよ" (8:16); "んん！　おいしい！" (8:41); "現場からは、以上でーす！" (8:49); the studio host calls her ゆきちゃん (8:3, 8:50): she is the ゆきちゃん of 00001073 (V426 resolved)
77	3	0		first_appears	1	00000EAF		- first_appears: 00000EAF:22:7 (as of 00000EAF)
77	4	0		pronoun(s)	1	00000EAF		- pronoun(s): 私 ("司会は私、ジャポニカテレビアナウンサーの新橋ゆき乃です！" 91:165) (as of 00000EAF)
77	5	0		speech level baseline	1	00000EAF		- speech level baseline: broadcast 丁寧, loud and breathless, much ！, stretched calls ("開幕でーーーーーーす！" 22:60; "はじめーーーーーー！！！！" 22:215; "終了ーーーー！！" 97:227); the aerial anchor (22:0-6, 22:12-25) and the ground caller are not always marked apart (as of 00000EAF)
77	6	0		EN correlates	1	00000EAF		- EN correlates: sports-broadcast English, few contractions, exclamations; stammer "ス、ススススス、スタッフさん！" (97:190) (as of 00000EAF)
77	7	0		notes		00000EAF		- notes: an unnamed Nobel presenter in 16:52-55 says she did the play-by-play of the contest ten years before; not named there (V324) (as of 00000EAF)
77	8	0		known ambiguity / open questions	1	00000EAF		- known ambiguity / open questions: V307, V324 (as of 00000EAF)
77	9	0		as-of	1	00001A4E		- as-of: 00001D0E (was 00001A4E)
77	10	0		blank		00000EAF		
78	0	0		heading	1	00000EAF		## 鵜飼 (Ukai, reading V307; Japonica TV program director)
78	1	0		first_appears	1	00000EAF		- first_appears: 00000EAF:46:77 (unnamed); named 46:127 (as of 00000EAF)
78	2	0		pronoun(s)	1	00000EAF		- pronoun(s): 私 ("私、番組ディレクターの鵜飼と申します。" 46:127) (as of 00000EAF)
78	3	0		speech level baseline	1	00000EAF		- speech level baseline: business 丁寧, eager ("あの、ジャポニカテレビの者ですが、ちょっとだけ食べてるところ、撮らせてもらってもいいですか？" 46:77; "五島さんのような強い選手がいればきっと盛り上がります！" 46:130; "五島さん、この前とは全然表情が違うねえ！／いいよいいよ！　頑張ってください！" 40:72-73, a タメ口 slip); message in written 丁寧 (28:200-206) (as of 00000EAF)
78	4	0		EN correlates	1	00000EAF		- EN correlates: brisk TV-industry politeness, normal contractions (as of 00000EAF)
78	5	0		as-of	1	00000EAF		- as-of: 00000EAF
78	6	0		blank		00000EAF		
79	0	0		heading	1	00000EAF		## unnamed 謝肉館 waiter (pompadour; 00000EAF)
79	1	0		first_appears	1	00000EAF		- first_appears: 00000EAF:34:23 (as of 00000EAF)
79	2	0		pronoun(s)	1	00000EAF		- pronoun(s): 私 ("私は明日休みですので、必ず応援に行きまっす！" 34:238) (as of 00000EAF)
79	3	0		speech level baseline	1	00000EAF		- speech level baseline: service 敬語 with stretched vowels and doubled っ as his gag: "いぃぃぃぃぃぃぃぃぃぃぃらっしゃいますぇー！／謝肉館へようこそ！／1名様、ごあんなぁぁぁぁぁぁぁぁぁぁぁぁい！" (34:24-26); "おっっっっっっっっっっまたせしましたー！" (34:65); "ご用意いたしむぁぁぁぁぁぁぁぁぁぁす！" (34:84); "レディース・エーンド・ジェントルメン！" (34:112); announcer role at the steak (34:138-144, 34:165-166, 34:184-185, 34:212, 34:226-239); later on TV and in the crowd "ごっとうさーん！　来て下さいねー！" (28:231), "五島さーん！　昨日の勢い、見せってくださぁぁぁぁぁぁぁぁぁぁい！" (97:134), "ごっとうさーん！　勝てると信じてむぁぁぁぁぁぁぁぁぁしたー！" (97:286) (as of 00000EAF)
79	4	0		EN correlates	1	00000EAF		- EN correlates: showman's service English; the stretch carried (V309) (as of 00000EAF)
79	5	0		notes		00000EAF		- notes: "つやつやリーゼントヘア(正しくはポンパドール)" (34:23); unnamed and ungendered by name; narration ウェイター, 男 (34:23) (as of 00000EAF)
79	6	0		known ambiguity / open questions	1	00000EAF		- known ambiguity / open questions: V309, V321 (as of 00000EAF)
79	7	0		as-of	1	00000EAF		- as-of: 00000EAF
79	8	0		blank		00000EAF		
80	0	0		heading	1	00000EAF		## unnamed 食堂 owner (Goto's neighbourhood diner, 00000EAF)
80	1	0		first_appears	1	00000EAF		- first_appears: 00000EAF:52:77 (as of 00000EAF)
80	2	0		pronoun(s)	1	00000EAF		- pronoun(s): none observed (as of 00000EAF)
80	3	0		speech level baseline	1	00000EAF		- speech level baseline: friendly タメ口 ("お、絵梨奈ちゃんいらっしゃい！　仕事は順調かい？" 52:77; "あいよ！　お待たせ！／今日の日替わり、かつ丼特盛の3倍マシ！" 52:89-90; "おいおいあんたら、彼女はしゃべれない体質なんだ。／そんなこと言うもんじゃないぞ" 52:108-109; "絵梨奈ちゃん、大食い大会出るんだってな！…絵梨奈ちゃんなら絶対優勝できるぞ！" 40:13-15) (as of 00000EAF)
80	4	0		calls		00000EAF		- calls: Goto 絵梨奈ちゃん; the couple あんたら (as of 00000EAF)
80	5	0		EN correlates	1	00000EAF		- EN correlates: hearty, normal-to-high contractions; no regional markers (as of 00000EAF)
80	6	0		as-of	1	00000EAF		- as-of: 00000EAF
80	7	0		blank		00000EAF		
81	0	0		heading	1	00000EAF		## unnamed employer (社長; Goto's online job, 00000EAF)
81	1	0		first_appears	1	00000EAF		- first_appears: 00000EAF:52:32 (email) (as of 00000EAF)
81	2	0		pronoun(s)	1	00000EAF		- pronoun(s): none observed (as of 00000EAF)
81	3	0		speech level baseline	1	00000EAF		- speech level baseline: friendly タメ口 in email ("五島さん、君は仕事が速いし正確だし、助かるよ！" 52:32; "本当にそれでいいのかい？…急がなくていいから、もう一度考えてみて。" 52:45-48; "五島さん、今度佐波県に支社を建てることになって…" 16:1-2) (as of 00000EAF)
81	4	0		calls		00000EAF		- calls: Goto 五島さん / 君 (as of 00000EAF)
81	5	0		notes		00000EAF		- notes: lines in ASCII straight double quotes (email; QUOTE WRAPPERS: curly) (as of 00000EAF)
81	6	0		as-of	1	00000EAF		- as-of: 00000EAF
81	7	0		blank		00000EAF		
82	0	0		heading	1	00000EAF		## 中嶋長司 (Choji Nakajima, reading V307; the mayor of 元木町)
82	1	0		chunk-27 additions		00002096		- chunk-27 additions (as of 00002096), bare cells, public 敬語:
82	2	2	1	00002090		00002096		  - 00002090 (campaign speech, 5 terms / 20 years): "来月行われる町長選挙に立候補しております中嶋長司と申します。" (8:1); population about 8 times, aging rate about 13% (8:6); three pledges incl. 1000 surveillance cameras with the 佐波県警 (8:29, 8:33); "私にあと4年のチャンスを与えてください。" (8:41).
82	3	2	1	00002096		00002096		  - 00002096 (video on the 元木町公式チャンネル): mayor from age 35, 24 years (8:4); retires; runs for the House of Representatives next month (8:14); "わたくし中嶋長司は、今期をもって町長を引退することとなりました。" (8:3); "故郷に錦を飾れるよう、" (8:19).
82	4	0		chunk-24 additions		0000156A		- chunk-24 additions (as of 0000156A): route of 0000156A (祀耀815): now 官房長官; mayor of 元木町 until about ten years before (14:153-156); radio press conferences (colour ?), formal official 丁寧 with "えー": "明日早朝、予定通り特別部隊を元木市に派遣します。／なお、被災者の生存はほぼ絶望的と見られており、特別部隊の目的は救助活動ではなく、現地視察とする予定です" (34:174-175); "えー、今回の災害による毒ガスの致死量を考えますと、生存率はほぼゼロパーセントです。" (34:179); "明日、10名程度の特別部隊を佐波県に派遣し、現地調査を行います。" (58:260); 五島 reads his words as a deliberate warning to survivors (14:136-160); the final 定例会見 speaker (201:140-150) is not named
82	5	0		first_appears	1	00000EAF		- first_appears: 00000EAF:28:244 (named on the phone by Goto's mother, split "中嶋……／長司さん？"); first line 40:48 (as of 00000EAF)
82	6	0		pronoun(s)	1	00000EAF		- pronoun(s): none observed (as of 00000EAF)
82	7	0		speech level baseline	1	00000EAF		- speech level baseline: public 丁寧 ("五島絵梨奈さん！　元木町民を代表して、激励します！" 40:48) (as of 00000EAF)
82	8	0		facts		00000EAF		- facts: sees Goto off at 元木駅 with a banner (40:47-49); on 伊勢's urging sends her to Tokyo by helicopter (28:250-254, 28:286) (as of 00000EAF)
82	9	0		as-of	1	0000156A		- as-of: 00002096 (was 0000156A)
82	10	0		blank		00000EAF		
83	0	0		heading	1	00000EAF		## unnamed crowds, fans, staff and a couple (00000EAF)
83	1	0		first_appears	1	00000EAF		- first_appears: 00000EAF:46:41 (as of 00000EAF)
83	2	0		lines		00000EAF		- lines: curry-house staff "本当に大丈夫ですか？　食べ切れた人、いませんよ？" (46:46); TV crew "こちら、小柄な少女が10kgカレーに挑戦しています！" (46:88); the couple at the 食堂 "ここだよここ！　デカ盛りで有名らしいぞ！" / "えー？　私そんなに食べられないよー？" (52:82-83), "何、あの子……。愛想わる……" / "あの口、食うためだけにあるんだな" (52:104-105), "え！？　そうなんすか！？" / "ごめんなさい……" (52:111-112); steak-house diners and fans (34:60-61, 34:69-70, 34:88-96, 34:127-128); townspeople (40:41-43); 元木 crowd cries as ――-led cells (28:299, 28:303, 28:308, 28:311, 28:314); contestants on the bus (91:15-17); the gallery at the final (97:130, 97:154-156, 97:261-262, 97:285) (as of 00000EAF)
83	3	0		speech level baseline	1	00000EAF		- speech level baseline: タメ口 among themselves; 丁寧 to Goto ("明日応援に行きます！", "ありがとうございます！　頑張ってください！") (as of 00000EAF)
83	4	0		notes		00000EAF		- notes: many voices, unattributed; keep unnamed and, where the JP gives nothing, ungendered (the couple is "若い男女"; 52:99 is the man's per 52:100; the speakers of 52:104-105 are not marked) (as of 00000EAF)
83	5	0		as-of	1	00000EAF		- as-of: 00000EAF
83	6	0		blank		00000EAF		
84	0	0		heading	1	00000EAF		## unnamed Nobel presenter (00000EAF:16:52-55)
84	1	0		first_appears	1	00000EAF		- first_appears: 00000EAF:16:52 (as of 00000EAF)
84	2	0		pronoun(s)	1	00000EAF		- pronoun(s): 私 ("私は、10年前の大会で実況を務めておりました" 16:54) (as of 00000EAF)
84	3	0		speech level baseline	1	00000EAF		- speech level baseline: formal 丁寧 / 敬語 ("革新的な貢献を続けてまいりました", "誰が想像したでしょうか") (as of 00000EAF)
84	4	0		known ambiguity / open questions	1	00000EAF		- known ambiguity / open questions: V324 (as of 00000EAF)
84	5	0		as-of	1	00000EAF		- as-of: 00000EAF
84	6	0		blank		00000EAF		
85	0	0		heading	1	00000EC7		## unnamed fortune-teller at the inn (00000EC7)
85	1	0		chunk-18 note		00000EC7		- chunk-18 note (as of 00000F9F): her advice replayed in Natsumi's memory (00000F9F:11:136-137, 11:140, colour ?), with "追究" for 00000EC7's "追及" and without "だから、" (V421)
85	2	0		first_appears	1	00000EC7		- first_appears: 00000EC7:11:37 (as of 00000EC7)
85	3	0		pronoun(s)	1	00000EC7		- pronoun(s): 私 ("私は1人だよ。" 11:51; "私、これでも占いで食ってるんだ。" 11:61) (as of 00000EC7)
85	4	0		speech level baseline	1	00000EC7		- speech level baseline: plain, warm タメ口 of an older woman with ね / さ / かい / かね / だよ: "よいしょー！" (11:39); "はあ、やっぱりここはいつ来てもいいねえ！" (11:42); "そうかいそうかい。ここはいつ来てもいいもんだねえ" (11:48); "独り身だし、気楽なもんさ" (11:52); "どれ、お嬢ちゃんを診てあげようかね" (11:58); "人はね……いずれ皆死ぬんだよ。" (11:87); "防いでいいのかい？" (11:117); "当たるも八卦、当たらぬも八卦。" (11:249); "お嬢ちゃん……。／いい人生を" (11:259-260); a lone "ん……。" before a change of subject (11:84) (as of 00000EC7)
85	5	0		calls		00000EC7		- calls: Natsumi お嬢ちゃん (as of 00000EC7)
85	6	0		EN correlates	1	00000EC7		- EN correlates: kindly, unhurried, normal contractions, homely phrasing; no regional markers (as of 00000EC7)
85	7	0		facts		00000EC7		- facts: about 50, stout, smells a little of drink (11:37, 11:43); comes alone to the inn every Golden Week; single, parents dead, husband died young (11:51-52, 11:129); lives by fortune-telling, reads faces, "よく当たるって評判" (11:61-66); once advised a young un-Japanese-looking person in Tokyo "『身近に騙す人がいるから気をつけなさい』" (11:147-156; V322) (as of 00000EC7)
85	8	0		known ambiguity / open questions	1	00000EC7		- known ambiguity / open questions: V322 (as of 00000EC7)
85	9	0		as-of	1	00000EC7		- as-of: 00000F9F (was 00000EC7)
85	10	0		blank		00000EC7		
86	0	0		heading	1	00000EDF		## unnamed eyeless woman (Goto's dream and hallucination figure, 00000EDF)
86	1	0		first_appears	1	00000EDF		- first_appears: 00000EDF:37:15 (named by Goto on the phone as "怖い人が夢に出てきた"); first line 41:2 (as of 00000EDF)
86	2	0		pronoun(s)	1	00000EDF		- pronoun(s): 私 ("私はただあなたを助け出すためだけに生まれた存在よ？" 53:224; "私はね、目を捨てたから、つらくないの。" 89:311) (as of 00000EDF)
86	3	0		pronoun FREQUENCY	1	00000EDF		- pronoun FREQUENCY: about as often as typical (as of 00000EDF)
86	4	0		speech level baseline	1	00000EDF		- speech level baseline: soft, feminine, mocking タメ口 with わ / かしら / の / のよ and なさい: "お姉さんとの電話、楽しかった？" (41:2); "あら、私を見ても驚かないのね" (41:4); "誰であれ、あなたを助けてくれる人がいるのは、私も嬉しいわ" (41:8-9); "何をたそがれているの？" (53:116); "ほんと、哀れなサード・ジェネレーション……" (53:125); "じゃあ、私を刺してごらんなさい。…消えなければ、あなたはヒトゴロシ" (53:129-131); "命はやっぱり不平等なの。" (53:135); "あなたは、ずっと錯乱してるの" (53:153); "痛いのは最初だけ。" (53:215; 89:314); "質問を質問で返すの、私嫌いよ？" (53:231); "おはよう、サード・ジェネレーション" (89:130); "天才少女が呆れるわね！" (89:174); "あっはははは！　そうそう！　自分に素直が1番よ！" (89:196); "さあ、生まれ変わろうね！／さっさと刺されろ！" (89:322-323, the one crude break) (as of 00000EDF)
86	5	0		verbal tics / catchphrases / fillers	1	00000EDF		- verbal tics / catchphrases / fillers: laugh "うっふふふふ" (53:127, 53:143); "あっはははは" (89:165, 89:196); refrain "あなたを助けられるのは私だけ" (53:122; 89:308; cf. 117:150); "かわいそう" (41:14; 53:161, 53:188) (as of 00000EDF)
86	6	0		calls		00000EDF		- calls: Goto サード・ジェネレーション / あなた; 3p 新村春花 (89:172), サクラさん (53:203; 89:179), チガ姉 (53:203) (as of 00000EDF)
86	7	0		EN correlates	1	00000EDF		- EN correlates: gentle, seductive, normal contractions; no profanity except the snarl at 89:323; keep ungendered only where the JP gives nothing (narration: "女の人" 89:136) (as of 00000EDF)
86	8	0		notes		00000EDF		- notes: appears inside Goto's foresight vision only (41:2-14; 53:116-253; 89:127-323); eyes gouged and bleeding, a hoarse, cracked voice (89:132-133, 89:149-152); small like Goto, same hair, figure and clothes (89:136-140); never named; says Goto should know who she is by now (53:225); Goto later reads "あの子" as having tried to pull her back to reality (117:221-225): do not name her, do not add a gloss (as of 00000EDF)
86	9	0		known ambiguity / open questions	1	00000EDF		- known ambiguity / open questions: V325, V332 (as of 00000EDF)
86	10	0		as-of	1	00000EDF		- as-of: 00000EDF
86	11	0		blank		00000EDF		
87	0	0		heading	1	00000EF6		## unnamed doctor (神経科, 00000EF6)
87	1	0		first_appears	1	00000EF6		- first_appears: 00000EF6:36:101 (a man in a white coat); first line 36:103 (as of 00000EF6)
87	2	0		pronoun(s)	1	00000EF6		- pronoun(s): 我々 ("我々から警察に通報はしませんので" 36:168) (as of 00000EF6)
87	3	0		speech level baseline	1	00000EF6		- speech level baseline: professional 丁寧, hedged: "すみません、今、面会謝絶中です" (36:103); "1時間ごとに、発狂と気絶を繰り返しています。昨夜からずっと" (36:124); "はい、彼女はまだ、眠ったままなんです。" (36:146); "古郡さんと新村さんの血液から、アルカロイド系の薬物が検出されました。／心当たり、ありますよね？" (36:170-171); "こういう時なんではっきり申し上げると…" (26:173); "稀血ってご存知ですか？" (20:262); "正直申し上げて……／『分からない』と言うのが現状で……" (14:77-78); "――古郡さん、終わりましたよ" (14:44) (as of 00000EF6)
87	4	0		calls		00000EF6		- calls: Natsumi 古郡さん; Goto 五島さん; Haruka 新村さん, 3p 彼女 (as of 00000EF6)
87	5	0		EN correlates	1	00000EF6		- EN correlates: clinical, polite, few contractions; hesitations kept ("あの……その……") (as of 00000EF6)
87	6	0		notes		00000EF6		- notes: all lines colour ?; narration "例の医者" (14:46), "先ほどの医者" (26:167), "私を薬物中毒者と疑った先生" (20:234), "男の人の声" (14:45); two doctors and three nurses at Haruka's bed (36:118); whether every doctor line is the same man is not stated (as of 00000EF6)
87	7	0		as-of	1	00000EF6		- as-of: 00000EF6
87	8	0		blank		00000EF6		
88	0	0		heading	1	00000EF6		## unnamed nurses (00000EF6)
88	1	0		first_appears	1	00000EF6		- first_appears: 00000EF6:8:116 (as of 00000EF6)
88	2	0		lines		00000EF6		- lines: "あ……／あああ！　に、新村さんが……！／　ほんとに、ほんとに起きてる……！／　新村さんが！　せ、先生！　せんせー！！" (8:117-120); the nurse-call voice "はーい" / "はーい、すぐ行きまーす" (20:18, 20:20, in 「」) and "――はい、どうしました？" / "――はーい。" (61:221, 61:224, ――-led unquoted cells); all colour ? (as of 00000EF6)
88	3	0		speech level baseline	1	00000EF6		- speech level baseline: 丁寧 service, flustered at 8:117-120 (as of 00000EF6)
88	4	0		notes		00000EF6		- notes: unnamed, ungendered by the text (看護師); keep so (as of 00000EF6)
88	5	0		as-of	1	00000EF6		- as-of: 00000EF6
88	6	0		blank		00000EF6		
89	0	0		heading	1	00000EF6		## 店長 (the izakaya manager, 00000EF6; unnamed)
89	1	0		chunk-27 additions		00002084		- chunk-27 additions (as of 00002084): ――-led cells, 僕, polite to the regulars: "――確か、プリマベラの五島桃子さんです。" (8:13); "――ははは、うちにはなっちゃんがいますから。" (8:20); "――僕も何度かプリマベラに行ったことありますが、" (8:25); "――僕からお客さんにこう言うのも変ですが、お客さんというのは、今を楽しむために店に来るんです。" (8:38); "――ああ、ありがとうなっちゃん。" (8:47).
89	2	0		first_appears	1	00000EF6		- first_appears: 00000EF6:26:45 (named 店長 by Natsumi); first line 26:46 (as of 00000EF6)
89	3	0		pronoun(s)	1	00000EF6		- pronoun(s): none observed; うちの嫁さん (26:59), うち (the shop, 110:305) (as of 00000EF6)
89	4	0		speech level baseline	1	00000EF6		- speech level baseline: friendly タメ口, fatherly, よ / ね / ねえ / なあ: "ああ、よかった。思ったより元気そうだ" (26:46); "さすがにこんなことになったら仕方ないさ。" (26:50); "小説でも書こうとしてるの？" (26:55); "うちの嫁さん、風邪を引いたらマオウの漢方をよく飲んでるよ" (26:59); "じゃあなっちゃん、今日もお疲れ様" (110:283); "なっちゃんが来てから、お客さんがたくさん来るからねえ！" (110:287); "もしよければ、なっちゃんには2号店の店長をやってほしいなあ" (110:291); "なっちゃんはここの看板娘だ。…これからも頼むよ！" (110:305-306); "ははは！　呼び方くらいは今まで通り店長がいいけどなあ！" (110:310) (as of 00000EF6)
89	5	0		calls		00000EF6		- calls: Natsumi なっちゃん (as of 00000EF6)
89	6	0		EN correlates	1	00000EF6		- EN correlates: warm, casual, normal contractions; no regional markers (as of 00000EF6)
89	7	0		notes		00000EF6		- notes: colour ?; attributed by narration (26:47, 110:283-311); plans a second shop by the station in half a year (110:293) (as of 00000EF6)
89	8	0		known ambiguity / open questions	1	00000EF6		- known ambiguity / open questions: V354, V355 (as of 00000EF6)
89	9	0		as-of	1	00000EF6		- as-of: 00002084 (was 00000EF6)
89	10	0		blank		00000EF6		
90	0	0		heading	1	00000EF6		## 長さん, 山さん and the izakaya regulars (00000EF6; named by nickname only)
90	1	0		chunk-27 additions		00002084		- chunk-27 additions (as of 00002084), colour ?: "なっちゃんもすっかり、看板娘になったなあ" (8:0); "長さん、看板娘と言えば、あの子、覚えてるか？" (8:1); "美人で、ナイスバデーで、礼儀正しくて、気が利いて……。" (8:17); "そうだよな、俺のセクハラ許してくれるんだもんなあ" (8:23); 山さん hides a new lighter ("ああごめんなっちゃん、でも新しいライターはここに――" 8:52); "こら！　山さん！" (8:53).
90	2	0		first_appears	1	00000EF6		- first_appears: 00000EF6:26:67 (長さん, mentioned); regulars' first lines 110:159-160 (as of 00000EF6)
90	3	0		pronoun(s)	1	00000EF6		- pronoun(s): 俺 ("俺じゃないって！" 110:200, 長さん; "俺たちの時代は" 110:168) (as of 00000EF6)
90	4	0		speech level baseline	1	00000EF6		- speech level baseline: boisterous タメ口 of older drinkers: "おお！　今日はなっちゃんがいる日か！" (110:159); "なっちゃーん！　一昨日ぶりだねー！" (110:160); "なっちゃん、そろそろお酌つきあってよー" (110:165); "おお！　空のグラスで飲んだ杯数分かるようになったんだ！" (110:176, 山さん by context); "お！　何か足りないと思ったら！　さすがなっちゃんだなあ！" (110:182, 長さん); 長さん caught groping: "え？　違う違う！　俺じゃないって！" (110:200), "い、いや、これは……！" (110:202), "え！？　セクハラでビール無料券……？" (110:206), "くそう、やられた……。／明日また来なきゃいけない……" (110:209-210), "は、謀ったな！？" (110:212, GLOSSARY 謀ったな), "山さん、明日来れるか……？" (110:214), "くそう、みんなして年寄いじめだ……" (110:217); 山さん: "明日も来るか、長さんが逮捕されるか……。／うん！　逮捕コースで！" (110:215-216); gossip about 伊勢 (110:222-234: "ただなあ……その刑事、ロリコンらしいぞ", "ロリコンってなんだ？", "年端もいかない少女を卑猥な目で見るやつだ") (as of 00000EF6)
90	5	0		calls		00000EF6		- calls: Natsumi なっちゃん; each other 長さん / 山さん; the manager 店長 ("なあ店長！　最近、店の雰囲気ずいぶん変わったよなあ！" 110:191) (as of 00000EF6)
90	6	0		EN correlates	1	00000EF6		- EN correlates: loud, high contractions, joking; no regional markers (as of 00000EF6)
90	7	0		notes		00000EF6		- notes: all colour ?; which regular speaks many lines is not marked (as of 00000EF6)
90	8	0		known ambiguity / open questions	1	00000EF6		- known ambiguity / open questions: V354 (as of 00000EF6)
90	9	0		as-of	1	00000EF6		- as-of: 00002084 (was 00000EF6)
90	10	0		blank		00000EF6		
91	0	0		heading	1	00000EF6		## unnamed 元木大学 students (00000EF6:110)
91	1	0		first_appears	1	00000EF6		- first_appears: 00000EF6:110:244 (as of 00000EF6)
91	2	0		lines		00000EF6		- lines: "ウェーイ！　2次会2次会！"⏎"ウェーイ！"⏎"ウェーイ！" (110:244); "サバイバルウェーイ！" (110:248); "ウウウェェェェーーーイイイ！！" (110:253, 110:258, 110:261); "お姉さんお姉さん！　辛いの我慢できたらセーフ！？" (110:259, お姉さん to a non-relative server = "miss"); "ぐあああ！！"⏎"やばいやばい！" (110:271); all colour ? (as of 00000EF6)
91	3	0		speech level baseline	1	00000EF6		- speech level baseline: party タメ口 (as of 00000EF6)
91	4	0		notes		00000EF6		- notes: several voices, unattributed, ungendered; keep so (as of 00000EF6)
91	5	0		as-of	1	00000EF6		- as-of: 00000EF6
91	6	0		blank		00000EF6		
92	0	0		heading	1	00000EF6		## the 肉付きの面 folk tale figures (Goto's telling, 00000EF6:110:43-82)
92	1	0		first_appears	1	00000EF6		- first_appears: 00000EF6:110:43 (as of 00000EF6)
92	2	0		lines		00000EF6		- lines: the 住職: "仏に祈りを捧げなさい。／そして、自分がしたことを悔やみ、懺悔しなさい。／そうすれば仏はあなたを許し、その呪いを解いてくれるでしょう」と。" (110:76-78, colour ?, inside Goto's narrated telling) (as of 00000EF6)
92	3	0		notes		00000EF6		- notes: お嫁さん (a widowed daughter-in-law) and the 姑 have no lines; the tale is told in です・ます by Goto as bare cells; Natsumi's own summary at 8:191-196 (as of 00000EF6)
92	4	0		known ambiguity / open questions	1	00000EF6		- known ambiguity / open questions: V353 (as of 00000EF6)
92	5	0		as-of	1	00000EF6		- as-of: 00000EF6
92	6	0		blank		00000EF6		
93	0	0		heading	1	00000F0D		## unnamed plainclothes officer (皆上市, 00000F0D; self おっちゃん)
93	1	0		first_appears	1	00000F0D		- first_appears: 00000F0D:8:95 (a man of about 50); first line 8:96 (as of 00000F0D)
93	2	0		pronoun(s)	1	00000F0D		- pronoun(s): none observed; self おっちゃん ("これでもおっちゃん、偉い人だからね！" 8:119; "おっちゃん、悪い人に見える……？" 8:168) (as of 00000F0D)
93	3	0		speech level baseline	1	00000F0D		- speech level baseline: breezy, over-friendly タメ口 as a pick-up act, then plain official: "ねえねえ、大きな荷物持って何してるの？" (8:96); "え？　お姉さんもしかして家出？" (8:101); "だったらいいところ紹介してあげるよ！／さあ、車こっちにあるから！" (8:103-104); "秋菜ちゃんかー！　かわいい名前だねえ！" (8:134); refrain "なるほどなるほど！／うーん！　なるほどなるほど！" (8:139-140, 8:148-149, 8:160); "誰がどう見ても！　妖精かと思ったよ！" (8:151); "佐波県警本部。警察だよ" (8:183); "今日は天皇陛下が来られるから、多くの私服警官を配置していたんだけど、君は明らかに家出少女だった。／だから、ここで君を保護する" (8:185-186); "座って待ってて。／今ちょうど、県の青少年健全育成を担当している偉い人が来てるから" (14:0-1) (as of 00000F0D)
93	4	0		calls		00000F0D		- calls: 夏菜 お姉さん (non-relative: "miss") / 秋菜ちゃん / 君 (as of 00000F0D)
93	5	0		EN correlates	1	00000F0D		- EN correlates: casual, normal contractions; the "I see, I see" refrain kept identical each time (as of 00000F0D)
93	6	0		notes		00000F0D		- notes: all lines colour ?; narration おっさん / その人; 夏菜 takes him for a lolicon until 8:183 (WITHHELD in SUMMARY) (as of 00000F0D)
93	7	0		as-of	1	00000F0D		- as-of: 00000F0D
93	8	0		blank		00000F0D		
94	0	0		heading	1	00000F0D		## unnamed soba-shop old woman (00000F0D)
94	1	0		first_appears	1	00000F0D		- first_appears: 00000F0D:20:0 (as of 00000F0D)
94	2	0		pronoun(s)	1	00000F0D		- pronoun(s): none observed (as of 00000F0D)
94	3	0		speech level baseline	1	00000F0D		- speech level baseline: teasing, slurred old-woman タメ口 with ねえ / ね: "あーら、いらっはーい、大ちゃん" (20:0, いらっしゃい slurred); "あーら大ちゃん、その子、彼女？" (20:4); "いきなり声をかけた？／やっぱり大ちゃん……" (20:16-17); "ってことは偽名使ってたの？／大ちゃん、やっぱりいかがわしいことを……" (20:21-22); "大ちゃんはいつものでいいね？　お嬢ちゃんはどうする？" (20:26); "まったく、大ちゃんも警官のくせにやることやってんだねえ" (20:31); "はーい、お待たせちゃーん" (20:158); "はいはーい、彼女と仲良くねー" (20:182) (as of 00000F0D)
94	4	0		calls		00000F0D		- calls: Ise 大ちゃん; 夏菜 お嬢ちゃん (as of 00000F0D)
94	5	0		EN correlates	1	00000F0D		- EN correlates: warm, cheeky, high contractions; no regional markers (as of 00000F0D)
94	6	0		notes		00000F0D		- notes: all lines colour ?; "よぼよぼのおばあさん" (20:2); laughs "カラカラと" (20:25); an old farmhouse-style shop with no menu (20:28, 14:209) (as of 00000F0D)
94	7	0		as-of	1	00000F0D		- as-of: 00000F0D
94	8	0		blank		00000F0D		
95	0	0		heading	1	00000F0D		## unnamed walk-ons (00000F0D)
95	1	0		first_appears	1	00000F0D		- first_appears: 00000F0D:8:75 (as of 00000F0D)
95	2	0		lines		00000F0D		- lines: the crowd "天皇陛下ばんざーい！" / "皇后さまー！" (8:75-76); an office clerk "どうぞ" (32:18, "事務員らしき女性"); the ザッハ waitress "お待たせしました" (38:123); an officer on Ise's phone "伊勢警部補、元木駅で殺人です！／被害者多数いる模様！　まだ事態は収束してません！" (56:150-151), "了解！" (56:154); a subordinate "りょ、了解です！" (56:222); 元木駅 staff "あ、は、はい！" / "は、はい！　見ました……！" / "え、えっと……確かそんな気が……。／その後、そこの柵を飛び越えて――" (56:206-213); the hotel desk "え？　えっと……新村夏菜さんですかね？／外出したきり戻ってはないみたいですが……。／確か、20:30頃だったかと……" (56:238-240), "あ、は、はい！" (56:242); the train announcement "終点、元木、元木です。この電車は折り返し、女ケ沢行きの特急電車です" (179:148); station staff at the gate "豊岳駅……？／えっと、そんな駅あったかな……" (179:118-130, casual タメ口); a TV reporter as ――-led bare cells (62:20-22, broadcast 丁寧); court news as bare cells (68:1-3); the children's-home director (園長先生) "夏菜ちゃん、お迎え来たわよ" (68:12, inferred), "色々大変だろうけど、しっかりね！　また遊びに来てね！" (68:17) (as of 00000F0D)
95	3	0		notes		00000F0D		- notes: all colour ? or uncoloured; unnamed; keep ungendered where the JP gives nothing (the clerk is "女性"; the director's gender is not given) (as of 00000F0D)
95	4	0		as-of	1	00000F0D		- as-of: 00000F0D
95	5	0		blank		00000F0D		
96	0	0		heading	1	00000F24		## 白般若 (the masked figure in white, 00000F24; = 新村美冬)
96	1	0		first_appears	1	00000F24		- first_appears: 00000F24:64:136 (described by Haruka after the 集会場 rescue); first seen in story order 106:276-279 (as of 00000F24)
96	2	0		pronoun(s)	1	00000F24		- pronoun(s): none (no lines while masked) (as of 00000F24)
96	3	0		description		00000F24		- description: a white 般若 Noh mask (the mask of a woman's vengeful spirit, 88:48) and white robes (白装束 64:136; "白い羽織もの" 106:279); a worn, nicked hatchet and a mace (64:139; 88:49, 88:58); silent; strong enough to beat Chigaya and 夏菜 with the back of the blade (106:291), fights by slow pressure (88:84); leaves an old book on ヴェルジ (100:37-40) (as of 00000F24)
96	4	0		narration calls it		00000F24		- narration calls it: 白般若, こいつ, あいつ, やつ, あの人 (106:302); Haruka addresses it お前 / あんた (88:300) / 般若さん / 弱虫 (as of 00000F24)
96	5	0		notes		00000F24		- notes: unmasked by Goto at 142:136-139: Haruka's mother (see the おばさん block); keep ungendered before 142:139, no he or she (V388) (as of 00000F24)
96	6	0		known ambiguity / open questions	1	00000F24		- known ambiguity / open questions: V388 (as of 00000F24)
96	7	0		as-of	1	00000F24		- as-of: 00000F24
96	8	0		blank		00000F24		
97	0	0		heading	1	00000F24		## ヴェルジ (the goddess mummy; トミ in life; named only)
97	1	0		chunk-30 additions		00002473		- chunk-30 additions (as of 00002473), per 幸太郎:
97	2	2	1			00002473		  - sealed behind the iron-grated door, put in by the 大魔女 two generations back, officially for a rockfall (0000245F:11:116-119); 幸太郎 holds its key; must never be shown to the villagers, for his third-generation daughters' sake (11:120-121); the 神使 do not know the place, no cherry pollen reaches it (11:122-123); the way to the summit of 糸姫山 passes it (00002473:11:42); the seal stone is found moved, its spores make 幸太郎 fourth generation (11:136-144).
97	3	0		chunk-27 additions		000021BD		- chunk-27 additions (as of 000021BD), per 桔梗's narration:
97	4	2	3	worshipped mummy of a girl, "300年ほど前に、この集落を救った"		000021BD		  - worshipped mummy of a girl, "300年ほど前に、この集落を救った" (00002187:8:29-30); history: born 翠眼, last survivor of 祀耀340; went mad in 352, gouged out her eyes with bare hands, killed herself; enshrined as a goddess (00002193:8:39-46); "300年ほど前に自害" (0000219F:8:27) vs "400年近く前" (000021B1:8:23); masked, lies in the 集会場 (0000219F:8:25-28).
97	5	2	3	per 篠崎's report, a horror		000021BD		  - per 篠崎's report, a horror (000021B7:8:19); トミ is "第三世代の少女"; 桔梗 seals her deep in the underground storeroom behind a seal stone and an iron-grated door said to guard a rockfall (000021BD:8:16-33).
97	6	2	3	the 482 text		000021BD:21:8		  - the 482 text: "遥か昔に死んだはずの少女が、妖花となりこの世に再臨した" (000021BD:21:8).
97	7	0		chunk-26 note		00001D6F		- chunk-26 note (as of 00001D6F): a mummy in red cloth with a 能面, "私たちの、女神――／ヴェルジ様" (00001D6F:8:99-103).
97	8	0		chunk-24 note		0000156A		- chunk-24 note (as of 0000156A): route of 0000156A: 春花 found "能面と赤装束に包まれたおかしなミイラ…多分、片目のない少女のミイラ" at the 新村本家 on 祀耀802 April 8 and blacked out beside it (8:136-139); not named there
97	9	0		chunk-23 note		000014EE		- chunk-23 note (as of 000014EE): 糸姫: "ヴェルジのミイラが使えない以上、神使になりたいと思ってもらわないと" (000014EE:16:59); 五島: first and second generation go mad from the mummy's spores, the third does not (16:27)
97	10	0		chunk-22 note		000011CC		- chunk-22 note (as of 000014D7): route of 000011CC: behind a stone in the dead-end of the cave, in a Noh mask and a ragged red robe; named "ヴェルジのミイラ" by 茅萱; "トミという14歳の少女" in 五島's narration (00001414:8:261-280); gone later (000014D7:8:5); 栄一郎 brings it from under the petals to infect なつみ; サクラ: "偉大な犠牲となったトミ――／ヴェルジを崇めなさい。彼女は女神様の素晴らしき奴隷なのよ" (8:308-316); per 栄一郎, worshipped until 70 years ago and the source of the old cycle (8:136-143); 茅萱 jumps with it into the hot stream and it floats away (8:331-341)
97	11	0		chunk-21 note		00001355		- chunk-21 note (as of 00001355): not named in these files; the 482 text: after the sound "彼女" came, "遥か昔に死んだはずの少女が、妖花となりこの世に再臨したのだ" (00001355:8:56-58); per the 聖教 report a mummified third-generation girl lies at 荒田 and, if exposed, charms ドローガ users, who die as cherries a year later (8:192-193); 茅萱 fears the dead will dig up "ヴェルジのミイラ" (0000139D:8:137); the link girl = ヴェルジ is not stated: keep unnamed where the JP is
97	12	0		chunk-20 additions		000011CC		- chunk-20 additions (as of 0000130D): route of 000011CC (V467): per 五島 from the report, トミ was the last to die in the killing about 450 years ago, kept as a mummy once used as a ritual object (0000122E:11:49-59); the record: "七つ目の猛き音で、ヴェルジは全ての罪を背負い、自害しこの地を守った。" (00001247:8:127); per the history, in 祀耀352 the only one born 翠眼, at her first period she killed herself by driving her hand through her eye into her brain; mummified, worshipped as 女神ヴェルジ (0000130D:8:39-46); a mummy in an old red robe and 能面 found in a sealed chamber under 夏菜's base cave, "トミのミイラか……？" (0000125E:8:152-165, unconfirmed); in 768 such a mummy was found in the cave (0000130D:8:104-105)
97	13	0		first_appears	1	00000F24		- first_appears: 00000F24:130:155 (the hanging figure; story order); named 124:216 (as of 00000F24)
97	14	0		pronoun(s)	1	00000F24		- pronoun(s): none (no lines; a mummy) (as of 00000F24)
97	15	0		facts		00000F24		- facts (per Chigaya, Goto and the old book; route of 00000F24): a girl who died at 14, "400年以上前" (Chigaya 124:217) / "約450年前" (Goto 118:256); born トミ with one green eye (a 翠眼) to Japanese parents (100:80-84); spared at 2 after the 祀耀340 green-eye massacre and civil war; at 14 gouged out her green eye and killed herself when the bloodlust came (100:116-144); mummified and named ヴェルジ, Portuguese for "green" (100:147-149); two 掟: no ドローガ, worship ヴェルジ (100:150-152); mummy: one eye missing, a girl about puberty (124:81-87); found a year ago by Mifuyu and brought to サクラ (187:59-60, per the man coloured 春花の父); hung in Haruka's room, then in the 集会場, gives off 『恵み』 (88:138-139); per the man, "ただの繁殖の道具…第三世代のなれの果て" (187:45); burned by Haruka at dawn (193:86-87) (as of 00000F24)
97	16	0		known ambiguity / open questions	1	00000F24		- known ambiguity / open questions: V386, V387 (as of 00000F24)
97	17	0		as-of	1	000021BD		- as-of: 00002473 (was 000021BD)
97	18	0		blank		00000F24		
98	0	0		heading	1	00000F24		## 篠崎ハジメ (Hajime Shinozaki, reading V391; named only)
98	1	0		chunk-29 note		00002450		- chunk-29 note (as of 00002450): per 五島, the author of research books on 荒田集落 and 死月妖花, apparently meant as a gift to the 荒田 people; copies kept deep in the 元木大学 library store (00002450:12:124-133).
98	2	0		chunk-28 additions		000021CF		- chunk-28 additions (as of 000021CF): narrator (私) of 000021CF; lines drawn in 五島's colour (V618).
98	3	2	2	narration voice		000021CF		  - narration voice: past, earnest and self-reproaching, present-feel resolutions ("これが私の成すべき、せめてもの罪滅ぼし。" 8:32); self-mocking at his own goodness (8:336-338); dying cells in fragments (8:436-460).
98	4	2	2	voice		000021CF		  - voice (speech): 丁寧 / 敬語 to the 本部長 ("私も信じたくはありませんでした。" 8:79; "しかしあなたは実験の継続を命じた……！　なぜですか！？" 8:87; "よしてください。それすら、もう何も意味を成しません" 8:95); plain to his wife ("そうだな、やっぱりダメだよな……" 8:131); old-fashioned courtesy to a stranger ("これで、タクシーに乗りなされ" 8:363; "あなたに、神のご加護がありますように" 8:366); grandfatherly to his grandson ("おお、チャー坊！　迎えに来てくれたのかい？" 8:375; "色々困っているみたいだったから、ちょっと助けただけよ" 8:395).
98	5	2	2	facts		000021CF		  - facts: a researcher of the セレジェイラ聖教 who ran ドローガ experiments on volunteer believers (8:13, 8:48-50); named 荒田桜 himself (8:26); after the cult's collapse, on the 本部長's order, took a new family register and the name 金崎勉 (『金崎 勉』, V629) and became a 飯沢県 official in charge of the 荒田地区 (8:57-114); married, children, a grandson チャー坊 (8:125-134, 8:344-376); rumoured to plan a land grab (8:164-167, 8:228-255); kept a copy of the addendum with a junior at the research institute (8:455); 15 years after the cult ended, cut down on the road by an unknown man; the 本部長 had arranged it (8:319-460, 8:461-468).
98	6	2	2	calls		000021CF		  - calls: the 本部長 本部長; 土田 is the 本部長's alias (8:199).
98	7	0		chunk-27 additions		000021A5		- chunk-27 additions (as of 000021B7): lines in 000021A5-000021B7, drawn in 五島's colour (V618).
98	8	2	7	voice		000021A5:8:5		  - voice: formal 丁寧 / 敬語, military crispness: "失礼します！" (000021A5:8:5); "私は政府より派遣されました、篠崎ハジメと申します！／　この集落の代表の方にお話があり、東京より参上しました！" (8:13-14); "ああ、これは恐れ入ります" (8:22); "話が早くて助かります。どうか、協力していただきたい" (8:54); "はい。1本だろうが千本だろうが、伐採から運搬まで、全て我々が行います" (8:81); "新村桔梗さん、お元気そうで何よりです" (000021B7:8:0); "あの薬は、人間が手を出すべきものではないという結論に達しました" (8:15); "大変申し上げにくいのですが、私は1つ、嘘をつきました" (8:22).
98	9	2	7	facts		000021A5:8:0		  - facts: arrives by car in 祀耀729 March, mid-30s, salutes (000021A5:8:0-11); carries 晃's old letter (8:28-33); claims 東京 and the government; his accent is 飯沢県's, per 桔梗 (8:61-64); builds a railway and takes the cherries (000021AB); returns years later with the report; of the セレジェイラ聖教 (000021B7:8:28-35); the accent is named in narration only, not written into his lines.
98	10	0		first_appears	1	00000F24		- first_appears: 00000F24:118:272 (as of 00000F24)
98	11	0		pronoun(s)	1	00000F24		- pronoun(s): none (no lines) (as of 00000F24)
98	12	0		facts		00000F24		- facts (per Goto): researched ドローガ inside the セレジェイラ聖教 with inhuman experiments; changed his name; died about 50 years ago; identity unknown (118:272-285) (as of 00000F24)
98	13	0		known ambiguity / open questions	1	00000F24		- known ambiguity / open questions: V391 (as of 00000F24)
98	14	0		as-of	1	000021CF		- as-of: 00002450 (was 000021CF)
98	15	0		blank		00000F24		
99	0	0		heading	1	00000FB7		## あやか (Ayaka; Mifuyu and Eiichiro's stillborn child; named only)
99	1	0		first_appears	1	00000FB7		- first_appears: 00000FB7:11:49 ("あなたのお姉さん"); named 11:84 (as of 00000FB7)
99	2	0		pronoun(s)	1	00000FB7		- pronoun(s): none (no lines) (as of 00000FB7)
99	3	0		facts		00000FB7		- facts: "私と栄一郎さんの血をひいた子供。／生きてうまれることができなかったわ" (00000FB7:11:51-52); five months in Mifuyu's womb, due about when Haruka was born (11:61-64); lies in the 荒田 墓地広場 (11:49); Haruka addresses her as 姉さん (11:133) (as of 00000FB7)
99	4	0		as-of	1	00000FB7		- as-of: 00000FB7
99	5	0		blank		00000FB7		
100	0	0		heading	1	00000FCF		## the grandmother's voice and the closing voices (00000FCF, bare cells)
100	1	0		first_appears	1	00000FCF		- first_appears: 00000FCF:15:0 (as of 00000FCF)
100	2	0		lines		00000FCF		- lines: "全く、世話の焼ける孫だね。" (15:0); "荒田は生まれ変わるんだよ。／集落の者だけに守られる時代は終わり。／外の世界からでも、荒田を守ることはできる。／春花が思っていてくれる限り、荒田はなくならない。" (23:0-3); "最後くらい黙って言うこと聞きな！／たまに顔を出してくれればいいさ。／外から人が来るって嬉しいもんだよ。／だから、春花。／お前は元木町で、荒田のことを守っていておくれ。" (31:0-4); closing: "さあ栄一郎、行こうか。もう心配いらないね。" (47:0); "そうだね母さん。後はみんなに任せよう。" (47:1); "もう、僕たちがでしゃばる必要はない。" (47:2) (as of 00000FCF)
100	3	0		speech level baseline	1	00000FCF		- speech level baseline: the grandmother's plain older-woman タメ口 with だね / さ / だよ / な-imperative / おくれ, as in her own voice (ばあちゃん block); 47:1-2 gentle タメ口 with 僕 (as of 00000FCF)
100	4	0		notes		00000FCF		- notes: bare cells, no colour; Haruka identifies the voice as her grandmother's (19:4-5); the closing speakers are named only by address (栄一郎, 母さん); keep bare, no attribution (V425) (as of 00000FCF)
100	5	0		known ambiguity / open questions	1	00000FCF		- known ambiguity / open questions: V425 (as of 00000FCF)
100	6	0		as-of	1	00000FCF		- as-of: 00000FCF
100	7	0		blank		00000FCF		
101	0	0		heading	1	00001039		## unnamed video host (00001039)
101	1	0		chunk-25 additions		00001A6B		- chunk-25 additions (as of 00001A6B): named クレイジーカウボーイ by fans in his own video (00001A6B:22:69-72); the heading's "unnamed" is superseded; bare cells in his videos, 「」 where he speaks inside a filmed scene (colour ?)
101	2	2	1	0000181F		00001A6B		  - 0000181F: the full 超炭酸ボンバー video (REPLAY with changes of 00001039:19:0-9): 300 feet with one bottle; 60 bottles, samurai-style armour, his weight 60 kg (8:19); nervous ("ちょっと待ってくれ……。／少し深呼吸させてくれ。" 8:31-32; "ワクワクはしてるけど、内心、本当に怖いんだ……。" 8:34); "世界で最初に空を飛ぶサムライに、俺はなる！" (8:41); "おおい！　早く助けてくれ！" (8:46); American setting (州警察 8:27; フィート)
101	3	2	1	00001A6B		00001A6B:22		  - 00001A6B:22: BDDP takoyaki in a mini coffin; the "超BDDPボンバー" in Detroit; "こいつら紛れもないヤバいテロリストだぜ……" (22:49); "おおお、俺は……！／正義のヒーロー、超BDDPボンバーマンだ！" (22:53-54); "ピ、ピストルはダメだろ……！" (22:67); "なんてこった……。／いくら悪人でも、ファン相手じゃやりにくいぜ……" (22:75-76); "あばよクソ野郎ども！" (22:113); his 78 earlier eating stunts (22:27)
101	4	2	1			00001A6B		  - calls viewers クソ野郎ども / お前ら / みんな; 俺; 乱暴 hype, high contractions
101	5	0		first_appears	1	00001039		- first_appears: 00001039:19:0 (as of 00001039)
101	6	0		pronoun(s)	1	00001039		- pronoun(s): none observed (as of 00001039)
101	7	0		speech level baseline	1	00001039		- speech level baseline: loud, crude presenter タメ口 with ぜ: "――ようクソ野郎ども！　ついに人間がコンビニで買えるドリンクで空を飛べる日がやってきたぜ！" (19:0); "さて、まずは1本でどこまで飛ぶか試すぜ！" (19:5) (as of 00001039)
101	8	0		EN correlates	1	00001039		- EN correlates: high contractions, YouTuber hype; the crude greeting kept crude (as of 00001039)
101	9	0		notes		00001039		- notes: no colour; unnamed and ungendered by the text; cells alternate with lone U+3000 cells (as of 00001039)
101	10	0		as-of	1	00001039		- as-of: 00001A6B (was 00001039)
101	11	0		blank		00001039		
102	0	0		heading	1	00001073		## unnamed TV studio host and field reporter ゆきちゃん (00001073)
102	1	0		chunk-25 note		00001A4E		- chunk-25 note (as of 00001A4E): the same morning show in 00001A4E: the reporter names herself 新橋ゆき乃 (8:1-2) and the host calls her ゆきちゃん (8:3, 8:50): V426 resolved, see the 新橋ゆき乃 block; the host (――-led cells, 僕 8:36) closes "――さて、7:00になりました。火曜のこの時間は『この道、我、達人！』です。" (8:51)
102	2	0		first_appears	1	00001073		- first_appears: 00001073:8:0 (as of 00001073)
102	3	0		lines		00001073		- lines: reporter "「――と言うわけで、この公園では今夜、大物ミュージシャンたちによるスペシャルライブが行われます！」" (8:0), "こちらからは以上でーす！" (8:4); host "――ありがとう、ゆきちゃーん！" (8:5), "――はい、それでは7時になりました。" (8:6), "――あ、あの先生、すみませんが朝の番組ですので……。" (8:21), "先生、どうもありがとうございました。／それでは、CMの後はニュースです。" (8:41-42) (as of 00001073)
102	4	0		speech level baseline	1	00001073		- speech level baseline: broadcast 丁寧; host lines ――-led and unquoted (no colour), reporter lines in 「」 (colour ?) (as of 00001073)
102	5	0		notes		00001073		- notes: the host is unnamed and ungendered; ゆきちゃん not linked to 新橋ゆき乃 by the text (V426) (as of 00001073)
102	6	0		known ambiguity / open questions	1	00001073		- known ambiguity / open questions: V426 (as of 00001073)
102	7	0		as-of	1	00001073		- as-of: 00001A4E (was 00001073)
102	8	0		blank		00001073		
103	0	0		heading	1	00001073		## 秋野冬夫 (Fuyuo Akino, reading assumed; professor emeritus, 日本園芸大学)
103	1	0		first_appears	1	00001073		- first_appears: 00001073:8:11 (named by the host); first line 8:13 (as of 00001073)
103	2	0		pronoun(s)	1	00001073		- pronoun(s): none observed (as of 00001073)
103	3	0		speech level baseline	1	00001073		- speech level baseline: rambling, genial タメ口-leaning 丁寧 with ね / の / でしょ chains: "はいはいどうもね、よろしくね、秋野と言いますね、よろしくね" (8:13); "そうそうね、あのね、桜にはね、メタンフェタミンって言う覚せい剤の前駆物質になる薬物が含まれていてね" (8:19); "ほんと、浮気者だよね。／はーっはっはっはっは！" (8:36-37) (as of 00001073)
103	4	0		verbal tics / catchphrases / fillers	1	00001073		- verbal tics / catchphrases / fillers: "ね" after nearly every phrase; "だからね"; laugh "はーっはっはっは！" (as of 00001073)
103	5	0		EN correlates	1	00001073		- EN correlates: meandering, filler-heavy but not regional; "you see" type tags would be additive: carry by rhythm and repetition (PARTICLE rule) (as of 00001073)
103	6	0		notes		00001073		- notes: colour ?; gender given only by 夫 in the name (as of 00001073)
103	7	0		as-of	1	00001073		- as-of: 00001073
103	8	0		blank		00001073		
104	0	0		heading	1	0000107B		## 皇子 (the Prince; founder of 荒田, took the name 新村; 0000107B)
104	1	0		chunk-23 additions		000014EE:16:267		- chunk-23 additions (as of 00001505): in 糸姫's memory (00001505:8:69-336), lines colour 春花 (V424): plain, kind タメ口 with 私, stiff when embarrassed: "もう皇子はやめてくれよ、私は身分を捨てたんだ。／名も新村とあらためたのだ" (8:76-77); "あだ名か……。／糸姫はどう呼びたい？" (8:79-80); "兄様？　はは、まるで兄妹みたいだな" (8:90); "糸姫、お前ももう15歳だ。…だから、しかるべき立ち振る舞いをだな、その……" (8:105-110); "糸姫、大丈夫か？　顔が赤いぞ？" (8:122); "糸姫、あまり無理しなくていいぞ。ちょっとずつやればいいんだ" (8:136); to 綱宗 "この国には、まだまだ荒れた地がたくさんある。…痩せた地で飢えている者があれば、助けになりたい" (8:157-159); "もし……／こんな境遇でなければ……／私だって糸姫を……" (8:201-203); "ダメだ！　そんなの、絶対にダメだ！" (8:270); "お前は……やはり、私にとって大切な女子なのだ" (8:292); "私はまたここへ……／糸を迎えに来る" (8:313-314); "これを私だと思って、持っていてくれ" (8:327); facts: the 帝's son (8:93); works the fields himself (8:83, 8:94); leaves 荒田 at dawn in early spring to help poor lands, fearing his identity would endanger the settlement and 糸姫 (8:153-177, 8:271-272); promises to return within ten years, when 聖守's era ends (8:303-306); gives her a hairpin he carved (8:323-328); 糸姫 calls him ニイ様 (V537); per 死月妖花 via 糸姫, died in 元木 attacked by 平氏の残党 before ten years passed (8:491-493, V539); per 糸姫 "その方" lies under the 御神木 (000014EE:16:267-268, ungendered there)
104	2	0		first_appears	1	0000107B		- first_appears: 0000107B:11:3 (preface); narrator from 11:17; first line 11:13 (as of 0000107B)
104	3	0		pronoun(s)	1	0000107B		- pronoun(s): 私 (narration and speech: "私がここに住むと言ったらどうする？" 11:198) (as of 0000107B)
104	4	0		speech level baseline	1	0000107B		- speech level baseline: plain, noble タメ口 with だ / だろう / ぞ / なさい: "よし、今日はここまでにしよう" (11:27); "額を出してみろ。／…………熱か……。／誰か、雪を集めてくれ！" (11:56-58); "糸姫は寝ていなさい" (11:99); "何だこいつは……！" (11:114); "天田か……。／ん……悪くはないが……" (11:219-220); "よし……荒れた田で荒田ってのはどうだ？" (11:225); "1人はみんなのために、みんなは1人のために" (11:258) (as of 0000107B)
104	5	0		narration voice	1	0000107B		- narration voice: earnest, guilt-laden reflection on his decree and his followers ("私が令旨を出したのは間違いだったのだろうか。" 11:24); lyrical at the cherry plain (11:178-179) (as of 0000107B)
104	6	0		calls		0000107B		- calls: 綱宗 綱宗 / 綱宗よ; 糸姫 糸姫 / お前 / 糸 (narration); followers みんな / 者ども (narration) (as of 0000107B)
104	7	0		facts		0000107B		- facts: third son of the 帝, 29; issued the 令旨 against 太良聖守; fled with 湊綱宗; ate human flesh to survive; decided to be thought dead, gave up his rank, named 荒田 and 糸姫山, founded the settlement on 祀耀元年四月八日 as "新村と名乗る者" (11:261) (as of 0000107B)
104	8	0		EN correlates	1	0000107B		- EN correlates: plain, dignified, few contractions in commands; no archaic pastiche beyond the text's (as of 0000107B)
104	9	0		notes		0000107B		- notes: lines drawn in 春花's colour (V424) (as of 0000107B)
104	10	0		known ambiguity / open questions	1	0000107B		- known ambiguity / open questions: V410, V424 (as of 0000107B)
104	11	0		as-of	1	0000107B		- as-of: 00001505 (was 0000107B)
104	12	0		blank		0000107B		
105	0	0		heading	1	0000107B		## 湊綱宗 (Minato no Tsunamune, reading V410; the Prince's comrade)
105	1	0		chunk-23 additions		00001505		- chunk-23 additions (as of 00001505): in 糸姫's memory (00001505), lines colour なつみ (V424): blunt, pressing タメ口 with 俺 / お前: "どうした糸姫、足でも怪我したのか？" (8:131); "明日、ここを発つ！？" (8:149); "意味が分からない……。どういうことだ？" (8:155); "でも……／糸姫はどうするつもりだ？" (8:166-167); "気づいていないなんて言わせないぞ。糸姫のお前を見る目、分かっているだろ？" (8:169); "待て！　俺はそんなことを聞きたいんじゃない！　お前の糸姫に対する気持ちだ！" (8:192); "ずるいやつだ……" (8:206); "…………／達者でな" (8:214-215); per the 皇子, he arranged for 糸姫 to overhear (8:267); 糸姫's narration calls him 綱宗様 (8:133)
105	2	0		first_appears	1	0000107B		- first_appears: 0000107B:11:9; first line 11:14 (as of 0000107B)
105	3	0		pronoun(s)	1	0000107B		- pronoun(s): none observed (as of 0000107B)
105	4	0		speech level baseline	1	0000107B		- speech level baseline: plain タメ口 to the Prince, as an equal: "く……！" (11:14); "東の都よりもだいぶ北の方へ逸れてしまったようだ" (11:36); "どうした？" (11:156); "つまり……ここに根を下ろすことも考えると？" (11:163); "もう、決心はついたか？" (11:203); "天の田で、天田ってのはどうだ？" (11:218); "はっはっは！　これまた魅力ない名前だな！／よし、いいじゃないか！　荒田だ！" (11:227-228); "そうだな、じゃあ……／糸姫、どうする？" (11:231-232) (as of 0000107B)
105	5	0		facts		0000107B		- facts: 28; his grandfather opposed 聖守 with the Prince; suggested the name 糸姫 (11:73) (as of 0000107B)
105	6	0		notes		0000107B		- notes: lines drawn in なつみ's colour (V424); written "宗綱" once (V412) (as of 0000107B)
105	7	0		known ambiguity / open questions	1	0000107B		- known ambiguity / open questions: V410, V412, V424 (as of 0000107B)
105	8	0		as-of	1	0000107B		- as-of: 00001505 (was 0000107B)
105	9	0		blank		0000107B		
106	0	0		heading	1	0000107B		## 糸姫 (Itohime, V408; a child attendant, 糸)
106	1	0		chunk-30 additions		00002473		- chunk-30 additions (as of 00002473) (no lines):
106	2	2	1	per サクラ and 栄一郎		00002473:11:298		  - per サクラ and 栄一郎 (00002473:11:298-305): "大昔にここにやってきたという娘" is 糸姫, one of the 女神; she cannot bear the present state; judged after 800 years "ただの下賤の娘", unfit as 女神; held bound here so she leaks nothing; a new 女神 is now their master.
106	3	0		chunk-29 additions		00002444		- chunk-29 additions (as of 00002444):
106	4	2	3	00002444 block 20 / 26		00002444		  - 00002444 block 20 / 26 (colour ?, self-named "私は……／糸と言います" 20:107-108; called 糸姫 by 栄一郎 and サクラ): red kimono, long hair, one green eye, looks a little younger than 春花 (20:94-96); courteous 丁寧 and humble keigo: "大丈夫ですか？" (20:98); "新村春花さんですよね？" (20:101); "まあ……そうですね、荒田の人間と言うことにはなります" (20:110); "私は普段からこういう話し方ですから、お気になさらないで下さい" (20:138); "お心遣い、感謝します" (20:177); "私……／もう……嫌なんです……" (20:182-183); "全部……／全部私が悪いんです！" (20:212-213); "私です……" (20:216); "もし古郡なつみさんに出会っても、絶対に信用しないで下さい。" (20:248); "春花さんが充分に休んで歩けるようになったら、ふもとまでお送ります" (20:257, V646); "急いで！" (20:286); "ここは……そういう場所なんです……" (20:374); "大体合ってます" (20:384); "神使たちは、私の指示で年に1人だけ殺してきました" (20:398); "800年前――祀耀元年からです" (20:410); "一応は人間……ですね" (20:420); "城崎健吾さん、おっしゃる通り、私が全ての元凶であり、あなたの奥さんを殺した張本人です" (20:484); "はい……。私は、ただの人間です" (20:513); "春花さんたちは、私が命に代えてもお守りします" (20:532); "そうか！　五島絵梨奈さんたちの方へ向かったんです！" (20:565); explanations to 五島 and 良治 (26:267-289, 26:361-453): "生きた第一世代と第二世代、死んだ第一世代と第二世代。" (26:284); "ドローガを使った者が第一世代、第一世代の血を浴びた者が第二世代です" (26:289); "死月妖花の核となる者に頼むのです" (26:382); "私も確かに核でした。" (26:386); "その核となる者、西洋の言葉で『アバドン』と言われています" (26:406); calls to the core: "聞こえますか？　あなたの存在はすでに知られています。" (26:435).
106	5	2	3	facts		00002444		  - facts (this route): broke with 死月妖花 after the riot killed many; linked to なつみ's senses until the attack (26:362-366); no longer the core; the new core was taken in about 20 years ago (26:386-400); now an ordinary human, weak (20:391-393); with 城崎 watching her at gunpoint (20:530); per 栄一郎 a traitor, "もはやただの人" (26:460-462); her hands too clean for one who lived wild (20:273); she will not meet 城崎's eyes (20:447).
106	6	0		chunk-28 additions		00002225:11:19		- chunk-28 additions (as of 00002330): per 春花 (the guide's line), "荒田の糸姫山に住む、かわいそうな女の子…800年も1人で、悪いやつに利用され続けている" (00002225:11:19-20); separated from 死月妖花 and protected as a state secret (11:35-37); given guidance to live in modern society, soon to enter it (11:117); 春花: "あいつと……糸姫と私は、似ていると思う" (11:125); the guide: 死月妖花 "糸姫の純粋な願いを悪用した" (00002330:77:4).
106	7	0		chunk-26 note		00001E41		- chunk-26 note (as of 00001E41): 00001E41:11:16-28 (bare voice, inferred from ニイ様): "愛しいニイ様。／私、幸せです。" (11:19-20).
106	8	0		chunk-23 additions		00001533		- chunk-23 additions (as of 00001533):
106	9	2	8	identity		00001533		  - identity: the girl of 0000107B is the human bound to 死月妖花 (00001505:8:69-521; V517 resolved); 14-15 in looks, red kimono, black hair, "大和撫子" (000014EE:8:3-5); alive, not a corpse, kept ageless by 死月妖花 for centuries (8:58-60; 16:362-363); slow and weak as an ordinary girl when cut off from it (16:123-130, 16:209)
106	10	2	8	voice		00001533		  - voice: lines colour ? (in 0000107B 五島's colour, V424); courteous 丁寧 and humble keigo (申します, お待ち申し上げております, 申しました), さん to everyone living ("古郡なつみさん" -> "なつみさん", "新村美冬さん", "茅萱さん", "五島さん"), the dead bare; calm while saying terrible things ("元木町すべての人間の命をもらいます。" 000014EE:12:0, a bare cell, V550; "いえ、人間を含めた哺乳類すべてです" 16:10); breaks to plain pleading in panic ("やだ……！　800年も待ったのに……！／　ねえ、お願い！　私みたいに何百年も何千年も生きられるのよ！？" 16:147-148; "どうして誰も分かってくれないの……！" 16:159; "いや……！　やめて……！" 16:203); tearful farewell ("最後に、あなたの優しさに触れることができて、嬉しかったです" 24:4; "さようなら" 24:10); inside 死月妖花, halting with gaps (V536): "わ　た　　しは　手遅れ……。／お　　願　い　／なつみさん……！" (0000151C:8:32-34); serene last talk with なつみ ("ニイ様は、まだ私のことを思って下さるでしょうか" 8:184; "パンドラの箱――" 8:265; "はい、喜んで。" 8:289; "では……その時まで、しばしの間――" 8:293)
106	11	2	8	narration voice		00001533		  - narration voice (00001505:8:69-521, her memory; V535): humble, lyrical past narration of first love ("ニイ様、私……／今、とても幸せです。" 8:361-362); a lover's reproach in short cells ("ひどい人。／ずるい人。／卑怯な人。" 8:350-352; "10年でも、100年でも、1000年でも、お待ち申し上げております。" 8:355); dying present-feel thought, childlike, and a one-sided talk with the thing entering her ("うん、いいよ。" 8:473; "ダメだよ人を殺したら。" 8:504)
106	12	2	8	memory lines		00001533		  - memory lines (00001505, colour ?): "え？　私、ですか……？" (8:81); "私は、ニイ様って呼びたいです！" (8:89); "いえ、新村のニイ様です……" (8:91, V537); "はい！　　私はいつまでも、ニイ様のおそばにいます。" (8:101); "いいんです、それで。私がお仕えしたいからお仕えしているんです" (8:104); "でも私は、その家系である以前に1人の女です！" (8:280); "ずっと……／いつまでもお待ち申し上げております" (8:321-322); "やめて！　離して！" (8:384)
106	13	2	8	facts		00001533		  - facts: 11 when 荒田 was being cleared, 15 when the 皇子 left (00001505:8:97, 8:105); her family served the 帝 for generations and had fallen low (8:102, 8:117, 8:274-276); fell from the cliff by the 広場 fleeing seven bandits; saved by 死月妖花 in exchange for her human intellect (8:414-521; 000014EE:16:251-253); it put spores on ニイ様; she wanted it to reach 元木 to revive him; decades ago it first touched his bones, too far gone to revive (000014EE:16:396-399); chose old people as victims, then one a year (16:276-277); could not leave 死月妖花 (16:358-360); took the balloon to bring 栄一郎, took サクラ (8:23-39, 8:64-65); per 春花 and 五島, deceived by 死月妖花 (16:404-418); asks なつみ to destroy her (0000151C:8:23-34); her small bones and the broken hairpin carried down in a 赤装束 (8:455-456); なつみ: "今日は、糸姫の命日にもなるんだよね" (8:479); the hairpin buried at the 御神木's site in 元木町 (00001533:8:90-97)
106	14	2	8	00001533		00001533		  - 00001533: the transfer student 後白河糸織 looks like her (see that block); no link stated
106	15	0		chunk-22 note		0000107B		- chunk-22 note (as of 000014D7): the girl's voice of 死月妖花 introduces herself "私は……／糸姫と申します" to なつみ (000014D7:8:459-461, colour ?); the text does not tie her to the 0000107B child beyond the name (V517); see the 死月妖花 block for her lines; 糸姫山 is where 死月妖花's body lies (00001414:8:176)
106	16	0		first_appears	1	0000107B		- first_appears: 0000107B:11:50; first line 11:55 (as of 0000107B)
106	17	0		pronoun(s)	1	0000107B		- pronoun(s): 私 ("私、まだ小さいですけど……" 11:100) (as of 0000107B)
106	18	0		speech level baseline	1	0000107B		- speech level baseline: humble 丁寧: "皇子様……申し訳ありません……" (11:60); "あ……暑い……" (11:79); "皇子様……私、まだ小さいですけど……。／みんなのお腹、いっぱいになりますか？" (11:100-101); "はい！　もうすっかり元気です！" (11:184); "皇子様の行く場所が、私の居るべき場所です" (11:197); "え！？　私の名前！？" (11:240); "あの……あの……／すごく、嬉しいです……" (11:243-244) (as of 0000107B)
106	19	0		facts		0000107B		- facts: about 10, lowest-born of the imperial servants; picked up the Prince's dagger, parents dead beside her; named 糸, called 糸姫 at 綱宗's suggestion; recovered overnight near the hot spring; the mountain named for her (as of 0000107B)
106	20	0		EN correlates	1	0000107B		- EN correlates: soft, polite, short (as of 0000107B)
106	21	0		notes		0000107B		- notes: lines drawn in 五島's colour (V424) (as of 0000107B)
106	22	0		known ambiguity / open questions	1	0000107B		- known ambiguity / open questions: V408, V424 (as of 0000107B)
106	23	0		as-of	1	00002444		- as-of: 00002473 (was 00002444)
106	24	0		blank		0000107B		
107	0	0		heading	1	0000107B		## unnamed 従者 (the Prince's attendants, 0000107B)
107	1	0		chunk-23 note		00001505		- chunk-23 note (as of 00001505): in 糸姫's memory (00001505, colour ?): "精が出ますな、皇子！" (8:74); "まああれですわ、あだ名みたいなもんでしょう！" (8:78, speaker inferred); "はっはっは！　いきなり糸姫のような幼子に皇子の呼び方を聞かれたって困るだけですわ！" (8:84); rough 丁寧 with ですな / ですわ
107	2	0		first_appears	1	0000107B		- first_appears: 0000107B:11:19 (as of 0000107B)
107	3	0		lines		0000107B		- lines: "皇子！　大変でございます！／糸姫が……！" (11:49-50); "皇子、お持ちしました！" (11:76); "うわあああ！　化け物鹿だあああ！" (11:107); "皇子様！　こっちこっち！／すげーもん発見しましたぜ！" (11:132-133); "いい景色だ！" / "ここに居たら長生きできそうだな！" / "まあ、出発まで十分に休ませてもらおうや！" (11:206-208) (as of 0000107B)
107	4	0		speech level baseline	1	0000107B		- speech level baseline: rough 丁寧 to the Prince, rough タメ口 among themselves (as of 0000107B)
107	5	0		notes		0000107B		- notes: six left, several voices, colour ?; unnamed; one is "彼" (11:137) (as of 0000107B)
107	6	0		as-of	1	0000107B		- as-of: 00001505 (was 0000107B)
107	7	0		blank		0000107B		
108	0	0		heading	1	00001092:11:0		## 藤吉郎 (Tokichiro; kitchen steward of the 麻生田家; = the 殿下 of 000010C3)
108	1	0		chunk-21 note		00001355		- chunk-21 note (as of 00001355): per 『猛き音と翠眼呪殺』 via 五島, the 殿下 was the travelling samurai who got ドローガ from 儀之助 and ruled with it; with a young heir he held the 340 hanami as a pretext to take 荒田's cherries so his heir could have ドローガ; he died months after (00001355:8:14-25); the name 藤吉郎 is not used there
108	2	0		chunk-20 note		0000130D		- chunk-20 note (as of 0000130D): per 儀之助's diary via 五島, "後に日本の天下を取る藤吉郎" was given ドローガ as a large-scale trial (0000130D:8:6, 8:92-93)
108	3	0		first_appears	1	00001092:11:0		- first_appears: 00001092:11:0 (narrator); addressed 吉郎 11:27; full name 000010AA:11:25 (as of 000010AA)
108	4	0		pronoun(s)	1	00001092:11:62		- pronoun(s): オレ in narration and speech ("オレは……！　オレは農民出身で親父は足軽だ……！" 00001092:11:62); as the 殿下, わし (000010C3:11:54) (as of 000010C3)
108	5	0		speech level baseline	1	00001092:11:68		- speech level baseline: rough タメ口 with his friend ("寝言を言うな！　オレが麻生田家に仕えたのは、この国ででっかい存在になるためだ！" 00001092:11:68); clumsy formal 丁寧 to 儀之助 ("ありがたきことで……" 000010AA:11:19; "オレは藤吉郎と申します" 11:25; "どうか……どうか、麻生田家を助けてほしいんです！" 11:114); as the 殿下, curt archaic command with じゃ / わし / そなた / せよ ("花見をするぞ" 000010C3:11:38; "桜の木が足りないのじゃ。／よって、桜の木を運んで来るのだ" 11:50-51; "さすが内府。四月二〇日に行うから、それまでに準備せよ" 11:66) (as of 000010C3)
108	6	0		narration voice	1	00001092:11:78		- narration voice: earthy, ambitious, exclamatory self-questioning ("オレに……オレにできることは何だ！？" 00001092:11:78); gloating ("オレにはもう恐れるものなど何もない！" 000010AA:11:303) (as of 000010AA)
108	7	0		calls		000010C3		- calls: 豊吉 豊吉 / お前; 儀之助 儀之助殿; his lord お館様; as 殿下: the 内府 内府 / そなた (as of 000010C3)
108	8	0		facts		000010AA:11:305		- facts: farmer-born, father a foot soldier; left 間川 service at about 18; 麻生田's kitchen steward; sought a strength food in 310; received ドローガ crystals from 新村儀之助 at 荒田 on condition of secrecy; smoked the 麻生田 army at 樽狭間 (6/12/310); ambition to rule after his lord (000010AA:11:305-307); as the 殿下 (house 藤, 000010C3:11:262, 11:270): tells of the 'curse of the cherries', engineered the 理性寺の変 through 蛙吉, took five 荒田 cherries for his 340 hanami, went mad when they shrivelled, died five months after (as of 000010C3)
108	9	0		EN correlates	1	000010C3		- EN correlates: rough, high contractions as 藤吉郎; clipped, imperious as the 殿下 (as of 000010C3)
108	10	0		notes		000010C3		- notes: every line in both files drawn in なつみの父's colour (V424); the identity 藤吉郎 = 殿下 rests on the colour and the house name 藤 (as of 000010C3)
108	11	0		known ambiguity / open questions	1	000010C3		- known ambiguity / open questions: V410, V424 (as of 000010C3)
108	12	0		as-of	1	0000130D		- as-of: 00001355 (was 0000130D)
108	13	0		blank		00001092:11:0		
109	0	0		heading	1	00001092		## 豊吉 (Toyokichi; a 間川 retainer, 藤吉郎's friend)
109	1	0		first_appears	1	00001092		- first_appears: 00001092:11:27 (as of 00001092)
109	2	0		pronoun(s)	1	00001092		- pronoun(s): 俺 ("それを言ったら俺を麻生田領に入れたお前だって" 11:32) (as of 00001092)
109	3	0		speech level baseline	1	00001092		- speech level baseline: hearty タメ口: "よう吉郎！　久しぶりだなあ！" (11:27); "なあ吉郎……／間川家に戻る気はないか？" (11:44-45); "戻ってこい。麻生田が間川に勝てるはずない" (11:61); "吉郎……気持ちは分かる。…間川家ならずっと安泰――" (11:65-67) (as of 00001092)
109	4	0		facts		000010AA		- facts: warns of 間川's march; reports it on 310/6/12 (000010AA:11:253) (as of 000010AA)
109	5	0		notes		00001092		- notes: colour ? (as of 00001092)
109	6	0		as-of	1	000010AA		- as-of: 000010AA
109	7	0		blank		00001092		
110	0	0		heading	1	000010AA		## 新村儀之助 (Ginosuke Niimura; Western doctor of 荒田, 祀耀310)
110	1	0		chunk-21 note		00001355		- chunk-21 note (as of 00001355): per 『猛き音と翠眼呪殺』 via 五島, "今は亡き西洋人の新村儀之助" gave about ten ドローガ to a travelling samurai, later the 殿下 (00001355:8:17-18); the 482 text calls him 儀之助様 and his teaching true (8:77-80); the 聖教 report calls him "我々セレジェイラ聖教の祖先である聖人" and the scripture scientific data (8:211-213); 五島: the founder of the faith (000013FD:8:256)
110	2	0		chunk-20 additions		00001247:8:75		- chunk-20 additions (as of 0000130D): 『セレジェイラの教え』 (00001247:8:75-120): as セレ様, his family ran a colony for generations; monstrous trees and flowers (ボニータ, "美しい"), an earthquake and trumpet sound, the dead rising, four 神使 and the demon king アバドン; he fled by ship to 荒田, took the name 新村儀之助; the scripture's first person (私) is his in 8:116-120, calm, grave ("賭けではあるが、私は彼らを信じることにした。"); his diary via 五島 (0000130D:8:76-96): a naturalist; animals gnawed 荒田桜 roots; burning roots gave workers a high and huge strength; he extracted ドローガ, gave it to 藤吉郎 for a trial, never used it himself, wrote the refining method for 荒田's peace; "私たちの祖先" per 茅萱 (8:6)
110	3	0		chunk-19 additions		000010DD		- chunk-19 additions (as of 000010DD): per the 蔵書 read by 栄一郎: his original name セレ (V436); about 500 years ago he led some 20 Westerners to 荒田; made a drug from the roots of 荒田's own cherry; proved it through a lord who struck down 間川基義 in 祀耀310 (000010DD:11:120-132)
110	4	0		first_appears	1	000010AA		- first_appears: 000010AA:11:7 (a man's voice); named 11:26 (as of 000010AA)
110	5	0		pronoun(s)	1	000010AA		- pronoun(s): 私 ("私は、新村儀之助と申します。この村の医者をやっている者で。" 11:26); 我々 (as of 000010AA)
110	6	0		speech level baseline	1	000010AA		- speech level baseline: courteous 丁寧 with ですな / でしょう, "はっはっは！": "おお、気がつきましたか" (11:7); "はっはっは！　旅のお方よ、ここは人が来ることなど滅多にない辺境の地だ。" (11:21); "藤殿、ここは荒田という村です。" (11:41); "藤殿……。／私は、あなたがここへ来たことを――／とても警戒している" (11:134-136); "もしあなたが嘘をついたり、…今頃、あなたは死んでいたでしょう" (11:177-178); "どうか、これを天下のために、使ってください。" (11:230); Portuguese to the woman "Clientes para trazer uma refeicao." (11:29), "Traga as drogas." (11:131) (V419) (as of 000010AA)
110	7	0		facts		000010AA		- facts: Western-looking, blue eyes (11:138); from a colony hit by disaster, reached near the 東の都 by ship, rejected, collapsed at 荒田 ten years before and was saved; about 20 Westerners live there under Japanese names; studies local fauna and flora; trusts 藤吉郎 and gives him about ten ドローガ crystals (as of 000010AA)
110	8	0		EN correlates	1	000010AA		- EN correlates: polite, few contractions, slightly foreign cadence noted by narration ("抑揚に違和感" 11:10-11) carried by formality, no accent (as of 000010AA)
110	9	0		notes		000010AA		- notes: colour ? (as of 000010AA)
110	10	0		known ambiguity / open questions	1	000010AA		- known ambiguity / open questions: V419 (as of 000010AA)
110	11	0		as-of	1	0000130D		- as-of: 00001355 (was 0000130D)
110	12	0		blank		000010AA		
111	0	0		heading	1	000010AA		## unnamed woman at 儀之助's house (000010AA)
111	1	0		first_appears	1	000010AA		- first_appears: 000010AA:11:32; first line 11:33 (as of 000010AA)
111	2	0		lines		000010AA		- lines: "まあ、気がつかれたのですね。一晩眠っていたんですよ？／すぐにお食事の準備をしますね" (11:33-34); "藤様、お待たせしました。これを食べれば、たちどころに元気になれますよ" (11:75); "失礼いたします" (11:168) (as of 000010AA)
111	3	0		speech level baseline	1	000010AA		- speech level baseline: warm 丁寧 (as of 000010AA)
111	4	0		notes		000010AA		- notes: Japanese in looks (11:35); relation to 儀之助 not stated; colour ? (as of 000010AA)
111	5	0		as-of	1	000010AA		- as-of: 000010AA
111	6	0		blank		000010AA		
112	0	0		heading	1	000010C3		## 内府 (the Minister; of the house 戸川; 000010C3)
112	1	0		first_appears	1	000010C3		- first_appears: 000010C3:11:0 (narrator); addressed 内府 11:36 (as of 000010C3)
112	2	0		pronoun(s)	1	000010C3		- pronoun(s): 私 (narration and speech); われわれ戸川 (11:283) (as of 000010C3)
112	3	0		speech level baseline	1	000010C3		- speech level baseline: 敬語 to the 殿下 ("これはこれは殿下、ご機嫌うるわしゅう" 11:31; "それは、かねてより仰っていた吾大寺の……？" 11:42; "はい、心得ております" 11:72; "はい、有り難き幸せ" 11:212); commanding to his men ("馬を、馬をこっちに！" 11:97; "皆の者、ご苦労であった！　今から西の都に向けて出発する！" 11:194) (as of 000010C3)
112	4	0		narration voice	1	000010C3		- narration voice: calculating, cold, patient ("決して焦らず、じっと機会を見極めるのだ。" 11:23; "どのみち消される運命だ、せめていい夢を見させてやろう。" 11:90); closes with a warning to posterity ("ドローガには――／決して手を出すな。" 11:291-292) (as of 000010C3)
112	5	0		facts		000010C3		- facts: once fought the 殿下, then served him; saw 鬼神 at 樽狭間 while with 間川 (11:250-254); fetched five cherries from 荒田 on 340/4/5-11, had his ten helpers poisoned; after the 殿下's death means the 戸川 to rule (11:283) (as of 000010C3)
112	6	0		EN correlates	1	000010C3		- EN correlates: formal, few contractions; courtly to his lord (as of 000010C3)
112	7	0		notes		000010AA:11:258		- notes: lines drawn in 春花の母's colour (V424); 000010AA:11:258 "平松泰基（後の戸川保家）" is the house's man at 樽狭間, not stated to be him (as of 000010C3)
112	8	0		known ambiguity / open questions	1	000010C3		- known ambiguity / open questions: V410, V424 (as of 000010C3)
112	9	0		as-of	1	000010C3		- as-of: 000010C3
112	10	0		blank		000010C3		
113	0	0		heading	1	000010C3		## unnamed ruffians and 荒田 warriors (000010C3)
113	1	0		first_appears	1	000010C3		- first_appears: 000010C3:11:78 (as of 000010C3)
113	2	0		lines		000010C3		- lines: ruffians "おうおう、おえらい殿様よ！　ご褒美って何がもらえるんだ！？" (11:80); "そりゃ天下人からのご命令だ、金も女も好き放題に決まってるだろ！" (11:81); "だーっはっはっは！　俺は酒と肉だな！" (11:82); "よっほおおお！　好きなものを好きなだけだってよ！" (11:86); song "そーれ天下の桜をほーりまーしょおー" / "かーね！　おーんな！　さーけ！　にーく" (11:185-186); the armless one-legged warrior "あんたぁ……何者だ？" (11:126); the man without a lower body "ああ、いた……／いたな……！" (11:135-136), "殺す……／殺す……！" (11:142-143), "お侍さんよお……／ドローガにゃ手ぇ出すんじゃねえぞ……／俺みたくなるぞ……" (11:160-162); "死ね！／死ね！" (11:144-145, speaker not marked) (as of 000010C3)
113	3	0		speech level baseline	1	000010C3		- speech level baseline: 乱暴, drawn-out vowels; the warrior's ぇ / にゃ slurs (as of 000010C3)
113	4	0		notes		000010C3		- notes: all colour ?; ten ruffians, several voices, unnamed; the two warriors unnamed (narration 上半身男, 片足男) (as of 000010C3)
113	5	0		as-of	1	000010C3		- as-of: 000010C3
113	6	0		blank		000010C3		
114	0	0		heading	1	00000F40:11:118		## unnamed walk-ons (chunk 18: front desk, other bathers)
114	1	0		first_appears	1	00000F40:11:118		- first_appears: 00000F40:11:118 (as of 00000F57)
114	2	0		lines		00000F40:11:118		- lines: inn front desk "はい、古郡様ですね。／古郡さまは――" (00000F40:11:118-119, cut off by Natsumi); voices from another family bath "今、すごい悲鳴が聞こえたよな？" / "痴漢かしら？" (00000F57:11:53-54) (as of 00000F57)
114	3	0		notes		00000F57		- notes: colour ?; unnamed; the bathers' genders not given beyond the forms (よな, かしら); keep ungendered in English (as of 00000F57)
114	4	0		as-of	1	00000F57		- as-of: 00000F57
114	5	0		blank		00000F40:11:118		
115	0	0		heading	1	00001154		## 百合子 (Yuriko; 城崎's wife; the first 呪殺 victim)
115	1	0		chunk-30 note		0000246E		- chunk-30 note (as of 0000246E): per 城崎, "9年前、百合子は警察を呼ぼうとした矢先に殺された" (0000246E:11:217).
115	2	0		chunk-29 note		0000243F:11:65		- chunk-29 note (as of 00002444): "最初に呪殺されたお前" in 城崎's inner address (0000243F:11:65-66); named 『城崎百合子』 in the residents' register per 五島 (00002444:14:312); per 城崎, the day before she died she wanted to call the police to investigate (14:320); she truly wanted peace (14:323); 糸 says she killed her (20:484).
115	3	0		chunk-27 note		00002102		- chunk-27 note (as of 00002102): found dead, 城崎 (colour ?) shouting "百合子が……死んでる……！" right after 茅萱's knife dream (00002102:8:27-29).
115	4	0		chunk-26 additions		00001C55		- chunk-26 additions (as of 00001EFF): 00001C55 (colour ?): "私、明日1人で警察に行ってくるから" (8:9); per 茅萱, she dreamt of killing her (00001EFF:8:49-54).
115	5	0		first_appears	1	00001154		- first_appears: 00001154:8:13 ("城崎さんの奥さん"); named 8:18; first line 8:20 (as of 00001154)
115	6	0		pronoun(s)	1	00001154		- pronoun(s): 私 ("明日私が警察に行ってくる" 8:25) (as of 00001154)
115	7	0		speech level baseline	1	00001154		- speech level baseline: angry タメ口 to her husband, あなた, の / でしょ: "あなた何言ってるの！？／　大魔女様は警察すら呼ばずにここでだけで解決しようとしてるの、怪しいと思わないの！？／　新村家がサクラちゃんを殺した犯人をかばってるってことでしょ！？" (8:20-22); "だったら、明日私が警察に行ってくる。／ちゃんと部外者に見てもらうのよ" (8:25-26); "人殺しと一緒の集落にあなたは居たいの？" (8:28) (as of 00001154)
115	8	0		calls		00001154		- calls: 城崎 あなた; サクラ サクラちゃん (3p); Erika 大魔女様 (3p) (as of 00001154)
115	9	0		EN correlates	1	00001154		- EN correlates: sharp, normal contractions; no profanity (as of 00001154)
115	10	0		notes		00000D59:11:31		- notes: lines in 茅萱's memory of 791, colour ?, attributed by content (her husband names her 8:18; she says she will go to the police); stabbed in the throat by 茅萱, aged 11, that night (8:36-39); 00000D59:11:31-32 "the first 呪殺 victim" (as of 00001154)
115	11	0		as-of	1	00002444		- as-of: 0000246E (was 00002444)
115	12	0		blank		00001154		
116	0	0		heading	1	00001154:8:5		## ハナちゃん (Hana-chan; 茅萱's friend in Tokyo)
116	1	0		chunk-27 additions		00002108		- chunk-27 additions (as of 00002108), colour ?:
116	2	2	1	00002108		00002108		  - 00002108: タメ口, bright: "このお店大丈夫なの？　結構高そうだけど……" (8:3); "え！？　学校辞めちゃうの！？／　許 婚と強制結婚とか！？" (8:17-18); "ねえ茅萱、私、茅萱が1番の友達。" (8:20); "だってさ、100人以上の男に振られ続けてもへこたれないんだから！" (8:52); "性別の壁だって乗り越えて見せるよ！" (8:59); 茅萱: "ハナちゃんくらいお淑やかな女なんてそうそういないもんね。／女以上に女らしいんだから" (8:60-61).
116	3	2	1	000020FC		00002108		  - 000020FC (chat, no lines): TT got close to her after the party; she said "私、／×／だけどいい？" (8:43-46, V617).
116	4	2	1	gender		00002108		  - gender: left as the text leaves it (V617).
116	5	0		first_appears	1	00001154:8:5		- first_appears: 00001154:8:5 (phone, her side unheard); first line 0000119C:8:4 (as of 0000119C)
116	6	0		pronoun(s)	1	0000119C		- pronoun(s): none observed (as of 0000119C)
116	7	0		speech level baseline	1	0000119C		- speech level baseline: friendly タメ口: "茅萱、今年の新入生、なかなかノリがいいよ！／　今夜早速歓迎コンパあるけど、もちろん行くよね！？" (0000119C:8:4-5); "あ、そうなんだ……。ま、新入生は逃げないから、また今度誘うねー！" (8:9) (as of 0000119C)
116	8	0		calls		0000119C		- calls: 茅萱 茅萱 (bare) (as of 0000119C)
116	9	0		EN correlates	1	0000119C		- EN correlates: casual, normal contractions (as of 0000119C)
116	10	0		notes		0000119C		- notes: colour ?; "東京で1番の友人" (8:6); gender not stated beyond the name (as of 0000119C)
116	11	0		as-of	1	0000119C		- as-of: 00002108 (was 0000119C)
116	12	0		blank		00001154:8:5		
117	0	0		heading	1	0000110D		## unnamed voice ("あっちの方にいるよ", 0000110D and 00001184)
117	1	0		first_appears	1	0000110D		- first_appears: 0000110D:12:0 (as of 0000110D)
117	2	0		lines		0000110D:12:0		- lines: "あっちの方にいるよ" (0000110D:12:0; replayed 00001184:12:0); "ほら、あっちの方だよ" (0000110D:20:0) (as of 00001184)
117	3	0		pronoun(s)	1	00001184		- pronoun(s): none (as of 00001184)
117	4	0		speech level baseline	1	00001184		- speech level baseline: soft タメ口 with よ (as of 00001184)
117	5	0		notes		00000E01		- notes: each line in 「」 alone in its block, colour ?; heard by 茅萱 (10) with no one present and baby 夏菜 asleep (0000110D:16:0-4); she knows the direction without knowing why (24:2); only recalled in 00001184:8:34-16:6 ("誰かに、あっちの方にお母さんがいるって！"); keep unattributed and ungendered (V433); cf. the 『何者か』 of 五島's theory (0000119C:8:216) and the wind voice of 00000E01 (V264), no link stated (as of 00001184)
117	6	0		known ambiguity / open questions	1	00001184		- known ambiguity / open questions: V433 (as of 00001184)
117	7	0		as-of	1	00001184		- as-of: 00001184
117	8	0		blank		0000110D		
118	0	0		heading	1	00001184		## the scale (天秤; 茅萱's inner voice, 00001184)
118	1	0		first_appears	1	00001184		- first_appears: 00001184:24:2 (as of 00001184)
118	2	0		pronoun(s)	1	00001184		- pronoun(s): 僕 ("どうして君は、僕を背負っているの？" 24:5) (as of 00001184)
118	3	0		speech level baseline	1	00001184		- speech level baseline: smug, mocking タメ口 with の / よね / かな: "ねえ、どうして君は、僕を背負っているの？／　でも、ここまで来たんだから、ずっと背負っておきなよ" (24:5-6); "君は、ずっと自分が5人も殺してきたと思ってたよね？／　それ、本当に君が殺したの？　夢だったんじゃないの？" (24:9-10); "じゃあ、叔母さんは嘘をついてるの？／　君が殺したのが嘘なのか、叔母さんの証言が嘘なのか、どっちかな？" (24:13-14) (as of 00001184)
118	4	0		calls		00001184		- calls: 茅萱 君 (as of 00001184)
118	5	0		EN correlates	1	00001184		- EN correlates: light, needling, normal contractions; "it" in narration (V439) (as of 00001184)
118	6	0		notes		00001184		- notes: a figure in 茅萱's allegory of guilt ("不正な自己裁判により偏った天秤" 24:2), colour ?; like a cuckoo's egg on her back (24:7); not a person (as of 00001184)
118	7	0		known ambiguity / open questions	1	00001184		- known ambiguity / open questions: V439 (as of 00001184)
118	8	0		as-of	1	00001184		- as-of: 00001184
118	9	0		blank		00001184		
119	0	0		heading	1	0000110D:24:124		## unnamed walk-ons (chunk 19: TV weather, café and 料亭 staff)
119	1	0		first_appears	1	0000110D:24:124		- first_appears: 0000110D:24:124 (as of 0000119C)
119	2	0		lines		0000110D:24:124		- lines: TV weather "今日東京市は南から張り出した高気圧に覆われ、気温もぐんぐん上昇しました！／　同時に強い風が吹き、花粉の飛散も――" (0000110D:24:124-125), "今日は東京市でも、早咲きの桜が咲き始めました！　本格的なソメイヨシノの開花予想は――" (24:129); a Primavera (Tokyo) waitress "いらっしゃいませ、新村様。／よく元木町本店をご愛顧いただいていると承っております。／どうぞ、ごゆっくりおくつろぎ下さい" (00001124:8:91-93, "若くてきれいなウェイトレス" 8:94); a server "お待たせいたしました。／ビーフカレーとチキンライスオムレツセットでございます" (0000113D:8:69-70); the 銀座 料亭 仲居 "ようこそ、おいで下さいました" (0000116C:8:44), "ご予約のお名前はご存知ですか？" (8:49), "ああ、新村様ですね、お待ちしておりました。ご案内いたします" (8:53), "まあまあ、新村様の御令姪様で。／本日はありがとうございます。どうぞ、ごゆっくり" (8:75-76), "失礼致します" (8:86), and on the second visit "いらっしゃいませ、新村様" / "ご案内いたします。お連れ様がお待ちでございます" / "失礼致します、お連れ様がお見えになりました" (0000119C:8:18-25, "先日と同じ仲居さん" 8:19) (as of 0000119C)
119	3	0		speech level baseline	1	0000119C		- speech level baseline: service 敬語 (staff); broadcast 丁寧 (TV) (as of 0000119C)
119	4	0		EN correlates	1	0000119C		- EN correlates: formal service English, few contractions; broadcast English (as of 0000119C)
119	5	0		notes		000005C1		- notes: all colour ?; unnamed; the Tokyo waitress is not linked by the text to the 元木町 Primavera waitress of 000005C1; keep ungendered where the JP gives nothing (the waitress and 仲居 are women by the words ウェイトレス, 仲居さん "三つ指をつく") (as of 0000119C)
119	6	0		as-of	1	0000119C		- as-of: 0000119C
119	7	0		blank		0000110D:24:124		
120	0	0		heading	1	000011CC:8:35		## 死月妖花 (the organism; 五島's 『ネクロ』; named in 茅萱's memo; see V457)
120	1	0		chunk-30 additions		00002473		- chunk-30 additions (as of 00002473), per 幸太郎's narration and the dead:
120	2	2	1	wants only to live quietly and breed here with no one taking its fruiting bodies		00002473		  - wants only to live quietly and breed here with no one taking its fruiting bodies (0000245F:11:47-49); cannot sense those without danger foresight unless a corpse hears them (0000246E:11:141); lets the villagers destroy each other, since using corpses could draw the state (11:142-146); fears exposure (00002473:11:25); its voice reaches the second and third generations, and the fourth (11:133, 11:143-144); a 神使 lasts about 20 years (11:294).
120	3	2	1	per サクラ		00002473		  - per サクラ: with なつみ joined the 女神 has no weakness and will absorb 荒田 (0000246E:11:267-268); 神使 needed: サクラ, 栄一郎, なつみ, plus one living first generation (11:278-281). Per 栄一郎 / サクラ: a new 女神 "荒田と元木の血を引いた" replaces 糸姫 (00002473:11:304-309); the 女神's other wish is to erase 春花 (11:286-290).
120	4	2	1	00002478		00002478		  - 00002478: 幸太郎 raving "女神を殺せ" / "称えろ" alternately (11:77-97).
120	5	0		chunk-29 additions		00002450		- chunk-29 additions (as of 00002450):
120	6	2	5	per 糸		00002450		  - per 糸 (00002444): "死月妖花――つまり元凶となっているここの桜は、4人の神使を欲しています" (26:283); a fungus without intellect of its own; 糸 was the first taken in and gave it a human mind; a core (核, アバドン) is needed (26:389-392, V648); the current core was taken in about 20 years ago (26:400); all 荒田 is "彼女の支配域" (26:425).
120	7	2	5	the core seen		00002450		  - the core seen (00002444:32): a naked woman about 春花's age under very long hair in a chamber of moving roots under the summit of 糸姫山; see the block "女神様 (the core)".
120	8	2	5	per 栄一郎 and サクラ		00002450		  - per 栄一郎 and サクラ: in about 15 years the 女神 moves to 元木町 (32:248-252); per the 815 news: an earthquake, toxic gas, a huge plant-like thing and thick fog in 元木市 (32:318-319).
120	9	2	5	00002450		00002450		  - 00002450: 篠崎ハジメ's books describe 荒田集落, 死月妖花 as a fungus, ドローガ, 荒田桜, walking corpses (12:129-136); per 桃子 it mimics cherries and could make them bloom out of season (12:213-215).
120	10	0		chunk-28 additions		00002340		- chunk-28 additions (as of 00002340):
120	11	2	10	per 篠崎		00002340		  - per 篠崎 (000021CF): he named it 荒田桜; per 桔梗 it is 死月妖花 (8:25-27); ドローガ scientifically is a tool for the fungus to breed and parasitise humans (8:77); per 土田, the 元木町 research-institute case was done by manipulated corpses (8:475).
120	12	2	10	the guide		00002340		  - the guide: "死月妖花には死人をよみがえらせる力がある" (000021E2:734:8); destroyed in one line (00002330:77:3); it used 糸姫's pure wish for its growth and thriving (77:4).
120	13	2	10	00002225		00002340		  - 00002225: through 五島 its existence came out (11:34).
120	14	2	10	00002340		00002340		  - 00002340: 春花 offers help so it can "live forever"; a living first and second generation for なつみ's revival; 栄一郎 (dead) calls it 女神様 (11:37); revived なつみ is "one with the 女神" (11:103).
120	15	2	10	afterword		00002340		  - afterword: its name came from a mis-conversion of 『四月八日』; not planned before the fifth volume (00002268:8:25-27).
120	16	0		chunk-27 additions		000021C9		- chunk-27 additions (as of 000021C9), per 桔梗's story:
120	17	2	16	晃's mother's record		000021C9		  - 晃's mother's record: after a mass vanishing, about 30 cherries appeared, human clothes and bones in the roots; called 『死月妖花』 of old; 死月 because 荒田 people die in April (00002199:8:11-24).
120	18	2	16	桔梗		000021C9		  - 桔梗: a cherry-like thing using humans through ドローガ to spread (00002199:8:37); a fungus, a parasitic honey-fungus relative (000021B7:8:54); it has intelligence and killed 晃 and his mother (000021C3:8:11-17).
120	19	2	16	the 482 text		000021C9		  - the 482 text: furious that 太閤殿下 took "her" 分身; turns ドローガ users and their children into cherries (000021BD:21:16-21).
120	20	2	16	speaks through dead 晃's body		000021C9:8:14		  - speaks through dead 晃's body (colour 春花): "甘いな" (000021C9:8:14); plans to kill everyone in the settlement (12:0, bare); "私は何千年も何万年も前からここにいたんだ。" (16:5); breeds through other mammals (16:21-23); self 私, calls 桔梗 君 (V623).
120	21	0		chunk-26 note		00001EC0:32:13		- chunk-26 note (as of 00001EFF): named by 茅萱 and 五島 as the deceiver (00001EFF:8:0, 8:15-17); trailer "これが……／死月妖花……。" (00001EC0:32:13-14).
120	22	0		chunk-24 additions		0000156A		- chunk-24 additions (as of 0000156A): route of 0000156A (祀耀815): the name given only as the last words of held sentences, each a bare cell alone in its block: なつみ in 茜's dream "女神様の名前はね……" -> "死月妖花だよ。" (20:57; 24:0); 春花 "女神様の――" -> "死月妖花の一部にさ。" (193:144; 197:0); called 女神様 / 女神 / 彼女; its 『恵み』 made 春花 a 神使 (193:109-111); the 神使 cannot leave its テリトリー (201:24); four 神使, living and dead, first and second generation, fulfil its wish (193:138-140; 201:155-156); 五島's theory in this route: 荒田桜 / the 御神木, a fungus with fruiting bodies hundreds of metres tall over 元木市, spores that now germinate in mammals, petals that dissolve corpses to feed the soil, a will that killed the 747 research group (14:29-111; 58:199-228); 茜: "彼女には――／女神様には、もっと違う呼び名があったのだ。" (201:135-136)
120	23	0		chunk-23 additions		0000154E		- chunk-23 additions (as of 0000154E):
120	24	2	23	per 糸姫		0000154E		  - per 糸姫 (000014EE): a fungus; she gives it human intellect, it keeps her alive and ageless; normally one with her; it wants to thrive as a living thing; for 800 years it has spread hyphae from 荒田 toward 元木町 at her wish; first linked about 60 years ago, grew one 分身 there, remade the soil (16:95-101); it has drained 荒田's nourishment to raise the giant cherries as fruiting bodies storing strength for the move (16:106-112); the four 神使 (living and dead, first and second generation) would complete it as a deathless organism free of the third-generation weakness (16:103-105); it shakes the ground (16:89-92)
120	25	2	23	speaks through the embedded dead		0000154E		  - speaks through the embedded dead (000014EE:24:37-49, colours サクラ / 春花の父, and ――-led voices from everywhere; V551); its 本体 a huge cherry that has taken 糸姫 in (24:62-64); 00001505: 糸姫's face on a twisted, vine-bound body; a voice unlike hers, "わたし　　は　　死月妖　　花　と　呼ばれる　　者　だ" (8:6-7; V536); hyphae as whips; the dead's chants lose reason (8:43-44)
120	26	2	23	in 糸姫's memory		0000154E		  - in 糸姫's memory: it enters her as she dies; wants to grow and live quietly; needs corpses to sprout its 分身; wants more human intellect, so killing; named only "あなた" (00001505:8:455-521)
120	27	2	23	destroyed by the blood of many new third-generation people		0000154E		  - destroyed by the blood of many new third-generation people (0000151C:8:188-227); per 糸姫, every phenomenon tied to it ends, the 元木町 御神木 and hyphae die too (8:230-239); its glowing fragments restore the soil (8:295-302); the 御神木 crumbled and was removed (00001533:8:86-87); 五島: regrowth would take thousands of years (0000151C:8:469-472); narration: "死月妖花は、ただの野生生物。" (8:217)
120	28	2	23	in 幸太郎's account		0000154E		  - in 幸太郎's account (0000154E): サクラ called it 女神様, said it fears humans and drove them out by the elderly "suicides", then the 呪殺 (8:163-188)
120	29	0		chunk-22 additions		000014D7		- chunk-22 additions (as of 000014D7):
120	30	2	29	speaks for the first time, colour ?, "少女のような声"		000014D7		  - speaks for the first time, colour ?, "少女のような声" (000014BC:8:291; 000014D7:8:452); courteous 丁寧 / 敬語 with です・ます, one なさい: "私は、長い間あなたを待ち焦がれていました。／どうぞ、こちらへ来て下さい" (000014BC:8:289-290); "殺しはダメだと言いましたよね？" (000014D7:8:384); "もういいです。／栄一郎、サクラ。あなたたちは下がっていなさい" (8:387-388); "ようこそ、みなさん。お待ちしておりました" (8:451); "古郡なつみさん、初めまして。／私は……／糸姫と申します" (8:459-461); calls the dead bare (栄一郎, サクラ), なつみ 古郡なつみさん / あなた; なつみ: "死月妖花は菌類なんかではない。／人間だ……！" (000014BC:8:296-297)
120	31	2	29	facts		000014D7		  - facts (per 栄一郎, サクラ, the grandmother): the dead call it 女神様 with 尊敬語; its body at the summit of 糸姫山 by the hot spring (00001414:8:175-176); it moves the dead, needs to repair their bodies, and hijacks foresight users' senses periodically, not their thoughts (00001442:11:280-284; 000014D7:8:227-229); it drove humans out by elderly "suicides", then the 呪殺 (000014D7:8:176-195); fresh third-generation blood harms its cells; four 神使 as final seedbeds would make it immune (8:144, 8:250-252); spores changed to kill at once, petals that dissolve bodies (8:291-295); in anger it bursts growths from the dead and raises cherries hundreds of metres high over 荒田 (8:392-406); its body is elsewhere (8:436-437)
120	32	2	29	notes		000014D7		  - notes: the voice names itself 糸姫; the link to 0000107B's 糸姫 is not stated (V517); gender from 少女 and the name only
120	33	0		chunk-21 additions		0000133D:8:146		- chunk-21 additions (as of 000013CD): reading voiced by 茅萱 as a guess "しがつようかって読むのかしら？" (0000133D:8:146, V501); name explained in the 130-year-old book: the cherry that appears where people vanished, strange flowers in the month of death, 荒田 people die in April, "だから、死月だ" (0000133D:8:171-174); the 482 text: "死の月に降臨する妖花――／死月妖花。" (00001355:8:64-65), angry because the 殿下 took "失った彼女の分身" (8:67), repelled by sacrificing a 翠眼 大魔女 (8:81-88); per the セレジェイラ聖教 report (00001355:8:107-275): a fungus mimicking cherries; life cycle through three generations and the fourth (users near a third-generation corpse become seedbeds); the 『猛き音』 its body moving; it moves and preserves the dead; foresight is illusion it shows; 『盗感』 (V492); borrows the brains of the dead for intelligence; per the dead, "女神様" and "彼女" (0000136D:8:211; 8:34-47 memo), rules them as "自我" (8:286); can bind with hyphae, dig tunnels (8:268-272; 8:190-197); hurt by fresh third-generation blood (0000136D:8:314-325; 000013CD:8:350); per 栄一郎 it wants なつみちゃん (000013CD:8:346); keep ungendered except where the text says 彼女
120	34	0		first_appears	1	000011CC:8:35		- first_appears: 000011CC:8:35 (as 五島's 『何者か』); named ネクロ 000011E3:8:28; named 死月妖花 00001214:8:147 (as of 00001214)
120	35	0		pronoun(s)	1	00001214:8:141		- pronoun(s): none (no lines); the memo calls it 『彼女』 (00001214:8:141-156, V460; replayed 00001247:8:136-143) (as of 00001247)
120	36	0		description		000011E3:8:16		- description: per 茅萱's memo, a huge organism rooted in 荒田 for tens of thousands of years, of the ナラタケ fungus kind, parasitic; 荒田's "cherries" are its fruiting bodies; foresight, the 呪殺, サクラ's death and 茅萱's green eye are its breeding; no intelligence, yet it deceives; it sees through the seers' five senses but cannot read thoughts (00001214:8:141-156); per 五島's hypotheses (unconfirmed), it grows cherries at will, stops trains, shows なつみ visions, the 猛き音 accompanies its moves, it withers the woods (000011E3:8:16-25; 00001247:8:128-156; 000012C5:8:211-215); per the 70-year-old report, 荒田桜 is one fungal body under the district whose spores (ドローガ) grow in humans (000012F5:8:117-175) (as of 000012F5)
120	37	0		notes		000011E3:8:26		- notes: the name is the game's title and reads しがつようか, as 四月八日 (V457); 五島 and なつみ also say ネクロ; the cast's words for it: 『何者か』, そいつ (000011E3:8:26), ネクロ, 死月妖花, 彼女; keep ungendered except where the text says 彼女 (as of 000012DE)
120	38	0		known ambiguity / open questions	1	00001214		- known ambiguity / open questions: V457, V458, V460 (as of 00001214)
120	39	0		as-of	1	00002450		- as-of: 00002473 (was 00002450)
120	40	0		blank		000011CC:8:35		
121	0	0		heading	1	000011E3		## 金井桂子 (Keiko Kanai, reading assumed; 美冬's grandmother; named only)
121	1	0		chunk-25 additions		0000170A		- chunk-25 additions (as of 0000170A): in the 0000170A reference text: lived alone in 元木町 in 737 and walked the path to a well daily; in March found the old cherry; one line (colour ?): "こんなところに桜の木なんてあったかしら……" (8:6); neighbours enshrined it (8:13-22)
121	2	0		first_appears	1	000011E3		- first_appears: 000011E3:8:61 (newspaper, 祀耀737年三月三〇日) (as of 000011E3)
121	3	0		pronoun(s)	1	000011E3		- pronoun(s): none (no lines) (as of 000011E3)
121	4	0		facts		000011E3		- facts: lived near the site; found a 20 m cherry in full bloom there, the future 御神木; quoted "この日本に花を咲かせてくれる神様に違いない" (000011E3:8:61-63); 美冬: "その金井桂子は私の祖母よ" (8:66); 春花 calls her "私のひいばあちゃん" (8:67) (as of 000011E3)
121	5	0		as-of	1	000011E3		- as-of: 0000170A (was 000011E3)
121	6	0		blank		000011E3		
122	0	0		heading	1	000011CC		## unnamed walk-ons (chunk 20: station staff, a masked villager)
122	1	0		first_appears	1	000011CC		- first_appears: 000011CC:8:183 (as of 000011CC)
122	2	0		lines		000011CC:8:184		- lines: 豊岳駅 staff with a megaphone "えー豊岳線は線路トラブルのため、上下線ともに運転を見合わせています。" (000011CC:8:184-185); asked what happened "えっとですね……／それが、何と言えばいいのか……。／すぐそこで急に生えてきたんですよ。／桜の木が" (8:190-193); a recorded phone voice "おかけになった電話は、電波の届かないところに――" (000012C5:8:58); the masked villager's line is in the villagers' block (as of 000012DE)
122	3	0		speech level baseline	1	000011CC		- speech level baseline: announcement 丁寧; flustered 丁寧 with the reveal held to the last cell (as of 000011CC)
122	4	0		notes		000012C5		- notes: all colour ?; unnamed, ungendered: keep so (as of 000012C5)
122	5	0		as-of	1	000012DE		- as-of: 000012DE
122	6	0		blank		000011CC		
123	0	0		heading	1	00001325		## 大翔 (Hiroto; a boy in 夏菜's exchange diary; named only)
123	1	0		first_appears	1	00001325		- first_appears: 00001325:8:144 (as of 00001325)
123	2	0		pronoun(s)	1	00001325		- pronoun(s): おれ, in the diary entries 夏菜 wrote in his name ("おれも何て書いたらいいか分からないなあ。" 8:168) (as of 00001325)
123	3	0		speech level baseline	1	00001325		- speech level baseline: a boy's plain written タメ口 with だぞ / よな / なあ, read aloud by 夏菜 (colour 夏菜): "おれの家でも妹のひなまつりやったぞ！" (8:178); "なあ夏菜、／お前はおれのこと……／ほ、…ほほほ、／」" (8:180-194); "交かん日記でくらいなら、言ってもいい……／よな。／夏菜……／す、好きだよ」" (8:218-221) (as of 00001325)
123	4	0		notes		00001325		- notes: reading ひろと given by 夏菜 (8:147); a classmate of 夏菜 in the entries ("五年生もまたいっしょのクラスになれるといいよね" 8:171); every entry is 夏菜's own writing (8:240-246); whether a real boy of that name exists is not said: keep as the diary has it (V486, V487) (as of 00001325)
123	5	0		known ambiguity / open questions	1	00001325		- known ambiguity / open questions: V486, V487, V488 (as of 00001325)
123	6	0		as-of	1	00001325		- as-of: 00001325
123	7	0		blank		00001325		
124	0	0		heading	1	00001355		## 椿 (Tsubaki, reading V500; a young 大魔女 of 祀耀482; named only)
124	1	0		chunk-27 note		00002193:8:52		- chunk-27 note (as of 000021BD): "祀耀482年当時、若き大魔女である新村椿が、その身を犠牲にして死月妖花を撃退した" (000021BD:8:6), full name 新村椿; unnamed in 00002193:8:52.
124	2	0		first_appears	1	00001355		- first_appears: 00001355:8:83 (as of 00001355)
124	3	0		pronoun(s)	1	00001355		- pronoun(s): none (no lines) (as of 00001355)
124	4	0		facts		0000130D:8:99		- facts (per the 482 text): turned 翠眼 and was sacrificed to repel 死月妖花 and the 女神 (00001355:8:83-84); 0000130D:8:99-103 (a young 大魔女's eye turned green in 482, the village saved at the cost of her life) is the same event, unnamed there; printed " 椿 " (ruby residue) (as of 00001355)
124	5	0		known ambiguity / open questions	1	00001355		- known ambiguity / open questions: V500 (as of 00001355)
124	6	0		as-of	1	00001355		- as-of: 000021BD (was 00001355)
124	7	0		blank		00001355		
125	0	0		heading	1	0000133D		## the writers of the three hidden books and the 482 text (chunk 21; no lines)
125	1	0		first_appears	1	0000133D		- first_appears: 0000133D:8:162 (as of 0000133D)
125	2	0		voices		0000133D:8:188		- voices: 『失踪者共のなれの果て』 (about 130 years old): the surviving villagers, 我々, plain written だ / である with a modernising resolve ("そろそろこの神話主義から脱却し、現実的に荒田集落の謎を解き明かさなくてはならない" 0000133D:8:188); the 482 text (in 桔梗's modern translation): grave, prophetic, 我々, commands to descendants ("未来の荒田の者たちよ、子孫たちよ。／これから述べることをしかと後世へ伝えよ。" 00001355:8:89-90), then an archaic verse (8:92-96); 『死月妖花の生態』 (about 70 years old): セレジェイラ聖教 researchers, 我々, clinical report style with ・ summaries and hedges ("と思われる", "推測される"), closing on a direct address "もし、これを読んでいるあなたに予知能力があるなら。…あなたを殺すだろう――。" (00001355:8:272-275) (as of 00001355)
125	3	0		EN correlates	1	00001355		- EN correlates: formal written English, no contractions; the verse in a plain archaic register; the report in plain scientific English (as of 00001355)
125	4	0		notes		00001355		- notes: colour ? where coloured; unnamed; keep ungendered (as of 00001355)
125	5	0		known ambiguity / open questions	1	00001355		- known ambiguity / open questions: V491, V492 (as of 00001355)
125	6	0		as-of	1	00001355		- as-of: 00001355
125	7	0		blank		0000133D		
126	0	0		heading	1	0000139D		## unnamed walk-ons (chunk 21: searchers and living villagers)
126	1	0		first_appears	1	0000139D		- first_appears: 0000139D:8:0 (as of 0000139D)
126	2	0		lines		0000139D:8:0		- lines: searchers "おーい！　茅萱ちゃーん！" / "どこだー！？" / "みんな心配してるぞー！" / "おーい！" / "どこに隠れてるー！？" (0000139D:8:0-5, colour ?; 8:2 is 夏菜's); an unheard voice in the hut "「――／――／――」" (8:72-74, colour ?); two men in the village (000013FD:8:23-38, "大人の男の声" 8:22): "茅萱ちゃん、やっぱり死んだんだろうな", "逆に考えれば、俺たちはあと1年は生きられるってことだ", "でも、今年、何か変じゃないか？　おかしな音が鳴ったしさ", "ヘリが近くを通ったんじゃないか？", "まあ、大魔女様も幸太郎君も大変だよな。", "もう、この集落も解散した方がいいんじゃないかな……", "いや、俺は最後まで戦いたい。ここから逃げたらご先祖様に顔向けできないだろ", "お前にもそうしろって言ってるんじゃない。この時代、どうするかはそれぞれの意思次第だ", "まあ、今日は早いところ寝よう。明日十三回忌やるんだろ？"; a couple (8:46-50): "いててて……やっぱり筋肉痛だ……", "もう、いい歳して無理しすぎだって……ほら、湿布", "あの子ならきっと大丈夫よ、あんたと違って、運動神経抜群だから"; another household (8:52-54): "新村家の火事、結局何だったんだろうな……", "重要な本があったらしいけど、それを燃やそうとしたみたいだ" (all colour ?) (as of 000013FD)
126	3	0		speech level baseline	1	000013FD		- speech level baseline: plain タメ口 of village men and women; 俺 (as of 000013FD)
126	4	0		calls		000013FD		- calls: 茅萱 茅萱ちゃん (3p); the grandmother 大魔女様 (3p); 幸太郎 幸太郎君 (3p) (as of 000013FD)
126	5	0		notes		000013FD		- notes: unnamed; genders only as the words give them (the two "男の声"; the couple's woman by speech forms only); who speaks each line is not marked; keep so (as of 000013FD)
126	6	0		as-of	1	000013FD		- as-of: 000013FD
126	7	0		blank		0000139D		
127	0	0		heading	1	000014D7		## 新村晃 (Akira Niimura, reading V525; 新村桔梗's husband; named only)
127	1	0		chunk-27 additions		00002137		- chunk-27 additions (as of 000021C9): lines in 00002137-000021C9, drawn in 春花's colour (V618).
127	2	2	1	pronoun		00002137:8:60		  - pronoun: 俺 ("ああいえ、俺は日本人です。" 00002137:8:60).
127	3	2	1	voice		00002137:8:3		  - voice: courteous 丁寧 to 桔梗 at first ("ああ、驚かせて申し訳ない。" 00002137:8:3; "桔梗殿ですか。" 8:50); earnest and heated on freedom ("でも、そんなのおかしいと思いませんか！？" 0000215E:8:38; "だったら、荒田集落に来て下さい" 8:76); laughs readily ("はははは！　そうでしたか！" 00002137:8:31); as husband plain タメ口 with だ / ぞ / な ("桔梗！　無事だったか！" 0000217A:8:50; "ああ知ってるぞ。人間の力を高める薬さ" 00002181:8:31).
127	4	2	1	facts		00002137:8:12		  - facts: blue eyes and brown hair from a Western ancestor about 400 years back (00002137:8:12, 8:61-64); wears a 能面 and red cloth in 東京; 16; first time out of 荒田; came to present ドローガ to the 帝, who refused (00002181:8:40-43); son of the 大魔女, who sent him (8:45); asked the 帝 for a bride and married 桔梗 by order (0000217A:8:17-35); uses ドローガ for hunting later (0000218D:8:4); knows the green-eye rule by word of mouth, one killing since his birth (00002193:8:17-22); died with his mother from the 墓地広場 cliff (0000219F:8:6).
127	5	2	1	dead		000021C3:8:44		  - dead: appears young in February among cherry petals, "桔梗、久しぶりだね" (000021C3:8:44); the 女神 in his body (000021C9), self 私 and 君 (V623).
127	6	0		first_appears	1	000014D7		- first_appears: 000014D7:8:165 (named by 栄一郎) (as of 000014D7)
127	7	0		pronoun(s)	1	000014D7		- pronoun(s): none (no lines) (as of 000014D7)
127	8	0		facts		000014D7		- facts (per 栄一郎): about 120 years ago went to 東京市 and presented ドローガ to the powerful of the day; through him 桔梗 came to 荒田 and married in (000014D7:8:165-167) (as of 000014D7)
127	9	0		notes		000014D7		- notes: printed " 晃 " with ruby-residue spaces (as of 000014D7)
127	10	0		known ambiguity / open questions	1	000014D7		- known ambiguity / open questions: V525 (as of 000014D7)
127	11	0		as-of	1	000014D7		- as-of: 000021C9 (was 000014D7)
127	12	0		blank		000014D7		
128	0	0		heading	1	00001533		## 後白河糸織 (Shiori Goshirakawa, reading V549; transfer student, Class 2-2)
128	1	0		first_appears	1	00001533		- first_appears: 00001533:8:157 (enters the classroom); first line 8:171 (as of 00001533)
128	2	0		pronoun(s)	1	00001533		- pronoun(s): 私 ("私の名前も変わっとるけどな！" 8:218; "今の私は、誰でもないわけやし" 27:55) (as of 00001533)
128	3	0		pronoun FREQUENCY	1	00001533		- pronoun FREQUENCY: about as often as typical (as of 00001533)
128	4	0		speech level baseline	1	00001533		- speech level baseline: a standard 丁寧 self-introduction ("初めまして。後白河糸織と言います。" 8:171), then Kansai (Osaka) dialect タメ口 with や / やろ / やなあ / ねん / ん? / わあ / せや / ほな / ほんま / しんどい / 思うた / しいひん / とる: "あーもうホンマしんどかったわあ……。" (8:179); "おお！　やっぱり大阪のノリはどこでも通じるもんなんやなあ！" (8:204); "よかったあ！　ちょっと遅いけど声張ったナイスツッコミやわ！" (8:211); "あは！　変わった名字やなあ！／　私の名前も変わっとるけどな！　まあ、仲良くしたってな！" (8:217-218); "この手、すごく大変なことがあったみたいやな。／大丈夫や、すぐによくなる" (8:228-229); "古郡さん、ありがとな。…古郡さん、めっちゃええ人やな" (8:240-242); "ほな、また後でな" (8:250); "へえ、この学校、屋上入れるんや！　珍しいな！" (27:0); "もしかして私、誰かに似てるん？" (27:9); "私、占いとか結構信じる方やねん。" (27:16); "うーん、別に気にしいひんけどなあ。" (27:23); "冗談やなく、ほんまに先週の四月八日より前の記憶がないねん。" (27:47); "ほなら、私、その子の生まれ変わりでええよ" (27:42); "お、呼び出しや！　転校生はほんま忙しいわあ。／ほなな！" (27:60-61) (as of 00001533)
128	5	0		sentence-final particles	1	00001533		- sentence-final particles: や ("大丈夫や" 8:229); やなあ ("変わった名字やなあ！" 8:217); ねん ("記憶がないねん" 27:45); ん? ("誰かに似てるん？" 27:9); わあ ("しんどかったわあ" 8:179); な ("ありがとな" 8:240) (as of 00001533)
128	6	0		copula	1	00001533		- copula: や (as of 00001533)
128	7	0		verbal tics / catchphrases / fillers	1	00001533		- verbal tics / catchphrases / fillers: laugh "あは！" (8:217; 27:36), "あはは！" (27:30, 27:57); the bunny-hop gag ending "ぴょんぴょん！" (8:180) (as of 00001533)
128	8	0		dialect	1	00001533		- dialect: Kansai / Osaka, named by the text ("生まれも育ちも大阪" 8:173; "大阪のノリ" 8:204); DIALECT POLICY: rhythm and word choice, one TN at her first dialect line (V544) (as of 00001533)
128	9	0		EN correlates	1	00001533		- EN correlates: breezy, warm, high contractions; no regional English, no eye-dialect (as of 00001533)
128	10	0		calls		00001533		- calls: なつみ 古郡さん, then なつみ (asks "なつみちゃんでええかな？", told "なつみでいいよ", 27:2-4); 3p to the teacher あの子 (8:205); 向井 先生 (as of 00001533)
128	11	0		facts		00001533		- facts: long straight hair, slim legs, a beautiful face, "キラキラ" (8:161-162); her face like 糸姫's (8:165-167; 27:8); per なつみ, the girl who spoke to 五島 at the 御神木 site that morning (8:168-169); says she was born and raised in 大阪 and moved for "諸事情" (8:173); her transfer came a week late, explained with a joke about bunny-hopping 500 km (8:174-180); remembers nothing before last week's April 8 but her name; the police are looking into who she is; lives in a 元木町 facility; asked to be let into high school (27:44-52); believes in fortune-telling (27:16); offers to be "that girl's" rebirth (27:29, 27:42, 27:54); called to the staff room (27:59); the text states no link to 糸姫: add none (as of 00001533)
128	12	0		known ambiguity / open questions	1	00001533		- known ambiguity / open questions: V544, V549 (as of 00001533)
128	13	0		as-of	1	00001533		- as-of: 00001533
128	14	0		blank		00001533		
129	0	0		heading	1	00001505		## unnamed bandits (山賊; 糸姫's memory, 00001505)
129	1	0		first_appears	1	00001505		- first_appears: 00001505:8:367 (as of 00001505)
129	2	0		lines		00001505		- lines: "いたぞー！" / "ほほー！　やっと獲物だあ！" (8:367-368); "いやあ！　一時はどうなるかと思ったけど、やっと獲物だあ！" (8:371); "こんなところで獲物が見つかるなんて、棚から何とか、だな！" (8:372); "ははははは！"⏎"ははははは！" (8:373); "おい女！　荷物全部置いて行きな！　命だけは助けてやるぜ！" (8:376); "ん？／　んんー！？／　なかなかいい女じゃないのー！？" (8:377-379); "まだガキだろ……" (8:380); "いやいや見ろよ！／　ほれ、もう女の肌してるぞ！　ここも！　ここも！" (8:382-383); "お前らがガキって言うなら、俺がいただくぞ！" (8:385); "待て待て！　いらないとは言ってないだろ！" (8:386); "おー！　追いかけっこだー！" / "待てー待てー！" (8:389-390); "はいはいお嬢ちゃん、大人しくしましょうね" (8:400); "お嬢ちゃん、ほら危ないからこっちにおいでよ" (8:406); "僕たち、ほんとはとっても優しいんだから！" (8:407); "うわあ……こりゃきついな……" / "さすがにこんな女、いらないわ……" (8:432-433); "金目のもの、持ってないのか？" / "折れたかんざしだけだ。とんだ骨折り損だったな、行こうぜ" (8:437-438) (as of 00001505)
129	3	0		speech level baseline	1	00001505		- speech level baseline: 乱暴, leering, mock-gentle; 俺, 僕たち (mocking) (as of 00001505)
129	4	0		EN correlates	1	00001505		- EN correlates: crude, high contractions; no regional markers (as of 00001505)
129	5	0		notes		00001505		- notes: seven men "全身真っ黒に汚れた" (8:369-370); colour ?; which bandit speaks each line is not marked: keep unattributed (as of 00001505)
129	6	0		as-of	1	00001505		- as-of: 00001505
129	7	0		blank		00001505		
130	0	0		heading	1	00001533		## unnamed walk-ons (chunk 23: classmates, a PA voice)
130	1	0		first_appears	1	00001533		- first_appears: 00001533:8:133 (as of 00001533)
130	2	0		lines		00001533		- lines: "起立！／　礼！" (00001533:8:133-134, speaker not marked); "おはようございまーす！" (8:135); at the transfer student "おお……！" / "すげえ……！" (8:158-159); four silent "…………" cells (8:181-184); the PA "――2年2組の後白河糸織さん、至急職員室へ来て下さい。" (27:59, a ――-led bare cell) (as of 00001533)
130	3	0		notes		00001533		- notes: colour ? or none; unnamed, ungendered; keep so (as of 00001533)
130	4	0		as-of	1	00001533		- as-of: 00001533
130	5	0		blank		00001533		
131	0	0		heading	1	0000156A		## 山垣 (Yamagaki, reading assumed; a young prison officer, 0000156A)
131	1	0		first_appears	1	0000156A		- first_appears: 0000156A:92:72; named 92:84 (as of 0000156A)
131	2	0		pronoun(s)	1	0000156A		- pronoun(s): 私 ("私、今日から元木刑務所勤務です。" 92:89) (as of 0000156A)
131	3	0		speech level baseline	1	0000156A		- speech level baseline: kind official 丁寧: "佐波刑務所から、新築の元木刑務所へ移送します" (92:77); "はい、元木市も人口が増えたことにより、あらゆる施設が建てられています。／刑務所もその1つです。古郡さんは、家族が元木町にいるんですよね？" (92:79-80); "あ、すみません……" (92:85); "起きて下さい、古郡さん、起きて下さい" (92:117); "あと20分ほどで着きますから" (92:121) (as of 0000156A)
131	4	0		calls		0000156A		- calls: 茜 古郡さん (as of 0000156A)
131	5	0		EN correlates	1	0000156A		- EN correlates: polite, normal contractions plus polite words (as of 0000156A)
131	6	0		notes		0000156A		- notes: colour ?; a young woman ("若い女性の声" 92:118; 彼女 92:90); new, scolded by a senior officer (92:84-86); dead after the crash (92:198-206) (as of 0000156A)
131	7	0		as-of	1	0000156A		- as-of: 0000156A
131	8	0		blank		0000156A		
132	0	0		heading	1	0000156A		## unnamed walk-ons (chunk 24: prison staff, radio, reporters, the special unit)
132	1	0		first_appears	1	0000156A		- first_appears: 0000156A:20:7 (as of 0000156A)
132	2	0		lines		0000156A		- lines: a guard "204番、移動！" (20:7 in 茜's dream; 92:23); a senior officer "山垣さん、そこまでになさい" (92:84); the radio newscaster "こんばんは、6時のニュースの時間です。／先ほど、中嶋官房長官の定期会見が始まりました。中継でお送りします" (34:172-173), "――以上、官房長官の定期会見でした。…" (70:101-110, 70:117-119), news as ――-led cells (58:257-259; 201:138-139); reporters as ――-led bare cells ("――官房長官！　こういうことは、人命が最優先ではないんですか！？" 14:134; 34:178-184; 58:262-267; 201:143-153); the special unit, about 15 in protective suits with firearms, found dead, no lines (193:16-26) (as of 0000156A)
132	3	0		speech level baseline	1	0000156A		- speech level baseline: broadcast 丁寧; reporters pressing 丁寧; the guard a curt command (as of 0000156A)
132	4	0		notes		0000156A		- notes: colour ? or none; unnamed; the prison staff are women (女性専用の刑務所 92:67-68); keep the rest ungendered (as of 0000156A)
132	5	0		as-of	1	0000156A		- as-of: 0000156A
132	6	0		blank		0000156A		
133	0	0		heading	1	0000156A		## unnamed woman's voice at the convenience store (0000156A:40)
133	1	0		first_appears	1	0000156A		- first_appears: 0000156A:40:256 (as of 0000156A)
133	2	0		lines		0000156A		- lines: "すみません、救助に来ましたが、誰かいませんか？" (40:256); "ここだと思ったのに、気のせいかしら……" (40:267) (as of 0000156A)
133	3	0		speech level baseline	1	0000156A		- speech level baseline: polite 丁寧, then a soft かしら aside (as of 0000156A)
133	4	0		notes		0000156A		- notes: colour ?; "女の声" (40:258); 茜 finds it familiar and not 春花's (40:265-266; 34:9); no head gear, so not an ordinary rescuer (40:262-263); なつみ's foresight marks her as danger (40:274-275); 五島's video then shows 美冬 in the white robe (34:48-51); never named as the speaker: keep unattributed (V558) (as of 0000156A)
133	5	0		known ambiguity / open questions	1	0000156A		- known ambiguity / open questions: V558 (as of 0000156A)
133	6	0		as-of	1	0000156A		- as-of: 0000156A
133	7	0		blank		0000156A		
134	0	0		heading	1	000000F2		## 立木三日 (reading V573; the guide, 案内人; the unnamed guide of 0000001E / 000000F2)
134	1	0		chunk-28 additions		00002355		- chunk-28 additions (as of 00002355):
134	2	2	1	000021D5		00002355		  - 000021D5: 敬語 notice of a ボツシナリオ, "内部的と言いますか、メタ的な話" (35:4-9).
134	3	2	1	000021E2		00002355		  - 000021E2 (colour ?, and colour 春花 in some branches, V632): わたくし + 敬語 to the player at first; "私がなぜなつみを手に掛けたのかを知ることができた" (64:9); merges with the visiting 春花: "わたくしは今、2つの次元の新村春花が1つになった姿" (211:3); 3p "<name>さんって言ってな、私の大切な人だ" (211:17-18); "ありがとな、<name>！／　お前に会えて、本当に良かった！" (256:1-3); in other branches in 春花's rough タメ口 with 私: "いやだ！　なつみのいる世界に行けるのに！" (437:3); "しょせんあんたも傍観者。" (734:3); "全部知ったんだ。死月妖花には死人をよみがえらせる力がある。" (734:8); "能面つけて急いで登場してさ。" (628:2); "あなたとここで過ごした時間は、私の宝物だよ" (628:9); with なつみ: "私……ずっと弱かった……。" (901:58); "約束を……守ること" (901:77); "何だよ、あいつ、バッカじゃねーの？" (901:144); "目が覚めたよ。もう、大丈夫だから" (1025:22); the player's name loses 様 (V633).
134	4	2	1	00002317, 00002325		00002355		  - 00002317, 00002325: mid-volume 敬語 interruptions; her cells turn to mojibake, which she calls 干渉ノイズ (00002330:77:2; V631); "お化け……？" (00002317:77:0).
134	5	2	1	00002330		00002355		  - 00002330: bare narration to the player (61:0-5, inferred); "わたくしの父、新村栄一郎" (77:5); recap offered (89:0).
134	6	2	1	0000234B / 00002350 / 00002355		00002355		  - 0000234B / 00002350 / 00002355: the bare ――-led voice begging for help in three dreams, the guide by context (000021E2:53:29, 675:4-5): "――誰か……助けてくれ……。"; "――その声……／お前なら私を助けられる！" (00002350:8:6-7); "――その声……／お前、生きてるのか！？" (00002355:8:3-4).
134	7	2	1	00002225		00002355		  - 00002225: in her own world she wakes in hospital after about a year (11:0-13); the later epilogue (see the 春花 block).
134	8	0		chunk-26 additions		00001EB4		- chunk-26 additions (as of 00001EB4):
134	9	2	8	identity		00001EB4		  - identity: "わたくしは――／新村春花と申します。" (00001CA0:144:1-2); 偽名 (144:5); stabbed 古郡なつみ (144:7); one eye green (144:9).
134	10	2	8	voice		00001EB4		  - voice: わたくし + 敬語; 私 in distress (64:11); rough in 00001C8C ("黙れ！" 190:0); slip "って、バカかよ！　んなわけあるか！" (00001EB4:83:2).
134	11	2	8	format		00001EB4		  - format: her lines in 「」 from 00001EA4.
134	12	0		first_appears	1	000000F2		- first_appears: as the unnamed guide 000000F2 (V002); named 000015C2:81:2
134	13	0		pronoun(s)	1	000015C2:48:14		- pronoun(s): わたくし (000015C2:48:14, 61:12) and 私 (81:0, 81:2, 81:6; 000017A5:96:4) mixed within files; not plot-relevant as far as seen (as of 00001B5D)
134	14	0		pronoun FREQUENCY	1	000000F2		- pronoun FREQUENCY: about as often as typical
134	15	0		speech level baseline	1	0000176E:84:6		- speech level baseline: 敬語 to the player (申し上げます, 参りました, 致します, ございます, 恐悦至極に存じます); now and then ですわ / かしら ("ああ、それは素晴らしいですわ。" 00001792:71:0; "ちょっと話し過ぎてしまいましたかしら。" 0000180D:84:5; "ふふふ、素晴らしいですわ。" 00001AC7:74:0); laughs "ふふ" (0000176E:84:6), "ほほほほほ" (00001973:73:2)
134	16	0		sentence-final particles	1	000015C2:143:1		- sentence-final particles: ね "この風貌では無理もないですね……" (000015C2:143:1); わ (ですわ, above); かしら (above)
134	17	0		copula	1	000000F2		- copula: です / でございます
134	18	0		verbal tics / catchphrases / fillers	1	000015C2:61:17		- verbal tics / catchphrases / fillers: each ending file opens "お疲れ様でございました、<name>様。…終焉まで到達しました" (0000176E:22:0-1 and later); "ご案内致します"; "ゆめゆめ、お忘れなきよう。" (000015C2:61:28); refrain: the player's one duty is to see "彼女たちの幸福な結末", knowing the truth is "求められておりません" (000015C2:61:17-28; 0000198D:111:0-5; 000017B6:94:3)
134	19	0		dialect	1	000000F2		- dialect: none
134	20	0		EN correlates	1	000000F2		- EN correlates: formal, courtly, few contractions; polite words; the player addressed "<name>-sama" (V001)
134	21	0		facts		000015C2:48:17		- facts: the guide of "this world"; a woman (000015C2:81:6); cannot show her face; wears a 能面 and 赤装束 to hide a bodily feature and says she is not the culprit in that dress (000017B6:82:0-8); says she made this world and that scenes she did not intend slip in (00001B47:60:1-2); waves away a noise, a watcher at a door, a 五島 detail and "unneeded" scenes (0000198D:71:1-2; 000017B6:94:0-3; 00001B47:116:1-2); summoned by right-click (000015C2:48:17; 00001792:83:11); keeps the player's progress (00001792:83:1) (as of 00001B5D)
134	22	0		known ambiguity / open questions	1	000015C2		- known ambiguity / open questions: V001, V002 (resolved 000015C2), V573, V587
134	23	0		as-of	1	00001EB4		- as-of: 00002355 (was 00001EB4)
134	24	0		blank		000000F2		
135	0	0		heading	1	000016AE:11:37		## 市村先生 (Ichimura-sensei, reading assumed; 五島's elementary-school homeroom teacher)
135	1	0		first_appears	1	000016AE:11:37		- first_appears: 00001704:8:0 (named by 五島 8:11); 000016AE:11:37 (named 11:43)
135	2	0		pronoun(s)	1	000016AE		- pronoun(s): 私 ("一応、私はこれでも教師だから……" 000016AE:11:60); self 先生 ("先生嬉しいわ" 11:68) (as of 000016AE)
135	3	0		pronoun FREQUENCY	1	000016AE:11:37		- pronoun FREQUENCY: about as often as typical
135	4	0		speech level baseline	1	000016AE		- speech level baseline: 丁寧 to the class ("はい、みなさんが静かになるまで3分かかりました。" 00001704:8:0); soft feminine タメ口 to 五島 with わ / ねえ / なさい ("やっぱり五島さんね！　久しぶりねえ！" 000016AE:11:44; "ほらほら、五島さんも自宅待機なさい" 11:63) (as of 000016AE)
135	5	0		sentence-final particles	1	000016AE:11:37		- sentence-final particles: わ "心配な児童だったから……" / "感心できないわ" (11:57, 11:60); ね "雰囲気変わったわね" (11:49)
135	6	0		calls		000016AE		- calls: 五島 五島さん / あなた; the class みなさん (as of 000016AE)
135	7	0		EN correlates	1	000016AE		- EN correlates: warm teacher, normal contractions; colour ? (as of 000016AE)
135	8	0		facts		000016AE		- facts: a woman (000016AE:11:40); taught 五島 over three years before 800 (11:45); knew her as gloomy and friendless though clever (11:51-57); tears up at the change (11:69) (as of 000016AE)
135	9	0		as-of	1	000016AE		- as-of: 000016AE
135	10	0		blank		000016AE:11:37		
136	0	0		heading	1	00001807		## 道畑 (Michihata, reading assumed; 桃子's manager at a part-time job; a Primavera regular)
136	1	0		first_appears	1	00001807		- first_appears: 00001807:8:8; named 8:53 (as of 00001807)
136	2	0		pronoun(s)	1	00001807		- pronoun(s): 俺 ("俺が教えておいてあげた方がいい" 8:24)
136	3	0		speech level baseline	1	00001807		- speech level baseline: over-familiar タメ口 turning insulting (桃ちゃん -> 君 -> お前): "ちょっと桃ちゃん、もう休憩時間終わってるぞ" (8:8); "桃ちゃんって、彼氏とかいるの？" (8:13); "お前みたいな不良娘が働けるところ、そう多くないんだぞ！？" (8:35); "落ちこぼれ姉妹同士、落ちこぼれらしく警察のお世話になってろよ" (8:41); pained "いだい……！／け、警察呼ぶぞ……！" (8:48-49); "ぐああ……" (8:59) (as of 00001807)
136	4	0		EN correlates	1	00001807		- EN correlates: sleazy, high contractions; colour ?
136	5	0		facts		00001807		- facts: a self-styled fan of Primavera's 看板娘, orders iced café au lait with extra milk there (8:38, 8:53-54); banned from Primavera by 桃子 (8:51) (as of 00001807)
136	6	0		as-of	1	00001807		- as-of: 00001807
136	7	0		blank		00001807		
137	0	0		heading	1	00001715:8:6		## reference documentaries: narrators and quoted experts (00001715, 000019E9, 00001A8C)
137	1	0		first_appears	1	00001715:8:6		- first_appears: 00001715:8:6
137	2	0		lines		00001715		- lines: unnamed scientists on telepathy (00001715, colour ?): "テレパシーは超常現象でも超能力でもありません。" (8:39); "イカサマだったのかもしれませんね、はっはっは" (8:47); ケビン＝ホワイト, a religion scholar (000019E9, colour ?): "宗教とは、農業とともに人類の文化の根幹を成す要素です。" (26:12); マイケル・ノーマン博士, an Africanist anthropologist (00001A8C, colour ?): "すべての事象には必ず、原因と理由があるのです" (8:37) (as of 00001A8C)
137	3	0		speech level baseline	1	00001A8C		- speech level baseline: lecture 丁寧; the narration plain だ / である documentary register with ――-led cells (as of 00001A8C)
137	4	0		EN correlates	1	00001A8C		- EN correlates: documentary English, few contractions (as of 00001A8C)
137	5	0		known ambiguity / open questions	1	000019E9		- known ambiguity / open questions: V581 (as of 000019E9)
137	6	0		as-of	1	00001A8C		- as-of: 00001A8C
137	7	0		blank		00001715:8:6		
138	0	0		heading	1	00001704:8:5		## unnamed walk-ons (chunk 25)
138	1	0		first_appears	1	00001704:8:5		- first_appears: 00001704:8:5 (as of 00001B5D)
138	2	0		lines		00001704:8:6		- lines: 五島's 6th-grade classmates "絵梨奈ちゃん、誕生日だったんだ！" (00001704:8:6), chorus "はーい！" x6 (8:29); 0000170A residents "ん……こんな木、あったかな……" (8:14), "でもまあ、こんな立派な桜が急に現れたって言うなら、神様と思って祭った方がいいんじゃないか？" (8:19); 伊勢's subordinate "へえ、新村さんって不良少女なんですか？" (0000171B:8:21), "あーあ……伊勢警部補、趣味さえまともならモテるだろうに……。もったいない" (8:48); a 巡査部長 "しかし、古郡なつみさんは事件とは何の関係も――" (00001735:8:9); the TV presenter of 『飯沢いいジャン♪』 and interviewees (00001741:8:8-35: "私、犯人見ましたよ" 8:26, "あれが人間なわけないです！" 8:35); a plainclothes zoo patrolman, 僕 ("えっと僕は私服巡回員で……" 00001755:8:28; "ちち違う！　僕はここの女ケ沢動物園の私服巡回員だ！" 8:44); two schoolgirls with Shabetter ("これ、やばいやつだよね？" 000017CB:8:5); 亀田 of ハヤブサ宅配サービス, service 敬語 ("こちらハヤブサ宅配サービス、サービスセンターの亀田と申します。" 000017D3:8:1); an officer at 00001854 ("警部補、古郡家周辺に配置した部隊から定時連絡がありません！" 8:1); 春花's classmates, one in 「」, one in ――-led cells (00001818; 00001A5C; V586); the contest MC ("はじめーーー！！" 0000191C:11:69), spectators (11:34-35), the イカ焼き stall owner ("お！　絵梨奈ちゃん、久しぶりだね！　毎度ー！" 11:141); a woman doctor seen by 春花 ("あっちの方はどうなの？" 00001A52:8:31; わね / わよ; calls her 春花ちゃん); a clinic doctor, ――-led ("――あら、谷崎先生、また風邪かしら？" 00001A6B:8:2); Detroit street men (――-led) and their boss ("あんたの動画、全部欠かさず見てるぜ" 00001A6B:22:89), a newsreader (bare cells 22:103-106); funeral mourners (――-led, 00001A97:8:0-2, 8:9-11, 8:18-20) (as of 00001A97)
138	3	0		named, no lines		00001715:8:12		- named, no lines: ジェシー and アンジー (twins, 00001715:8:12); 美山先輩 (00001A5C:8:38); ビーナス鈴鹿 (00001A65:8:6) (as of 00001A65)
138	4	0		speech level baseline	1	00001A6B		- speech level baseline: as each line shows; service 敬語 (亀田); broadcast 丁寧; street 乱暴 (as of 00001A6B)
138	5	0		notes		00001A6B		- notes: colour ? or none; unnamed except as listed; keep ungendered where the JP gives nothing (the doctors are women by わね / かしら; the patrolman and the host 僕) (as of 00001A6B)
138	6	0		as-of	1	00001B5D		- as-of: 00001B5D
138	7	0		blank		00001704:8:5		
139	0	0		heading	1	00001D0E		## ステラ優子 (Stella Yuko, reading and order per V606; a masked fortune-teller, 00001D0E)
139	1	0		first_appears	1	00001D0E		- first_appears: 00001D0E:8:17; named 8:19 (as of 00001D0E)
139	2	0		pronoun(s)	1	00001D0E		- pronoun(s): 私 ("はい、私が今週の達人……" 8:18) (as of 00001D0E)
139	3	0		pronoun FREQUENCY	1	00001D0E		- pronoun FREQUENCY: about as often as typical
139	4	0		speech level baseline	1	00001D0E		- speech level baseline: 丁寧 on greeting, then relaxed older-woman タメ口 with かい / ね / だよ: "お姉さんは、どんなことを聞きたい？　恋愛、仕事、金運、何でもいいよ" (8:30); "自分自身では納得していない部分が多いんじゃないかい？" (8:39); "そうだよ。占いっていうのは統計学に沿ってアドバイスをするのであって、" (8:72) (as of 00001D0E)
139	5	0		calls		00001D0E		- calls: 新橋ゆき乃 お姉さん (8:30) (as of 00001D0E)
139	6	0		EN correlates	1	00001D0E		- EN correlates: easy, normal contractions; colour ? (as of 00001D0E)
139	7	0		facts		00001D0E		- facts: wears a mask (8:15); in magazines, called an authority on 人相学 (8:22-24); "適当に人の顔を見て適当に言ったことがたまたま当たっているだけです" (8:26); advises eating with knife and fork (8:67) (as of 00001D0E)
139	8	0		known ambiguity / open questions	1	00001D0E		- known ambiguity / open questions: V606
139	9	0		as-of	1	00001D0E		- as-of: 00001D0E
139	10	0		blank		00001D0E		
140	0	0		heading	1	00001D1E		## 三原 (Mihara, reading assumed; a Primavera waitress, 桃子's junior)
140	1	0		first_appears	1	00001D1E		- first_appears: 00001D1E:8:6 (named by 桃子); first line 8:10 (――-led) (as of 00001D1E)
140	2	0		pronoun(s)	1	00001D1E		- pronoun(s): 私 ("私、桃子さんにあこがれてここで働き始めたのに……" 8:13) (as of 00001D1E)
140	3	0		speech level baseline	1	00001D1E		- speech level baseline: 丁寧 to 桃子 (桃子さん) and the master, tearful: "――だってマスター！　今日は桃子さんの最後の出勤日じゃないですか！" (8:12); "――約束ですよ！　絶対また来てくださいね！" (8:25) (as of 00001D1E)
140	4	0		EN correlates	1	00001D1E		- EN correlates: polite words, normal contractions; ――-led cells (V586); colour ? (as of 00001D1E)
140	5	0		facts		00001D1E		- facts: works with さやかちゃん (named only, 8:6); trained by 桃子 (8:7) (as of 00001D1E)
140	6	0		as-of	1	00001D1E		- as-of: 00001D1E
140	7	0		blank		00001D1E		
141	0	0		heading	1	00001B98:8:0		## unnamed walk-ons (chunk 26)
141	1	0		first_appears	1	00001B98:8:0		- first_appears: 00001B98:8:0 (as of 00002057)
141	2	0		lines		00001B98:8:1		- lines: 春花's elementary-school teacher, a woman, 丁寧 to the class ("先生は旦那と山菜取りに行って、身体中筋肉痛です。" 00001B98:8:1; "はいはい静かに。" 8:17); classmates in ――-led cells ("――転校生？" 8:6; five "――はーい！" in one cell 8:19); villagers with 城崎, ――-led ("――裏切り者は魔女の手先。" 00001BA8:8:12; "――今いるだろう？　だから殺すんだ。" 8:8); 伊勢's subordinate ("伊勢警部補、見つけました！" 00001BAE:8:0); a villager's alarm ("――た、大変だ！　殺された！　また1人殺されたぞ！" 00001BBA:8:44); a taxi driver on the phone, 丁寧 ("タイヤがパンクしてしまって。" 00001D2A:8:0); the TV studio announcer, ――-led (00001D0E:8:0-4, 8:77-78); two voices at 00001D34 (V596); two police officers, the senior in 「」 ("ああいうの、気をつけろよ" 00001FE9:8:45), the junior in ――-led cells ("――先輩、もしかしてこの子……！" 8:20); a police receptionist, 僕 ("でも僕は受付担当だから……" 00001FEF:8:8); 荒田 searchers (「」 and ――-led) and 健吾, whose father cut his own neck with a 鉈 ("親父！　おい、親父！" 0000201F:8:5; "もういい！　俺は信じないぞ！　親父が自殺したなんて！" 8:28); villagers holding the Kogoris ("ほら入れ！" 00002057:8:0; "――城崎、幸太郎君！　魔女たちが来るぞ！" 8:49) (as of 00002057)
141	3	0		named, no lines		00001D1E		- named, no lines: さやかちゃん (00001D1E:8:6) (as of 00001D1E)
141	4	0		speech level baseline	1	00002057		- speech level baseline: as each line shows; police and teacher 丁寧; villagers 乱暴 (as of 00002057)
141	5	0		notes		00002057		- notes: colour ? or none; keep ungendered where the JP gives nothing (the teacher is a woman by 旦那; the receptionist 僕) (as of 00002057)
141	6	0		as-of	1	00002057		- as-of: 00002057
141	7	0		blank		00001B98:8:0		
142	0	0		heading	1	0000212D		## 父上 (新村桔梗's father; a 東京 merchant; unnamed)
142	1	0		first_appears	1	0000212D		- first_appears: 0000212D:8:16 (as of 0000212D)
142	2	0		pronoun(s)	1	0000216E		- pronoun(s): none observed (as of 0000216E)
142	3	0		speech level baseline	1	0000212D:8:16		- speech level baseline: plain paternal タメ口 with だ / ぞ / か / ように, colour ?: "桔梗、お前はまたそんなことをしているのか……" (0000212D:8:16); "お前なあ……" (8:19); "ほら、これだ" (8:24); "桔梗、お前の結婚相手が決まったぞ" (00002143:15:13); "来月相手に引きあわせる。／荷物をまとめる準備をしておくように" (15:21-22); "そうかそうか！　正直、もっと嫌がるかと思ったけど、一安心だな！" (15:91); "桔梗、準備はいいか？" (0000216E:8:1); "桔梗、これはな……" (0000217A:8:16) (as of 0000217A)
142	4	0		calls		00002143		- calls: 桔梗 桔梗 / お前 / 桔梗よ (as of 00002143)
142	5	0		facts		0000212D:8:21		- facts: a merchant (00002137:8:52); disapproves of her reading, then tolerates it (0000212D:8:21-26); told by the 帝 whom she would marry and ordered to keep it from her; chose, in his view, a fitting match (0000217A:8:28-46) (as of 0000217A)
142	6	0		EN correlates	1	0000217A		- EN correlates: plain, warm, normal contractions; colour ? (as of 0000217A)
142	7	0		known ambiguity / open questions	1	0000212D		- known ambiguity / open questions: V618 (as of 0000212D)
142	8	0		as-of	1	0000217A		- as-of: 0000217A
142	9	0		blank		0000212D		
143	0	0		heading	1	00002181		## 晃's mother (the 大魔女 of 桔梗's early years; 桔梗's お義母さん; unnamed)
143	1	0		first_appears	1	00002181		- first_appears: 00002181:8:45 (named as "俺の母親である大魔女") (as of 00002181)
143	2	0		pronoun(s)	1	00002199		- pronoun(s): none (no spoken lines); her record uses 我々 (00002199:8:16) (as of 00002199)
143	3	0		facts		00002181:8:45		- facts: sent 晃 to 東京 with ドローガ to get the 帝 interested in research (00002181:8:45-46; 00002199:8:28-33); minds 桔梗's child (00002193:8:0); keeps a written record of the vanishing about 10 years before, which 桔梗 files in the library (00002199:8:3-31); tolerates ドローガ though aware of its danger, for a reason 桔梗 cannot learn (8:41-48); jumps with 晃 from the 墓地広場 cliff the day after 桔梗 raised that question (0000219F:8:5-6); called 先代の大魔女 in 000021B7:8:32 (as of 000021B7)
143	4	0		notes		00002026		- notes: distinct from the 先代大魔女 of 00002026 (エリカ's predecessor); 桔梗's narration calls her お義母さん, once お母さん (0000219F:8:25, V624) (as of 0000219F)
143	5	0		known ambiguity / open questions	1	0000219F		- known ambiguity / open questions: V624 (as of 0000219F)
143	6	0		as-of	1	000021B7		- as-of: 000021B7
143	7	0		blank		00002181		
144	0	0		heading	1	000020AE		## 島津悠作 (Yusaku Shimazu, reading assumed; Minister of Education; named only)
144	1	0		first_appears	1	000020AE		- first_appears: 000020AE:8:19 (signs the letter 五島 reads) (as of 000020AE)
144	2	0		pronoun(s)	1	000020AE		- pronoun(s): none (no lines) (as of 000020AE)
144	3	0		facts		000020AE		- facts: 文部科学大臣; invites 五島 to direct a 国際研究所 in 元木市 from 祀耀809 (000020AE:8:13-23) (as of 000020AE)
144	4	0		as-of	1	000020AE		- as-of: 000020AE
144	5	0		blank		000020AE		
145	0	0		heading	1	0000206C		## カズ君, マサシさん, シンジ君, タカヒロさん (men on the phone with 桃子, 0000206C; named only)
145	1	0		first_appears	1	0000206C		- first_appears: 0000206C:8:1 (as of 0000206C)
145	2	0		pronoun(s)	1	0000206C		- pronoun(s): none (no lines; only 桃子's side is heard) (as of 0000206C)
145	3	0		facts		0000206C		- facts: カズ君 asks her next free day (8:1-2); マサシさん, "博学", asks when they meet again (8:5-8); シンジ君 saw her with a man and wants to come now (8:12-16); タカヒロさん, married, says he divorced, and wants an answer (8:20-25) (as of 0000206C)
145	4	0		as-of	1	0000206C		- as-of: 0000206C
145	5	0		blank		0000206C		
146	0	0		heading	1	000020FC		## TT, けん, 佐藤さん, しま (the drinking-party group chat, 000020FC)
146	1	0		first_appears	1	000020FC		- first_appears: 000020FC:8:0 (as of 000020FC)
146	2	0		pronoun(s)	1	000020FC		- pronoun(s): 俺 (TT "俺、口説くだけ口説いてさ" 8:48; けん "俺も経験者だから" 8:26; 佐藤さん "あーもう俺はいいんだよ！" 8:31) (as of 000020FC)
146	3	0		speech level baseline	1	000020FC		- speech level baseline: male chat タメ口, net slang and ｗ: "おはっす" (8:8); "ふられたのかｗ" (8:16); "どんまいやなｗ" (けん, 8:17, a Kansai-flavoured tag); "写真はよ" (しま, 8:34); "やだやだやだ！待って次のコンパも誘ってよおおおおおお" (TT, 8:66) (as of 000020FC)
146	4	0		calls		000020FC		- calls: 茅萱 チガちゃん; ハナちゃん ハナちゃん; each other by handle (佐藤さん keeps さん) (as of 000020FC)
146	5	0		EN correlates	1	000020FC		- EN correlates: casual chat English, "lol" for ｗ per GLOSSARY; high contractions; whether the BOARD VOICE lowercase rule extends to this chat is not ruled (as of 000020FC)
146	6	0		facts		000020FC		- facts: after a コンパ, 佐藤さん fled チガちゃん's drinking; TT got close to ハナちゃん, who said "私、×だけどいい？"; the group jokingly expels TT (8:0-66) (as of 000020FC)
146	7	0		known ambiguity / open questions	1	000020FC		- known ambiguity / open questions: V617 (as of 000020FC)
146	8	0		as-of	1	000020FC		- as-of: 000020FC
146	9	0		blank		000020FC		
147	0	0		heading	1	00002066:8:0		## unnamed walk-ons (chunk 27)
147	1	0		first_appears	1	00002066:8:0		- first_appears: 00002066:8:0 (as of 000021B7)
147	2	0		lines		00002066:8:0		- lines: a woman doctor who dabbled in ophthalmology, older-woman タメ口 (わねえ, わ), colour ? ("うーん、おかしなこともあるものねえ……" 00002066:8:0; "ああ、あの件ね" 8:14); a villager spokesman with 俺 and the ――-led crowd at 00002072 (V612; "俺のひい爺さんが言っていたよ。" 8:17); two hospital staff at 00002078, one in 「」 ("入院から満3年経ったら強制退院だって" 8:20), one ――-led; a student-council president, a new second-year, 丁寧 to 五島 ("あ！　私、お姉ちゃんから聞きましたよ！　五島先輩の伝説の挨拶！" 0000207E:8:8); 五島's supervisor 先生 ("五島さん、ほんとに大丈夫？" 0000209C:8:51) and a café clerk ("サイズはどうされますか？" 8:8); prison staff, ――-led, 丁寧 (000020A2:8:14-32; 000020A8:8:65); a professor, 私 ("じゃあ、私は授業があるから、これで。" 000020AE:8:48); a unit commander (1号車), 俺, and a young soldier, 僕, ――-led ("――僕、今月末、結婚するんです……。" 000020BB:8:24; "フラグ立てんな……" 8:25); 夏菜's elementary teacher, a woman ("新村さん、やっぱり変よね……" 000020C6:8:20) and classmates (――-led); two old train drivers, 俺, one ――-led ("――頼むぞー。荒田駅への運転手はもう2人しかいないんだから、身体大事にしろよー。" 000020CC:8:15); a villager at the party (――-led, 000020E4:8:2); 荒田 searchers (00002127); 東京 passers-by and wedding guests (00002143:15:35-37; 00002174:8:23-25); 桔梗's child ("お母さん、大丈夫？" 0000219F:8:18); 荒田 villagers of 桔梗's era ("大魔女様、本当にいいんですか？" 000021AB:8:0; "ドローガを禁止する！？" 000021B7:8:40) (as of 000021B7)
147	3	0		speech level baseline	1	000021B7		- speech level baseline: as each line shows; officials and staff 丁寧; soldiers and villagers blunt タメ口 (as of 000021B7)
147	4	0		notes		000021B7		- notes: colour ? or none throughout; keep ungendered where the JP gives nothing (the child of 桔梗, the hospital staff); the doctor and 夏菜's teacher are women by speech (わ, よね) (as of 000021B7)
147	5	0		as-of	1	000021B7		- as-of: 000021B7
147	6	0		blank		00002066:8:0		
148	0	0		heading	1	000021CF		## 本部長 (the Director of the セレジェイラ聖教; alias 土田 Tsuchida; otherwise unnamed)
148	1	0		first_appears	1	000021CF		- first_appears: 000021CF:8:57; first line 8:59 (as of 000021CF)
148	2	0		pronoun(s)	1	000021CF		- pronoun(s): 私 ("私も興味深く読ませてもらった" 8:75; "私じゃ不満か？" 8:265); self-alias 土田 ("もしもし、土田です。" 8:461) (as of 000021CF)
148	3	0		pronoun FREQUENCY	1	000021CF		- pronoun FREQUENCY: about as often as typical
148	4	0		speech level baseline	1	000021CF		- speech level baseline: a superior's タメ口 with かね / だろう / な, colour ?: "篠崎君、これからこの国で生きていくためにはそうするしかあるまい" (8:59); "君の名前はもう決まっている。／『金崎 勉』だ" (8:68-69); "すまなかった" (8:90); "どういうことかね？" (8:106); "じゃあ、今から言う場所に19時に来てくれ。以上だ" (8:198); "やめなさい、私はもう本部長ではない" (8:208); "でもな、火のないところに煙は立たない。" (8:243); "ははは、君は相変わらずまっすぐだな" (8:261); on the phone to an unheard superior, 丁寧: "ええ、予定通りです。／彼の死亡を確認しました。" (8:462-463); "これはすべて、世界の秩序を守るためです。" (8:482) (as of 000021CF)
148	5	0		calls		000021CF		- calls: 篠崎 篠崎君 / 君, then 金崎君 (8:190, 8:405) (as of 000021CF)
148	6	0		EN correlates	1	000021CF		- EN correlates: measured, fatherly-authoritative, normal contractions; colour ? (as of 000021CF)
148	7	0		facts		000021CF		- facts: a leader of the セレジェイラ聖教, whose forefathers left 荒田 over the ドローガ ban (8:102); ordered 篠崎's experiments continued, later apologised (8:87-92); gave him a new register and name and a county post (8:61-73, 8:112); uses the alias 土田 (8:199); had the addendum slipped into the 蔵 (8:281-304); arranged 篠崎's killing with a secret plea bargain (8:468); reports to someone unnamed; ends the call "自分のことは自分でやります" (8:486) (as of 000021CF)
148	8	0		known ambiguity / open questions	1	000021CF		- known ambiguity / open questions: none
148	9	0		as-of	1	000021CF		- as-of: 000021CF
148	10	0		blank		000021CF		
149	0	0		heading	1	000021CF:8:14		## unnamed walk-ons (chunk 28)
149	1	0		first_appears	1	000021CF:8:14		- first_appears: 000021CF:8:14 (as of 0000242E)
149	2	0		lines		000021CF:8:14		- lines: 荒田 villagers abusing 篠崎 ("何しに来た！" / "この泥棒め！" / "桔梗さんに何をした！" 000021CF:8:14-16); 篠崎's wife, genteel 丁寧 ("お考え直し下さいな。／それに子供たちには何て言いますの？" 8:128-129; "ああ、お帰りなさい。／ちょうどよかった、土田さんって方から電話よ" 8:398-399); a co-worker ("あの、金崎さん？" 8:182; "お疲れ様です" 8:322); his grandson チャー坊 ("おじいちゃん！" 8:371; "おじいちゃん、今の女の人、誰？" 8:393); a doctor ("ご臨終です" 000021FE:11:0); 亀田 of 株式会社IC, service 敬語 ("お電話ありがとうございます、株式会社IC、亀田が承ります" 00002420:11:2; "課長に連絡してみましょうか？" 11:16); the パーラー桜色 manager, タメ口 ("ああ、古郡さん。どうしたの？" 11:20; "まあ分かったよ。今朝あんなこともあったばかりだし" 11:28); a young police receptionist ("あーはいはいすみません！" 11:37) and three officers, 丁寧 ("えっと古郡茜さん、状況が状況なので駆け足で伺います。" 11:62; "被害者の血液型は……。／シスAB型でした" 11:99-100; "おい、伊勢警部補に連絡しろ。参考人が見つかったってな" 11:162); a patrol officer ("では先ほど言いましたように、応援を呼んで…" 00002427:11:81; "ダメですよ、伊勢警部補からも――" 11:90); officers at the 五島 house ("警部補！　マルタイは中央公園の方へ歩いて行きます！" 0000242E:11:80; "だ、誰だ君は！？" 11:85; "ま、待ちなさい！　こら！" 11:93) (as of 0000242E)
149	3	0		named, no lines		000017D3		- named, no lines: none (亀田 here is not linked to the 亀田 of 000017D3) (as of 00002420)
149	4	0		speech level baseline	1	0000242E		- speech level baseline: as each line shows; staff and police 丁寧; villagers 乱暴 (as of 0000242E)
149	5	0		notes		000021CF:8:372		- notes: colour ? throughout; keep ungendered where the JP gives nothing (the doctor, 亀田, the manager, the co-worker); the grandson is a boy (小さな男の子 000021CF:8:372); the wife a woman (as of 0000242E)
149	6	0		as-of	1	0000242E		- as-of: 0000242E
149	7	0		blank		000021CF:8:14		
150	0	0		heading	1	0000243F:11:99		## 瀬正照 (Masateru Se, reading V660; 荒田 villager, the 瀬 line)
150	1	0		first_appears	1	0000243F:11:99		- first_appears: 0000243F:11:99 (named 瀬 in narration); full name 11:112
150	2	0		pronoun(s)	1	0000243F:11:99		- pronoun(s): 俺 ("俺は本気だ。邪魔する奴はみんな敵だ。" 11:141)
150	3	0		speech level baseline	1	0000243F:11:99		- speech level baseline: 乱暴, in ――-prefixed bare cells (speaker inferred by action): "――静かにしろって！　それに今がチャンスだろ！？" (11:95); "――ああ、1番面倒な2人が死にかけているんだ。まとめて殺した方がいい。" (11:97); "――香織さん、あんたの家族で呪殺されたのは？" (11:128); "――そんなに殺されて犯人が憎くないのか？　息子2人だぞ？" (11:131); "――ふん、呪われた女め。荒田のために死ね！" (11:138); "――俺は本気だ。邪魔する奴はみんな敵だ。" (11:141)
150	4	0		calls		0000243F:11:99		- calls: 城崎 城崎 / お前 (inferred 11:29); 香織 香織さん / あんた, then 呪われた女
150	5	0		facts		00002444:14:217		- facts: one year younger than 城崎; the 瀬 line manages water and irrigation; lost a much younger sister in the second 呪殺; suspects everyone since 幸太郎's watch ended; the radicals follow him (11:111-121, 11:142-145); cuts down 香織 with a 鉈 (11:134-137); per 城崎 (00002444:14:217) the villager 幸太郎 informed; "リーダー格のやつ" (14:257); 香織 calls him マーくん
150	6	0		EN correlates	1	0000243F:11:99		- EN correlates: blunt, high contractions, curt commands; masked, face unseen
150	7	0		known ambiguity / open questions	1	0000243F:11:99		- known ambiguity / open questions: V660
150	8	0		as-of	1	00002444		- as-of: 00002444
150	9	0		blank		0000243F:11:99		
151	0	0		heading	1	0000243F:11:123		## 新島香織 (Kaori Niijima, reading V660; 荒田 villager, the 新島 line)
151	1	0		first_appears	1	0000243F:11:123		- first_appears: 0000243F:11:123 (named 11:125)
151	2	0		pronoun(s)	1	0000243F:11:123		- pronoun(s): 私 ("私、死にはしないからさ……。" 11:160)
151	3	0		speech level baseline	1	0000243F:11:123		- speech level baseline: childlike タメ口 with stretched vowels and nicknames, though nearly 60 (11:126): "ねえ、ケンちゃんの言うとーりだよ！／　チーちゃんどころかカナカナまで殺すことないよ！" (11:123-124); "え？　長男と次男だよ。／マーくん、何でそんなこと聞くの？" (11:129-130); "だーけーどー、チーちゃんとカナカナは助けよーよ。／だって、集落の仲間でしょー？" (11:132-133); wounded: "あ……がが……マーくん……なんで……" (11:136); "ごめんケンちゃん……。／ケンちゃんも行きなよ……" (11:154-155); "元木町から来た子たちを……助けてあげて……" (11:158); "だってこのまま元木町の女の子を死なせたら……／呪殺された息子たちに怒られちゃうよ……" (11:161-162)
151	4	0		in 五島's imagined scene		00002444:26:323		- in 五島's imagined scene (00002444:26:323-324, colour ?): "ねーねー！　そんな物騒なこと言わないでよ！／　こーちゃんは生け捕りって言ってたんだからさー！"
151	5	0		calls		0000243F:11:123		- calls: 城崎 ケンちゃん; 瀬 マーくん; 茅萱 チーちゃん; 夏菜 カナカナ; 幸太郎 こーちゃん
151	6	0		facts		00002444:32:306		- facts: lost her eldest and second sons to the 呪殺 (11:129); サクラ as a child mimicked her to tease (11:127); collarbone split by 瀬's 鉈, not fatal (11:152-153); the only villager survivor, hid trembling at home, taken to hospital, could not speak, died 3 months later (00002444:32:306-313)
151	7	0		EN correlates	1	0000243F:11:123		- EN correlates: stretch the English word where the JP stretches a content word (STRETCHED ENDINGS); drop stretches on grammatical endings; soft, normal contractions
151	8	0		known ambiguity / open questions	1	0000243F:11:123		- known ambiguity / open questions: V660
151	9	0		as-of	1	00002444		- as-of: 00002444
151	10	0		blank		0000243F:11:123		
152	0	0		heading	1	00002444:32:56		## 女神様 (the core of 死月妖花 in 00002444:32; colour 女神様; unnamed)
152	1	0		chunk-30 additions		00002473		- chunk-30 additions (as of 00002473) (no lines): the dead call the new 女神 "新しい女神様" with 荒田 and 元木 blood (00002473:11:304-309); "新しい女神様はお疲れだ" (11:311); jealous, hates 春花 (11:290); link to this block's figure not stated in the text.
152	2	0		first_appears	1	00002444:32:56		- first_appears: 00002444:32:56 (the black mass); first turn 32:74 (silent)
152	3	0		pronoun(s)	1	00002444:32:56		- pronoun(s): 私 ("私……パパとママと一緒がいい……" 32:161)
152	4	0		speech level baseline	1	00002444:32:56		- speech level baseline: halting, childlike タメ口 in short cells: silent turns "「　　　　　　　　」" (32:74-93, V654); "――わり" (32:98); "代わり……／欲しい……" (32:105-106); "あの子の……代わり……" (32:108); "お母さん……？" (32:121); "ママ……" / "ママに会いたい……" / "ママに会いたいよお……" (32:123-127); "分からない……" (32:170); "教えてくれないの" (32:173); "本当にママを探してくれるの？" (32:204); "分かった……。／じゃああの子、返すね" (32:207-208); "ありがとう" (32:224); "ママに会わせてくれるって約束してくれたから" (32:227); "私……とても嬉しい" (32:231); "ママを……／取り返せるから" (32:233-234); "その穴から外に出られる" (32:239); "あなたの名前……／春花って言うの？" (32:274-275); "何でもない" (32:280); "…………／いい" (32:284-285); "もういい。しなくていい" (32:287); "私からあなたへのお願いは1つだけ" (32:289); "できるだけ長生きしてね？" (32:291)
152	5	0		calls		00002444:32:56		- calls: 春花 あなた; なつみ あの子 (3p); パパ, ママ
152	6	0		appearance		00002444:32:56		- appearance: a naked woman about 春花's age, curled like a fetus, sucking her fingers, hair long enough to cover her and spread over the floor like roots (32:58-82, 32:177-182, 32:222-223); eyes like someone's, a look 春花 saw once as a child (32:293-295)
152	7	0		facts		00002444:32:56		- facts (her words and 春花's): does not know her name; her father is dead and will not tell his name; her mother is alive (32:166-193); the 神使 call her 女神様; per 糸 the core (核, アバドン) taken in about 20 years ago (26:400-406); per 栄一郎 tired after using the 神使 and saving なつみ (32:41-43)
152	8	0		EN correlates	1	00002444:32:56		- EN correlates: very short, simple words, no contractions beyond a child's; never named or gendered beyond "a woman" (the text: 女性に間違いない 32:178)
152	9	0		WITHHELD		00002444:32:56		- WITHHELD: her identity and her mother's are never stated in this file; do not link her to any named person in the English
152	10	0		known ambiguity / open questions	1	00002444:32:56		- known ambiguity / open questions: V654, V655
152	11	0		as-of	1	00002444		- as-of: 00002473 (was 00002444)
152	12	0		blank		00002444:32:56		
153	0	0		heading	1	00002444:32:317		## unnamed walk-ons (chunk 29)
153	1	0		first_appears	1	00002444:32:317		- first_appears: 00002444:32:317 (as of 00002450)
153	2	0		lines		00002444:32:317		- lines: a TV newscaster (colour ?, 丁寧 broadcast): "えー最新の情報をお伝えします。／先週発生した元木市での地震ですが、…生存者の存在は絶望視されているとのことです。" (00002444:32:317-319); 伊勢's subordinate (00002450 block 18, colour ?, self 僕, 丁寧 to 伊勢): "伊勢警部補、眠そうですね。もう夜も遅いですし" (18:1); "ほんと、この元木町って平和ですよね" (18:14); "警部補……／それ、妄想じゃないですよ……！" (18:67-68); "僕、元木町に住むのが怖くなってきましたよ……。" (18:137); "ちょ、ちょっと待って下さいよ！　それが猛毒だったらどうするんですか！？" (18:167); from 元木町 (18:115)
153	3	0		named, no lines		00002444:20:551		- named, no lines: the cultural-anthropology professor of 元木大学 (00002450:12:101, unnamed; 桃子 "turned down" this person (12:105); ungendered in the JP: keep so); the police dispatcher (reported, 00002444:20:551-553; 26:0-7)
153	4	0		notes		00002444:32:317		- notes: keep the subordinate and the newscaster ungendered where the JP gives nothing (僕 marks the subordinate as male-leaning speech only)
153	5	0		as-of	1	00002450		- as-of: 00002450
153	6	0		blank		00002444:32:317		
154	0	0		heading	1	00002478		## unnamed walk-ons (chunk 30)
154	1	0		first_appears	1	00002478		- first_appears: 00002478:11:43 (as of 00002478)
154	2	0		lines		00002478:11:43		- lines: detention-center officers (係員, colour ?): to 幸太郎 blunt imperatives, bare surname: "おい、やめなさい！　面会中止にするぞ！" (00002478:11:43); "おい、大丈夫か？" (11:61); "あと5分です" (11:66); "はい、そこまでです。面会時間終わりです" (11:72); "今日はもう終わりです。ほら、立て" (11:74); "やめろ新村！　離れろ！" (11:81); to 茅萱 formal 丁寧: "もう終わりです。ご退室下さい" (11:89); "これ以上続けるとあなたの身柄が拘束されます" (11:91); "新村茅萱さん、今日のことは決して口外しないで下さい。これは警察庁からの命令ですので" (11:99). At least three officers (one present, two more enter 11:88); which cell is which officer is not marked.
154	3	0		named, no lines		00002478:11:16		- named, no lines: 幸太郎's lawyer (お父さんの弁護士, 00002478:11:16, 11:26; ungendered: keep so); 城崎's friend in 飯沢市 (11:108; ungendered).
154	4	0		as-of	1	00002478		- as-of: 00002478
