row	jp	reading	en	pos	category	first_seen	status	locked	note	first_id	superseded_id
1	解禁	かいきん	unlock / unlocked	noun	ui	0000001E:557:0	provisional	n	menu label 解禁シナリオ = "Unlocked scenarios", 解禁状況 = "Unlock status"	0000001E:557:0	
2	シナリオ	しなりお	scenario	noun	ui	0000001E:557:0	provisional	n	game-menu word for a playable story segment	0000001E:557:0	
3	リファレンス	りふぁれんす	Reference	noun	ui	0000001E:4184:0	provisional	n	in-game reference feature; capitalised as a menu name	0000001E:4184:0	
4	なつみ	なつみ	Natsumi	noun	person	00000024:16:32	provisional	n	given name, written in hiragana; surname 古郡 (as of 000001E3)	00000024:16:32	
5	春花	はるか	Haruka	noun	person	00000024:16:8	provisional	n	given name; surname 新村 (as of 000001E3)	00000024:16:8	
6	魔女	まじょ	witch	noun	concept	00000024:16:27	provisional	n	"本物の魔女" = "a real witch"; see V028	00000024:16:27	
7	死神	しにがみ	shinigami	noun	concept	00000024:47:37	fixed	y	"お母さんが死神にならなかったら"; see V014 | RULING Fable 2026-10-01 (QP4C-02): romanized, lowercase, as parts 2-3 ship it; compounds: 死神失格 = a failed shinigami	00000024:47:37	
8	伊勢	いせ	Ise	noun	person	00000024:51:11	provisional	n	伊勢さん = Ise-san; did the 家宅捜索 (house search), so police (inferred)	00000024:51:11	
9	注射器	ちゅうしゃき	syringe	noun	object	00000024:51:6	provisional	n	contains 桃色の液体 (pink liquid)	00000024:51:6	
10	ドローガ	どろーが	Droga	noun	object	00000024:51:15	provisional	n	label on the syringe, read one kana per cell over 4 cells; see V005	00000024:51:15	
11	押入れ	おしいれ	closet	noun	object	00000024:51:2	provisional	n	also spelled 押し入れ (51:7); same EN	00000024:51:2	
12	インターホン	いんたーほん	intercom	noun	object	00000024:51:25	provisional	n	American English per STYLE	00000024:51:25	
13	ドアスコープ	どあすこーぷ	peephole	noun	object	00000024:51:32	provisional	n		00000024:51:32	
14	桜	さくら	cherry blossoms / cherry tree(s)	noun	term	00000024:51:38	provisional	n	central motif; flower vs tree by context; see V016	00000024:51:38	
15	呪い	のろい	curse	noun	concept	00000024:16:39	provisional	n	"事故を呪いだのなんだの" = "calling an accident a curse or whatever"	00000024:16:39	
16	五月六日	ごがつむいか	May 6	noun	date	00000024:16:2	provisional	n	kanji date in narration; digits per STYLE numerals rule	00000024:16:2	
17	四月病	しがつびょう	April sickness	noun	term	000001DB:15:32	fixed	n	Haruka's coinage for Natsumi's cherry-season depression, modelled on 五月病; see V008	000001DB:15:32	
18	五月病	ごがつびょう	TBD (the May blues)	noun	term	000001DB:15:58	provisional	n	real JP term for new-term depression in May; pairs with 四月病; see V008	000001DB:15:58	
19	桜祭り	さくらまつり	cherry-blossom festival	noun	event	000001DB:15:8	provisional	n	held in 中央公園 (000001DB:21:4)	000001DB:15:8	
20	桜恐怖症	さくらきょうふしょう	cherry-blossom phobia	noun	term	000001DB:15:140	provisional	n	Natsumi's own label, hedged ("とでもいうのだろうか")	000001DB:15:140	
21	五島	ごとう	Goto	noun	person	000001DB:15:7	provisional	n	surname; full name 五島絵梨奈 (as of 0000020D); STYLE example spells Goto	000001DB:15:7	
22	たこ焼き	たこやき	takoyaki	noun	food	000001DB:15:43	provisional	n	romanized food name; TN case 1 at first occurrence	000001DB:15:43	
23	焼きそば	やきそば	yakisoba	noun	food	000001DB:15:7	provisional	n		000001DB:15:7	
24	から揚げ	からあげ	fried chicken	noun	food	000001DB:15:7	provisional	n		000001DB:15:7	
25	アジの干物	あじのひもの	dried horse mackerel	noun	food	000001DB:15:117	provisional	n		000001DB:15:117	
26	きんぴらごぼう	きんぴらごぼう	braised burdock root	noun	food	000001DB:15:117	provisional	n		000001DB:15:117	
27	おかゆ	おかゆ	rice porridge	noun	food	000001DB:15:160	provisional	n		000001DB:15:160	
28	ガラケー	がらけー	flip phone	noun	object	000001DB:15:152	provisional	n	the mother's ten-year-old phone; 携帯 = "phone" / "cell phone"	000001DB:15:152	
29	作戦開始です	さくせんかいしです	Operation start	phrase	term	000001DB:15:35	fixed	n	Goto catchphrase family: 作戦開始 / 作戦成功 / 作戦遂行 / 作戦完遂 / 作戦失敗; one fixed EN pattern "Operation ___"; also used by Goto in narration (0000020D:11:7)	000001DB:15:35	
30	入学式	にゅうがくしき	entrance ceremony	noun	event	000001DB:15:2	provisional	n		000001DB:15:2	
31	北海道	ほっかいどう	Hokkaido	noun	place	000001DB:15:103	provisional	n		000001DB:15:103	
32	お母さん	おかあさん	Mom	noun	person	000001DB:15:80	provisional	n	speaker's own mother (STYLE). Natsumi's = 茜; in 00000024:47 Haruka's own mother. "うちのお母さん" = "my mom"	000001DB:15:80	
33	お父さん	おとうさん	Dad	noun	person	000001DB:15:91	provisional	n	speaker's own father; in 00000024:47 Haruka's own father; 00000024:51:43-47 split お/と/う/さ/ん (V006)	000001DB:15:91	
34	春花ちゃん	はるかちゃん	Haruka-chan	noun	person	000001DB:15:111	provisional	n	used by Natsumi's mother	000001DB:15:111	
35	はあ……	はあ	(sigh) Haah...	interjection	interjection	000001DB:15:9	provisional	n	function: a sigh of weariness, Natsumi alone; "はあ……" answering a statement (000001E3:8:211) = "Uh-huh..." (other function)	000001DB:15:9	
36	あは	あは	Ha	interjection	interjection	000001DB:15:38	fixed	n	function: short laugh opening a line (Natsumi, Haruka); shipped "Ha!" / "Ha," in 000001DB 000001DD; locked rulings-P6 QP7PRE-02 2026-10-01	000001DB:15:38	
37	よう！	よう	Hey!	interjection	interjection	000001DB:15:28	provisional	n	function: Haruka's greeting at the door; "Yo" banned by DIALECT policy	000001DB:15:28	
38	じゃな！	じゃな	See you!	interjection	interjection	000001DB:15:43	provisional	n	function: Haruka's casual goodbye; no "ya"	000001DB:15:43	
39	んで	んで	So	conjunction	interjection	000001DB:15:41	provisional	n	function: Haruka moving to the next topic ("んで、これ、お土産！" = "So, here, a present!")	000001DB:15:41	
40	元木町	もときちょう	Motoki-cho	noun	place	000001DD:11:5	fixed	n	reading inferred; population about 40,000; famous for cherries; 佐波県; see V009; locked rulings-P5 (00000779 pre-draft) 2026-10-01	000001DD:11:5	
41	向井	むかい	Mukai	noun	person	000001DD:11:35	provisional	n	homeroom teacher of 2年2組 (mail); 担任 = homeroom teacher	000001DD:11:35	
42	茜	あかね	Akane	noun	person	000001DD:11:102	provisional	n	Natsumi's mother (as of 000001DD), named only by Haruka's mother	000001DD:11:102	
43	おばさん	おばさん	Obasan	noun	person	000001DD:11:75	fixed	n	Natsumi's address/3p for Haruka's mother (not a relative); see V007. LOCKED "Obasan" (romanized per O-57; shipped so in 000001DD, 00000522, 00000564, 0000057B and part 8; RULING Fable QP8B-01). Common-noun uses are different: 11:66 そそっかしいおばさん = "a scatterbrained middle-aged woman", 11:95 おばさん臭い = "like an old lady"	000001DD:11:75	
44	なつみちゃん	なつみちゃん	Natsumi-chan	noun	person	000001DD:11:76	provisional	n	used by Haruka's mother	000001DD:11:76	
45	休校	きゅうこう	school closure / no school	noun	term	000001DD:11:33	provisional	n	mail subject 本日休校です = "No school today"	000001DD:11:33	
46	自宅待機	じたくたいき	stay-at-home order	noun	term	000001DD:11:36	provisional	n	自宅待機命令 = "the stay-at-home order"	000001DD:11:36	
47	2年2組	にねんにくみ	Class 2-2	noun	org	000001DD:11:34	provisional	n	Natsumi's class (as of 000001DD)	000001DD:11:34	
48	さきいか	さきいか	shredded dried squid	noun	food	000001DD:11:143	provisional	n	Natsumi's father's snack with drinks	000001DD:11:143	
49	DVD	でぃーぶいでぃー	DVD	noun	object	000001DD:11:46	provisional	n		000001DD:11:46	
50	東北	とうほく	Tohoku	noun	place	000001DD:11:13	provisional	n	TV report	000001DD:11:13	
51	マンション	まんしょん	apartment building	noun	place	000001DD:11:83	provisional	n	American English; Natsumi and Haruka live in adjoining flats = "apartment"	000001DD:11:83	
52	題名	だいめい	Subject	noun	ui	000001DD:11:33	provisional	n	mail header label	000001DD:11:33	
53	本文	ほんぶん	Body	noun	ui	000001DD:11:33	provisional	n	mail header label; TBD whether to drop label	000001DD:11:33	
54	あ痛！	あいた	Ow!	interjection	interjection	000001DD:11:73	provisional	n	function: struck by a door	000001DD:11:73	
55	ほほほ	ほほほ	Hohoho	interjection	interjection	000001DD:11:80	fixed	n	function: Haruka's mother's laugh (also ほほほほ); P20: shipped family Ohoho / Ohohoho / Hohoho by syllable count	000001DD:11:80	
56	よいしょ	よいしょ	Hup / Heave-ho	interjection	interjection	000001DD:11:70	provisional	n	function: effort sound lifting a load; 11:117-120 spread over cells よっ/こら/しょっ/と	000001DD:11:70	
57	あらー	あらー	Oh my!	interjection	interjection	000001DD:11:86	provisional	n	function: Haruka's mother's delighted reaction (also あらら, あら)	000001DD:11:86	
58	もしもし	もしもし	Hello?	interjection	interjection	000001DD:11:61	provisional	n	function: phone greeting	000001DD:11:61	
59	デビルジャスティス	でびるじゃすてぃす	Devil Justice	noun	title	000001DF:11:85	provisional	n	film title / heroine's call 『清き悪魔に転生せよ！　デビルジャスティス！』	000001DF:11:85	
60	闇の熾天使	やみのしてんし	Seraph of Darkness	noun	person	000001DF:11:92	provisional	n	rival character in the film	000001DF:11:92	
61	佐波県	さわけん	Sawa Prefecture	noun	place	000001DF:11:115	fixed	y	reading unknown; see V011; V011 resolved rulings-P13 2026-10-02: 12 shipped files print Sawa	000001DF:11:115	
62	中央公園	ちゅうおうこうえん	Central Park	noun	place	000001DF:11:125	fixed	n	children's park about 100 m square in 元木町 with the 御神木; see V010; locked rulings-P6 2026-10-01 (parts 4-5 shipped the same)	000001DF:11:125	
63	元木高校掲示板	もときこうこうけいじばん	Motoki High message board	noun	ui	000001DF:11:140	provisional	n	page title shown on screen; 元木高校 = Motoki High School (Natsumi's school)	000001DF:11:140	
64	惨殺死体	ざんさつしたい	brutally murdered body	noun	term	000001DF:11:115	provisional	n	news headline wording	000001DF:11:115	
65	ノリツッコミ	のりつっこみ	TBD (playing along, then calling it out)	noun	term	000001DF:11:11	provisional	n	comedy term; Natsumi names Haruka's joke form	000001DF:11:11	
66	5000円	ごせんえん	5,000 yen	noun	term	000001DF:11:100	provisional	n	5000円札 = "5,000-yen bill"	000001DF:11:100	
67	おフランス	おふらんす	TBD (fancy French)	noun	term	000001DF:11:5	provisional	n	jokey お- on フランス, mock-posh	000001DF:11:5	
68	サンキュー	さんきゅー	Thanks!	interjection	interjection	000001DF:11:56	provisional	n	function: Haruka's casual thanks (English loanword)	000001DF:11:56	
69	トイアワセサキヲブンサン	といあわせさきをぶんさん	TBD	phrase	term	000001DF:11:29	provisional	n	Natsumi repeating 問い合わせ先を分散 in katakana because she does not follow it; see V027	000001DF:11:29	
70	御神木	ごしんぼく	goshinboku	noun	term	000001E1:33:16	fixed	n	GLOSSARY-LOCKS O-70: romanized, NO TN; "the sacred tree" swept to goshinboku (CONS9) 2026-10-01	000001E1:33:16	
71	赤い人	あかいひと	the red person	noun	concept	000001E1:33:34	provisional	n	dream figure; variants 真っ赤な人間 / 真っ赤な人 (see V030); ungendered in narration	000001E1:33:34	
72	祀耀	しよう	Shiyo	noun	era	000001E1:33:73	provisional	n	fictional era; "祀耀800年4月8日" = "Shiyo 800, April 8" per CALENDAR rule; reading from STYLE example	000001E1:33:73	
73	匿名	とくめい	Anonymous	noun	ui	000001E1:33:73	provisional	n	board poster name field	000001E1:33:73	
74	シャベッター	しゃべったー	TBD (Shabetter)	noun	brand	000001E1:33:88	provisional	n	social network name (しゃべる + Twitter-like); see V026	000001E1:33:88	
75	オフ会	おふかい	offline meetup	noun	term	000001E1:33:122	provisional	n	オフ alone = "meetup"	000001E1:33:122	
76	ROM専	ろむせん	lurkers	noun	term	000001E1:33:129	provisional	n	board slang for read-only users	000001E1:33:129	
77	花見	はなみ	cherry-blossom viewing	noun	event	000001E1:33:75	fixed	n	STYLE Q2121 fixes the note wording "cherry-blossom viewing"; 花見客 = "flower-viewer" / "a person viewing the blossoms"; P22: 00001355 8:14 "a grand cherry-blossom viewing"; the card-7 title keeps "Hanami"	000001E1:33:75	
78	停学	ていがく	suspension	noun	term	000001E1:33:125	provisional	n	口頭注意 = "a verbal warning"	000001E1:33:125	
79	ノ	の	TBD (raised-hand sign)	noun	ui	000001E1:33:86	provisional	n	board hand-raise glyph replying to 挙手; see V024	000001E1:33:86	
80	ｗ	わら	lol	noun	ui	000001E1:33:131	provisional	n	board laugh mark; lowercase board voice	000001E1:33:131	
81	古郡	こごおり	Kogori	noun	person	000001E3:8:12	provisional	n	Natsumi's surname (000001E3:8:20); reading from STYLE example	000001E3:8:12	
82	新村	にいむら	Niimura	noun	person	000001E3:8:12	provisional	n	Haruka's surname (000001E3:8:20); reading from STYLE example	000001E3:8:12	
83	古郡先輩	こごおりせんぱい	Kogori-senpai	noun	person	000001E3:8:12	provisional	n	Goto's address/reference for Natsumi; stretched 古郡せんぱーい = "Kogori-senpaaai"	000001E3:8:12	
84	新村先輩	にいむらせんぱい	Niimura-senpai	noun	person	000001E3:8:12	provisional	n	Goto's address/reference for Haruka	000001E3:8:12	
85	先輩	せんぱい	Senpai	noun	title	000001E3:8:14	provisional	n	title used as a name (STYLE): address "Senpai"; Goto's narration uses it for both seniors (0000020B)	000001E3:8:14	
86	ザッハ	ざっは	Zahha	noun	brand	000001E3:8:40	fixed	n	family restaurant (NOT a chain: 雑談リスト row 97 says the only one is in Motoki-cho; QUNTR3-06 2026-10-01); see V013	000001E3:8:40	
87	女ケ沢市	めがさわし	Megasawa City	noun	place	000001E3:8:101	fixed	n	reading unknown; in 飯沢県; see V012; P16: shipped everywhere	000001E3:8:101	
88	飯沢県	いいざわけん	Iizawa Prefecture	noun	place	000001E3:8:103	provisional	n	reading inferred (いいざわ/いいさわ)	000001E3:8:103	
89	女ケ沢市事件	めがさわしじけん	the Megasawa City case	noun	event	000001E3:8:101	fixed	n	serial April 8 killings; follows 女ケ沢市 rendering; locked rulings-P5 QUNTR3-02 2026-10-01 (CONS5 sweeps parts 1-4 "murders" -> "case"; 表示名 "Megasawa City Case")	000001E3:8:101	
90	旦那	だんな	husband	noun	title	000001E3:8:30	fixed	n	Goto's mock-servant address for Haruka; see V015; P21: 00001295 8:143 "my husband"; 000012C5 8:164/8:167 "your husband" (Kana's web-novel talk)	000001E3:8:30	
91	御意	ぎょい	TBD (As you command)	interjection	interjection	000001E3:8:59	provisional	n	function: Goto's mock-retainer acknowledgement; see V015	000001E3:8:59	
92	作戦成功です	さくせんせいこうです	Operation successful	phrase	term	000001E3:8:35	fixed	n	Goto catchphrase family, see 作戦開始です	000001E3:8:35	
93	作戦遂行	さくせんすいこう	carrying out the Operation	phrase	term	000001E3:8:61	fixed	n	Goto catchphrase family	000001E3:8:61	
94	ファザコン	ふぁざこん	daddy's girl	noun	term	000001E3:8:178	provisional	n	Haruka teasing Natsumi	000001E3:8:178	
95	皮剥ぎ死体	かわはぎしたい	flayed body	noun	term	000001E3:16:2	provisional	n	皮剥ぎ = flaying; 全身の皮が剥がされていた = "the skin had been stripped from the whole body"	000001E3:16:2	
96	神隠し	かみかくし	spirited away	noun	concept	000001E3:8:114	fixed	n	"神隠しによる犯行" = crimes as if people were spirited away; noun phrase inflects per context; locked rulings-P7 2026-10-01	000001E3:8:114	
97	単身赴任	たんしんふにん	transferred away alone (family stays behind)	noun	term	000001E3:8:151	provisional	n	Haruka's account of her father (as of 000001E3)	000001E3:8:151	
98	直感	ちょっかん	intuition	noun	concept	000001E3:24:31	provisional	n	Natsumi's trait; 直感力 = "intuition"	000001E3:24:31	
99	危険察知	きけんさっち	sensing danger	noun	concept	000001E3:24:33	provisional	n	related: 危険予知 (000001E5) "danger premonition"	000001E3:24:33	
100	予知能力	よちのうりょく	precognition	noun	concept	000001E3:24:34	provisional	n		000001E3:24:34	
101	マムシ	まむし	pit viper	noun	term	000001E3:24:38	provisional	n	Japanese mamushi	000001E3:24:38	
102	パフェ	ぱふぇ	parfait	noun	food	000001E3:8:138	provisional	n	春のいちごパフェ = "spring strawberry parfait"	000001E3:8:138	
103	ドリンクバー	どりんくばー	drink bar	noun	term	000001E3:8:55	provisional	n	self-serve soft drinks at a family restaurant	000001E3:8:55	
104	スペシャルステーキランチ	すぺしゃるすてーきらんち	Special Steak Lunch	noun	food	000001E3:8:75	provisional	n	menu item	000001E3:8:75	
105	ゴホン	ごほん	Ahem	interjection	interjection	000001E3:8:194	provisional	n	function: throat-clearing before speaking	000001E3:8:194	
106	でゲスよ	でげすよ	..., gesu! (romanized)	phrase	term	000001E3:8:30	fixed	y	Goto's mock-lackey ending (with 旦那, もみ手); also ですぜ 8:33, でんなあ 8:53, であります 8:189; see V015 | RULING owner+Fable 2026-10-01: でゲス stays romanized "gesu" at the end of the clause, one-time [TN: "gesu" = a stock servile underling verb ending from period dramas] at first occurrence (000001E3 lns line 135); ですぜ / でんなあ are rendered by English diction, not romanized	000001E3:8:30	
107	作戦完遂	さくせんかんすい	Operation complete	phrase	term	000001E5:23:89	fixed	n	Goto catchphrase family	000001E5:23:89	
108	作戦失敗	さくせんしっぱい	Operation failed	phrase	term	000001E5:29:0	fixed	n	Goto catchphrase family	000001E5:29:0	
109	塾	じゅく	cram school	noun	place	000001E5:23:113	provisional	n		000001E5:23:113	
110	お面	おめん	mask	noun	object	000001E5:29:13	provisional	n	what Natsumi thinks she saw	000001E5:29:13	
111	ガサツ	がさつ	crude / rough-mannered	adj	term	000001E5:23:101	provisional	n	Goto on Haruka	000001E5:23:101	
112	天才少女	てんさいしょうじょ	genius girl	noun	title	000001E3:8:146	provisional	n	Goto's self-description; board uses it for her (0000020D); P19: the shipped form (75 files); 0000156A:64:100, 46:140	000001E3:8:146	
113	危険予知	きけんよち	danger sense	noun	concept	00000024:51:37	fixed	n	GLOSSARY-LOCKS: the files' rendering; "danger premonition" swept (CONS9) 2026-10-01	00000024:51:37	
114	せーんぱい	せーんぱい	Se-enpai!	noun	person	000001E5:41:13	provisional	n	Goto's stretched sing-song address; stretch on a content word is carried (STRETCHED ENDINGS rule)	000001E5:41:13	
115	聞き込み調査	ききこみちょうさ	door-to-door inquiries	noun	term	000001E7:11:11	provisional	n	police canvassing	000001E7:11:11	
116	駐輪場	ちゅうりんじょう	bike parking area	noun	place	000001E7:11:3	provisional	n		000001E7:11:3	
117	市外局番	しがいきょくばん	area code	noun	term	000001E7:11:50	provisional	n		000001E7:11:50	
118	丁字路	ていじろ	T-junction	noun	place	000001E7:11:14	provisional	n		000001E7:11:14	
119	霊安室	れいあんしつ	morgue	noun	place	0000020B:12:45	provisional	n		0000020B:12:45	
120	警察署	けいさつしょ	police station	noun	place	0000020B:12:1	provisional	n		0000020B:12:1	
121	0110	ぜろいちいちぜろ	0110	noun	term	0000020B:12:41	provisional	n	last four digits of the call; 110 = police number in Japan, Goto infers a police station; TN case 6 candidate	0000020B:12:41	
122	参考人	さんこうにん	person of interest / witness	noun	term	0000020B:12:36	provisional	n	police term	0000020B:12:36	
123	五島絵梨奈	ごとうえりな	Erina Goto	noun	person	0000020D:11:99	provisional	n	full name, age 15 (as of 0000020D); STYLE example "Erina Goto"	0000020D:11:99	
124	祀耀788年	しようななひゃくはちじゅうはちねん	Shiyo 788	noun	date	0000020D:11:42	provisional	n	"12 years ago today"	0000020D:11:42	
125	模倣犯	もほうはん	copycat	noun	term	0000020D:11:32	provisional	n		0000020D:11:32	
126	愉快犯	ゆかいはん	someone who commits crimes for the thrill	noun	term	0000020D:11:31	provisional	n		0000020D:11:31	
127	鉈	なた	nata	noun	object	0000020D:11:90	fixed	n	GLOSSARY-LOCKS O-70: culture noun romanized, NO TN; parts 4-6 "hatchet" swept to nata (CONS7) 2026-10-01	0000020D:11:90	
128	鈍器	どんき	blunt weapon	noun	object	0000020D:11:90	provisional	n	先の丸い鈍器 = "a round-headed blunt weapon"	0000020D:11:90	
129	ポスト	ぽすと	mailbox	noun	object	0000020D:11:59	provisional	n	red postbox on the street; American English "mailbox"	0000020D:11:59	
130	脳挫滅	のうざめつ	crushed brain	noun	term	0000020D:11:99	provisional	n	cause-of-death wording on the board	0000020D:11:99	
131	通り魔	とおりま	random street attacker	noun	term	0000020D:11:98	provisional	n		0000020D:11:98	
132	釣り乙	つりおつ	TBD (nice try, troll)	phrase	term	0000020D:11:96	provisional	n	board slang dismissing a post as bait	0000020D:11:96	
133	新1年	しんいちねん	new first-year	noun	term	0000020D:11:97	provisional	n	1年 = first-year, 2年 = second-year, 3年 = third-year (board)	0000020D:11:97	
134	明徴編	めいちょうへん	TBD	noun	title	000000F2:845:0	provisional	n	second volume name 二編目『明徴編』; see V029	000000F2:845:0	
135	呪殺編	じゅさつへん	TBD	noun	title	000000F2:845:2	provisional	n	first volume name; see V029	000000F2:845:2	
136	事典	じてん	Encyclopedia	noun	ui	000000F2:845:4	provisional	n	in-game glossary feature	000000F2:845:4	
137	雑談	ざつだん	Chats	noun	ui	000000F2:845:5	provisional	n	in-game feature name	000000F2:845:5	
138	ポイント	ぽいんと	points	noun	ui	000000F2:845:7	provisional	n	『ポイント』 quoted as a new concept	000000F2:845:7	
139	書簡	しょかん	Letters	noun	ui	000000F2:845:10	provisional	n	『書簡』 reference type	000000F2:845:10	
140	二編目	にへんめ	the second volume	noun	ui	000000F2:845:0	provisional	n		000000F2:845:0	
141	絵梨奈	えりな	Erina	noun	person	000002F6:11:30	provisional	n	Goto's given name; used by her parents and sister (as of 000002F6)	000002F6:11:30	
142	絵梨奈ちゃん	えりなちゃん	Erina-chan	noun	person	000002F6:11:49	provisional	n	what everyone called Goto before middle school; to her a sign of distance (000002F6:11:49-50)	000002F6:11:49	
143	ニカッと	にかっと	grin / a big grin	adv	term	000002F6:11:35	provisional	n	Goto's habitual grin (ニカッと笑う = "grinned"); origin in 000002F6:11:35-38; ニカッとスマイル 000004A7:11:55 = "my trademark grin"	000002F6:11:35	
144	チビ	ちび	shrimp	noun	term	000002F6:11:67	fixed	n	Haruka's word for the small Goto; P19: Haruka's word for Goto is shipped as "shrimp" (000001E3, 00000656 + 5 files); "shorty" also shipped in 7 files for other speakers (CONS candidate, not swept)	000002F6:11:67	
145	大食い	おおぐい	big eater	noun	term	000002F6:11:74	provisional	n	大食い大会 = "eating contest"	000002F6:11:74	
146	部活	ぶかつ	club / club activities	noun	term	000002F6:11:59	provisional	n	school club; Goto and Natsumi met in the same middle-school club	000002F6:11:59	
147	暇人	ひまじん	someone with time on their hands	noun	term	000002F6:11:82	provisional	n	Natsumi teasing Haruka	000002F6:11:82	
148	同窓会	どうそうかい	class reunion	noun	event	000002F8:12:1	provisional	n	Goto's parents' reunion in 皆上市 on 4/8	000002F8:12:1	
149	桃子	ももこ	Momoko	noun	person	000002F8:12:17	provisional	n	Goto's older sister (inferred from 12:17, confirmed 0000037D:11:74); 20, dropped out of high school	000002F8:12:17	
150	皆上市	みなかみし	Minakami City	noun	place	000002F8:12:20	fixed	n	capital of 佐波県; reading unknown; see V033; P15	000002F8:12:20	
151	元木日報	もときにっぽう	TBD (the Motoki Daily)	noun	brand	000002F8:12:48	provisional	n	local newspaper; appears inside a search string; see V034	000002F8:12:48	
152	新村栄一郎	にいむらえいいちろう	Eiichiro Niimura	noun	person	000002F8:12:37	provisional	n	died 祀耀788 4/8 in 中央公園, age 30; reading inferred, see V037; 新村さん / 栄一郎さん in Goto's narration	000002F8:12:37	
153	十三回忌	じゅうさんかいき	the thirteenth-year memorial service	noun	event	000002F8:12:78	fixed	n	Buddhist memorial held in the 12th year after a death (counted as 13th); Goto's reasoning turns on it; TN case 6 candidate, see V035	000002F8:12:78	
154	命日	めいにち	the anniversary of their death	noun	term	000002F8:12:77	fixed	n	P23 (000014BC 8:122)	000002F8:12:77	
155	スマホ	すまほ	phone / smartphone	noun	object	000002F8:12:6	provisional	n		000002F8:12:6	
156	カマをかける	かまをかける	ask a leading question / fish for the truth	phrase	term	000002F8:24:6	provisional	n	set phrase, no sickle image	000002F8:24:6	
157	風船	ふうせん	balloon	noun	object	000002F8:12:53	provisional	n	the balloon the child lost in the tree (article); cf. 000001DB dream	000002F8:12:53	
158	お姉ちゃん	おねえちゃん	Sis (P)	noun	person	000002F8:12:2	provisional	n	Goto's own older sister 桃子; STYLE お姉ちゃん -> Sis (P); Goto's narration uses it constantly, see V055	000002F8:12:2	
159	現在電話に出ることができません	げんざいでんわにでることができません	The person you are calling is unavailable.	phrase	ui	000002FA:11:5	provisional	n	automated phone message; 恐れ入りますが…… follows	000002FA:11:5	
160	着信	ちゃくしん	incoming call	noun	ui	000002FA:11:10	provisional	n	着信画面 = "the incoming-call screen"; メッセージ着信 = "a message arrived"	000002FA:11:10	
161	ツーツー	つーつー	TBD (beep... beep...)	noun	sfx	000002FA:11:75	provisional	n	dial tone after hang-up; SFX rule; see V053	000002FA:11:75	
162	自首	じしゅ	turn myself in	noun	term	000002FA:27:7	provisional	n	自首してくる = "I'm going to turn myself in"	000002FA:27:7	
163	はいはーい	はいはーい	Hi-iii!	interjection	interjection	000002FA:11:13	provisional	n	function: Goto answering the phone over-cheerfully ("はいはーい五島ですよー！" = "Hi-iii, it's Goto!")	000002FA:11:13	
164	コンビニ	こんびに	convenience store	noun	place	0000033D:11:5	provisional	n		0000033D:11:5	
165	面会	めんかい	visiting hours (prison)	noun	term	0000033D:11:17	provisional	n	Haruka's joke that Goto came to visit her in jail; see V052	0000033D:11:17	
166	バカかよ	ばかかよ	You idiot...	phrase	interjection	0000033D:11:25	fixed	n	function: Haruka's rough rebuff to Goto, repeated 0000033D:11:25-66; ふっ、バカかよ (11:58) softened with a laugh; P17: Haruka's rough rebuff; 00000F24:100:59 "Jeez... you idiot..."; 00000FB7:11:80 "You idiot..."	0000033D:11:25	
167	自他ともに認める天才少女	じたともにみとめるてんさいしょうじょ	the genius girl, as everyone agrees, me included	phrase	term	0000033D:11:57	fixed	n	Goto's self-billing; recurs 000004A7:11:0, 11:61, 11:85; one fixed EN; locked rulings-P7 QP7C-04 2026-10-01	0000033D:11:57	
168	オオカミ男	おおかみおとこ	werewolf	noun	term	0000033D:11:93	provisional	n		0000033D:11:93	
169	満月	まんげつ	full moon	noun	term	0000033D:11:96	provisional	n		0000033D:11:96	
170	ペットボトル	ぺっとぼとる	bottle	noun	object	0000033D:11:33	provisional	n	hot drink in a plastic bottle	0000033D:11:33	
171	あっちい	あっちい	Hot!	interjection	interjection	0000033D:11:47	provisional	n	function: Haruka burning her mouth	0000033D:11:47	
172	紙人形	かみにんぎょう	paper dolls	noun	object	0000034C:11:134	fixed	y	human-shaped paper with a name; smeared with vomit = curse (Haruka's account); QMILE-04: 54 shipped sites say paper dolls	0000034C:11:134	
173	古郡良治	こごおりりょうじ	Ryoji Kogori	noun	person	0000034C:11:136	provisional	n	Natsumi's father (as of 0000034C); STYLE example spells Ryoji	0000034C:11:136	
174	古郡家	こごおりけ	the Kogori family / the Kogoris' home	noun	org	0000034C:11:135	provisional	n	family vs house by context	0000034C:11:135	
175	吐瀉物	としゃぶつ	vomit	noun	term	0000034C:11:174	provisional	n		0000034C:11:174	
176	魔女狩り	まじょがり	witch hunts	noun	term	0000034C:11:84	provisional	n		0000034C:11:84	
177	黒魔術	くろまじゅつ	black magic	noun	term	0000034C:11:84	provisional	n		0000034C:11:84	
178	作戦第2弾	さくせんだいにだん	Operation, phase two	phrase	term	0000034C:11:49	fixed	n	Goto catchphrase family (see 作戦開始です); "作戦第2弾開始だ" in narration	0000034C:11:49	
179	アリバイ	ありばい	alibi	noun	term	0000034C:11:232	provisional	n		0000034C:11:232	
180	嘘から出たまこと	うそからでたまこと	TBD (the lie came true)	phrase	term	0000034C:11:4	provisional	n	proverb; set phrase rendered by the English idiom of same weight	0000034C:11:4	
181	食あたり	しょくあたり	food poisoning	noun	term	0000034C:11:187	provisional	n		0000034C:11:187	
182	女ケ沢	めがさわ	Megasawa	noun	place	0000034C:11:239	fixed	n	short form of 女ケ沢市 (Haruka); follows V012; P16: shipped everywhere as Megasawa (the Megasawa City case)	0000034C:11:239	
183	五島ちゃん	ごとうちゃん	Goto-chan	noun	person	0000034C:11:302	provisional	n	Natsumi's mother's address for Goto	0000034C:11:302	
184	あんた	あんた	you	pronoun	term	0000034C:11:15	provisional	n	Momoko's blunt address to Goto	0000034C:11:15	
185	スピーカーモード	すぴーかーもーど	speakerphone	noun	ui	0000034C:11:284	provisional	n		0000034C:11:284	
186	夜遊び	よあそび	staying out at night	noun	term	0000034C:11:17	provisional	n		0000034C:11:17	
187	能面	のうめん	Noh mask	noun	object	00000366:11:27	provisional	n	Haruka: worn at funerals with 赤装束 (her claim); one lies beside the bodies (00000366:11:73); cf. お面 (000001E5)	00000366:11:27	
188	赤装束	あかしょうぞく	red robes	noun	object	00000366:11:27	fixed	n	see V051; locked rulings-P5 (00000779 pre-draft) 2026-10-01	00000366:11:27	
189	葬儀	そうぎ	funeral	noun	event	00000366:11:17	provisional	n		00000366:11:17	
190	制服	せいふく	school uniform	noun	object	00000366:11:24	provisional	n		00000366:11:24	
191	新村流	にいむらりゅう	the Niimura way	noun	term	00000366:11:36	provisional	n	Goto's label for the funeral custom Haruka names	00000366:11:36	
192	桜吹雪	さくらふぶき	a storm of cherry petals	noun	term	00000366:11:7	provisional	n		00000366:11:7	
193	エレベーター	えれべーたー	elevator	noun	object	00000366:11:51	provisional	n	American English	00000366:11:51	
194	新村美冬	にいむらみふゆ	Mifuyu Niimura	noun	person	0000037D:11:58	provisional	n	name on a paper doll beside 新村春花; Haruka's mother by inference only; reading inferred; see V042	0000037D:11:58	
195	新村春花	にいむらはるか	Haruka Niimura	noun	person	0000037D:11:57	provisional	n	full name as written on a paper doll; given-name-first per STYLE	0000037D:11:57	
196	刑事	けいじ	detective	noun	title	0000037D:11:42	provisional	n		0000037D:11:42	
197	病室	びょうしつ	hospital room	noun	place	0000037D:11:66	provisional	n		0000037D:11:66	
198	包帯	ほうたい	bandages	noun	object	0000037D:11:12	provisional	n		0000037D:11:12	
199	げほっ	げほっ	cough	interjection	sfx	0000037D:11:19	provisional	n	function: coughing inside a speech turn (also げほ……)	0000037D:11:19	
200	ビニールバック	びにーるばっく	plastic bag	noun	object	0000037D:11:51	provisional	n	source spelling of ビニールバッグ; see V054	0000037D:11:51	
201	佐波放送	さわほうそう	Sawa Broadcasting	noun	org	000003A8:8:5	provisional	n	follows 佐波県 (V011); follows 佐波県 (resolved 2026-10-02)	000003A8:8:5	
202	中継	ちゅうけい	live report	noun	term	000003A8:8:0	fixed	n	中継現場 = "the scene of the live report"; P23: the telepathic 中継 of 000014BC 8:239 = "the relay" (rulings-P23); this row keeps the TV sense	000003A8:8:0	
203	全国ネット	ぜんこくねっと	nationwide broadcast	noun	term	000003A8:8:24	provisional	n		000003A8:8:24	
204	母ちゃん	かあちゃん	Mom	noun	person	000003A8:8:6	provisional	n	a rowdy boy's word for his own mother	000003A8:8:6	
205	××××	(mask)	××××	noun	ui	000003AE:8:1	provisional	n	masking symbol for the patient's name and birthdate; kept as is (× is CP932 0x817E); also ×× 000003AE:8:53, 000001DD:11:104; see V040	000003AE:8:1	
206	常時監視	じょうじかんし	constant watch	noun	term	000003AE:8:54	provisional	n	suicide watch context	000003AE:8:54	
207	外科医	げかい	surgeon	noun	title	000003AE:8:60	provisional	n		000003AE:8:60	
208	警部補	けいぶほ	inspector	noun	title	000003B4:8:14	fixed	n	police rank; title used as address ("警部補" alone) = "Lieutenant"; see V048; P15: shipped 9 sites "Inspector Ise" decide	000003B4:8:14	
209	伊勢警部補	いせけいぶほ	Lieutenant Ise	noun	title	000003B4:8:14	provisional	n	follows 警部補; rulings-P13 2026-10-02	000003B4:8:14	
210	美少女愛好家	びしょうじょあいこうか	a devotee of pretty girls	noun	term	000003B4:8:15	fixed	n	see V047; V047 CLOSED P16: shipped 2 sites (000003B4) decide	000003B4:8:15	
211	ロリコン	ろりこん	lolicon	noun	term	000003B4:8:17	fixed	y	ロリコン趣味 = "taste for young girls"; see V047 | RULING Fable 2026-10-01 (QP4B-04, owner position: loanword): "lolicon", no TN (parts 2-3 ship it without one)	000003B4:8:17	
212	元木美少女同好会	もときびしょうじょどうこうかい	Motoki Bishojo Appreciation Society	noun	org	000003B4:23:0	provisional	n	see V047; named again by Ise 000004A7:11:64	000003B4:23:0	
213	当署	とうしょ	this station	noun	term	000003B4:8:8	provisional	n	police self-reference	000003B4:8:8	
214	少年犯罪	しょうねんはんざい	juvenile crime	noun	term	000003B4:8:2	provisional	n	少年 here = minors of either sex	000003B4:8:2	
215	示談	じだん	settlement	noun	term	000003B4:8:3	provisional	n	示談が成立 = "settled out of court"	000003B4:8:3	
216	監視カメラ	かんしかめら	security camera	noun	object	000003B4:8:7	provisional	n		000003B4:8:7	
217	再犯率	さいはんりつ	reoffending rate	noun	term	000003B4:8:4	provisional	n		000003B4:8:4	
218	盗難車	とうなんしゃ	stolen car	noun	term	000003BC:8:3	provisional	n		000003BC:8:3	
219	ミニバン	みにばん	minivan	noun	object	000003BC:8:6	provisional	n	white, used for preparing the park food stalls	000003BC:8:6	
220	屋台	やたい	food stall	noun	place	000003BC:8:6	provisional	n	also 0000034C:11:186 公園の屋台	000003BC:8:6	
221	祀耀790年	しようななひゃくきゅうじゅうねん	Shiyo 790	noun	date	00000460:11:22	provisional	n	女ケ沢市事件 years: 祀耀790, 794, 797; this year 祀耀800 (CALENDAR rule)	00000460:11:22	
222	元木町事件	もときちょうじけん	the Motoki-cho case	noun	event	00000460:11:40	fixed	y	Goto's coinage by analogy with 女ケ沢市事件; follows 元木町 (V009); QP12R2-02: one noun, parallel to the Megasawa City case	00000460:11:40	
223	アドレナリン	あどれなりん	adrenaline	noun	term	00000460:11:0	provisional	n	also ノルアドレナリン = noradrenaline	00000460:11:0	
224	後輩	こうはい	junior	noun	title	00000473:11:33	provisional	n	かわいい後輩 = "my cute junior"; common noun, no suffix	00000473:11:33	
225	職務質問	しょくむしつもん	stopped and questioned by the police	noun	term	00000473:11:53	provisional	n		00000473:11:53	
226	銃刀法違反	じゅうとうほういはん	violating the weapons law	noun	term	00000473:11:53	provisional	n	Swords and Firearms Control Law; descriptive, no TN	00000473:11:53	
227	補導	ほどう	taken in (as a minor)	noun	term	00000473:11:53	provisional	n	police custody/guidance of a juvenile	00000473:11:53	
228	リュック	りゅっく	backpack	noun	object	00000473:11:62	provisional	n		00000473:11:62	
229	カッターナイフ	かったーないふ	box cutter	noun	object	00000473:11:50	provisional	n		00000473:11:50	
230	ボディガード	ぼでぃがーど	bodyguard	noun	term	00000473:11:37	provisional	n		00000473:11:37	
231	ふふ	ふふ	Heh	interjection	interjection	00000473:11:33	provisional	n	function: Natsumi's soft laugh opening a line (also 00000488:34:63)	00000473:11:33	
232	受付	うけつけ	front desk	noun	place	00000488:34:3	provisional	n	police station reception	00000488:34:3	
233	怖がりさん	こわがりさん	a scaredy-cat	noun	term	00000488:34:24	provisional	n	common noun + さん: suffix zero per STYLE	00000488:34:24	
234	2人乗り	ふたりのり	riding double	noun	term	00000488:34:40	provisional	n	two on one bike	00000488:34:40	
235	荒田集落	あらたしゅうらく	the Arata settlement	noun	place	00000488:48:7	fixed	n	display / title form "The Arata Settlement" (UNTR3 card 134); locked rulings-P7 2026-10-01	00000488:48:7	
236	麻薬	まやく	drugs	noun	term	00000488:48:7	provisional	n	heard among the voices	00000488:48:7	
237	習わし	ならわし	custom	noun	term	00000488:48:7	provisional	n	これが荒田集落の習わし = "this is the custom of the Arata settlement"	00000488:48:7	
238	伊勢大二郎	いせだいじろう	Daijiro Ise	noun	person	000004A7:11:41	provisional	n	full name; 元木警察署警部補; reading inferred	000004A7:11:41	
239	元木警察署	もときけいさつしょ	Motoki Police Station	noun	org	000004A7:11:41	provisional	n		000004A7:11:41	
240	巡査部長	じゅんさぶちょう	sergeant	noun	title	000004A7:11:92	provisional	n	used as address by Ise ("おい！巡査部長！")	000004A7:11:92	
241	警部補殿	けいぶほどの	Inspector, sir	noun	title	000004A7:11:61	fixed	n	Goto's mock-military address with salute; see V048; P15	000004A7:11:61	
242	であります	であります	..., sir!	phrase	term	000004A7:11:5	fixed	y	Goto's mock-soldier ending, with a salute (000004A7:11:61, 11:71); also 000001E3:8:189; DIALECT policy: word choice only; see V015 | RULING Fable 2026-10-01 (QP4A-01): clipped mock-military report English ending in ", sir!" (same gender-crossing bit as 旦那 = Boss); one rendering project-wide	000004A7:11:5	
243	元木高校	もときこうこう	Motoki High School	noun	org	000004A7:11:61	provisional	n	元木高校1年 = "first-year at Motoki High"; cf. 元木高校掲示板	000004A7:11:61	
244	キャリア組	きゃりあぐみ	career-track officers	noun	term	000004A7:11:105	provisional	n	elite national-exam police track	000004A7:11:105	
245	美少女	びしょうじょ	pretty girl	noun	term	000004A7:11:21	provisional	n		000004A7:11:21	
246	不審者	ふしんしゃ	suspicious person	noun	term	000004A7:11:48	provisional	n		000004A7:11:48	
247	入試	にゅうし	entrance exam	noun	event	000004A7:11:71	provisional	n		000004A7:11:71	
248	喫煙席	きつえんせき	smoking section	noun	place	000004BB:8:4	provisional	n	喫煙席ブース = "the smoking booth"	000004BB:8:4	
249	警察手帳	けいさつてちょう	police badge	noun	object	000004BB:8:17	provisional	n	Japanese police ID folder; "badge" per US usage	000004BB:8:17	
250	JK	じぇーけー	TBD (high-school girl)	noun	term	000004BB:8:30	provisional	n	slang abbreviation for 女子高生; Goto on herself "ここはJKらしく"; see V074	000004BB:8:30	
251	ミルフィーユ	みるふぃーゆ	mille-feuille	noun	food	000004BB:8:30	provisional	n	イチゴのミルフィーユ = "strawberry mille-feuille"	000004BB:8:30	
252	イケメン	いけめん	a hunk / good-looking	noun	term	000004BB:8:34	provisional	n	Goto's compliment to Ise	000004BB:8:34	
253	元木駅	もときえき	Motoki Station	noun	place	000004BB:16:2	provisional	n	pizza fair venue; 駅構内の商店街 = "the shops inside the station"	000004BB:16:2	
254	ピザフェア	ぴざふぇあ	pizza fair	noun	event	000004BB:16:2	provisional	n	at 元木駅 with a TV-famous Italian chef	000004BB:16:2	
255	津軽弁	つがるべん	Tsugaru dialect	noun	term	000004BB:16:5	provisional	n	named in narration only (the chef has no lines); DIALECT rule; see V057	000004BB:16:5	
256	コックコート	こっくこーと	chef's whites	noun	object	000004BB:16:6	provisional	n		000004BB:16:6	
257	援助交際	えんじょこうさい	compensated dating	noun	term	000004BB:16:32	provisional	n	Natsumi's worried guess	000004BB:16:32	
258	即日宅配サービス	そくじつたくはいさーびす	same-day delivery service	noun	term	000004BB:16:47	provisional	n	at the station, 500円	000004BB:16:47	
259	はひ	はひ	Huh?	interjection	sfx	000004BB:8:20	provisional	n	function: a baffled noise (Goto or waitress, 「はひ？」⏎「ふぁあ？」); narration calls both "疑問符" from nowhere; pair with ふぁあ	000004BB:8:20	
260	ふぁあ	ふぁあ	Whaa?	interjection	sfx	000004BB:8:20	provisional	n	function: the second baffled noise in 8:20; must differ from はひ	000004BB:8:20	
261	ん？	ん	Hm?	interjection	interjection	000004BB:8:51	provisional	n	function: short prompting "yes?" to an address (Ise, Natsumi)	000004BB:8:51	
262	五島様様	ごとうさまさま	TBD (Thank God for Goto!)	phrase	term	000004CF:12:0	provisional	n	idiom X様様 = "X is a godsend"; not an honorific on the name; see V058	000004CF:12:0	
263	ソメイヨシノ	そめいよしの	Somei-yoshino cherry	noun	term	000004CF:12:15	provisional	n	the common cultivated cherry variety	000004CF:12:15	
264	挿し木	さしき	cuttings	noun	term	000004CF:12:15	provisional	n	propagation by cuttings	000004CF:12:15	
265	接ぎ木	つぎき	grafting	noun	term	000004CF:12:15	provisional	n		000004CF:12:15	
266	実家	じっか	family home	noun	place	000004CF:12:18	provisional	n	お父さんの実家 = "my dad's family home" (his parents' home)	000004CF:12:18	
267	着信履歴	ちゃくしんりれき	call log	noun	ui	000004CF:12:26	provisional	n		000004CF:12:26	
268	夢枕に立つ	ゆめまくらにたつ	appear in a dream (to bring a message)	phrase	term	000004CF:12:91	provisional	n	set phrase: the dead appearing at the bedside in a dream	000004CF:12:91	
269	確執	かくしつ	feud / bad blood	noun	term	000004CF:12:80	provisional	n	古郡家と新村家の確執	000004CF:12:80	
270	殺人鬼	さつじんき	murderer / killer	noun	term	000004E3:27:9	provisional	n	Haruka on herself	000004E3:27:9	
271	メイス	めいす	mace	noun	object	000004E3:27:131	provisional	n	Haruka glosses it: 金属の棍棒 = "a metal club"; the 死神's weapon with the 鉈	000004E3:27:131	
272	棍棒	こんぼう	club	noun	object	000004E3:27:131	provisional	n		000004E3:27:131	
273	まじない	まじない	charm / spell	noun	concept	000004E3:11:103	provisional	n	色々とまじないをかける = "cast all sorts of spells"	000004E3:11:103	
274	警笛	けいてき	the train's horn	noun	sfx	000004E3:27:111	provisional	n	masks Haruka's line	000004E3:27:111	
275	かりそめの友情	かりそめのゆうじょう	TBD (a make-believe friendship)	phrase	concept	000004E3:27:28	provisional	n	surfaces in Natsumi's mind twice (000004F9:11:23); one fixed EN; see V073	000004E3:27:28	
276	親不孝	おやふこう	a bad daughter	noun	term	000004E3:11:52	provisional	n	親不孝と思われてもいい = "Let them think I'm a bad daughter"	000004E3:11:52	
277	頭の中お花畑	あたまのなかおはなばたけ	head full of daydreams	phrase	term	000004E3:27:11	provisional	n	idiom; naive; image not used by the text	000004E3:27:11	
278	主犯	しゅはん	mastermind	noun	term	000004E3:27:102	provisional	n	paired with 実行犯	000004E3:27:102	
279	実行犯	じっこうはん	the one who does the killing	noun	term	000004E3:27:102	provisional	n	paired with 主犯	000004E3:27:102	
280	鎌	かま	scythe	noun	object	000004E3:27:136	provisional	n	鎌に骸骨 = the reaper image (scythe and skeleton)	000004E3:27:136	
281	骸骨	がいこつ	skeleton	noun	object	000004E3:27:136	provisional	n		000004E3:27:136	
282	凶悪犯	きょうあくはん	violent criminal	noun	term	000004E3:27:103	provisional	n	also 凶悪事件 = "violent crime" (000004F9:11:142)	000004E3:27:103	
283	桜岡	さくらおか	Sakuraoka	noun	place	000004F9:11:1	fixed	n	unstaffed station; source prints "桜 岡" once (ruby residue); 桜岡と言う名の通り the name means cherry hill and the text uses it (11:7); reading inferred; P21 QUNTR19-03: 6 shipped uses	000004F9:11:1	
284	桜岡駅	さくらおかえき	TBD (Sakuraoka Station)	noun	place	000004F9:11:39	provisional	n	follows 桜岡	000004F9:11:39	
285	無人駅	むじんえき	unstaffed station	noun	place	000004F9:11:1	provisional	n		000004F9:11:1	
286	気配のない気配	けはいのないけはい	TBD (a presence of no presence)	phrase	concept	000004F9:11:9	provisional	n	in 『』 in narration; paradox kept	000004F9:11:9	
287	西佐波警察	にしさわけいさつ	TBD (West Sawa Police)	noun	org	000004F9:11:136	provisional	n	follows 佐波 (V011)	000004F9:11:136	
288	桜岡街道	さくらおかかいどう	TBD (the Sakuraoka road)	noun	place	000004F9:11:142	provisional	n	follows 桜岡	000004F9:11:142	
289	警察無線	けいさつむせん	police radio	noun	object	000004F9:11:129	provisional	n		000004F9:11:129	
290	パトカー	ぱとかー	police car	noun	object	000004F9:11:87	provisional	n	also パトランプ (00000522:11:148) = "the police car's light"	000004F9:11:87	
291	つばぜり合い	つばぜりあい	locked blade to blade	noun	term	000004F9:11:101	provisional	n	set phrase; the text shows the actual clash, so a blade image fits	000004F9:11:101	
292	馬鹿力	ばかぢから	monstrous strength	noun	term	000004F9:11:107	provisional	n		000004F9:11:107	
293	了解	りょうかい	Roger.	interjection	interjection	000004F9:11:138	provisional	n	function: radio acknowledgement (了解しました 11:142 = "Roger that")	000004F9:11:138	
294	どうぞ	どうぞ	Over.	interjection	interjection	000004F9:11:136	provisional	n	function: radio sign-off only; elsewhere どうぞ = "go ahead"/"please"	000004F9:11:136	
295	女子高生	じょしこうせい	high-school girls	noun	term	000004F9:11:140	provisional	n	police radio "被害者は女子高生2人"	000004F9:11:140	
296	発作	ほっさ	attack / fit	noun	term	0000050E:11:77	provisional	n	四月病の発作 = "an April-sickness attack" (follows 四月病, V008)	0000050E:11:77	
297	めまい	めまい	dizziness	noun	term	0000050E:11:50	provisional	n		0000050E:11:50	
298	虚脱感	きょだつかん	a drained feeling / weakness	noun	term	0000050E:11:50	provisional	n		0000050E:11:50	
299	土下座	どげざ	get down on my knees and bow	noun	term	0000050E:11:64	provisional	n	何回土下座したって = "no matter how many times I got on my knees"; descriptive, no TN	0000050E:11:64	
300	独りよがり	ひとりよがり	self-righteous	adj	term	0000050E:11:132	provisional	n	独りよがりの正義 = "your self-righteous idea of justice"	0000050E:11:132	
301	自己満足	じこまんぞく	self-satisfaction	noun	term	0000050E:11:132	provisional	n		0000050E:11:132	
302	テールランプ	てーるらんぷ	taillights	noun	object	0000050E:11:167	provisional	n		0000050E:11:167	
303	死神失格	しにがみしっかく	TBD (a failure as a 死神)	phrase	term	0000050E:11:173	provisional	n	Haruka's taunt; follows 死神 (V014)	0000050E:11:173	
304	ざまあみろ	ざまあみろ	Serves you right!	interjection	interjection	0000050E:11:172	provisional	n	function: Haruka's taunt	0000050E:11:172	
305	ちくしょう	ちくしょう	Dammit	interjection	interjection	0000050E:11:7	provisional	n	function: Haruka's frustrated curse; stronger than くそ ("Damn")	0000050E:11:7	
306	ブレーキ痕	ぶれーきこん	skid marks	noun	term	00000522:11:4	provisional	n		00000522:11:4	
307	緊急手術	きんきゅうしゅじゅつ	emergency surgery	noun	term	00000522:11:8	provisional	n		00000522:11:8	
308	待合所	まちあいじょ	waiting area	noun	place	00000522:11:9	provisional	n	hospital	00000522:11:9	
309	うわごと	うわごと	as if delirious	noun	term	00000522:11:12	provisional	n	うわごとのようにつぶやく = "murmured as if delirious"	00000522:11:12	
310	焼死体	しょうしたい	burned body	noun	term	00000522:11:55	provisional	n		00000522:11:55	
311	仮説	かせつ	hypothesis	noun	term	00000522:11:70	provisional	n	Goto's word; 推測 = "guess" (11:100) is lower, the text contrasts them	00000522:11:70	
312	推測	すいそく	guess / conjecture	noun	term	00000522:11:100	provisional	n	contrasted with 仮説	00000522:11:100	
313	パトランプ	ぱとらんぷ	the police car's light	noun	object	00000522:11:148	provisional	n		00000522:11:148	
314	社会復帰	しゃかいふっき	return to normal life	noun	term	00000522:11:154	provisional	n		00000522:11:154	
315	墓参り	はかまいり	visit to a grave	noun	event	00000522:11:173	provisional	n	お父さんのお墓参り = "visiting Dad's grave"	00000522:11:173	
316	祀耀802年	しようはっぴゃくにねん	Shiyo 802	noun	date	00000522:11:170	provisional	n	"2年後――祀耀802年　四月。" CALENDAR rule	00000522:11:170	
317	美冬	みふゆ	Mifuyu	noun	person	00000522:11:92	provisional	n	Haruka's mother's given name (as of 00000550:11:72); 美冬さん by Natsumi's father (00000538:11:111); reading inferred, see V042	00000522:11:92	
318	カラス	からす	crow(s)	noun	term	00000538:11:1	provisional	n		00000538:11:1	
319	死臭	ししゅう	the smell of death	noun	term	00000538:11:2	provisional	n		00000538:11:2	
320	事情聴取	じじょうちょうしゅ	questioning	noun	term	00000538:11:18	provisional	n	殺人容疑での事情聴取 = "questioning as a murder suspect"	00000538:11:18	
321	表札	ひょうさつ	nameplate (on a door)	noun	object	00000538:11:33	provisional	n	the room is not named in the line (霊安室 at 11:163)	00000538:11:33	
322	身元確認	みもとかくにん	identification	noun	term	00000538:11:34	provisional	n	identifying a body; 身元不明 = "unidentified" (000004CF:12:86)	00000538:11:34	
323	供花	きょうか	funeral flowers	noun	object	00000538:11:51	provisional	n		00000538:11:51	
324	位牌	いはい	memorial tablet	noun	object	00000538:11:51	provisional	n	無記名の位牌 = "a blank memorial tablet"	00000538:11:51	
325	線香	せんこう	incense	noun	object	00000538:11:51	provisional	n		00000538:11:51	
326	失血死	しっけつし	bled to death	noun	term	00000538:11:82	provisional	n		00000538:11:82	
327	肉塊	にくかい	lump of flesh	noun	term	00000538:11:85	provisional	n		00000538:11:85	
328	進級	しんきゅう	moving up a year	noun	event	00000538:11:105	provisional	n	進級おめでとう = "Congratulations on moving up a year"	00000538:11:105	
329	おそろい	おそろい	matching	adj	term	00000538:11:110	provisional	n	おそろいスマホ = "matching phones"	00000538:11:110	
330	火葬	かそう	cremation	noun	event	00000538:11:129	provisional	n		00000538:11:129	
331	干し肉	ほしにく	jerky	noun	food	00000538:11:131	provisional	n	image the narrator uses for the dry skin; keep	00000538:11:131	
332	取調室	とりしらべしつ	interrogation room	noun	place	00000538:11:176	provisional	n		00000538:11:176	
333	取り調べ	とりしらべ	questioning	noun	term	00000538:11:172	provisional	n	also 取調べ (11:172); same EN	00000538:11:172	
334	スマートフォン	すまーとふぉん	smartphone	noun	object	00000538:11:106	provisional	n	スマホ in speech = "phone"	00000538:11:106	
335	年忌	ねんき	memorial anniversaries	noun	term	00000550:11:62	provisional	n	Buddhist memorials counted with the death year as the first; Natsumi's reasoning turns on it; see V067	00000550:11:62	
336	三回忌	さんかいき	third-year memorial service	noun	event	00000550:11:64	fixed	y	held 2 years after a death; see V067, V035 | RULING Fable 2026-10-01 (QP4C-03): N-year memorial pattern as 十三回忌 = thirteenth-year memorial; once per file the note [TN: Buddhist memorials count the year of death as the first year.]	00000550:11:64	
337	七回忌	ななかいき	seventh-year memorial service	noun	event	00000550:11:64	fixed	n	held 6 years after; see V067; rulings-P5 2026-10-01	00000550:11:64	
338	十回忌	じゅっかいき	tenth-year memorial service	noun	event	00000550:11:65	fixed	n	Natsumi doubts it exists; the 荒田集落 custom (11:70); see V067; rulings-P5 2026-10-01	00000550:11:65	
339	十年祭	じゅうねんさい	TBD (tenth-year rite)	noun	event	00000550:11:70	provisional	n	Shinto memorial rite (神道でいう十年祭)	00000550:11:70	
340	法要	ほうよう	the memorial service	noun	event	00000550:11:71	fixed	n	P23 (000014BC 8:123-125)	00000550:11:71	
341	神道	しんとう	Shinto	noun	term	00000550:11:70	provisional	n		00000550:11:70	
342	いじめ	いじめ	bullying	noun	term	00000550:11:37	provisional	n	いじめていた児童や生徒 = "children and students who bullied her"	00000550:11:37	
343	間抜け	まぬけ	klutz	noun	term	00000550:11:108	provisional	n	Haruka on her dead father: "お父さんが間抜けだっただけだよ！"	00000550:11:108	
344	絆	きずな	bond	noun	term	00000550:11:115	provisional	n	source prints " 絆 " with ruby-residue spaces	00000550:11:115	
345	ガチ	がち	a real, hardcore	adj	term	00000550:11:144	provisional	n	ガチなロリコン = "a hardcore lolicon" (follows V047)	00000550:11:144	
346	空気読めよ	くうきよめよ	Read the room	phrase	term	00000550:11:147	provisional	n	narration punchline "空気読めよ、五島。"	00000550:11:147	
347	手紙	てがみ	letter(s)	noun	object	00000550:11:38	provisional	n	Haruka's letters to Natsumi; the father's note 00000564 is called 手紙 from 0000057B:11:24	00000550:11:38	
348	ハイエナ	はいえな	hyena	noun	term	00000564:11:17	provisional	n	Haruka's insult to Goto	00000564:11:17	
349	天才美少女	てんさいびしょうじょ	TBD (genius beauty)	noun	title	00000564:11:19	provisional	n	variant of 自他ともに認める天才少女 with 美 inserted; Haruka reacts to the 美少女 part (11:20); see V071	00000564:11:19	
350	中二病	ちゅうにびょう	chunibyo	noun	term	00000564:11:26	fixed	n	O-61 culture noun, no TN; shipped 00000564; locked 2026-10-01	00000564:11:26	
351	丁目	ちょうめ	-chome	noun	place	00000CCA:15:0	fixed	n	address unit stays Japanese (2丁目 = "2-chome"; 七海町2丁目区画 = "Nanami-cho 2-chome block"); locked rulings-P7 QP8PRE-06 2026-10-01	00000CCA:15:0	
352	山湖ハイランド	さんこはいらんど	Sanko Highland	noun	place	000008D0:8:0	provisional	n	; UNTR5 QUNTR5-07 2026-10-01	000008D0:8:0	
353	白桃	はくとう	Hakuto	noun	brand	000008D0:8:0	provisional	n	display "Chinese Restaurant 'Hakuto'"; UNTR5 QUNTR5-07 2026-10-01	000008D0:8:0	
354	敷島伸浩	しきしまのぶひろ	Nobuhiro Shikishima	noun	person	000008D0:8:0	provisional	n	reading from the source parenthesis; UNTR5 QUNTR5-07 2026-10-01	000008D0:8:0	
355	七海町病院	ななみちょうびょういん	Nanami-cho Hospital	noun	place	000008D0:8:0	provisional	n	; UNTR5 QUNTR5-07 2026-10-01	000008D0:8:0	
356	飯沢北本線	いいざわきたほんせん	Iizawa North Main Line	noun	place	000008D0:8:0	provisional	n	; UNTR5 QUNTR5-07 2026-10-01	000008D0:8:0	
357	飯沢北線	いいざわきたせん	Iizawa North Line	noun	place	000008D0:8:0	provisional	n	; UNTR5 QUNTR5-07 2026-10-01	000008D0:8:0	
358	飯沢縦貫線	いいざわじゅうかんせん	Iizawa Trunk Line	noun	place	000008D0:8:0	provisional	n	; UNTR5 QUNTR5-07 2026-10-01	000008D0:8:0	
359	荒田線	あらたせん	Arata Line	noun	place	000008D0:8:0	provisional	n	; UNTR5 QUNTR5-07 2026-10-01	000008D0:8:0	
360	荒田駅	あらたえき	Arata Station	noun	place	000008D0:8:0	provisional	n	; UNTR5 QUNTR5-07 2026-10-01	000008D0:8:0	
361	豊岳村	とよたけむら	Toyotake Village	noun	place	000008D0:8:0	provisional	n	follows 豊岳; UNTR5 QUNTR5-07 2026-10-01	000008D0:8:0	
362	豊岳山道	とよたけさんどう	the Toyotake mountain road	noun	place	000008D0:8:0	provisional	n	; UNTR5 QUNTR5-07 2026-10-01	000008D0:8:0	
363	荒田山道	あらたさんどう	the Arata mountain road	noun	place	000008D0:8:0	provisional	n	display "Arata Mountain Road"; UNTR5 QUNTR5-07 2026-10-01	000008D0:8:0	
364	中津駅	なかつえき	Nakatsu Station	noun	place	000008D0:8:0	provisional	n	; UNTR5 QUNTR5-07 2026-10-01	000008D0:8:0	
365	中津市	なかつし	Nakatsu City	noun	place	000008D0:8:0	provisional	n	; UNTR5 QUNTR5-07 2026-10-01	000008D0:8:0	
366	新村幸一郎	にいむらこういちろう	Koichiro Niimura	noun	person	000008D0:8:0	provisional	n	; UNTR5 QUNTR5-07 2026-10-01	000008D0:8:0	
367	新村本家	にいむらほんけ	the Niimura main house	noun	place	000008D0:8:0	provisional	n	as a place; display "Niimura Main House"; UNTR5 QUNTR5-07 2026-10-01	000008D0:8:0	
368	黄泉戸喫	よもつへぐい	yomotsuhegui	noun	concept	000008D0:8:0	provisional	n	O-61, no note; UNTR5 QUNTR5-07 2026-10-01	000008D0:8:0	
369	町歩	ちょうぶ	chobu	noun	term	000008D0:8:0	provisional	n	old land unit, O-61; UNTR5 QUNTR5-07 2026-10-01	000008D0:8:0	
370	マスク・デ・ルシフェル	ますく・で・るしふぇる	Masque de Lucifer	noun	title	000008D0:8:0	provisional	n	; UNTR5 QUNTR5-07 2026-10-01	000008D0:8:0	
371	コンパ	こんぱ	drinking party	noun	term	000008D0:8:0	provisional	n	; UNTR5 QUNTR5-07 2026-10-01	000008D0:8:0	
372	元木小学校	もときしょうがっこう	Motoki Elementary School	noun	org	000008D0:8:0	provisional	n	; UNTR5 QUNTR5-07 2026-10-01	000008D0:8:0	
373	オカルト雑誌『M』	おかるとざっし えむ	Occult Magazine 'M'	noun	brand	000008D0:8:0	provisional	n	; UNTR5 QUNTR5-07 2026-10-01	000008D0:8:0	
374	女ケ沢新聞③	めがさわしんぶん さん	Megasawa Newspaper 3	noun	title	000008D0:8:0	provisional	n	as rows 27/28; UNTR5 QUNTR5-07 2026-10-01	000008D0:8:0	
375	黒歴史	くろれきし	embarrassing past	noun	term	00000564:11:27	provisional	n		00000564:11:27	
376	高3	こうさん	third-year of high school	noun	term	00000564:11:26	provisional	n	also あの3年 (11:5) = "that third-year"	00000564:11:26	
377	ショートメッセージ	しょーとめっせーじ	text message	noun	ui	00000564:11:29	provisional	n		00000564:11:29	
378	迷惑メッセージ	めいわくめっせーじ	spam	noun	ui	00000564:11:30	provisional	n		00000564:11:30	
379	ピザバカ女	ぴざばかおんな	TBD (pizza-crazy girl)	phrase	term	00000564:11:54	provisional	n	日本一のピザバカ女 = "the most pizza-crazy girl in Japan"	00000564:11:54	
380	連絡帳	れんらくちょう	address book	noun	object	00000564:11:68	provisional	n	親戚の連絡帳 = "the relatives' address book"	00000564:11:68	
381	葬儀屋	そうぎや	funeral home	noun	place	00000564:11:11	provisional	n		00000564:11:11	
382	宗派	しゅうは	sect	noun	term	00000564:11:71	provisional	n	Buddhist denomination; 新村家は特別な宗派	00000564:11:71	
383	例の件	れいのけん	the matter / that matter	phrase	term	00000564:11:103	provisional	n	in the father's letter; unexplained, keep vague	00000564:11:103	
384	抹殺	まっさつ	erased / wiped out	noun	term	00000564:11:108	provisional	n	社会から抹殺される = "be erased from society"	00000564:11:108	
385	正体	しょうたい	true identity / what she really is	noun	term	00000564:11:114	provisional	n	美冬さんの正体; also 死神の正体 (000004E3:27:103)	00000564:11:114	
386	屋上	おくじょう	roof	noun	place	00000564:11:139	provisional	n	5階の上が屋上 = "the roof is above the 5th floor"	00000564:11:139	
387	怪人	かいじん	the strange figure	noun	term	00000564:11:157	fixed	y	narration word for the masked figure before unmasking; ungendered; QP14A-05 rulings-P14 2026-10-02: 5 shipped sites	00000564:11:157	
388	緊急逮捕	きんきゅうたいほ	arrest (on the spot, without a warrant)	noun	term	00000564:11:182	provisional	n	"緊急逮捕する！" = "You're under arrest!"	00000564:11:182	
389	死体遺棄	したいいき	abandoning a body	noun	term	00000564:11:182	provisional	n	殺人および死体遺棄の容疑 = "on suspicion of murder and abandoning a body"	00000564:11:182	
390	衆人環視	しゅうじんかんし	in front of all these people	noun	term	00000564:11:187	provisional	n		00000564:11:187	
391	ベランダ	べらんだ	balcony	noun	place	00000564:11:127	provisional	n		00000564:11:127	
392	茜へ	あかねへ	To Akane,	phrase	term	00000564:11:97	provisional	n	letter salutation; letter signed 古郡良治 (11:120)	00000564:11:97	
393	非常線	ひじょうせん	cordon	noun	term	0000057B:11:7	provisional	n		0000057B:11:7	
394	時報	じほう	time signal	noun	sfx	0000057B:11:19	provisional	n	午前0時を知らせる時報 = "the time signal announcing midnight"; same sound as the clock at Haruka's home	0000057B:11:19	
395	冥福	めいふく	rest in peace	noun	term	0000057B:11:16	provisional	n	冥福を祈る = "pray for their souls"	0000057B:11:16	
396	手を合わせる	てをあわせる	put my hands together	phrase	term	0000057B:11:15	provisional	n	prayer gesture; the gesture is seen (11:18), keep	0000057B:11:15	
397	お姉さん	おねえさん	older sister (Goto's)	noun	person	0000057B:11:91	provisional	n	STYLE: separate row from お姉ちゃん. Here Natsumi's reference to Goto's older sister (not a relative) = "Goto's sister" / "her sister"	0000057B:11:91	
398	ガキ	がき	a kid	noun	term	0000057B:11:96	provisional	n	Momoko on Goto: "いつまでたってもガキなんだから"	0000057B:11:96	
399	ったく	ったく	Geez	interjection	interjection	0000057B:11:96	provisional	n	function: exasperated opener (Momoko)	0000057B:11:96	
400	ピザサービス券	ぴざさーびすけん	free-pizza coupon	noun	object	00000595:11:2	provisional	n		00000595:11:2	
401	デラックスピザ	でらっくすぴざ	Deluxe Pizza	noun	food	00000595:11:14	provisional	n	menu name	00000595:11:14	
402	タバスコ	たばすこ	Tabasco	noun	food	00000595:11:19	provisional	n		00000595:11:19	
403	Lサイズ	えるさいず	large	noun	term	00000595:11:23	provisional	n		00000595:11:23	
404	広告塔	こうこくとう	poster child	noun	term	00000595:11:45	provisional	n	Goto at the cram school	00000595:11:45	
405	ネットサーフィン	ねっとさーふぃん	surfing the net	noun	term	00000595:11:48	provisional	n		00000595:11:48	
406	自然史博物館	しぜんしはくぶつかん	the Natural History Museum	noun	place	00000595:11:80	provisional	n	London; Haruka's mix-up, translate as written (V068)	00000595:11:80	
407	エッフェル塔	えっふぇるとう	the Eiffel Tower	noun	place	00000595:11:80	provisional	n		00000595:11:80	
408	チリ	ちり	Chile	noun	place	00000595:11:85	provisional	n	pun on 地理 (geography); see V068	00000595:11:85	
409	パリ	ぱり	Paris	noun	place	00000595:11:86	provisional	n		00000595:11:86	
410	ピサの斜塔	ぴさのしゃとう	the Leaning Tower of Pisa	noun	place	00000595:11:87	provisional	n		00000595:11:87	
411	サグラダファミリア	さぐらだふぁみりあ	the Sagrada Familia	noun	place	00000595:11:87	provisional	n		00000595:11:87	
412	ヨーロッパ	よーろっぱ	Europe	noun	place	00000595:11:79	provisional	n		00000595:11:79	
413	離婚	りこん	divorce	noun	term	00000595:11:108	provisional	n		00000595:11:108	
414	服役	ふくえき	serving time	noun	term	00000595:11:112	provisional	n		00000595:11:112	
415	郵便受け	ゆうびんうけ	mailbox	noun	object	00000595:11:122	provisional	n	the apartment building's mailbox at the entrance (cf. ポスト = street mailbox); lock: 暗証番号式 00000595:11:123, ダイヤル式 000005AC:11:2	00000595:11:122	
416	暗証番号式	あんしょうばんごうしき	combination lock	noun	term	00000595:11:123	provisional	n	see V069	00000595:11:123	
417	ダイヤル式	だいやるしき	combination dial	noun	term	000005AC:11:2	provisional	n	see V069	000005AC:11:2	
418	もぐもぐ	もぐもぐ	munch munch	interjection	sfx	00000595:11:24	provisional	n	Haruka talking while eating; also むぐむぐ 11:25 (a variant, keep distinct: "mmf mmf")	00000595:11:24	
419	うひょー	うひょー	Woo-hoo!	interjection	interjection	00000595:11:5	provisional	n	function: Haruka's delight at food	00000595:11:5	
420	ほれ	ほれ	Here.	interjection	interjection	00000595:11:19	provisional	n	function: Haruka handing something over	00000595:11:19	
421	超炭酸ボンバー	ちょうたんさんぼんばー	Super Soda Bomber	noun	brand	000005AC:11:40	fixed	y	Haruka's favourite drink, extremely fizzy, thick can like an oxygen tank; 超 is repeated one per cell 11:41-44	000005AC:11:40	
422	酸素ボンベ	さんそぼんべ	oxygen tank	noun	object	000005AC:11:41	provisional	n	image the text uses for the can	000005AC:11:41	
423	県道	けんどう	prefectural road	noun	place	000005AC:11:5	provisional	n		000005AC:11:5	
424	外廊下	そとろうか	outside walkway	noun	place	000005AC:11:0	provisional	n	apartment corridor open to the air	000005AC:11:0	
425	ぶあっぺ	ぶあっぺ	Bwahpff!	interjection	sfx	000005AC:11:55	provisional	n	function: Haruka hit in the face by soda spray	000005AC:11:55	
426	そっちかい	そっちかい	That's what you're upset about?!	phrase	interjection	000005AC:11:62	provisional	n	function: tsukkomi retort (Natsumi)	000005AC:11:62	
427	四月病患者	しがつびょうかんじゃ	an April-sickness patient	noun	term	000005AC:11:23	fixed	n	follows 四月病 (V008)	000005AC:11:23	
428	喫茶店	きっさてん	cafe	noun	place	000005C1:11:14	provisional	n	the pricey café opposite Goto's cram school; named プリマベラ at 00000656:11:13	000005C1:11:14	
429	チャージ料	チャージりょう	cover charge	noun	term	000005C1:11:89	provisional	n	Haruka calls it a 謎システム	000005C1:11:89	
430	サービス料	サービスりょう	service charge	noun	term	000005C1:11:135	provisional	n	in 『』; pairs with the free cookie ("サービス")	000005C1:11:135	
431	ブレンドコーヒー	ブレンドコーヒー	blend coffee	noun	food	000005C1:11:70	provisional	n	1200 yen, the cheapest item	000005C1:11:70	
432	スイーツデラックスセット	スイーツデラックスセット	Sweets Deluxe Set	noun	food	000005C1:11:102	provisional	n	menu item name; cf. プリマベラのデラックスセット 00000656:11:15	000005C1:11:102	
433	元木成金	もときなりきん	TBD (Motoki new money)	noun	term	000005C1:11:53	provisional	n	Haruka's coinage for rich incomers buying Motoki property; Natsumi echoes it as a question	000005C1:11:53	
434	ざます	ざます	(register) over-formal English, no contractions	phrase	term	000005C1:11:40	provisional	n	genteel madam register with ですわ; STYLE DIALECT POLICY (Q074): never "my dear", never "positively"	000005C1:11:40	
435	奥様	おくさま	TBD (madam)	noun	title	000005C1:11:40	provisional	n	the two madams' address to each other (V078)	000005C1:11:40	
436	築5年	ちくごねん	five years old (building)	phrase	term	000005C1:11:40	provisional	n	"only five years old" as a put-down of an apartment	000005C1:11:40	
437	一軒家	いっけんや	a house of one's own	noun	term	000005C1:11:45	provisional	n	detached house, contrasted with マンション	000005C1:11:45	
438	ケバい	ケバい	flashy / overdone	adj	term	000005C1:11:35	provisional	n	"not flashy at all" about the waitress's dyed hair	000005C1:11:35	
439	食い逃げ	くいにげ	dine and dash	noun	term	000005C1:11:83	provisional	n	Natsumi's alarm at Haruka's "run for it"	000005C1:11:83	
440	片言	かたこと	TBD (broken speech)	noun	term	000005C1:11:93	provisional	n	Haruka's word for Natsumi's katakana answers (V079)	000005C1:11:93	
441	ボッタクリ	ぼったくり	Rip-off.	noun	term	000005C1:11:119	provisional	n	said in katakana by Natsumi; Haruka: "that's not even broken speech" (V079)	000005C1:11:119	
442	梅干し	うめぼし	pickled plums	noun	food	000005C1:11:195	provisional	n	"あれは正義" (Haruka)	000005C1:11:195	
443	桜もち	さくらもち	sakura mochi	noun	food	000005C1:11:204	provisional	n	Natsumi's only disliked food (cherry-leaf rice cake); TN case 1 at first occurrence per file	000005C1:11:204	
444	ピカイチ	ピカイチ	second to none	noun	term	000005C1:11:244	provisional	n	inside Goto's refrain extension	000005C1:11:244	
445	家出	いえで	running away from home	noun	term	000005C1:11:249	provisional	n	Goto's guess	000005C1:11:249	
446	新村タコ	にいむらタコ	TBD (Niimura octopus)	phrase	term	000005C1:11:270	provisional	n	Goto squeezing Haruka's cheeks into an octopus face; "タコさん" 11:274	000005C1:11:270	
447	ぐぬぬ	ぐぬぬ	Grrr...!	interjection	interjection	000005C1:11:280	provisional	n	function: frustrated, cannot answer back (Haruka)	000005C1:11:280	
448	お三方	おさんかた	the three of you	noun	term	000005C1:11:300	provisional	n	service 敬語 by the waitress (Goto's sister)	000005C1:11:300	
449	化けの皮	ばけのかわ	the mask slipped	phrase	term	000005C1:11:308	provisional	n	set phrase (化けの皮がはがれる); IMAGES AND SET PHRASES	000005C1:11:308	
450	許されぬ愛の逃避行	ゆるされぬあいのとうひこう	TBD (a forbidden-love elopement)	phrase	term	000005C1:15:0	provisional	n	Goto's joke line closing both variants (15:0, 25:0)	000005C1:15:0	
451	＼バカ！／	＼バカ！／	TBD	phrase	ui	000005C1:15:1	provisional	n	two shouted voices with emphasis glyphs (V081)	000005C1:15:1	
452	五島家	ごとうけ	the Goto home	noun	org	000005D6:11:2	provisional	n	"ようこそ五島家へ！" cf. 古郡家	000005D6:11:2	
453	そ・れ・と・も	それとも	TBD (Or...)	phrase	term	000005D6:11:14	provisional	n	one mora per cell, stock newlywed line; CELL-SPLIT WORDS (V083)	000005D6:11:14	
454	捜索願	そうさくねがい	a missing-person report	noun	term	000005D6:11:81	provisional	n	filed by Natsumi's mother	000005D6:11:81	
455	新人	しんじん	a rookie	noun	term	000005D6:11:113	provisional	n	Haruka's guess about Ise	000005D6:11:113	
456	ツインテール	ツインテール	twin tails	noun	term	000005D6:11:149	provisional	n	Goto's hairstyle for Ise's photos	000005D6:11:149	
457	盗聴器	とうちょうき	bug (listening device)	noun	object	000005D6:11:165	provisional	n	left by the police; recurs 000005EB, 0000062C	000005D6:11:165	
458	湯船	ゆぶね	the tub	noun	object	000005EB:11:1	provisional	n		000005EB:11:1	
459	かけ湯	かけゆ	rinsed off with hot water	noun	term	000005EB:11:7	provisional	n	rinse before getting into the tub; descriptive, no TN	000005EB:11:7	
460	じゃーん	じゃーん	Ta-da!	interjection	interjection	000005EB:11:34	provisional	n	function: showy entrance (Goto)	000005EB:11:34	
461	参上	さんじょう	has arrived!	noun	term	000005EB:11:34	fixed	y	mock-heroic entrance formula "五島絵梨奈、参上！"; rulings-P14 2026-10-02	000005EB:11:34	
462	成敗	せいばい	punish	noun	term	000005EB:11:44	provisional	n	mock-samurai "成敗してやる！" (Haruka)	000005EB:11:44	
463	エロ親父	エロおやじ	dirty old man	noun	term	000005EB:11:63	provisional	n	Haruka to Goto	000005EB:11:63	
464	幼児体型	ようじたいけい	a little kid's body	noun	term	000005EB:11:70	provisional	n	Haruka's jab at Goto	000005EB:11:70	
465	ちんちくりん	ちんちくりん	shrimp	noun	term	000005EB:11:81	provisional	n	Natsumi to Goto; recurs 00000656:11:44	000005EB:11:81	
466	ボッチ	ぼっち	loner	noun	term	000005EB:11:88	provisional	n	Haruka to Goto	000005EB:11:88	
467	嘘泣き	うそなき	fake crying	noun	term	000005EB:11:92	fixed	n	P23 (0000142B 8:197)	000005EB:11:92	
468	修羅	しゅら	demon of fury	noun	concept	000005EB:11:102	fixed	n	recurs 00000600:11:44 (implied), 19:5, 19:7-9 (V088); rulings-P5 2026-10-01	000005EB:11:102	
469	へっくしょん	へっくしょん	Achoo!	interjection	sfx	000005EB:11:84	provisional	n	the unattributed sneeze (V090)	000005EB:11:84	
470	桜寿司	さくらずし	TBD (Sakura Sushi)	noun	brand	00000600:11:13	provisional	n	high-class sushi shop	00000600:11:13	
471	特上	とくじょう	the premium set	noun	term	00000600:11:13	provisional	n	top-grade sushi order	00000600:11:13	
472	でおます	でおます	TBD	phrase	term	00000600:11:13	provisional	n	Goto's Kansai-merchant flavoured joke ending; same family as でんなあ (V015)	00000600:11:13	
473	寿司桶	すしおけ	sushi tub	noun	object	00000600:11:14	provisional	n		00000600:11:14	
474	ウニの軍艦	ウニのぐんかん	sea-urchin gunkan	noun	food	00000600:11:19	provisional	n	battleship-style sushi	00000600:11:19	
475	かっぱ巻き	かっぱまき	cucumber roll	noun	food	00000600:11:22	provisional	n		00000600:11:22	
476	いくら	いくら	TBD (ikura / salmon roe)	noun	food	00000600:11:23	provisional	n	the text defines it (Russian for "fish eggs"); V085	00000600:11:23	
477	シャケ	シャケ	TBD	noun	food	00000600:11:28	provisional	n	vs サケ, two readings of "salmon" (V085)	00000600:11:28	
478	ガーネット	ガーネット	garnet	noun	term	00000600:11:29	provisional	n	with ルベライト, ルビー in the いくら passage	00000600:11:29	
479	ルベライト	ルベライト	rubellite	noun	term	00000600:11:29	provisional	n		00000600:11:29	
480	割り箸	わりばし	disposable chopsticks	noun	object	00000600:11:41	provisional	n		00000600:11:41	
481	わさび	わさび	wasabi	noun	food	00000600:11:54	provisional	n		00000600:11:54	
482	長野県	ながのけん	Nagano Prefecture	noun	place	00000600:11:56	provisional	n	real place	00000600:11:56	
483	安曇野	あづみの	Azumino	noun	place	00000600:11:56	provisional	n	real place (wasabi region)	00000600:11:56	
484	鮫肌	さめはだ	sharkskin grater	noun	object	00000600:11:57	provisional	n		00000600:11:57	
485	計画通り	けいかくどおり	TBD (All according to plan)	phrase	term	00000600:15:0	provisional	n	vertical caption, parody of a well-known manga line (V084)	00000600:15:0	
486	ふはははは	ふはははは	Fwahahaha!	interjection	interjection	00000600:19:3	provisional	n	function: villain laugh (Natsumi possessed); lengths vary (ふはははははは 19:16)	00000600:19:3	
487	叫喚	きょうかん	screams	noun	term	00000600:19:7	provisional	n	"叫喚の旋律、修羅の舞" (V088)	00000600:19:7	
488	チチタンク	チチタンク	TBD (boob tanks)	noun	term	00000600:19:18	provisional	n	Natsumi's tirade (V087)	00000600:19:18	
489	産廃	さんぱい	industrial waste	noun	term	00000600:19:21	provisional	n	"乳デカ産廃どもめ" (V087)	00000600:19:21	
490	あおっぱな	あおっぱな	a runny nose	noun	term	00000600:19:37	provisional	n	"あおっぱなを垂らしたガキ大将"	00000600:19:37	
491	ガキ大将	ガキだいしょう	the neighbourhood bully-kid	noun	term	00000600:19:37	provisional	n	Natsumi's picture of the soaked Haruka	00000600:19:37	
492	オタサーの姫	オタサーのひめ	TBD (the princess of a geek club)	noun	term	00000600:19:38	provisional	n	the soaked Goto; the only girl adored in an otaku circle	00000600:19:38	
493	仁王立ち	におうだち	standing tall, feet planted	noun	term	00000600:19:39	provisional	n	set phrase; no temple-guardian image	00000600:19:39	
494	バレー部	バレーぶ	volleyball club	noun	org	00000617:8:43	provisional	n	middle-school club of Natsumi and Goto	00000617:8:43	
495	顧問	こもん	coach	noun	title	00000617:8:47	provisional	n	顧問の先生; addressed as 先生 in the flashback	00000617:8:47	
496	レギュラー	レギュラー	a starting spot / a starter	noun	term	00000617:8:135	provisional	n	Natsumi's goal; Goto echoes "レギュラー？"	00000617:8:135	
497	レギュラー選考	レギュラーせんこう	tryouts for the starting lineup	noun	event	00000617:8:181	provisional	n	April 6	00000617:8:181	
498	保健室	ほけんしつ	the nurse's office	noun	place	00000617:8:194	provisional	n		00000617:8:194	
499	体育館	たいいくかん	the gym	noun	place	00000617:8:66	provisional	n		00000617:8:66	
500	吹き抜け	ふきぬけ	the open stairwell	noun	place	00000617:8:206	provisional	n	the shelf fell from it	00000617:8:206	
501	大会	たいかい	the tournament	noun	event	00000617:8:135	provisional	n	in July (8:234)	00000617:8:135	
502	エース	エース	ace	noun	term	00000617:8:225	provisional	n		00000617:8:225	
503	予言	よげん	prediction	noun	concept	00000617:8:208	provisional	n	"妙な予言" (Natsumi's warning); different kanji from 預言 (prophecy)	00000617:8:208	
504	燃え尽きた	もえつきた	burned out	phrase	term	0000062C:11:4	provisional	n	Natsumi on quitting club activities; Goto repeats it	0000062C:11:4	
505	二人三脚	ににんさんきゃく	as a team	noun	term	0000062C:11:15	provisional	n	set phrase; no three-legged-race image unless the text uses it	0000062C:11:15	
506	おとり	おとり	bait	noun	term	0000062C:11:79	provisional	n	written in narration as "おとりにして"	0000062C:11:79	
507	停電	ていでん	power cut	noun	term	0000062C:19:31	provisional	n		0000062C:19:31	
508	排水パイプ	はいすいパイプ	drainpipe	noun	object	0000062C:19:59	provisional	n	雨水の排水パイプ	0000062C:19:59	
509	防弾チョッキ	ぼうだんチョッキ	bulletproof vest	noun	object	00000641:11:106	provisional	n		00000641:11:106	
510	テレパシー	テレパシー	telepathy	noun	concept	00000641:11:10	provisional	n	Natsumi's theory of her intuition	00000641:11:10	
511	立入禁止	たちいりきんし	closed off	noun	term	00000641:11:20	provisional	n	the park after the murder	00000641:11:20	
512	殺人術	さつじんじゅつ	killing techniques	noun	term	00000641:11:108	provisional	n	Ise to the 死神	00000641:11:108	
513	殺人未遂	さつじんみすい	attempted murder	noun	term	00000641:11:111	provisional	n	with 殺人罪 (murder) in the arrest formula 11:112	00000641:11:111	
514	救急車	きゅうきゅうしゃ	ambulance	noun	object	00000641:11:132	provisional	n		00000641:11:132	
515	良治君	りょうじくん	Ryoji-kun	noun	person	00000641:11:123	provisional	n	茜's name for her husband (3p)	00000641:11:123	
516	おばあちゃん	おばあちゃん	Grandma	noun	person	00000656:11:4	provisional	n	Natsumi's own grandmother ("私のおばあちゃんの家")	00000656:11:4	
517	プリマベラ	プリマベラ	Primavera	noun	brand	00000656:11:13	fixed	n	the café of 000005C1; Italian "spring"; P20: the shipped cafe name (00000656, 000007BC)	00000656:11:13	
518	新村本家	にいむらほんけ	the Niimura main family	noun	org	00000656:11:31	provisional	n	in the 荒田集落 (00000656:11:107)	00000656:11:31	
519	脱臼	だっきゅう	dislocated	noun	term	00000656:11:38	provisional	n	Natsumi's elbow	00000656:11:38	
520	氷山の一角	ひょうざんのいっかく	the tip of the iceberg	phrase	term	00000656:11:169	provisional	n	English idiom matches	00000656:11:169	
521	豊岳駅	とよたけえき	Toyotake Station	noun	place	00000656:11:173	fixed	n	reading unknown (V092); V092 resolved; shipped 4 sites; P17: reading column filled (V092)	00000656:11:173	
522	女神様	めがみさま	the Goddess	noun	concept	00000656:11:180	fixed	n	00000656:679 shipped "the Goddess"; locked rulings-P7 QP7D-06 2026-10-01	00000656:11:180	
523	預言	よげん	prophecy	noun	concept	00000656:11:180	provisional	n	religious prophecy; keep apart from 予言 (prediction)	00000656:11:180	
524	呪殺	じゅさつ	curse-killing	noun	concept	00000656:11:186	fixed	n	"今年も、呪殺が起きるのか"; cf. title 呪殺編 (V029); aligned rulings-P14 2026-10-02	00000656:11:186	
525	ちゅうもーーく	ちゅうもく	Attention, everyone!	interjection	interjection	0000066B:11:0	provisional	n	function: Goto's announcement opener; stretch on a content word may be carried ("Atteeention!")	0000066B:11:0	
526	花より団子	はなよりだんご	TBD (food over flowers)	phrase	term	0000066B:11:7	provisional	n	proverb; Haruka about Goto; the scene is flower-viewing, so the image is live	0000066B:11:7	
527	お兄さん	おにいさん	mister	noun	person	0000066B:11:9	provisional	n	non-relative address to a young stall vendor (STYLE non-relatives)	0000066B:11:9	
528	だ・か・らー	だから	TBD (So-o-o!)	phrase	term	0000066B:11:10	provisional	n	one mora per cell, twice (V104)	0000066B:11:10	
529	値切り	ねぎり	haggling	noun	term	0000066B:11:13	provisional	n		0000066B:11:13	
530	食べかけ	たべかけ	half-eaten	noun	term	0000066B:11:22	provisional	n	"五島の食べかけ" / "食べかけって言うな！"	0000066B:11:22	
531	七海荘	ななみそう	TBD (Nanamiso)	noun	place	00000682:11:37	provisional	n	"七海荘と言うぼろぼろのアパート" in 女ケ沢市; V108	00000682:11:37	
532	御子神	みこがみ	TBD (Mikogami)	noun	person	00000682:11:41	provisional	n	elementary classmate bullied over her family's religion; bullies say bare 御子神, Haruka 御子神さん; V109	00000682:11:41	
533	邪教	じゃきょう	evil cult	noun	term	00000682:11:42	provisional	n	"あの邪教のやつ"; the old cult of 女ケ沢市 (00000716:8:117)	00000682:11:42	
534	邪教徒	じゃきょうと	cultist	noun	term	00000682:11:154	provisional	n	bullies' insult to Haruka	00000682:11:154	
535	児童養護施設	じどうようごしせつ	children's home	noun	place	00000682:11:23	provisional	n	short form 施設 11:24 -> "the home"	00000682:11:23	
536	未就学児	みしゅうがくじ	a child not yet in school	noun	term	00000682:11:25	provisional	n		00000682:11:25	
537	葉桜	はざくら	cherry trees in leaf	noun	term	00000682:11:26	provisional	n	cherries after the blossoms have fallen; the mother watches them from the ward	00000682:11:26	
538	おまじない	おまじない	charm / spell (childish)	noun	concept	00000682:11:30	provisional	n	picture-book charms; set against 呪い "curse" (11:35); cf. まじない row	00000682:11:30	
539	PTA役員	ぴーてぃーえーやくいん	a PTA officer	noun	title	00000682:11:51	provisional	n		00000682:11:51	
540	PTA会長	ぴーてぃーえーかいちょう	the PTA president	noun	title	00000682:11:122	provisional	n		00000682:11:122	
541	モンスターペアレント	もんすたーぺあれんと	monster parent	noun	term	00000682:11:52	provisional	n	Japanese coinage from English; keep the coinage	00000682:11:52	
542	のろいのせかい	のろいのせかい	TBD ('The World of Curses')	noun	title	00000682:11:79	provisional	n	children's book title, hiragana, in 『』; given by Haruka's mother	00000682:11:79	
543	悪魔召喚	あくましょうかん	summoning demons	noun	term	00000682:11:80	provisional	n		00000682:11:80	
544	ご先祖様	ごせんぞさま	the ancestors	noun	term	00000682:11:89	provisional	n	様 on a common noun: suffix is zero (STYLE)	00000682:11:89	
545	カルト教団	かるときょうだん	a cult	noun	org	00000682:11:121	provisional	n	女ケ沢市 was once a 宗教都市 dominated by one	00000682:11:121	
546	宗教都市	しゅうきょうとし	a religious city	noun	term	00000682:11:121	provisional	n		00000682:11:121	
547	給食費	きゅうしょくひ	school lunch money	noun	term	00000682:11:125	provisional	n		00000682:11:125	
548	劇薬	げきやく	a toxic chemical	noun	term	00000682:11:143	provisional	n		00000682:11:143	
549	野犬	やけん	wild dogs	noun	term	00000682:11:178	provisional	n		00000682:11:178	
550	転校勧告	てんこうかんこく	a recommendation to change schools	noun	term	00000682:11:182	provisional	n	issued by the 自治体; "女ケ沢市から出るように"	00000682:11:182	
551	掟	おきて	the rule (of the settlement)	noun	concept	00000682:11:190	provisional	n	" 掟 " ruby-residue spaces; 荒田集落 forbids Haruka moving there before 16	00000682:11:190	
552	四月八日の魔女	しがつようかのまじょ	TBD (the witch of April 8)	phrase	concept	00000682:11:186	provisional	n	Haruka's self-name; 四月八日 is the game's subtitle word; V125	00000682:11:186	
553	遺影	いえい	memorial photo	noun	object	00000682:11:211	provisional	n	the father's portrait in the living-room cabinet	00000682:11:211	
554	心の支え	こころのささえ	what keeps me going	phrase	term	00000682:11:157	provisional	n	Natsumi's letters (11:157-158); Natsumi herself (11:221)	00000682:11:157	
555	谷崎	たにざき	Tanizaki	noun	person	00000697:8:46	provisional	n	Haruka's homeroom teacher, Class 3-1; odd Japanese per Haruka (8:51); V105	00000697:8:46	
556	3年1組	さんねんいちくみ	Class 3-1	noun	org	00000697:8:46	provisional	n	Haruka's class	00000697:8:46	
557	夏菜	かな	Kana	noun	person	00000697:8:77	fixed	n	someone on the 荒田 side who likes to tease Haruka with dirty jokes; reading V107; P16: reading かな (shipped ruby); full name Kana Niimura; P17: reading column filled (shipped ruby)	00000697:8:77	
558	ばあちゃん	ばあちゃん	Grandma	noun	person	00000697:8:72	provisional	n	Haruka's grandmother (荒田 side); the caller says おばあちゃん (8:73)	00000697:8:72	
559	機種変	きしゅへん	got a new phone	noun	term	00000697:8:65	provisional	n	"最近機種変したばっかでさ"	00000697:8:65	
560	二度寝	にどね	go back to sleep	noun	term	00000697:8:6	provisional	n	also 2度寝 (8:30)	00000697:8:6	
561	病欠	びょうけつ	off sick	noun	term	00000697:8:71	provisional	n		00000697:8:71	
562	下ネタ	しもねた	dirty jokes	noun	term	00000697:8:78	provisional	n		00000697:8:78	
563	若作り	わかづくり	dressing younger than her age	noun	term	00000697:8:140	provisional	n		00000697:8:140	
564	醜男	ぶおとこ	an ugly man	noun	term	00000697:8:145	provisional	n	Haruka on her father	00000697:8:145	
565	馴れ初め	なれそめ	how they got together	noun	term	00000697:8:146	provisional	n		00000697:8:146	
566	正社員登用	せいしゃいんとうよう	hired on full-time	noun	term	00000697:8:183	provisional	n	from a part-time job	00000697:8:183	
567	バイト	ばいと	part-time job	noun	term	00000697:8:183	provisional	n		00000697:8:183	
568	5000円札	ごせんえんさつ	a 5,000-yen bill	noun	object	00000697:8:176	provisional	n	digits per STYLE numerals (money)	00000697:8:176	
569	本日休校です	ほんじつきゅうこうです	No School Today	phrase	ui	00000697:8:45	provisional	n	mail subject line after 題名	00000697:8:45	
570	ん……	ん	Mm...	interjection	interjection	00000697:8:61	fixed	n	opens every line of the 00000697 phone caller; a voice tic, not assent; V106; locked rulings-P7 QP7C-06 2026-10-01 (00000697, 00000944 shipped)	00000697:8:61	
571	ネットニュース	ねっとにゅーす	online news	noun	term	000006B2:8:6	provisional	n		000006B2:8:6	
572	謀ったな	はかったな	TBD (You tricked me!)	phrase	interjection	000006B2:8:64	provisional	n	Goto's stock betrayed-villain line	000006B2:8:64	
573	綱渡り	つなわたり	a tightrope walk	noun	term	000006B2:8:87	provisional	n	figurative (risk)	000006B2:8:87	
574	1000円札	せんえんさつ	a 1,000-yen bill	noun	object	000006B2:8:104	provisional	n		000006B2:8:104	
575	ふんふんふーん	ふんふんふーん	Hmm hmm hmmm	interjection	sfx	000006C9:8:14	provisional	n	Natsumi humming	000006C9:8:14	
576	電柱	でんちゅう	utility pole	noun	object	000006C9:8:58	provisional	n		000006C9:8:58	
577	ぶえっくしょん	ぶえっくしょん	Ah-CHOO!	interjection	sfx	000006C9:8:98	provisional	n	Goto's fake sneeze; cf. へっくしょん; trailing い V112	000006C9:8:98	
578	ウンがつく	うんがつく	TBD (pun: luck / poop)	phrase	term	000006C9:8:117	provisional	n	"ウンがついちゃいましたね" after the dog mess; V111	000006C9:8:117	
579	犬の糞	いぬのふん	dog poop	noun	term	000006C9:8:116	provisional	n		000006C9:8:116	
580	お騒がせモード	おさわがせもーど	troublemaker mode	noun	term	000006C9:8:129	provisional	n		000006C9:8:129	
581	配信サイト	はいしんさいと	streaming site	noun	term	000006C9:8:133	provisional	n		000006C9:8:133	
582	秤	はかり	scale	noun	object	000006C9:8:143	provisional	n	" 秤 " ruby-residue spaces; kitchen scale used to weigh the phones (000006E0:16:34)	000006C9:8:143	
583	ノンストップ	のんすとっぷ	nonstop	noun	term	000006C9:8:133	provisional	n		000006C9:8:133	
584	ウインク	ういんく	wink	noun	term	000006C9:8:94	provisional	n		000006C9:8:94	
585	盗聴	とうちょう	bugged / listening in	noun	term	000006E0:12:0	provisional	n	cf. 盗聴器 row	000006E0:12:0	
586	抹茶ラテ	まっちゃらて	matcha latte	noun	food	000006E0:16:17	provisional	n		000006E0:16:17	
587	コーラ	こーら	cola	noun	food	000006E0:16:5	provisional	n		000006E0:16:5	
588	ホットコーヒー	ほっとこーひー	hot coffee	noun	food	000006E0:16:7	provisional	n	Haruka hates coffee (16:15)	000006E0:16:7	
589	GPS	じーぴーえす	GPS	noun	term	000006E0:16:55	provisional	n		000006E0:16:55	
590	フレンドGPS	ふれんどじーぴーえす	Friend GPS	noun	brand	000006E0:16:56	provisional	n	preinstalled app, in 『』	000006E0:16:56	
591	プリインストール	ぷりいんすとーる	preinstalled	noun	term	000006E0:16:56	provisional	n		000006E0:16:56	
592	アプリ	あぷり	app	noun	term	000006E0:16:40	provisional	n		000006E0:16:40	
593	チェックアプリ	ちぇっくあぷり	a scanner app	noun	term	000006E0:16:64	provisional	n		000006E0:16:64	
594	とう！	とう	Hup!	interjection	interjection	000006E0:16:97	provisional	n	battle cry before a lunge	000006E0:16:97	
595	ほうほう	ほうほう	Oho...	interjection	interjection	000006E0:16:99	provisional	n	appraising, while groping	000006E0:16:99	
596	セクハラ親父	せくはらおやじ	TBD (you groping old perv)	noun	term	000006E0:16:108	provisional	n	cf. エロ親父 row	000006E0:16:108	
597	ヴォリュゥミィ	ゔぉりゅぅみぃ	TBD (voluuuminous)	adj	term	000006E0:16:110	provisional	n	stylised katakana of "volumy"; V114	000006E0:16:110	
598	スリーサイズ	すりーさいず	measurements (bust-waist-hip)	noun	term	000006E0:16:126	provisional	n		000006E0:16:126	
599	カップ数	かっぷすう	cup size	noun	term	000006E0:16:126	provisional	n		000006E0:16:126	
600	ロシアンたこ焼き	ろしあんたこやき	Russian-roulette takoyaki	noun	food	000006E0:16:132	provisional	n	12 pieces, some with a spice "hit"	000006E0:16:132	
601	呼び出しボタン	よびだしぼたん	call button	noun	object	000006E0:16:143	provisional	n		000006E0:16:143	
602	パラメン・アビラン・エリクラン	ぱらめん・あびらん・えりくらん	TBD (Paramen Abiran Eriklan)	phrase	term	000006E0:16:179	provisional	n	Natsumi's incantation; continues "ガラフ・イトア・ギドアクス"; V115	000006E0:16:179	
603	ファミレス	ふぁみれす	family restaurant	noun	place	000006E0:16:183	provisional	n		000006E0:16:183	
604	ほっほっほ	ほっほっほ	Ohohoho	interjection	interjection	000006E0:16:155	provisional	n	Goto's mock-grand laugh; also ほほほほ (00000761:8:42); cf. ほほほ row	000006E0:16:155	
605	修羅少女	しゅらしょうじょ	Fury Girl	noun	title	000006F9:11:4	fixed	n	one of three parallel titles; V120; rulings-P5 2026-10-01	000006F9:11:4	
606	鬼才少女	きさいしょうじょ	Prodigy Girl	noun	title	000006F9:11:5	fixed	n	Haruka's self-title; V120; rulings-P5 2026-10-01	000006F9:11:5	
607	棺桶	かんおけ	coffin	noun	object	000006F9:17:8	provisional	n		000006F9:17:8	
608	ハバネロ	はばねろ	habanero	noun	food	000006F9:17:35	provisional	n		000006F9:17:35	
609	和がらし	わがらし	Japanese mustard	noun	food	000006F9:17:37	provisional	n		000006F9:17:37	
610	ブラック・デス・デビル・ペッパー	ぶらっく・です・でびる・ぺっぱー	Black Death Devil Pepper	noun	food	000006F9:17:39	provisional	n	in 『』 on the menu; abbreviated BDDP (00000761:8:20)	000006F9:17:39	
611	自主規制	じしゅきせい	self-censorship	noun	term	000006F9:17:32	provisional	n		000006F9:17:32	
612	じゃんけんポン	じゃんけんぽん	Rock, paper, scissors!	interjection	interjection	000006F9:17:62	provisional	n	"じゃーんけんポン" stretched	000006F9:17:62	
613	チョキ	ちょき	scissors	noun	term	000006F9:17:63	provisional	n		000006F9:17:63	
614	パー	ぱー	paper	noun	term	000006F9:17:64	provisional	n		000006F9:17:64	
615	(￣ー￣)	(￣ー￣)	TBD	noun	ui	000006F9:17:69	provisional	n	emoticon as a whole cell of Goto's speech; V117	000006F9:17:69	
616	スコヴィル	すこゔぃる	Scoville	noun	term	000006F9:17:142	provisional	n		000006F9:17:142	
617	カプサイシン	かぷさいしん	capsaicin	noun	term	000006F9:17:142	provisional	n		000006F9:17:142	
618	陽動	ようどう	a feint	noun	term	000006F9:17:265	provisional	n	Natsumi's tactic	000006F9:17:265	
619	運ゲー	うんげー	a game of pure luck	noun	term	000006F9:17:139	provisional	n		000006F9:17:139	
620	修羅モード	しゅらもーど	fury mode	noun	term	000006F9:17:140	fixed	n	rulings-P5 2026-10-01	000006F9:17:140	
621	富良野市	ふらのし	Furano	noun	place	000006F9:17:232	provisional	n	"北海道富良野市"; pumpkins and melons	000006F9:17:232	
622	本州	ほんしゅう	Honshu	noun	place	000006F9:17:231	provisional	n		000006F9:17:231	
623	修学旅行	しゅうがくりょこう	school trip	noun	event	000006F9:17:229	provisional	n		000006F9:17:229	
624	ポタージュスープ	ぽたーじゅすーぷ	potage	noun	food	000006F9:17:115	provisional	n		000006F9:17:115	
625	心理戦	しんりせん	a battle of nerves	noun	term	000006F9:17:289	provisional	n		000006F9:17:289	
626	天才少女、敗れたり	てんさいしょうじょ、やぶれたり	TBD (The genius girl is defeated!)	phrase	term	000006F9:17:176	provisional	n	archaic ～たり victory cry	000006F9:17:176	
627	代理殺人	だいりさつじん	murder by proxy	noun	term	00000716:8:107	provisional	n		00000716:8:107	
628	サイコパス	さいこぱす	psychopath	noun	term	00000716:8:66	provisional	n		00000716:8:66	
629	快楽殺人者	かいらくさつじんしゃ	thrill killer	noun	term	00000716:8:66	provisional	n		00000716:8:66	
630	遺留品	いりゅうひん	things left at the scene	noun	term	00000716:8:66	provisional	n		00000716:8:66	
631	アリバイ工作	ありばいこうさく	manufacturing an alibi	noun	term	00000716:8:69	provisional	n	cf. アリバイ row	00000716:8:69	
632	猟奇殺人者	りょうきさつじんしゃ	a sick killer	noun	term	00000731:8:56	provisional	n		00000731:8:56	
633	烙印	らくいん	brand (stigma)	noun	term	00000731:8:56	provisional	n		00000731:8:56	
634	仇	かたき	enemy (in 仇を討つ: take revenge on X's enemy)	noun	term	00000731:8:38	provisional	n	" 仇 " ruby-residue spaces; "お父さんの 仇"	00000731:8:38	
635	仲間割れ	なかまわれ	falling out among themselves	noun	term	00000731:8:129	provisional	n		00000731:8:129	
636	ツギハギ	つぎはぎ	patched-together	noun	term	00000731:8:105	provisional	n		00000731:8:105	
637	足がつく	あしがつく	be traced	phrase	term	00000731:8:105	provisional	n	set phrase	00000731:8:105	
638	下4桁	しもよんけた	the last four digits	noun	term	00000731:8:122	provisional	n		00000731:8:122	
639	＝	いこーる	=	noun	ui	00000731:8:13	fixed	n	ASCII " = " with spaces, list shape kept; full-width equals in a spoken premise list; V129	00000731:8:13	
640	主犯格	しゅはんかく	the ringleader	noun	term	00000749:8:34	provisional	n	cf. 主犯 row	00000749:8:34	
641	嫁入り	よめいり	marrying in	noun	term	00000749:8:41	provisional	n	brides from outside are welcomed in 荒田集落	00000749:8:41	
642	帰省	きせい	going back (to the family home)	noun	term	00000749:8:39	provisional	n		00000749:8:39	
643	よそ者	よそもの	outsider	noun	term	00000749:8:87	provisional	n		00000749:8:87	
644	はみ出し者	はみだしもの	outcasts	noun	term	00000749:8:41	provisional	n	the settlement's founders	00000749:8:41	
645	排他的	はいたてき	closed to outsiders	adj	term	00000749:8:43	provisional	n		00000749:8:43	
646	閉鎖的	へいさてき	insular	adj	term	00000749:8:46	provisional	n		00000749:8:46	
647	冠婚葬祭	かんこんそうさい	weddings and funerals	noun	term	00000749:8:59	provisional	n		00000749:8:59	
648	終着駅	しゅうちゃくえき	the end of the line	noun	place	00000749:8:75	provisional	n	a mountain terminus below 荒田集落	00000749:8:75	
649	観光客	かんこうきゃく	tourists	noun	term	00000749:8:106	provisional	n		00000749:8:106	
650	戦友	せんゆう	comrade-in-arms	noun	term	00000761:8:15	provisional	n	Natsumi to Haruka, mock	00000761:8:15	
651	BDDP戦争	びーでぃーでぃーぴーせんそう	the BDDP War	noun	event	00000761:8:20	provisional	n	BDDP = ブラック・デス・デビル・ペッパー	00000761:8:20	
652	じゃわい	じゃわい	TBD (register: old-man speech)	phrase	term	00000761:8:21	provisional	n	with "すまぬのお", "かのう"; V122	00000761:8:21	
653	でしてよ	でしてよ	(register) over-formal English, no contractions	phrase	term	00000761:8:34	provisional	n	Goto's posh-lady voice with ですわよ / わたくし; STYLE DIALECT POLICY genteel register, cf. ざます row	00000761:8:34	
654	リンゴジュース	りんごじゅーす	apple juice	noun	food	00000761:8:24	provisional	n		00000761:8:24	
655	着やせ	きやせ	looking slimmer in clothes	noun	term	00000761:8:73	provisional	n	recurring joke word in 00000761	00000761:8:73	
656	メジャー	めじゃー	tape measure	noun	object	00000761:8:76	provisional	n		00000761:8:76	
657	谷間	たにま	cleavage	noun	term	00000761:8:96	provisional	n		00000761:8:96	
658	パイだけに	ぱいだけに	TBD (pun: pioneer / boobs)	phrase	term	00000761:8:99	provisional	n	V123	00000761:8:99	
659	鬼才的アイディア	きさいてきあいでぃあ	a stroke of devilish genius	phrase	term	00000761:8:107	fixed	n	echoes 鬼才少女 (000006F9:11:5); rulings-P5 2026-10-01	00000761:8:107	
660	最終作戦開始です	さいしゅうさくせんかいしです	TBD ("Final operation, start!")	phrase	term	00000761:8:127	provisional	n	作戦 family (see 作戦開始です row)	00000761:8:127	
661	レボハイツ	れぼはいつ	Revo Heights	noun	place	00000779:8:1	fixed	n	name of the building with the Kogori and Niimura flats; locked rulings-P5 (00000779 pre-draft) 2026-10-01	00000779:8:1	
662	軽自動車	けいじどうしゃ	a light car	noun	object	00000779:8:1	provisional	n	kei car; descriptive, no TN	00000779:8:1	
663	イヤフォン	いやふぉん	earphones	noun	object	00000779:8:3	provisional	n		00000779:8:3	
664	小面	こおもて	young woman's mask	noun	object	00000779:8:37	fixed	n	contrasted with 老女の能面; V149; locked rulings-P5 (00000779 pre-draft) 2026-10-01	00000779:8:37	
665	老女の能面	ろうじょののうめん	an old woman's Noh mask	phrase	object	00000779:8:37	provisional	n	the disguise mask; V149	00000779:8:37	
666	大魔女	だいまじょ	the Grand Witch	noun	title	00000779:8:43	fixed	n	title of the head of the 荒田集落; must keep the link to 魔女 = "witch"; V149; locked rulings-P5 (00000779 pre-draft) 2026-10-01; P17: GLOSSARY was stale (RESUME 2026-10-04 lesson a): shipped "the Grand Witch" 24 files; address form "Grand Witch-sama" (00000779:201)	00000779:8:43	
667	大魔女様	だいまじょさま	Grand Witch-sama	noun	title	00000779:8:43	fixed	n	title as address; suffix on a title used as a name (STYLE); V149; locked rulings-P5 (00000779 pre-draft) 2026-10-01	00000779:8:43	
668	1人はみんなのために。みんなは1人のために。	ひとりはみんなのために。みんなはひとりのために。	One for all, all for one.	phrase	term	00000779:8:49	fixed	n	the 荒田 slogan; same English at every occurrence, byte-identical; locked rulings-P5 QP6PRE-01 (comma, one final stop; no "and"); row fixed 2026-10-01; a printing with ！ after each half ("1人はみんなのために！　みんなは1人のために！", 00000A7C:11:123) = "One for all! All for one!" (words locked, punctuation per printing per STYLE; RULING Fable QP8B-04)	00000779:8:49	
669	標語	ひょうご	slogan	noun	term	00000779:8:50	provisional	n		00000779:8:50	
670	婚姻式	こんいんしき	wedding ceremony	noun	event	00000779:8:57	provisional	n		00000779:8:57	
671	殺人教唆	さつじんきょうさ	incitement to murder	noun	term	00000779:8:105	provisional	n	added to the 00000564 arrest formula	00000779:8:105	
672	婦警	ふけい	a policewoman	noun	title	00000779:8:107	provisional	n		00000779:8:107	
673	手錠	てじょう	handcuffs	noun	object	00000779:8:106	provisional	n		00000779:8:106	
674	ドッキリ	どっきり	a surprise prank	noun	term	00000779:8:117	fixed	n	aligned to rulings-P14 2026-10-02 (was "a prank / a hidden-camera prank")	00000779:8:117	
675	モノマネ	ものまね	impression / impersonation	noun	term	00000779:8:102	provisional	n	cf. Haruka's impressions (CAST)	00000779:8:102	
676	モットー	もっとー	motto	noun	term	00000779:8:149	provisional	n	新村家のモットー	00000779:8:149	
677	報道規制	ほうどうきせい	a press embargo	noun	term	000007A5:8:16	provisional	n		000007A5:8:16	
678	引っ越し祝い	ひっこしいわい	housewarming gifts	noun	term	000007A5:8:14	provisional	n		000007A5:8:14	
679	ゴールデンウィーク	ごーるでんうぃーく	Golden Week	noun	event	000007A5:8:55	provisional	n	holiday week; TN case 1 only if the story turns on it	000007A5:8:55	
680	極刑	きょっけい	the death penalty	noun	term	000007A5:8:61	provisional	n		000007A5:8:61	
681	心中	しんじゅう	die together	noun	term	000007A5:8:76	fixed	n	心中する / 心中しよう = "die together", nominal 心中 = "dying together"; never "murder-suicide" / "double suicide" (names a killer; the JP leaves it open); locked rulings-P6 2026-10-01	000007A5:8:76	
682	母親失格	ははおやしっかく	a failure as a mother	phrase	term	000007A5:8:97	provisional	n	repeated by Haruka 8:112, 8:119; same English	000007A5:8:97	
683	濡れ衣	ぬれぎぬ	blamed for	noun	term	000007A5:8:106	provisional	n	set phrase, no image	000007A5:8:106	
684	死刑	しけい	the death penalty / execution	noun	term	000007A5:8:131	provisional	n		000007A5:8:131	
685	係員	かかりいん	the guard	noun	title	000007A5:8:102	provisional	n	the officer at the visiting room	000007A5:8:102	
686	ブラ	ぶら	bra	noun	object	000007A5:8:42	provisional	n		000007A5:8:42	
687	送料税込	そうりょうぜいこみ	with shipping and tax	phrase	term	000007A5:8:46	provisional	n		000007A5:8:46	
688	スモーク	すもーく	smoke	noun	term	000007A5:8:178	provisional	n	the dry-ice effect on the takoyaki	000007A5:8:178	
689	蝶々	ちょうちょう	butterfly / butterflies	noun	term	000007BC:8:5	provisional	n	child speech 蝶々さん "Mr. Butterfly"? TBD	000007BC:8:5	
690	ひまわり	ひまわり	sunflowers	noun	term	000007BC:8:32	provisional	n		000007BC:8:32	
691	痛いの痛いの、飛んでけ	いたいのいたいの、とんでけ	TBD (Pain, pain, fly away!)	phrase	interjection	000007BC:8:25	provisional	n	children's charm against pain	000007BC:8:25	
692	うぎゅ	うぎゅ	Uugh...	interjection	interjection	000007BC:8:20	fixed	n	Mifuyu's whimper tic; the text names and quotes it (000007BC:8:198, 00000818:11:230); V143; locked rulings-P6 QP6C-02 2026-10-01 (quoted inside another line: 'Uugh...')	000007BC:8:20	
693	ブフッ	ぶふっ	Pfft!	interjection	sfx	000007BC:8:120	provisional	n	茜's snorting laugh; variants ブフフ, ブフフッ, ブフホッ, ブフフフホッ -> Pfft-heh, lengthened by the JP length	000007BC:8:120	
694	老け顔	ふけがお	an old face / looks older	noun	term	000007BC:8:112	provisional	n		000007BC:8:112	
695	猫背	ねこぜ	slouching / a stoop	noun	term	000007BC:8:106	provisional	n		000007BC:8:106	
696	工業高校	こうぎょうこうこう	a technical high school	noun	org	000007BC:8:79	provisional	n		000007BC:8:79	
697	甘えん坊	あまえんぼう	a big baby / clingy	noun	term	000007BC:8:89	provisional	n		000007BC:8:89	
698	共依存	きょういぞん	codependency	noun	term	000007BC:8:196	provisional	n		000007BC:8:196	
699	イメチェン	いめちぇん	a makeover	noun	term	000007BC:8:201	provisional	n		000007BC:8:201	
700	ナンパ	なんぱ	hitting on / pick up	noun	term	000007BC:8:228	provisional	n		000007BC:8:228	
701	着せ替え人形	きせかえにんぎょう	a dress-up doll	noun	term	000007BC:8:213	provisional	n	used twice (8:213, 8:250), same English	000007BC:8:213	
702	罰ゲーム	ばつげーむ	a forfeit	noun	term	000007BC:8:211	provisional	n		000007BC:8:211	
703	金井	かない	Kanai	noun	person	000007BC:8:254	provisional	n	Mifuyu's maiden name	000007BC:8:254	
704	金井美冬	かないみふゆ	Mifuyu Kanai	noun	person	000007BC:8:255	provisional	n	given name first (STYLE); name-order gag V136	000007BC:8:255	
705	家族になれる人	かぞくになれるひと	someone I can become a family with	phrase	term	000007BC:8:137	provisional	n	Mifuyu's ideal; recurs (000007BC:8:143, 8:268; 00000801:8:2; 000007EA:11:248 家族になってください); keep 家族 = "family" in every variant	000007BC:8:137	
706	旦那様	だんなさま	husband / my husband	noun	term	000007BC:8:146	provisional	n	not the mock 旦那 row; "世界一の旦那様" 00000818:11:205	000007BC:8:146	
707	斡旋	あっせん	set up (arrange)	noun	term	000007BC:8:302	provisional	n	joking use; Mifuyu repeats it (8:303)	000007BC:8:302	
708	良治さん	りょうじさん	Ryoji-san	noun	person	000007BC:8:281	provisional	n	Mifuyu's form	000007BC:8:281	
709	プロポーズ	ぷろぽーず	proposal / propose	noun	event	000007BC:8:279	provisional	n		000007BC:8:279	
710	ちゃ・ん・と、ご検討ください！以上！	ちゃんと、ごけんとうください！いじょう！	TBD (Give it proper thought! That is all!)	phrase	term	000007BC:8:311	provisional	n	茜's refrain over five cells; replayed 00000818:11:235-239 byte-identical: identical English; CELL-SPLIT WORDS	000007BC:8:311	
711	合コン	ごうこん	a group date	noun	event	000007D3:11:0	provisional	n		000007D3:11:0	
712	イタリアン居酒屋	いたりあんいざかや	an Italian bar-restaurant	noun	place	000007D3:11:1	provisional	n		000007D3:11:1	
713	自己紹介	じこしょうかい	self-introduction / introduce yourself	noun	term	000007D3:11:15	provisional	n	child's "じこ……じこしょ……" 0000085D:11:4-5	000007D3:11:15	
714	乾杯	かんぱい	Cheers!	interjection	interjection	000007D3:11:64	provisional	n	toast	000007D3:11:64	
715	ウォッカロック	うぉっかろっく	vodka on the rocks	noun	food	000007D3:11:158	provisional	n		000007D3:11:158	
716	気合いだ	きあいだ	Fighting spirit!	phrase	interjection	000007D3:11:95	fixed	n	Eiichiro's self-pep; same English at every repeat; locked rulings-P6 2026-10-01	000007D3:11:95	
717	双子の兄貴	ふたごのあにき	my twin brother (older)	phrase	person	000007D3:11:224	provisional	n	Eiichiro's older twin; unnamed	000007D3:11:224	
718	介抱	かいほう	look after (a drunk)	noun	term	000007D3:11:178	provisional	n		000007D3:11:178	
719	火事だ	かじだ	Fire!	interjection	interjection	000007D3:11:292	provisional	n		000007D3:11:292	
720	消防士	しょうぼうし	firefighter	noun	title	000007D3:11:302	provisional	n		000007D3:11:302	
721	アパート	あぱーと	apartment	noun	place	000007D3:11:251	provisional	n	cf. マンション "apartment building"	000007D3:11:251	
722	一一月	じゅういちがつ	November	noun	date	000007D3:11:197	provisional	n	written with two kanji 一; also 000007EA:11:134	000007D3:11:197	
723	鏡	かがみ	mirror	noun	concept	000007D3:11:364	provisional	n	motif: 000007EA:11:240, 11:258-259 "あなたは、私の鏡。私は、あなたの鏡。"	000007D3:11:364	
724	突入	とつにゅう	Charge!	noun	term	000007EA:11:12	fixed	n	then spelled out over cells as "Ch-/ar-/g-/e!" (CELL-SPLIT WORDS); locked rulings-P6 2026-10-01	000007EA:11:12	
725	ちゃ・ん・と、ご検討ください！	ちゃんと、ごけんとうください	Prop- / er- / ly, / give it your consideration!	phrase	term	000007BC:11:0	fixed	n	spelled-out imperative over 4 cells then 「以上！」 = "That is all!"; ASCII hyphens, the JP ・ not carried; ANCHOR: any later speaker repeating the device reuses these bytes cell for cell (QP6A-05, QP6C-01); locked rulings-P6 2026-10-01	000007BC:11:0	
726	お好み焼き	おこのみやき	okonomiyaki	noun	food	000007EA:11:83	provisional	n	TN case 1 at first occurrence	000007EA:11:83	
727	幻聴	げんちょう	hearing things	noun	term	000007EA:11:52	provisional	n		000007EA:11:52	
728	パンツ一丁	ぱんついっちょう	in his underwear	phrase	term	000007EA:11:61	provisional	n		000007EA:11:61	
729	美女と野獣	びじょとやじゅう	Beauty and the Beast	phrase	term	000007EA:11:155	provisional	n	gossip	000007EA:11:155	
730	裏メニュー	うらめにゅー	a secret menu	noun	term	000007EA:11:182	provisional	n		000007EA:11:182	
731	金井様	かないさま	Kanai-sama	noun	person	000007EA:11:169	provisional	n	service address with suffix on a name (see V082)	000007EA:11:169	
732	お連れ様	おつれさま	your companion	noun	term	000007EA:11:188	provisional	n	service formula	000007EA:11:188	
733	常連	じょうれん	a regular	noun	term	000007EA:11:191	provisional	n		000007EA:11:191	
734	試験	しけん	the tests	noun	term	00000801:8:16	provisional	n	the bride tests of the 荒田集落	00000801:8:16	
735	休職	きゅうしょく	leave from work	noun	term	00000801:8:20	provisional	n		00000801:8:20	
736	大ウシガエル	おおうしがえる	a giant bullfrog	noun	food	00000801:8:79	provisional	n		00000801:8:79	
737	恋する乙女	こいするおとめ	a girl in love	phrase	term	00000801:8:27	provisional	n		00000801:8:27	
738	春夏秋冬	しゅんかしゅうとう	TBD (spring, summer, autumn and winter)	phrase	term	00000801:8:116	provisional	n	name-season joke; V141	00000801:8:116	
739	お笑いカルテット	おわらいかるてっと	a comedy quartet	noun	term	00000801:8:117	provisional	n		00000801:8:117	
740	おめでた	おめでた	You're expecting.	phrase	term	00000801:8:121	provisional	n	doctor's formula おめでたですね	00000801:8:121	
741	美冬ちゃん	みふゆちゃん	Mifuyu-chan	noun	person	00000801:8:128	provisional	n	Eiichiro's form after marriage (was 美冬さん)	00000801:8:128	
742	茜ちゃん	あかねちゃん	Akane-chan	noun	person	000007D3:11:67	provisional	n	Eiichiro's form	000007D3:11:67	
743	カフェインレス	かふぇいんれす	caffeine-free	adj	term	00000801:8:146	provisional	n		00000801:8:146	
744	アフタヌーンティーセット	あふたぬーんてぃーせっと	an afternoon tea set	noun	food	00000801:8:147	provisional	n		00000801:8:147	
745	悪阻	つわり	morning sickness	noun	term	00000818:11:59	provisional	n		00000818:11:59	
746	養子	ようし	adoption / an adopted child	noun	term	00000818:11:76	provisional	n		00000818:11:76	
747	代理母	だいりはは	a surrogate mother	noun	term	00000818:11:82	provisional	n		00000818:11:82	
748	八つ当たり	やつあたり	taking it out on you	noun	term	00000818:11:104	provisional	n		00000818:11:104	
749	元木山	もときやま	Mount Motoki	noun	place	00000818:11:126	fixed	n	locked 2026-10-01 (UNTR4 QUNTR4-05; Motoki-cho pattern)	00000818:11:126	
750	焼き芋	やきいも	roasted sweet potato	noun	food	00000818:11:128	provisional	n		00000818:11:128	
751	リヤカー	りやかー	a cart	noun	object	00000818:11:128	provisional	n		00000818:11:128	
752	露店	ろてん	stall	noun	place	00000818:11:132	provisional	n		00000818:11:132	
753	おばちゃん	おばちゃん	TBD (ma'am)	noun	person	00000818:11:187	provisional	n	to an unrelated vendor; gag with お姉さん; V144	00000818:11:187	
754	おばちゃん	おばちゃん	Obachan	noun	person	000008B9:11:0	fixed	n	a child's address / 3p for a friend's mother (non-relative): O-57 pattern (Obasan / Ojisan / Onee-san); locked rulings-P6 QP7PRE-01 2026-10-01	000008B9:11:0	
755	年子	としご	a year apart	noun	term	00000818:11:218	provisional	n	年子の姉妹 = "sisters born a year apart"	00000818:11:218	
756	花見客	はなみきゃく	cherry-blossom viewers	noun	term	0000082F:11:3	provisional	n		0000082F:11:3	
757	有給	ゆうきゅう	paid leave	noun	term	0000082F:11:4	provisional	n		0000082F:11:4	
758	花見休暇	はなみきゅうか	TBD (cherry-blossom leave)	noun	term	0000082F:11:5	provisional	n	in 『』	0000082F:11:5	
759	樹齢	じゅれい	(tree) age	noun	term	0000082F:11:17	provisional	n		0000082F:11:17	
760	観光資源	かんこうしげん	a tourist attraction	noun	term	0000082F:11:22	provisional	n		0000082F:11:22	
761	パパ	ぱぱ	Daddy	noun	person	0000082F:11:24	provisional	n	used by the girls at 4; distinct from お父さん = Dad; V148	0000082F:11:24	
762	ママ	まま	Mommy	noun	person	0000082F:11:100	provisional	n	used by Natsumi at 4; toddler まま 00000801:8:163; V148	0000082F:11:100	
763	紙芝居	かみしばい	picture-story show	noun	event	0000082F:11:44	provisional	n	TN case 1 if needed	0000082F:11:44	
764	お駄賃	おだちん	a tip (for the errand)	noun	term	0000082F:11:94	provisional	n		0000082F:11:94	
765	桜色	さくらいろ	cherry-pink	noun	term	0000082F:11:12	provisional	n	the balloon is 桜色 (11:115)	0000082F:11:12	
766	柵	さく	fence	noun	object	0000082F:11:152	provisional	n	鉄製の先が尖った柵 = spiked iron fence	0000082F:11:152	
767	酒酔い運転	さけよいうんてん	drunk driving	noun	term	0000082F:27:21	provisional	n		0000082F:27:21	
768	祀耀800年	しようはっぴゃくねん	Shiyo 800	noun	date	00000846:11:0	provisional	n	as written (CALENDAR); conflicts with the 三回忌 (V145)	00000846:11:0	
769	腐れ縁	くされえん	an old friendship we couldn't shake	noun	term	00000846:11:22	provisional	n		00000846:11:22	
770	社用車	しゃようしゃ	the company car	noun	object	00000846:11:58	provisional	n	also 会社の車 (Natsumi)	00000846:11:58	
771	試作機	しさくき	prototype	noun	object	00000846:11:43	provisional	n		00000846:11:43	
772	半導体	はんどうたい	semiconductors / the chips	noun	term	00000846:11:47	provisional	n		00000846:11:47	
773	筐体	きょうたい	the casing	noun	term	00000846:11:47	provisional	n		00000846:11:47	
774	先方	せんぽう	the client	noun	term	00000846:11:57	provisional	n		00000846:11:57	
775	軽量化	けいりょうか	make it lighter	noun	term	00000846:11:66	provisional	n		00000846:11:66	
776	情報部	じょうほうぶ	the software department	noun	org	00000846:11:124	provisional	n		00000846:11:124	
777	設計図	せっけいず	the design / blueprints	noun	object	00000846:11:44	provisional	n		00000846:11:44	
778	コインパーキング	こいんぱーきんぐ	pay parking	noun	place	00000846:11:63	provisional	n		00000846:11:63	
779	経理	けいり	accounting	noun	org	00000846:11:64	provisional	n		00000846:11:64	
780	心的障害	しんてきしょうがい	trauma	noun	term	00000846:11:107	provisional	n		00000846:11:107	
781	暗黙の了解	あんもくのりょうかい	an unspoken rule	phrase	term	00000846:11:104	provisional	n		00000846:11:104	
782	促音	そくおん	TBD (the small っ / a doubled consonant)	noun	term	0000085D:11:36	provisional	n	pronunciation passage on ザッハ; V146	0000085D:11:36	
783	転属願い	てんぞくねがい	a transfer request	noun	term	0000085D:11:58	provisional	n		0000085D:11:58	
784	入学祝	にゅうがくいわい	celebrating starting school	noun	event	0000085D:11:63	provisional	n		0000085D:11:63	
785	肩車	かたぐるま	on my shoulders	noun	term	0000085D:11:39	provisional	n		0000085D:11:39	
786	ホウレンソウ炒め	ほうれんそういため	stir-fried spinach	noun	food	0000085D:11:69	provisional	n		0000085D:11:69	
787	ホットケーキ	ほっとけーき	pancakes	noun	food	0000085D:11:100	provisional	n		0000085D:11:100	
788	ハンバーグ	はんばーぐ	a hamburger steak	noun	food	0000085D:11:100	provisional	n		0000085D:11:100	
789	ドライアイス	どらいあいす	dry ice	noun	object	0000085D:11:113	provisional	n		0000085D:11:113	
790	敵情視察	てきじょうしさつ	reconnaissance	noun	term	0000085D:11:111	provisional	n	mock-military	0000085D:11:111	
791	賭博師	とばくし	gamblers	noun	term	0000085D:11:170	provisional	n	also 賭博気質 11:93 "a gambler's streak"	0000085D:11:170	
792	せーの	せーの	Ready, go!	interjection	interjection	0000085D:11:178	provisional	n	three voices in one cell 11:179	0000085D:11:178	
793	幼なじみ	おさななじみ	childhood friend	noun	term	00000874:11:43	provisional	n		00000874:11:43	
794	ターゲット	たーげっと	targets	noun	term	00000874:11:53	provisional	n	quoted back by 良治 in 『』 11:60	00000874:11:53	
795	消印	けしいん	postmark	noun	term	00000874:11:104	provisional	n		00000874:11:104	
796	公衆電話	こうしゅうでんわ	a public phone	noun	object	00000874:11:107	provisional	n		00000874:11:107	
797	外崎家	とのさきけ	TBD (the Tonosaki family)	noun	org	00000874:11:98	provisional	n	茜's parents' family; reading unconfirmed (V150)	00000874:11:98	
798	常夜灯	じょうやとう	the night-light	noun	object	0000088B:16:26	provisional	n		0000088B:16:26	
799	バックミラー	ばっくみらー	rear-view mirror	noun	object	0000088B:16:2	provisional	n		0000088B:16:2	
800	身内に不幸	みうちにふこう	a death in the family	phrase	term	0000088B:35:1	provisional	n	set phrase, used as a cover story	0000088B:35:1	
801	お義父さん	おとうさん	TBD (my father-in-law)	noun	person	0000088B:35:41	provisional	n	良治's in-laws (茜's parents); narration only here; STYLE silent on in-law address (V151)	0000088B:35:41	
802	お義母さん	おかあさん	my mother-in-law	noun	person	0000088B:35:41	fixed	n	reference form; as address "Mother"; also Mifuyu's 3p for the 大魔女; V151; locked rulings-P6 QP6D-04 2026-10-01	0000088B:35:41	
803	お義父さん	おとうさん	my father-in-law	noun	person	0000088B:35:41	fixed	n	reference form; as address "Father"; locked rulings-P6 QP6D-04 2026-10-01	0000088B:35:41	
804	外崎津花	とのさきつばな	Tsubana Tonosaki	noun	person	000007A5:8:0	provisional	n	UNTR4 side tables; reading assumed	000007A5:8:0	
805	外崎家	とのさきけ	the Tonosaki home	noun	place	000007A5:8:0	provisional	n	display "The Tonosaki Home"; UNTR4	000007A5:8:0	
806	満田	みつだ	Mitsuda	noun	person	000007A5:8:0	provisional	n	-kun; reading assumed (no ruby); UNTR4	000007A5:8:0	
807	七海荘	ななみそう	Nanami-so	noun	place	00000682:8:0	provisional	n	as 00000682; UNTR4	00000682:8:0	
808	西佐波市	にしさわし	West Sawa City	noun	place	000007A5:8:0	provisional	n	follows 西佐波警察 West Sawa Police; UNTR4	000007A5:8:0	
809	山籠	さんろう	mountain seclusion	noun	term	000007A5:8:0	fixed	n	display "Mountain Seclusion"; 山籠目録 = "Mountain Seclusion Catalog"; UNTR4; reading さんろう per the ruby at 00000A7C:11:111 (QP8B-06); P23: the shipped ruby form (4 files); 000014D7 8:204	000007A5:8:0	
810	ストロンボリ	すとろんぼり	Stromboli	noun	place	000007A5:8:0	provisional	n	UNTR4	000007A5:8:0	
811	顛末書	てんまつしょ	account	noun	term	000007A5:8:0	provisional	n	reading gag kept as 'tenmatsusho'; 始末書 = "written apology"; UNTR4	000007A5:8:0	
812	元木工業高校	もときこうぎょうこうこう	Motoki Technical High School	noun	org	000007A5:8:0	provisional	n	UNTR4	000007A5:8:0	
813	段ボール	だんぼーる	a cardboard box	noun	object	000008A2:8:25	provisional	n		000008A2:8:25	
814	ドーピング薬	どーぴんぐやく	a doping drug	noun	term	000008A2:8:46	provisional	n		000008A2:8:46	
815	リミッター	りみったー	limiter	noun	term	000008A2:8:47	provisional	n		000008A2:8:47	
816	火事場の馬鹿力	かじばのばかぢから	strength you only find in an emergency	phrase	term	000008A2:8:47	provisional	n	set phrase; cf. 馬鹿力 "monstrous strength"	000008A2:8:47	
817	浮浪者	ふろうしゃ	drifters	noun	term	000008A2:8:61	provisional	n		000008A2:8:61	
818	西洋人	せいようじん	Westerners	noun	term	000008A2:8:61	provisional	n		000008A2:8:61	
819	大名	だいみょう	warlords (daimyo)	noun	title	000008A2:8:64	provisional	n	also 00000801:8:42; TN not needed if "warlords"	000008A2:8:64	
820	山賊	さんぞく	bandits	noun	term	000008A2:8:64	provisional	n	also 00000801:8:42	000008A2:8:64	
821	神官	しんかん	a priest	noun	title	000008A2:8:85	provisional	n	the 荒田 meaning of 魔女 (V124)	000008A2:8:85	
822	戦いの正装	たたかいのせいそう	battle dress	phrase	term	000008A2:8:95	provisional	n		000008A2:8:95	
823	信頼できる人	しんらいできるひと	someone I can trust	phrase	term	000008A2:8:130	fixed	n	in 『』 as a term (000008A2, 000008D0); locked rulings-P7 2026-10-01	000008A2:8:130	
824	密通者	みっつうしゃ	a secret accomplice / an insider	noun	term	000008A2:8:115	provisional	n		000008A2:8:115	
825	教団	きょうだん	a religious sect / cult	noun	org	000008A2:16:24	provisional	n	cf. カルト教団, 邪教 (00000682)	000008A2:16:24	
826	信者	しんじゃ	believer	noun	term	000008A2:16:26	provisional	n		000008A2:16:26	
827	口外厳禁	こうがいげんきん	strictly secret	phrase	term	000008A2:16:16	provisional	n	also 00000801:8:45	000008A2:16:16	
828	生きがい	いきがい	all I live for	noun	term	000008A2:8:117	provisional	n		000008A2:8:117	
829	疫病神	やくびょうがみ	jinx	noun	term	000008B9:8:2	provisional	n	良治's word for small 絵梨奈 (after the takoyaki "hit"), self-corrected to 天才少女	000008B9:8:2	
830	携帯ストラップ	けいたいすとらっぷ	phone strap	noun	object	000008B9:8:12	provisional	n	matching straps (100 yen); yellow one given to 絵梨奈 in block 22; recur 0000092D:11:102	000008B9:8:12	
831	売店	ばいてん	the shop / kiosk	noun	place	000008B9:8:12	provisional	n	next to the lion enclosure	000008B9:8:12	
832	いじめっ子	いじめっこ	bullies / the bully	noun	term	000008B9:29:30	provisional	n		000008B9:29:30	
833	本末転倒	ほんまつてんとう	backwards / defeating the purpose	phrase	term	000008B9:29:34	provisional	n	set phrase, render by sense	000008B9:29:34	
834	指示書	しじしょ	the instructions	noun	object	000008B9:29:65	provisional	n	Mifuyu's written plan	000008B9:29:65	
835	久慈浩二	くじ こうじ	Koji Kuji	noun	person	000008B9:29:70	provisional	n	the boy target; reading inferred (V179)	000008B9:29:70	
836	畑中ここな	はたなか ここな	Kokona Hatanaka	noun	person	000008B9:29:73	provisional	n	the girl target (V179)	000008B9:29:73	
837	メガモール	めがもーる	TBD ('Megamall')	noun	brand	000008B9:29:76	provisional	n	in 『』 (V180)	000008B9:29:76	
838	プリガールショー	ぷりがーるしょー	TBD ('Pri-Girl Show')	noun	title	000008B9:29:77	provisional	n	in 『』 (V180)	000008B9:29:77	
839	動物園	どうぶつえん	zoo	noun	place	000008B9:29:128	provisional	n		000008B9:29:128	
840	ロープウェイ	ろーぷうぇい	cable car	noun	object	000008B9:29:128	provisional	n	American English; up a mountain with a sea view	000008B9:29:128	
841	コアリクイ	こありくい	lesser anteater	noun	term	000008B9:29:139	provisional	n	the joke: コ = 小 "small"; "lesser" keeps the small-vs-大 pose gag	000008B9:29:139	
842	威嚇	いかく	threat (display)	noun	term	000008B9:29:141	provisional	n	威嚇のポーズ = "a threat pose"	000008B9:29:141	
843	中華レストラン	ちゅうかれすとらん	Chinese restaurant	noun	place	000008B9:36:2	provisional	n		000008B9:36:2	
844	ロシアン肉まん	ろしあんにくまん	Russian-roulette pork buns	noun	food	000008B9:36:7	provisional	n	follows ロシアンたこ焼き	000008B9:36:7	
845	大福	だいふく	daifuku	noun	food	000008B9:36:8	provisional	n	TN case 1 if first occurrence needs one	000008B9:36:8	
846	芥末餡包子	じぇもあんばおず	TBD (mustard-filled buns)	noun	food	000008B9:36:11	provisional	n	Chinese menu word with ruby-residue spaces and ASCII gloss (からし入り肉まん) (V153)	000008B9:36:11	
847	花椒	ほあじゃお	TBD (Sichuan peppercorns)	noun	food	000008B9:36:12	provisional	n	gloss (山椒の実) in ASCII parentheses (V153)	000008B9:36:12	
848	女ケ沢事件	めがさわじけん	TBD (the Megasawa case)	noun	event	000008B9:36:29	provisional	n	良治's hypothetical name; must match 女ケ沢 row; distinct from 女ケ沢市事件	000008B9:36:29	
849	たらればの話	たらればのはなし	all ifs and maybes	phrase	term	000008B9:36:54	provisional	n		000008B9:36:54	
850	宗教団体	しゅうきょうだんたい	a religious group	noun	org	000008B9:36:69	provisional	n		000008B9:36:69	
851	肉片	にくへん	bits of flesh	noun	term	000008D0:33:19	provisional	n		000008D0:33:19	
852	証拠隠滅	しょうこいんめつ	destroying the evidence	noun	term	000008D0:33:49	provisional	n		000008D0:33:49	
853	ガスコンロ	がすこんろ	gas stove	noun	object	000008D0:33:48	provisional	n		000008D0:33:48	
854	焼死	しょうし	burning to death	noun	term	000008D0:33:51	provisional	n		000008D0:33:51	
855	まやかしの術	まやかしのじゅつ	trickery / sorcery	phrase	concept	000008D0:39:1	provisional	n	Mifuyu's accusation of Natsumi; identical at 46:147	000008D0:39:1	
856	心理誘導	しんりゆうどう	steering people's minds	noun	term	000008D0:46:62	provisional	n		000008D0:46:62	
857	新興宗教	しんこうしゅうきょう	a new religion	noun	org	000008D0:46:50	provisional	n		000008D0:46:50	
858	オカルト	おかると	the occult	noun	concept	000008D0:46:52	provisional	n		000008D0:46:52	
859	タブー	たぶー	taboo	noun	term	000008D0:46:78	provisional	n		000008D0:46:78	
860	デタラメ	でたらめ	made up / nonsense	noun	term	000008D0:46:83	provisional	n		000008D0:46:83	
861	一派	いっぱ	a faction	noun	org	000008D0:46:84	provisional	n	the group that left 荒田 for 女ケ沢	000008D0:46:84	
862	脅し	おどし	a threat / a bluff	noun	term	000008D0:46:99	provisional	n		000008D0:46:99	
863	鬼の形相	おにのぎょうそう	a face like a demon's	phrase	term	000008D0:46:115	provisional	n	set phrase; image test (STYLE IMAGES): 鬼 motif not noticed here, render by weight	000008D0:46:115	
864	子供用の呪いの本	こどもようののろいのほん	a children's book of curses	phrase	object	000008D0:46:46	provisional	n	= 『のろいのせかい』 (00000682); later 黒魔術の本 (000008E8:8:188)	000008D0:46:46	
865	消毒液	しょうどくえき	disinfectant	noun	term	000008E8:8:1	provisional	n		000008E8:8:1	
866	問診	もんしん	the doctor's questions	noun	term	000008E8:8:52	provisional	n		000008E8:8:52	
867	詫言	わびごと	apology	noun	term	000008E8:8:104	provisional	n		000008E8:8:104	
868	天使様	てんしさま	the angel	noun	concept	000008E8:8:172	provisional	n	child's charm; 天使さん at 8:173 ("our angel")	000008E8:8:172	
869	天使様のおまじない	てんしさまのおまじない	the angel's charm	phrase	concept	000008E8:8:172	provisional	n	opposed to 呪い; おまじない row = charm	000008E8:8:172	
870	おじちゃん	おじちゃん	Ojichan	noun	person	000008E8:8:90	fixed	n	a child's address / 3p for an unrelated man: O-57 pattern (Obasan / Ojisan / Onee-san / Obachan); locked rulings-P7 QP7A-03 2026-10-01	000008E8:8:90	
871	豊岳	とよたけ	Toyotake	noun	place	00000944:8:40	provisional	n	station / place on the line; reading guessed (QP7B-01) 2026-10-01; P20: the shipped form (22 uses)	00000944:8:40	
872	卍	まんじ	manji	noun	concept	00000944:8:241	fixed	n	OWNER RULING O-61: culture noun romanized, no TN; locked rulings-P7 V161 2026-10-01	00000944:8:241	
873	口癖	くちぐせ	habit / pet phrase	noun	term	000008E8:8:247	provisional	n	of うぎゅ (V143)	000008E8:8:247	
874	ちょうちょ	ちょうちょ	butterflies	noun	term	000008E8:8:322	provisional	n	child-register word; cf. 蝶々 row	000008E8:8:322	
875	親友	しんゆう	best friend	noun	term	000008E8:8:349	provisional	n	also Haruka's address to Natsumi (00000656:11:34)	000008E8:8:349	
876	供養	くよう	offering for the dead	noun	term	000008E8:8:304	provisional	n	"the best thing I could do for you" by sense	000008E8:8:304	
877	満天の星	まんてんのほし	a sky full of stars	phrase	term	000008E8:8:297	provisional	n		000008E8:8:297	
878	お隣さん	おとなりさん	the neighbors / next door	noun	term	000008E8:8:352	provisional	n	also 00000916:31:13	000008E8:8:352	
879	県立元木高等学校	けんりつもときこうとうがっこう	Motoki Prefectural High School	noun	org	00000900:11:1	provisional	n	formal name of 元木高校	00000900:11:1	
880	新入生	しんにゅうせい	new students	noun	term	00000900:11:1	provisional	n		00000900:11:1	
881	新入生代表	しんにゅうせいだいひょう	representative of the new students	noun	title	00000900:11:28	provisional	n		00000900:11:28	
882	校長先生	こうちょうせんせい	the principal	noun	title	00000900:11:2	provisional	n		00000900:11:2	
883	来賓	らいひん	guests	noun	term	00000900:11:2	provisional	n	来賓の皆様 = "our honored guests"	00000900:11:2	
884	感無量	かんむりょう	deeply moved	adj	term	00000900:11:7	provisional	n	formal speech	00000900:11:7	
885	花吹雪	はなふぶき	a flurry of petals	noun	term	00000900:11:6	provisional	n	cf. 桜吹雪 row	00000900:11:6	
886	演台	えんだい	the lectern	noun	object	00000900:11:23	provisional	n		00000900:11:23	
887	保護者	ほごしゃ	parents	noun	term	00000900:11:27	provisional	n	保護者の方 = "parents"	00000900:11:27	
888	祀耀800年四月七日	しようはっぴゃくねんしがつなのか	Shiyo 800, April 7	noun	date	00000900:11:0	provisional	n	CALENDAR rule	00000900:11:0	
889	始業式	しぎょうしき	the opening ceremony (of the term)	noun	event	00000916:31:0	provisional	n		00000916:31:0	
890	春休みボケ	はるやすみぼけ	spring-break daze	noun	term	00000916:31:1	provisional	n		00000916:31:1	
891	重箱	じゅうばこ	stacked lunch boxes	noun	object	00000916:31:25	provisional	n	later 弁当箱 (0000092D:11:6)	00000916:31:25	
892	手土産	てみやげ	a gift (to bring)	noun	object	00000916:31:33	provisional	n		00000916:31:33	
893	腹7分目	はらしちぶんめ	only 70% full	phrase	term	00000916:11:7	provisional	n	eat light; digits per NUMERALS? kept as the idiom's number	00000916:11:7	
894	特急電車	とっきゅうでんしゃ	express train	noun	object	00000916:11:24	provisional	n		00000916:11:24	
895	各駅電車	かくえきでんしゃ	local train	noun	object	00000916:11:26	provisional	n		00000916:11:26	
896	大天使なつみ様	だいてんしなつみさま	Archangel Natsumi-sama	phrase	title	00000916:25:17	provisional	n	Haruka's mock title	00000916:25:17	
897	承知	しょうち	Understood!	interjection	interjection	00000916:31:4	provisional	n	Goto, with a salute	00000916:31:4	
898	嘘も方便	うそもほうべん	a white lie in a good cause	phrase	term	00000916:31:61	provisional	n		00000916:31:61	
899	民宿	みんしゅく	a guesthouse	noun	place	00000916:31:94	provisional	n		00000916:31:94	
900	受験生	じゅけんせい	studying for entrance exams	noun	term	00000916:31:85	provisional	n	"I'm taking entrance exams this year"	00000916:31:85	
901	隠れ家的宿	かくれがてきやど	a hideaway inn	noun	place	00000916:31:92	provisional	n		00000916:31:92	
902	1泊旅行	いっぱくりょこう	an overnight trip	noun	term	00000916:11:20	provisional	n	also 土日で1泊	00000916:11:20	
903	ボックス席	ぼっくすせき	facing seats	noun	object	0000092D:11:0	provisional	n		0000092D:11:0	
904	観光ガイドブック	かんこうがいどぶっく	travel guidebook	noun	object	0000092D:11:22	provisional	n		0000092D:11:22	
905	花火	はなび	fireworks	noun	object	0000092D:11:38	provisional	n		0000092D:11:38	
906	夜桜	よざくら	cherry blossoms at night	noun	term	0000092D:11:40	provisional	n		0000092D:11:40	
907	故人様	こじんさま	the deceased	noun	term	0000092D:11:30	provisional	n	common noun + 様: suffix zero (STYLE)	0000092D:11:30	
908	独り立ち	ひとりだち	standing on my own feet	noun	term	0000092D:11:78	provisional	n		0000092D:11:78	
909	親離れ	おやばなれ	growing out of needing my mom	noun	term	0000092D:11:79	provisional	n		0000092D:11:79	
910	妹よ	いもうとよ	little sister	phrase	person	0000092D:11:120	provisional	n	Haruka's mock address to Natsumi; keep "sister" explicit (they are sisters, 00000818)	0000092D:11:120	
911	お・こ・と・わ・り・だ	おことわりだ	TBD (six-cell refusal)	phrase	term	0000092D:11:128	provisional	n	CELL-SPLIT WORDS, six cells (V160)	0000092D:11:128	
912	チガ姉	ちがねえ	Chiga-nee	noun	person	00000944:8:21	provisional	n	kin suffix on a name (STYLE)	00000944:8:21	
913	新村茅萱	にいむら ちがや	Chigaya Niimura	noun	person	00000944:8:41	provisional	n	reading from チガ姉	00000944:8:41	
914	茅萱	ちがや	Chigaya	noun	person	00000944:8:25	provisional	n	茅萱さん / 茅萱ちゃん	00000944:8:25	
915	従姉	じゅうし	cousin	noun	person	00000944:8:41	provisional	n	older female cousin	00000944:8:41	
916	山菜	さんさい	wild mountain greens	noun	food	00000944:8:35	provisional	n		00000944:8:35	
917	1両編成	いちりょうへんせい	a one-car train	noun	term	00000944:8:28	provisional	n		00000944:8:28	
918	横がけの椅子	よこがけのいす	side-facing bench	noun	object	00000944:8:16	provisional	n		00000944:8:16	
919	オッドアイ	おっどあい	odd eyes (one blue, one green)	noun	term	00000944:8:87	provisional	n	Chigaya, 夏菜; "青と緑のオッドアイ"	00000944:8:87	
920	コンパ	こんぱ	drinking party	noun	event	00000944:8:158	provisional	n	student mixers; 合コン row = group date	00000944:8:158	
921	逆ナン	ぎゃくなん	a woman picking up men	noun	term	00000944:8:170	provisional	n	cf. ナンパ row	00000944:8:170	
922	目力	めぢから	the force of her gaze	noun	term	00000944:8:176	provisional	n		00000944:8:176	
923	男性遍歴	だんせいへんれき	my history with men	noun	term	00000944:8:181	provisional	n		00000944:8:181	
924	側溝	そっこう	a roadside gutter	noun	place	00000944:8:197	provisional	n		00000944:8:197	
925	残念な美人	ざんねんなびじん	a beauty with a catch	phrase	term	00000944:8:220	provisional	n		00000944:8:220	
926	関取	せきとり	a sumo wrestler	noun	term	00000944:8:217	provisional	n		00000944:8:217	
927	絶叫マシーン	ぜっきょうましーん	a thrill ride	noun	term	00000944:8:239	provisional	n		00000944:8:239	
928	荒田	あらた	Arata	noun	place	000008A2:8:12	fixed	n	short form of 荒田集落 (V043); frequent from chunk 06; P16: shipped everywhere	000008A2:8:12	
929	叔母さん	おばさん	Auntie	noun	person	0000095B:11:1	provisional	n	Chigaya to Mifuyu (her own aunt by marriage; STYLE kinship); collides with Natsumi's おばさん (V177)	0000095B:11:1	
930	生け垣	いけがき	hedge	noun	object	0000095B:11:11	provisional	n		0000095B:11:11	
931	陸の孤島	りくのことう	cut off from the world	phrase	term	0000095B:11:28	provisional	n	set phrase	0000095B:11:28	
932	異国	いこく	a foreign land	noun	term	0000095B:11:28	provisional	n		0000095B:11:28	
933	長	おさ	the head (of the settlement)	noun	title	0000095B:11:52	provisional	n	荒田集落の長	0000095B:11:52	
934	長老	ちょうろう	an elder	noun	title	0000095B:11:66	provisional	n		0000095B:11:66	
935	新村エリカ	にいむら えりか	Erika Niimura	noun	person	0000095B:11:85	provisional	n	Haruka's grandmother; katakana given name; "Erika" vs "Erina" keeps the 00000989 one-character joke	0000095B:11:85	
936	ニットワンピース	にっとわんぴーす	knit dress	noun	object	0000095B:11:72	provisional	n		0000095B:11:72	
937	コスプレ	こすぷれ	cosplay	noun	term	0000095B:11:106	provisional	n		0000095B:11:106	
938	コスプレババア	こすぷればばあ	cosplay hag	noun	term	0000095B:11:93	provisional	n	Haruka to her grandmother	0000095B:11:93	
939	アニメオタク	あにめおたく	anime otaku	noun	term	0000095B:11:108	provisional	n	TN case 1 if romanized; "anime nerd" alternative	0000095B:11:108	
940	カラコン	からこん	colored contacts	noun	object	0000095B:11:132	provisional	n		0000095B:11:132	
941	縁側	えんがわ	the veranda	noun	place	0000095B:11:146	provisional	n		0000095B:11:146	
942	新村幸太郎	にいむら こうたろう	Kotaro Niimura	noun	person	0000095B:35:21	provisional	n	Eiichiro's older twin	0000095B:35:21	
943	幸太郎伯父さん	こうたろうおじさん	Uncle Kotaro	noun	person	0000095B:35:14	provisional	n	Haruka's own relative (STYLE kinship)	0000095B:35:14	
944	伯父さん	おじさん	Uncle	noun	person	0000095B:35:18	provisional	n	relative; Natsumi's おじさん for Eiichiro is a non-relative	0000095B:35:18	
945	新村夏菜	にいむら かな(?)	Kana Niimura	noun	person	0000095B:35:39	fixed	n	reading per UNTR5 tables (QUNTR5-07); locked 2026-10-01	0000095B:35:39	
946	次女	じじょ	second daughter	noun	term	0000095B:35:39	provisional	n		0000095B:35:39	
947	従妹	じゅうまい	cousin	noun	person	0000095B:35:66	provisional	n	younger female cousin	0000095B:35:66	
948	ロリ巨乳	ろりきょにゅう	a busty loli	noun	term	0000095B:35:92	fixed	y	夏菜, crude slang; aligned to rulings-P14 2026-10-02 (was "TBD")	0000095B:35:92	
949	パッドブラ	ぱっどぶら	padded bra	noun	object	0000095B:35:93	provisional	n	盛り盛りパッドブラ = "heavily padded bra"	0000095B:35:93	
950	まな板	まないた	flat as a board	noun	term	0000095B:35:93	provisional	n	chest insult (cutting board image)	0000095B:35:93	
951	月とすっぽん	つきとすっぽん	worlds apart	phrase	term	0000095B:35:93	provisional	n	set phrase	0000095B:35:93	
952	サバサバ系	さばさばけい	the no-nonsense type	noun	term	0000095B:35:54	provisional	n		0000095B:35:54	
953	幽霊	ゆうれい	ghost	noun	concept	0000095B:27:6	fixed	n	P23 (000014BC): 幽霊犯人説 = "the ghost-culprit theory"	0000095B:27:6	
954	理屈バカ	りくつばか	logic-obsessed	noun	term	0000095B:11:46	provisional	n	Natsumi on Goto	0000095B:11:46	
955	月がきれいですね	つきがきれいですね	'The moon is beautiful, isn't it?'	phrase	term	0000095B:35:86	provisional	n	V166	0000095B:35:86	
956	ブレイン	ぶれいん	the brains	noun	term	00000972:11:31	provisional	n		00000972:11:31	
957	地産地消	ちさんちしょう	local food, eaten locally	noun	term	00000972:11:34	provisional	n		00000972:11:34	
958	操	みさお	TBD (virtue)	noun	term	00000972:11:72	provisional	n	Goto's list (V168)	00000972:11:72	
959	純潔	じゅんけつ	TBD (purity)	noun	term	00000972:11:73	provisional	n	V168	00000972:11:73	
960	貞操	ていそう	TBD (chastity)	noun	term	00000972:11:74	provisional	n	V168	00000972:11:74	
961	恥じらい	はじらい	TBD (modesty)	noun	term	00000972:11:75	provisional	n	V168	00000972:11:75	
962	貞淑	ていしゅく	TBD (decency)	noun	term	00000972:11:107	provisional	n	V168	00000972:11:107	
963	貞節	ていせつ	TBD (faithfulness)	noun	term	00000972:11:108	provisional	n	V168	00000972:11:108	
964	節操	せっそう	TBD (principles)	noun	term	00000972:11:109	provisional	n	V168	00000972:11:109	
965	改造人間	かいぞうにんげん	cyborgs	noun	term	00000972:11:119	provisional	n	"modified humans" (hero-show term) alternative	00000972:11:119	
966	触診	しょくしん	examination by touch	noun	term	00000972:11:98	provisional	n		00000972:11:98	
967	経験則	けいけんそく	experience / rule of thumb	noun	term	00000972:11:132	provisional	n		00000972:11:132	
968	焼酎	しょうちゅう	shochu	noun	food	00000972:11:160	provisional	n	TN case 1 at first occurrence	00000972:11:160	
969	一升瓶	いっしょうびん	a big 1.8-liter bottle	noun	object	00000972:11:159	provisional	n		00000972:11:159	
970	般若	はんにゃ	hannya (a demon-woman Noh mask)	noun	object	00000972:11:161	provisional	n	般若の能面	00000972:11:161	
971	シニガミトカゲ	しにがみとかげ	Shinigami lizard	noun	food	00000972:11:175	fixed	n	must follow the 死神 row (V170); P20: the TBD guess confirmed by the Enma-deer rule (the figure's name kept)	00000972:11:175	
972	トリカブト	とりかぶと	monkshood	noun	term	00000972:11:176	provisional	n	毒なしトリカブト = "poison-free monkshood"	00000972:11:176	
973	ゲテモノ	げてもの	weird food	noun	term	00000972:11:179	provisional	n		00000972:11:179	
974	極楽	ごくらく	paradise	noun	concept	00000972:11:201	provisional	n		00000972:11:201	
975	いただきます	いただきます	Itadakimasu	interjection	interjection	00000972:11:223	fixed	y	the text explains it (a thanks to the food's life); V171; rulings-P13 2026-10-02: romanized, one TN per file at the first site	00000972:11:223	
976	ダッセエ	だっせえ	Lame!	interjection	interjection	00000972:11:167	provisional	n		00000972:11:167	
977	五島エリカ	ごとう えりか	Erika Goto	noun	person	00000989:11:33	provisional	n	the grandmother's Goto persona; name on her paper doll (000009A0:11:98)	00000989:11:33	
978	仮装	かそう	a costume party act	noun	term	00000989:11:15	provisional	n	beyond コスプレ	00000989:11:15	
979	スットコドッコイ	すっとこどっこい	nitwit	noun	term	00000989:11:80	provisional	n	old comic insult	00000989:11:80	
980	オタンコナス	おたんこなす	numbskull	noun	term	00000989:11:80	provisional	n	old comic insult	00000989:11:80	
981	パッド	ぱっど	padding	noun	object	00000989:11:66	provisional	n		00000989:11:66	
982	バトルロイヤル	ばとるろいやる	battle royale	noun	event	00000989:11:112	provisional	n		00000989:11:112	
983	荒田流	あらたりゅう	the Arata way	noun	term	00000989:11:117	provisional	n	follows 荒田 row; cf. 新村流	00000989:11:117	
984	怪談	かいだん	ghost story	noun	term	00000989:11:140	provisional	n		00000989:11:140	
985	ジンクス	じんくす	jinx	noun	term	00000989:11:150	provisional	n		00000989:11:150	
986	ろうそく	ろうそく	candle	noun	object	00000989:11:138	provisional	n		00000989:11:138	
987	坊主憎けりゃ袈裟まで憎い	ぼうずにくけりゃけさまでにくい	hate the monk, hate his robe	phrase	term	00000989:11:88	provisional	n	idiom; English set-phrase equivalent allowed by STYLE IMAGES	00000989:11:88	
988	フナ虫	ふなむし	a sea slater	noun	term	00000989:11:105	provisional	n	fled "like a cockroach" by weight	00000989:11:105	
989	連れション	つれしょん	going to the bathroom together	noun	term	000009A0:11:18	provisional	n		000009A0:11:18	
990	おもらし	おもらし	wetting yourself	noun	term	000009A0:11:22	provisional	n		000009A0:11:22	
991	趣	おもむき	atmosphere	noun	term	000009A0:11:34	provisional	n	" 趣 " ruby residue	000009A0:11:34	
992	山籠	さんろう	the mountain seclusion	noun	concept	000009A0:11:111	fixed	n	the one-year bride test; reading inferred (V182); reading さんろう per the ruby at 00000A7C:11:111 (QP8B-06)	000009A0:11:111	
993	先代大魔女	せんだいだいまじょ	the previous Grand Witch	noun	title	000009A0:11:109	provisional	n	follows 大魔女 row	000009A0:11:109	
994	地上げ	じあげ	a land grab	noun	term	000009A0:11:126	provisional	n		000009A0:11:126	
995	県庁所在地	けんちょうしょざいち	the prefectural capital	noun	place	000009A0:11:133	provisional	n		000009A0:11:133	
996	県庁	けんちょう	the prefectural office	noun	place	000009A0:11:136	provisional	n		000009A0:11:136	
997	電車代	でんしゃだい	train fare	noun	term	000009A0:11:165	provisional	n		000009A0:11:165	
998	チャー坊	ちゃーぼう	TBD (Cha-bo)	noun	person	000009A0:11:182	provisional	n	nickname of the official's grandson	000009A0:11:182	
999	神のご加護	かみのごかご	God bless you	phrase	term	000009A0:11:173	provisional	n	"あなたに、神のご加護がありますように"	000009A0:11:173	
1000	口が堅い	くちがかたい	can keep a secret	phrase	term	000009A0:11:223	provisional	n		000009A0:11:223	
1001	2000円	にせんえん	2,000 yen	noun	term	000009A0:11:171	provisional	n		000009A0:11:171	
1002	霊感	れいかん	a sense for the supernatural	noun	concept	000009B7:11:3	provisional	n		000009B7:11:3	
1003	不良	ふりょう	delinquent	noun	term	000009B7:11:5	provisional	n		000009B7:11:5	
1004	高校受験	こうこうじゅけん	high-school entrance exams	noun	event	000009B7:11:7	provisional	n		000009B7:11:7	
1005	あっち系	あっちけい	the other kind (supernatural)	phrase	term	000009B7:11:20	provisional	n		000009B7:11:20	
1006	雪だるま	ゆきだるま	snowman	noun	object	000009B7:11:31	provisional	n		000009B7:11:31	
1007	読経	どきょう	sutra chanting	noun	sfx	000009B7:19:15	provisional	n		000009B7:19:15	
1008	着信音	ちゃくしんおん	ringtone	noun	sfx	000009B7:19:14	provisional	n		000009B7:19:14	
1009	バイブ音	ばいぶおん	a buzz (vibration)	noun	sfx	000009B7:19:31	provisional	n	also 00000944:8:205	000009B7:19:31	
1010	災害対策	さいがいたいさく	disaster preparedness	noun	term	000009B7:19:48	provisional	n		000009B7:19:48	
1011	テスト送信	てすとそうしん	test message	noun	term	000009B7:19:48	provisional	n		000009B7:19:48	
1012	黒魔術師	くろまじゅつし	a black magician	noun	term	000009CF:11:9	provisional	n		000009CF:11:9	
1013	図書室	としょしつ	the school library	noun	place	000009CF:11:11	provisional	n		000009CF:11:11	
1014	紋章	もんしょう	emblem	noun	object	000009CF:11:28	provisional	n		000009CF:11:28	
1015	女神さま	めがみさま	the Goddess	noun	concept	000009CF:11:31	fixed	n	same as the 女神様 row (V175); locked rulings-P7 QP7D-06 2026-10-01	000009CF:11:31	
1016	たすけたい人をたすけるおまじない	たすけたいひとをたすけるおまじない	'A charm to help someone you want to help'	phrase	title	000009CF:11:18	provisional	n	child's hiragana writing in 『』	000009CF:11:18	
1017	後半戦	こうはんせん	the second half	noun	term	000009E6:11:0	provisional	n		000009E6:11:0	
1018	設立	せつりつ	founding (a company)	noun	term	000009E6:11:10	provisional	n		000009E6:11:10	
1019	人身事故	じんしんじこ	a person hit by a train	noun	event	000009E6:11:24	provisional	n		000009E6:11:24	
1020	駅員	えきいん	station staff	noun	title	000009E6:11:18	provisional	n		000009E6:11:18	
1021	車掌	しゃしょう	conductor	noun	title	000009E6:11:20	provisional	n		000009E6:11:20	
1022	自動販売機	じどうはんばいき	vending machine	noun	object	000009E6:11:31	provisional	n		000009E6:11:31	
1023	準備中	じゅんびちゅう	Not Available	noun	ui	000009E6:11:33	fixed	n	vending-machine button label (000009E6); locked rulings-P7 2026-10-01	000009E6:11:33	
1024	血痕	けっこん	bloodstain	noun	term	000009E6:11:42	provisional	n		000009E6:11:42	
1025	指紋	しもん	fingerprint	noun	term	000009E6:11:53	provisional	n		000009E6:11:53	
1026	ベチャリ	べちゃり	splat	noun	sfx	000009E6:11:61	provisional	n	twice over two cells	000009E6:11:61	
1027	モトキザクラ様	もときざくらさま	Motokizakura-sama	noun	concept	000009E6:19:13	fixed	n	romanized; once-per-file TN [TN: Motokizakura: 'Motoki cherry tree'; -sama is an honorific.] (V181); locked rulings-P7 2026-10-01	000009E6:19:13	
1028	横書き	よこがき	written horizontally	noun	term	000009E6:19:20	provisional	n	V172	000009E6:19:20	
1029	都市伝説	としでんせつ	urban legend	noun	term	000009FE:11:1	provisional	n		000009FE:11:1	
1030	妖怪	ようかい	yokai	noun	concept	000009FE:11:3	fixed	n	O-61 / O-70 culture noun, NO TN; locked 2026-10-01	000009FE:11:3	
1031	守護神	しゅごしん	guardian deity	noun	concept	000009FE:11:12	provisional	n		000009FE:11:12	
1032	悪霊	あくりょう	evil spirit	noun	concept	000009FE:11:15	provisional	n		000009FE:11:15	
1033	桜柄	さくらがら	cherry-blossom pattern	noun	term	000009FE:11:10	provisional	n		000009FE:11:10	
1034	着物	きもの	kimono	noun	object	000009FE:11:10	provisional	n		000009FE:11:10	
1035	元木山山頂	もときやまさんちょう	TBD (Mount Motoki Summit; follows 元木山)	noun	place	000009FE:11:36	provisional	n	signboard text in 「」	000009FE:11:36	
1036	A子	えーこ	Girl A	noun	person	000009FE:11:19	provisional	n	placeholder name ("仮にA子とします")	000009FE:11:19	
1037	祠	ほこら	shrine (a small one)	noun	place	000009FE:11:70	provisional	n		000009FE:11:70	
1038	立札	たてふだ	signboard	noun	object	000009FE:11:81	provisional	n		000009FE:11:81	
1039	べからず	べからず	Never ... (notice style)	phrase	term	000009FE:11:85	provisional	n	archaic prohibition on signs; keep the notice register	000009FE:11:85	
1040	ご利益	ごりやく	blessings	noun	concept	000009FE:11:16	provisional	n		000009FE:11:16	
1041	石段	いしだん	stone steps	noun	place	000009FE:11:56	provisional	n	also 階段 in the same story	000009FE:11:56	
1042	開手	ひらて	clapped their hands (in prayer)	noun	term	000009FE:11:77	provisional	n	Shinto hand-clap before praying	000009FE:11:77	
1043	タレサロ・コニラク・サハン・イウユ・キンケ	たれさろ・こにらく・さはん・いうゆ・きんけ	TBD (see V183)	phrase	term	000009FE:11:76	provisional	n	chant; reversed = ケンキユウインハサクラニコロサレタ	000009FE:11:76	
1044	占い師	うらないし	fortune-teller	noun	title	00000A18:11:17	provisional	n		00000A18:11:17	
1045	人相占い	にんそううらない	face reading	noun	term	00000A18:11:31	provisional	n		00000A18:11:31	
1046	不動産屋	ふどうさんや	the real-estate agency	noun	place	00000A18:11:13	provisional	n		00000A18:11:13	
1047	家賃	やちん	rent	noun	term	00000A18:11:49	provisional	n		00000A18:11:49	
1048	築年数	ちくねんすう	the building's age	noun	term	00000A18:11:51	provisional	n		00000A18:11:51	
1049	リフォーム	りふぉーむ	renovated / renovation	noun	term	00000A18:11:52	provisional	n		00000A18:11:52	
1050	ユニットバス	ゆにっとばす	a bathroom unit (bath and toilet)	noun	term	00000A18:11:52	provisional	n		00000A18:11:52	
1051	205号室	にひゃくごごうしつ	Room 205	noun	place	00000A18:11:69	provisional	n	also 204, 206	00000A18:11:69	
1052	おまんじゅう	おまんじゅう	manju (sweet buns)	noun	food	00000A18:11:92	provisional	n		00000A18:11:92	
1053	詩林館	しりんかん	Shirinkan	noun	place	00000A18:11:72	fixed	n	building name in 『』; romanized Shirinkan (RULING Fable QP8A-01 / V185: the pun with 死隣館 is sound-based; 11:164 carries the one TN, 11:168 glosses both meanings in parentheses)	00000A18:11:72	
1054	死隣館	しりんかん	Shirinkan	noun	term	00000A18:11:164	fixed	n	homophone pun on 詩林館, named at 11:168; romanized Shirinkan like 詩林館, TN at 11:164 "[TN: Written here death-next-door hall, not poem-grove hall.]" (RULING Fable QP8A-01)	00000A18:11:164	
1055	いわくつき	いわくつき	with a dark history	noun	term	00000A18:11:102	provisional	n		00000A18:11:102	
1056	死のバトン	しのばとん	the baton of death	phrase	term	00000A18:11:273	provisional	n		00000A18:11:273	
1057	食人鬼	しょくじんき	ghoul	noun	term	00000A18:11:234	provisional	n		00000A18:11:234	
1058	ゾンビ	ぞんび	zombie	noun	term	00000A18:11:239	provisional	n		00000A18:11:239	
1059	ループもの	るーぷもの	a time-loop story	noun	term	00000A18:11:303	provisional	n		00000A18:11:303	
1060	勝者	しょうしゃ	winner	noun	term	00000A30:11:14	provisional	n		00000A30:11:14	
1061	打ち上げ花火	うちあげはなび	skyrockets	noun	object	00000A30:11:41	provisional	n		00000A30:11:41	
1062	手持ち花火	てもちはなび	handheld fireworks	noun	object	00000A30:11:42	provisional	n	text has 手持ちだけ	00000A30:11:42	
1063	線香花火	せんこうはなび	sparklers	noun	object	00000A30:11:192	provisional	n		00000A30:11:192	
1064	お徳用特大花火セット	おとくようとくだいはなびせっと	Value-Size Jumbo Fireworks Set	noun	object	00000A30:11:39	provisional	n		00000A30:11:39	
1065	帝	みかど	the Emperor	noun	title	00000A30:11:69	provisional	n		00000A30:11:69	
1066	帝の血筋	みかどのちすじ	the imperial bloodline	phrase	term	00000A30:11:69	provisional	n		00000A30:11:69	
1067	戦乱	せんらん	the wars	noun	term	00000A30:11:69	provisional	n		00000A30:11:69	
1068	エリカちゃん	えりかちゃん	Erika-chan	noun	person	00000A30:11:160	provisional	n	Goto's and Natsumi's address for the grandmother from here; narration too	00000A30:11:160	
1069	悪しき伝統	あしきでんとう	a bad tradition	phrase	term	00000A30:11:121	provisional	n		00000A30:11:121	
1070	よっこらしょっと	よっこらしょっと	TBD (Oof, there we go)	interjection	interjection	00000A30:11:60	provisional	n	sitting down; also 幸太郎 00000AC4:11:5	00000A30:11:60	
1071	疑心暗鬼	ぎしんあんき	suspicion feeding on itself	noun	term	00000A30:11:137	provisional	n		00000A30:11:137	
1072	継承の儀	けいしょうのぎ	the succession rite	noun	event	00000A48:11:7	provisional	n	also 継承の儀式 (26:45), same EN	00000A48:11:7	
1073	墓地広場	ぼちひろば	the graveyard clearing	noun	place	00000A48:11:24	provisional	n		00000A48:11:24	
1074	見届け人	みとどけにん	witnesses	noun	term	00000A48:26:14	provisional	n	also 見届人 (26:20), same EN	00000A48:26:14	
1075	穢れ	けがれ	impurity	noun	concept	00000A48:26:21	provisional	n		00000A48:26:21	
1076	肝試し	きもだめし	a test of courage	noun	event	00000A48:26:27	provisional	n		00000A48:26:27	
1077	御神酒	おみき	sacred sake	noun	food	00000A48:26:50	provisional	n		00000A48:26:50	
1078	サクラ	さくら	Sakura	noun	person	00000A62:11:70	provisional	n	幸太郎's wife; see V187	00000A62:11:70	
1079	希少種	きしょうしゅ	a rare variety	noun	term	00000A62:11:11	provisional	n		00000A62:11:11	
1080	墓石	ぼせき	gravestone	noun	object	00000A62:11:60	provisional	n		00000A62:11:60	
1081	Bem-vindo, novo bruxa.	(Portuguese)	(keep as in source; see V186)	phrase	term	00000A62:19:51	provisional	n		00000A62:19:51	
1082	Vamos, Destrua a bruxa morta.	(Portuguese)	(keep as in source; see V186)	phrase	term	00000A62:19:55	provisional	n		00000A62:19:55	
1083	Return, novo bruxa.	(Portuguese / English)	(keep as in source; see V186)	phrase	term	00000A62:19:61	provisional	n		00000A62:19:61	
1084	ポルトガル語	ぽるとがるご	Portuguese	noun	term	00000A62:19:77	provisional	n		00000A62:19:77	
1085	マナーモード	まなーもーど	silent mode	noun	ui	00000A62:19:49	provisional	n		00000A62:19:49	
1086	黒い装束	くろいしょうぞく	black robes	phrase	object	00000A62:19:45	provisional	n	cf. 赤装束	00000A62:19:45	
1087	荒田駅	あらたえき	Arata Station	noun	place	00000A62:11:15	fixed	n	aligned rulings-P14 2026-10-02	00000A62:11:15	
1088	子守	こもり	babysitting	noun	term	00000A7C:11:37	provisional	n		00000A7C:11:37	
1089	ハイハイ	はいはい	crawling	noun	term	00000A7C:11:49	provisional	n		00000A7C:11:49	
1090	んま	んま	TBD (Mm-ma!)	interjection	interjection	00000A7C:11:47	provisional	n	baby babble; variants んまま, んままま, んまー	00000A7C:11:47	
1091	おっちゃん	おっちゃん	TBD (see V198)	noun	person	00000A7C:11:123	provisional	n		00000A7C:11:123	
1092	住民簿	じゅうみんぼ	the residents' register	noun	object	00000A94:11:29	provisional	n	also 記帳 (11:169)	00000A94:11:29	
1093	風土病	ふうどびょう	an endemic disease	noun	term	00000A94:11:5	provisional	n		00000A94:11:5	
1094	狂犬病	きょうけんびょう	rabies	noun	term	00000A94:11:6	provisional	n		00000A94:11:6	
1095	ギニアワーム	ぎにあわーむ	Guinea worm	noun	term	00000A94:11:6	provisional	n		00000A94:11:6	
1096	自殺	じさつ	suicide	noun	term	00000A94:11:5	provisional	n	also a register label	00000A94:11:5	
1097	病死	びょうし	died of illness	noun	term	00000A94:11:190	provisional	n	register label (00000AAC:11:16)	00000A94:11:190	
1098	他殺	たさつ	murder (killed by someone)	noun	term	00000A94:11:42	provisional	n		00000A94:11:42	
1099	隠語	いんご	slang / a code word	noun	term	00000A94:11:42	provisional	n		00000A94:11:42	
1100	メモ帳	めもちょう	notepad	noun	object	00000A94:11:1	provisional	n	also ノート (00000AC4:11:45)	00000A94:11:1	
1101	頭蓋骨	ずがいこつ	skull	noun	term	00000A94:11:62	provisional	n		00000A94:11:62	
1102	新村桔梗	にいむらききょう	Kikyo Niimura	noun	person	00000AAC:11:16	fixed	n	V195; aligned rulings-P14 2026-10-02	00000AAC:11:16	
1103	桔梗	ききょう	Kikyo	noun	person	00000AAC:11:18	fixed	n	V195: reading confirmed by the ruby in 00000AAC; "Kikyo Niimura", no gloss (RULING Fable QP8C-03)	00000AAC:11:18	
1104	集会場	しゅうかいじょう	the meeting hall	noun	place	00000AAC:11:37	fixed	n	also 集会所 (00000B0F:11:34), same EN (LOCKED, RULING Fable QP8C-02)	00000AAC:11:37	
1105	惰性	だせい	habit / inertia	noun	term	00000AAC:11:82	provisional	n		00000AAC:11:82	
1106	助っ人	すけっと	backup	noun	term	00000AAC:11:149	provisional	n		00000AAC:11:149	
1107	切れ者	きれもの	the sharpest mind	noun	term	00000AAC:11:155	provisional	n		00000AAC:11:155	
1108	起承転結	きしょうてんけつ	kishotenketsu	noun	term	00000AC4:11:17	fixed	n	parts 『起』『承』『転』『結』 quoted as words: the four parts are the fixed single-quoted English words 'setup', 'development', 'twist', 'conclusion' (承転結 = 'development, twist and conclusion'); the compound stays romanized with the once-per-file TN "[TN: Kishotenketsu: four parts, ki 'setup', sho 'development', ten 'twist', ketsu 'conclusion'.]" (RULING Fable QP8C-04 / V190)	00000AC4:11:17	
1109	4コマ漫画	よんこままんが	four-panel comics	noun	term	00000AC4:11:17	provisional	n		00000AC4:11:17	
1110	止めを刺す	とどめをさす	finish (someone) off	phrase	term	00000AC4:11:96	provisional	n		00000AC4:11:96	
1111	序破急	じょはきゅう	jo-ha-kyu	noun	term	00000ADE:11:47	fixed	n	V190: romanized + the once-per-file TN "[TN: Jo-ha-kyu: a three-part structure from Noh: opening, break, rapid finish.]" (RULING Fable QP8C-08)	00000ADE:11:47	
1112	序論本論結論	じょろんほんろんけつろん	introduction, body, conclusion	noun	term	00000ADE:11:47	fixed	n		00000ADE:11:47	
1113	年表	ねんぴょう	a timeline	noun	term	00000ADE:11:23	provisional	n		00000ADE:11:23	
1114	生き証人	いきしょうにん	a living witness	noun	term	00000ADE:11:31	provisional	n		00000ADE:11:31	
1115	逆接	ぎゃくせつ	a contrast ("but")	noun	term	00000ADE:11:90	provisional	n	V191	00000ADE:11:90	
1116	ばああ	ばああ	Boo!	interjection	interjection	00000AF7:11:11	provisional	n		00000AF7:11:11	
1117	くノ一	くのいち	TBD (see V199)	noun	term	00000AF7:11:22	provisional	n		00000AF7:11:22	
1118	ムササビ	むささび	a flying squirrel	noun	term	00000AF7:11:18	provisional	n		00000AF7:11:18	
1119	パルクール	ぱるくーる	parkour	noun	term	00000AF7:11:27	provisional	n		00000AF7:11:27	
1120	秘密基地	ひみつきち	secret base	noun	place	00000AF7:11:39	provisional	n		00000AF7:11:39	
1121	ムカデ競争	むかできょうそう	a centipede race (single file, holding on)	noun	term	00000AF7:11:56	provisional	n		00000AF7:11:56	
1122	四畳半	よじょうはん	four and a half tatami mats	noun	term	00000AF7:11:76	provisional	n		00000AF7:11:76	
1123	ゴザ	ござ	a rush mat	noun	object	00000AF7:11:84	provisional	n		00000AF7:11:84	
1124	大の字	だいのじ	spread-eagled	noun	term	00000AF7:11:83	provisional	n		00000AF7:11:83	
1125	エリ姉	えりねえ	Eri-nee	noun	person	00000AF7:11:137	provisional	n	夏菜's nickname for Goto (cf. チガ姉)	00000AF7:11:137	
1126	1人っ子	ひとりっこ	an only child	noun	term	00000AF7:11:147	provisional	n		00000AF7:11:147	
1127	魔女継承	まじょけいしょう	becoming the witch	noun	event	00000B0F:11:5	provisional	n		00000B0F:11:5	
1128	祟り	たたり	a curse (a spirit's retribution)	noun	concept	00000B0F:11:83	provisional	n		00000B0F:11:83	
1129	部外者	ぶがいしゃ	outsider(s)	noun	term	00000B0F:11:140	provisional	n	in 『』 at 11:140, 11:157	00000B0F:11:140	
1130	心理トリック	しんりとりっく	a psychological trick	noun	term	00000B0F:11:172	provisional	n		00000B0F:11:172	
1131	ミスリード	みすりーど	misdirection	noun	term	00000B0F:11:172	provisional	n		00000B0F:11:172	
1132	目くらまし	めくらまし	a smokescreen	noun	term	00000B0F:11:174	provisional	n		00000B0F:11:174	
1133	運転免許	うんてんめんきょ	driver's license	noun	object	00000B0F:11:54	provisional	n		00000B0F:11:54	
1134	城崎	しろざき	Shirozaki	noun	person	00000B27:11:148	fixed	n	LOCKED by the in-file ruby しろざき at 00000B27:11:148 (RULING Fable QP8D-02 / V193; the C5 dispute Kizaki / Shirozaki is closed)	00000B27:11:148	
1135	知花	ちばな	Chibana	noun	person	00000B27:11:116	fixed	n	reading from the in-file ruby ちばな (V194); who it is stays withheld	00000B27:11:116	
1136	ビジートーン	びじーとーん	the busy signal	noun	sfx	00000B27:11:145	provisional	n		00000B27:11:145	
1137	晩酌	ばんしゃく	his evening drink	noun	term	00000B27:11:45	provisional	n		00000B27:11:45	
1138	城崎家	しろざきけ	the Shirozaki house	noun	org	00000B3F:11:3	fixed	n		00000B3F:11:3	
1139	佐波県警	さわけんけい	the Sawa Prefectural Police	noun	org	00000B3F:11:62	provisional	n	follows 佐波県 (resolved 2026-10-02)	00000B3F:11:62	
1140	検問	けんもん	checkpoints	noun	term	00000B3F:11:61	provisional	n		00000B3F:11:61	
1141	拉致	らち	abducted	noun	term	00000B3F:11:55	provisional	n		00000B3F:11:55	
1142	資材倉庫	しざいそうこ	the storage shed	noun	place	00000B3F:11:109	provisional	n	at 荒田駅	00000B3F:11:109	
1143	被害妄想	ひがいもうそう	paranoia	noun	term	00000B3F:11:27	provisional	n		00000B3F:11:27	
1144	模試	もし	practice exam	noun	event	00000B57:11:84	provisional	n		00000B57:11:84	
1145	盗聴アプリ	とうちょうアプリ	a bugging app	noun	term	00000B57:11:121	provisional	n	built into the gift phones	00000B57:11:121	
1146	進級祝い	しんきゅういわい	a gift for moving up a year	noun	event	00000B57:11:121	provisional	n	cf. 入学祝, 進級	00000B57:11:121	
1147	首謀者	しゅぼうしゃ	the mastermind	noun	term	00000B57:11:184	provisional	n	cf. 主犯	00000B57:11:184	
1148	殺人の訓練	さつじんのくんれん	training to kill	phrase	term	00000B57:15:0	provisional	n	replayed 19:0, 19:9	00000B57:15:0	
1149	人殺し	ひとごろし	murderer	noun	term	00000B57:19:6	provisional	n	shouted as address	00000B57:19:6	
1150	人為的	じんいてき	human-made / by someone's design	adj	term	00000B6F:11:12	provisional	n		00000B6F:11:12	
1151	卑劣	ひれつ	despicable	adj	term	00000B6F:11:16	provisional	n		00000B6F:11:16	
1152	手のひらの上	てのひらのうえ	in the palm of (the culprit's) hand	phrase	term	00000B6F:11:61	provisional	n	image used and extended (11:63, 手の上 11:67)	00000B6F:11:61	
1153	堂々巡り	どうどうめぐり	going around in circles	noun	term	00000B6F:11:64	provisional	n		00000B6F:11:64	
1154	未必の故意	みひつのこい	reckless intent	phrase	term	00000B6F:11:126	provisional	n	legal term, quoted in 『』	00000B6F:11:126	
1155	鉄砲	てっぽう	guns	noun	object	00000B87:19:5	provisional	n	hunting rifles	00000B87:19:5	
1156	熊	くま	bear	noun	term	00000B87:11:72	provisional	n		00000B87:11:72	
1157	不意打ち	ふいうち	a surprise attack	noun	term	00000B87:11:77	provisional	n		00000B87:11:77	
1158	殺人マシーン	さつじんマシーン	a killing machine	noun	term	00000B87:27:38	provisional	n		00000B87:27:38	
1159	軟禁	なんきん	confinement	noun	term	00000B87:27:8	provisional	n	the watch on 幸太郎 793-795	00000B87:27:8	
1160	密告	みっこく	a tip-off / an informer's word	noun	term	00000B87:27:7	provisional	n		00000B87:27:7	
1161	洗脳	せんのう	brainwashing / brainwash	noun	term	00000B87:27:6	provisional	n		00000B87:27:6	
1162	怨念	おんねん	a grudge (a vengeful spirit's)	noun	concept	00000B87:27:6	provisional	n		00000B87:27:6	
1163	張本人	ちょうほんにん	the ones responsible	noun	term	00000B9F:11:102	provisional	n		00000B9F:11:102	
1164	操り人形	あやつりにんぎょう	puppet	noun	term	00000B9F:11:110	provisional	n		00000B9F:11:110	
1165	人質	ひとじち	hostage	noun	term	00000B9F:11:159	fixed	n	P23: 貴重な人質 = "a valuable hostage" (0000142B 8:218)	00000B9F:11:159	
1166	神使	しんし	divine messengers	noun	concept	00000B9F:11:317	fixed	n	paired with 魔女 by 幸太郎; 00000BB7:15:33, 15:41; RULING Fable 2026-10-02 QUNTR6S-02	00000B9F:11:317	
1167	アキレス腱	アキレスけん	Achilles tendon(s)	noun	term	00000B9F:11:285	provisional	n		00000B9F:11:285	
1168	麻酔	ますい	anesthesia	noun	term	00000BB7:11:1	provisional	n		00000BB7:11:1	
1169	手術室	しゅじゅつしつ	the operating room	noun	place	00000BB7:11:20	provisional	n		00000BB7:11:20	
1170	集中治療室	しゅうちゅうちりょうしつ	intensive care / the ICU	noun	place	00000BB7:11:46	provisional	n		00000BB7:11:46	
1171	心電図	しんでんず	the heart monitor	noun	object	00000BB7:11:124	provisional	n	a flatline ("抑揚のない心電図")	00000BB7:11:124	
1172	来世	らいせ	the next life	noun	concept	00000BB7:11:32	provisional	n		00000BB7:11:32	
1173	ひぐらし	ひぐらし	evening cicadas	noun	sfx	00000BB7:11:153	provisional	n	higurashi cicada; the song a summer-evening sign	00000BB7:11:153	
1174	茅萱の花	ちがやのはな	cogongrass flowers	phrase	object	00000BB7:11:160	provisional	n	Chigaya's name is this plant (茅萱 row = the name)	00000BB7:11:160	
1175	狂い咲き	くるいざき	out-of-season blooming	noun	term	00000BB7:15:20	provisional	n	explained in the text as a 季語 (V233)	00000BB7:15:20	
1176	季語	きご	a season word (in haiku)	noun	term	00000BB7:15:22	provisional	n		00000BB7:15:22	
1177	小春日和	こはるびより	an Indian summer (mild late-autumn days)	noun	term	00000BB7:15:22	provisional	n		00000BB7:15:22	
1178	小生	しょうせい	this humble servant	pronoun	term	00000BD6:11:0	fixed	n	Goto's mock-formal male 'I' in the 小生 tier; one TN at first remark; locked rulings-P7 QP8PRE-05 2026-10-01	00000BD6:11:0	
1179	御尊母様	ごそんぼさま	TBD (see V227)	noun	person	00000BD6:11:8	provisional	n	Goto's mock-reverent "your honoured mother"	00000BD6:11:8	
1180	御尊父様	ごそんぷさま	TBD (see V227)	noun	person	00000BD6:11:11	provisional	n	echoed uncomprehending by 良治 00000C50:11:107	00000BD6:11:11	
1181	貴女	あなた	you (mock-formal)	pronoun	term	00000BD6:11:8	provisional	n	Goto's retainer register	00000BD6:11:8	
1182	五臓六腑	ごぞうろっぷ	my very innards	phrase	term	00000BD6:11:9	provisional	n	set phrase ("to the depths of my stomach")	00000BD6:11:9	
1183	日の本	ひのもと	this land of the rising sun	phrase	place	00000BD6:11:12	provisional	n	archaic, mock-epic	00000BD6:11:12	
1184	家来	けらい	a retainer	noun	term	00000BD6:11:7	provisional	n		00000BD6:11:7	
1185	スライディング土下座	スライディングどげざ	a sliding kowtow	noun	term	00000BD6:11:2	provisional	n	cf. 土下座	00000BD6:11:2	
1186	Que droga	ケ・ドローガ	Que droga	phrase	interjection	00000BD6:11:15	provisional	n	Portuguese, Latin script in source; Goto glosses it "なんてこったい" (V225)	00000BD6:11:15	
1187	バカと天才は紙一重	バカとてんさいはかみひとえ	there's a fine line between genius and idiocy	phrase	term	00000BD6:11:48	provisional	n		00000BD6:11:48	
1188	猿	さる	monkey	noun	term	00000BD6:11:96	provisional	n	ruby residue " 猿 "	00000BD6:11:96	
1189	ロータリー	ロータリー	the station roundabout	noun	place	00000BD6:11:77	provisional	n		00000BD6:11:77	
1190	手取り腰取り	てとりこしとり	TBD (pun on 手取り足取り, "step by step", with 腰 "hips")	phrase	term	00000BD6:11:114	provisional	n	夏菜's dirty twist	00000BD6:11:114	
1191	変態下ネタ女	へんたいしもネタおんな	you pervy dirty-joke girl	phrase	term	00000BD6:11:115	provisional	n	Haruka's insult	00000BD6:11:115	
1192	野生児	やせいじ	a wild child	noun	term	00000BD6:11:121	provisional	n		00000BD6:11:121	
1193	岩の庇	いわのひさし	a rock overhang	phrase	place	00000BED:11:64	provisional	n	ruby residue " 庇 "	00000BED:11:64	
1194	桐	きり	paulownia	noun	term	00000BED:11:81	provisional	n		00000BED:11:81	
1195	渓流	けいりゅう	a mountain stream	noun	place	00000BED:11:45	provisional	n		00000BED:11:45	
1196	土砂崩れ	どしゃくずれ	a landslide	noun	term	00000BED:11:158	provisional	n		00000BED:11:158	
1197	へっちょん	へっちょん	Achoo!	interjection	sfx	00000BED:11:96	provisional	n	built from "へい……へ……" over cells	00000BED:11:96	
1198	沈丁花	じんちょうげ	daphne	noun	term	00000BED:11:179	fixed	n	サクラ's favourite flower; P23 (000014A5 8:17): ruby tag on "daphne"; the flowers at the riverbank	00000BED:11:179	
1199	花言葉	はなことば	the language of flowers	noun	term	00000BED:11:181	fixed	n	P23 (000014A5 8:19)	00000BED:11:181	
1200	不死、不滅、永遠	ふし、ふめつ、えいえん	immortality, imperishability, eternity	phrase	term	00000BED:11:182	provisional	n	沈丁花's flower language	00000BED:11:182	
1201	着替え	きがえ	a change of clothes	noun	object	00000BED:11:83	provisional	n		00000BED:11:83	
1202	廃屋	はいおく	an abandoned hut	noun	place	00000C08:11:15	provisional	n	quoted 『廃屋』 11:16	00000C08:11:15	
1203	バギー	バギー	buggy / buggies	noun	object	00000C08:11:21	provisional	n	all-terrain vehicles	00000C08:11:21	
1204	ニットワンピ	ニットワンピ	knit dress	noun	object	00000C08:11:32	provisional	n	short for ニットワンピース (row exists)	00000C08:11:32	
1205	コミケ	コミケ	Comiket	noun	event	00000C08:11:51	provisional	n	Goto explains it in 11:54-56	00000C08:11:51	
1206	同人誌即売会	どうじんしそくばいかい	a fan-comics convention	noun	event	00000C08:11:54	provisional	n		00000C08:11:54	
1207	Fascination	Fascination	Fascination	noun	title	00000C08:11:64	provisional	n	film title in ASCII straight quotes in source (V229)	00000C08:11:64	
1208	ディレクターズカット	ディレクターズカット	director's cut	noun	term	00000C08:11:66	provisional	n		00000C08:11:66	
1209	鑑賞会	かんしょうかい	a movie night	noun	event	00000C08:11:67	provisional	n		00000C08:11:67	
1210	留学	りゅうがく	studying abroad	noun	term	00000C08:11:109	provisional	n		00000C08:11:109	
1211	スウェーデン	スウェーデン	Sweden	noun	place	00000C08:11:117	provisional	n		00000C08:11:117	
1212	福祉	ふくし	welfare	noun	term	00000C08:11:119	provisional	n		00000C08:11:119	
1213	頸動脈	けいどうみゃく	the carotid artery	noun	term	00000C08:11:155	provisional	n	ruby residue "頸 動 脈"	00000C08:11:155	
1214	鋼鉄メンタル	こうてつメンタル	nerves of steel	noun	term	00000C21:11:55	provisional	n		00000C21:11:55	
1215	ポーカーフェイス	ポーカーフェイス	a poker face	noun	term	00000C21:11:98	provisional	n		00000C21:11:98	
1216	状況証拠	じょうきょうしょうこ	circumstantial evidence	noun	term	00000C21:11:106	provisional	n		00000C21:11:106	
1217	容疑者	ようぎしゃ	suspect	noun	term	00000C21:11:97	provisional	n		00000C21:11:97	
1218	弓矢	ゆみや	bows and arrows	noun	object	00000C38:11:42	provisional	n		00000C38:11:42	
1219	忌避	きひ	taboo (shunned)	noun	term	00000C38:11:100	fixed	n	P23: Mifuyu 忌避を犯しました = "I have broken a taboo" (00001459 8:207 / 8:219); 忌避の対象 = "shunned" (000014BC 8:167)	00000C38:11:100	
1220	消去法	しょうきょほう	process of elimination	noun	term	00000C50:11:39	provisional	n		00000C50:11:39	
1221	医食同源	いしょくどうげん	food is medicine	phrase	term	00000C68:11:3	provisional	n		00000C68:11:3	
1222	滋養強壮	じようきょうそう	nourishing and invigorating	phrase	term	00000C68:11:3	provisional	n		00000C68:11:3	
1223	三畳間	さんじょうま	a small three-mat room	noun	place	00000C68:11:49	provisional	n	cf. 四畳半	00000C68:11:49	
1224	美魔女	びまじょ	TBD (an ageless beauty; contains 魔女)	noun	term	00000C68:11:123	provisional	n	the 魔女 inside the word may matter (V214)	00000C68:11:123	
1225	天才ハンター少女	てんさいハンターしょうじょ	genius hunter girl	noun	title	00000C68:11:143	provisional	n	夏菜's riff on 天才少女	00000C68:11:143	
1226	略奪愛	りゃくだつあい	stealing someone's love	noun	term	00000C68:11:82	provisional	n	Goto's tease	00000C68:11:82	
1227	定石	じょうせき	the standard move	noun	term	00000C68:11:118	provisional	n		00000C68:11:118	
1228	あらすじ	あらすじ	synopsis / the story so far	noun	ui	00000C81:15:1	provisional	n	title card "ここまでのあらすじ"	00000C81:15:1	
1229	夜這い	よばい	a night visit (to seduce)	noun	term	00000C81:19:72	provisional	n	drunk Chigaya's tease	00000C81:19:72	
1230	圏外	けんがい	out of signal range / no signal	noun	term	00000C81:19:51	provisional	n		00000C81:19:51	
1231	正当防衛	せいとうぼうえい	self-defense	noun	term	00000CB3:11:81	provisional	n		00000CB3:11:81	
1232	七海町	TBD	Nanami-cho	noun	place	00000CCA:15:0	fixed	n	locked 2026-10-01 (UNTR4 QUNTR4-05; Motoki-cho pattern)	00000CCA:15:0	
1233	区画	くかく	block	noun	address	00000CCA:15:0	provisional	n	"七海町2丁目区画"	00000CCA:15:0	
1234	第一女ケ沢市事件	TBD	TBD (the First Megasawa City Incident; follows 女ケ沢市事件)	noun	event	00000CCA:47:13	provisional	n		00000CCA:47:13	
1235	課長	かちょう	section chief	noun	title	00000CE3:11:68	provisional	n	"近藤課長" / "古郡課長" as address (V242)	00000CE3:11:68	
1236	近藤	こんどう	Kondo	noun	person	00000CE3:11:68	provisional	n	section chief of the software department (情報部)	00000CE3:11:68	
1237	開発部	かいはつぶ	the development department	noun	org	00000CE3:11:108	provisional	n	良治's department ("何が開発部の課長だ！")	00000CE3:11:108	
1238	デバイスドライバ	でばいすどらいば	device drivers	noun	term	00000CE3:11:66	provisional	n		00000CE3:11:66	
1239	やけ酒	やけざけ	drowning my sorrows	noun	term	00000CE3:11:110	provisional	n	"やけ酒をあおっていた"	00000CE3:11:110	
1240	30万円	さんじゅうまんえん	300,000 yen	noun	term	00000CE3:11:42	provisional	n	digits per numerals rule	00000CE3:11:42	
1241	戸籍謄本	こせきとうほん	the family register	noun	object	00000CFA:11:34	provisional	n	official copy showing adoption	00000CFA:11:34	
1242	はったり	はったり	a bluff	noun	term	00000CFA:11:61	provisional	n		00000CFA:11:61	
1243	呪縛	じゅばく	hold (a binding spell)	noun	term	00000CFA:11:49	provisional	n	"俺たちの呪縛から解放してやる"; 00000D59:11:106 "この地への愛着という名の呪縛"	00000CFA:11:49	
1244	ホームセンター	ほーむせんたー	the home-improvement store	noun	place	00000CFA:11:149	provisional	n		00000CFA:11:149	
1245	砥石	といし	a whetstone	noun	object	00000CFA:11:149	provisional	n		00000CFA:11:149	
1246	食紅	しょくべに	red food coloring	noun	object	00000CFA:11:149	provisional	n		00000CFA:11:149	
1247	地下駐車場	ちかちゅうしゃじょう	underground parking lot	noun	place	00000CFA:11:152	provisional	n		00000CFA:11:152	
1248	平和ボケ	へいわぼけ	complacent from too much peace	noun	term	00000CFA:11:163	provisional	n	"この平和ボケした元木町"	00000CFA:11:163	
1249	ウェットティッシュ	うぇっとてぃっしゅ	wet wipes	noun	object	00000CFA:11:142	provisional	n		00000CFA:11:142	
1250	県外	けんがい	out of the prefecture	noun	place	00000CFA:11:174	provisional	n		00000CFA:11:174	
1251	高速道路	こうそくどうろ	the expressway	noun	place	00000CFA:11:277	provisional	n		00000CFA:11:277	
1252	サービスエリア	さーびすえりあ	a rest area	noun	place	00000CFA:11:277	provisional	n		00000CFA:11:277	
1253	ノルアドレナリン	のるあどれなりん	noradrenaline	noun	term	00000CFA:11:257	provisional	n	list with アドレナリン, βエンドルフィン, ドーパミン	00000CFA:11:257	
1254	βエンドルフィン	べーたえんどるふぃん	beta-endorphin	noun	term	00000CFA:11:257	provisional	n	β is CP932 but not in the allowed English set; spell "beta"	00000CFA:11:257	
1255	ドーパミン	どーぱみん	dopamine	noun	term	00000CFA:11:257	provisional	n		00000CFA:11:257	
1256	性善説	せいぜんせつ	the view that people are born good	noun	concept	00000CFA:11:264	provisional	n	paired with 性悪説	00000CFA:11:264	
1257	性悪説	せいあくせつ	the view that people are born bad	noun	concept	00000CFA:11:264	provisional	n		00000CFA:11:264	
1258	豚箱	ぶたばこ	the slammer	noun	term	00000CFA:11:260	provisional	n	slang for jail	00000CFA:11:260	
1259	死刑台	しけいだい	the gallows	noun	term	00000CFA:11:261	provisional	n		00000CFA:11:261	
1260	お嬢ちゃま	おじょうちゃま	a pampered little princess	noun	term	00000CFA:11:246	provisional	n	baby-talk form of お嬢ちゃん, mocking 茜 ("温室育ちのお嬢ちゃま")	00000CFA:11:246	
1261	脊髄反射	せきずいはんしゃ	a spinal reflex	noun	term	00000CFA:11:209	provisional	n		00000CFA:11:209	
1262	イタチの最後っ屁	いたちのさいごっぺ	TBD (a weasel's last stink)	phrase	term	00000CFA:11:297	provisional	n	idiom: a last desperate act; she then calls him イタチさん (11:299), so the image is used: keep the weasel	00000CFA:11:297	
1263	日本	にほん	Japan	noun	place	00000CFA:11:395	provisional	n	"日本全国", "日本のみなさん" (11:397)	00000CFA:11:395	
1264	鞘	さや	sheath	noun	object	00000D11:11:45	provisional	n		00000D11:11:45	
1265	ダメでもともと	だめでもともと	nothing to lose by asking	phrase	term	00000D11:11:7	provisional	n		00000D11:11:7	
1266	秘密の場所	ひみつのばしょ	a secret place	phrase	place	00000D11:11:115	provisional	n	Goto's words for 夏菜's 秘密基地 (secret base); keep the two apart	00000D11:11:115	
1267	ほら穴	ほらあな	a cave	noun	place	00000D29:11:4	provisional	n	夏菜's secret base	00000D29:11:4	
1268	壺	つぼ	a pot / the urn	noun	object	00000D29:11:11	provisional	n	ritual pot on a tripod (法要 祭具)	00000D29:11:11	
1269	三脚	さんきゃく	a tripod	noun	object	00000D29:11:47	provisional	n	"理科の実験で使うような三脚"	00000D29:11:47	
1270	祭具	さいぐ	ritual implements	noun	object	00000D29:11:52	provisional	n		00000D29:11:52	
1271	焼香	しょうこう	offering incense	noun	term	00000D29:11:56	provisional	n	"お焼香みたいなもんだよ"; 00000D89:11:92 "焼香のように"	00000D29:11:56	
1272	お告げ	おつげ	an oracle / a revelation	noun	concept	00000D29:11:84	provisional	n	the 魔女's pronouncement naming a culprit (城崎's story)	00000D29:11:84	
1273	捧げる	ささげる	offer up (as a sacrifice)	verb	term	00000D29:19:7	provisional	n	used in 『』 as a euphemism for killing (19:19 "捧げる＝殺す")	00000D29:19:7	
1274	火のないところに煙は立たない	ひのないところにけむりはたたない	where there's smoke, there's fire	phrase	term	00000D29:11:28	provisional	n		00000D29:11:28	
1275	殺害予告	さつがいよこく	a death threat	noun	term	00000D29:19:26	provisional	n		00000D29:19:26	
1276	過剰防衛	かじょうぼうえい	excessive self-defense	noun	term	00000D29:19:51	provisional	n	follows 正当防衛	00000D29:19:51	
1277	立ち退き	たちのき	evictions	noun	term	00000D29:19:80	provisional	n		00000D29:19:80	
1278	領土問題	りょうどもんだい	territorial disputes	noun	term	00000D29:19:81	provisional	n		00000D29:19:81	
1279	先住民	せんじゅうみん	indigenous peoples	noun	term	00000D29:19:82	provisional	n		00000D29:19:82	
1280	侵略戦争	しんりゃくせんそう	wars of conquest	noun	term	00000D29:19:83	provisional	n		00000D29:19:83	
1281	土着	どちゃく	rooted (native to a place)	noun	term	00000D29:19:85	provisional	n	"土着した住人"	00000D29:19:85	
1282	独り身	ひとりみ	on my own	noun	term	00000D29:19:92	provisional	n	城崎, a widower	00000D29:19:92	
1283	SOS	えすおーえす	SOS	noun	term	00000D29:19:73	provisional	n		00000D29:19:73	
1284	ぐごごごご	ぐごごごご	Snrrrk...	interjection	sfx	00000D41:11:66	provisional	n	幸太郎's snore; 11:74 "ぐごご……" shorter form	00000D41:11:66	
1285	桜の枝	さくらのえだ	the cherry branch	phrase	object	00000D59:11:24	provisional	n	城崎's gift, carried to the 法要	00000D59:11:24	
1286	黙認	もくにん	turned a blind eye	noun	term	00000D59:11:56	provisional	n		00000D59:11:56	
1287	やっほー	やっほー	Yoo-hoo!	interjection	interjection	00000D71:11:10	provisional	n	夏菜 calling out in the woods	00000D71:11:10	
1288	杭	くい	stakes / pegs	noun	object	00000D71:11:72	provisional	n	turn out to be bolts in sockets (11:86)	00000D71:11:72	
1289	ボルト	ぼると	bolt	noun	object	00000D71:11:86	provisional	n		00000D71:11:86	
1290	ソケット	そけっと	socket	noun	object	00000D71:11:86	provisional	n		00000D71:11:86	
1291	麻	あさ	hemp	noun	term	00000D71:11:77	provisional	n	"麻のゴザ", 00000D89 "麻布"	00000D71:11:77	
1292	工具箱	こうぐばこ	toolbox	noun	object	00000D89:11:10	provisional	n		00000D89:11:10	
1293	グレーチング	ぐれーちんぐ	a grating	noun	object	00000D89:11:25	provisional	n	the JP glosses it in full-width parentheses (V252)	00000D89:11:25	
1294	バール	ばーる	a crowbar	noun	object	00000D89:11:34	provisional	n		00000D89:11:34	
1295	ハシゴ	はしご	ladder	noun	object	00000D89:11:35	provisional	n		00000D89:11:35	
1296	地下道	ちかどう	an underground passage	noun	place	00000D89:11:70	provisional	n		00000D89:11:70	
1297	落盤事故	らくばんじこ	a cave-in	noun	event	00000D89:11:73	provisional	n		00000D89:11:73	
1298	鉄格子	てつごうし	iron bars	noun	object	00000D89:11:96	provisional	n	"鉄格子の扉" = a barred door	00000D89:11:96	
1299	蜘蛛の巣	くものす	cobwebs	noun	object	00000D89:11:118	provisional	n		00000D89:11:118	
1300	排水溝	はいすいこう	a drainage channel	noun	object	00000D89:11:67	provisional	n		00000D89:11:67	
1301	固有種	こゆうしゅ	a native variety	noun	term	00000DA1:11:68	provisional	n	荒田's own cherry; cf. 希少種	00000DA1:11:68	
1302	根こそぎ	ねこそぎ	root and all	adv	term	00000DA1:11:71	provisional	n	in 『』: a pun, the roots are the point; keep "roots" in the English	00000DA1:11:71	
1303	開放骨折	かいほうこっせつ	an open fracture	noun	term	00000DA1:11:78	provisional	n	Goto glosses it (11:80)	00000DA1:11:78	
1304	複雑骨折	ふくざつこっせつ	a compound fracture	noun	term	00000DA1:11:80	provisional	n		00000DA1:11:80	
1305	共犯者	きょうはんしゃ	accomplice	noun	term	00000DA1:11:141	provisional	n		00000DA1:11:141	
1306	口裏合わせ	くちうらあわせ	getting their stories straight	noun	term	00000DA1:11:149	provisional	n		00000DA1:11:149	
1307	複数犯	ふくすうはん	more than one culprit	noun	term	00000DA1:11:148	provisional	n		00000DA1:11:148	
1308	意味が分かると怖い話	いみがわかるとこわいはなし	TBD (a "scary once you get it" story)	phrase	term	00000DA1:11:182	provisional	n	a genre name in 『』 on the net	00000DA1:11:182	
1309	井戸	いど	well	noun	object	00000DA1:11:175	provisional	n		00000DA1:11:175	
1310	筋肉注射	きんにくちゅうしゃ	an intramuscular injection	noun	term	00000DB9:11:70	provisional	n		00000DB9:11:70	
1311	蔵	くら	the storehouse	noun	place	00000DB9:11:72	provisional	n		00000DB9:11:72	
1312	燻す	いぶす	burn it as smoke	verb	term	00000DB9:11:77	provisional	n	ドローガ crystals burned for many at once; 00000DE9:11:96 "燻して使う"	00000DB9:11:77	
1313	尋問	じんもん	an interrogation	noun	term	00000DB9:11:100	provisional	n	00000DD1:11:115 "尋問チック"	00000DB9:11:100	
1314	下駄	げた	geta (wooden sandals)	noun	object	00000DD1:11:62	provisional	n	TN case 1 if romanized; or "wooden clogs"	00000DD1:11:62	
1315	鼻緒	はなお	the thong (of the geta)	noun	object	00000DD1:11:95	provisional	n		00000DD1:11:95	
1316	集会所	しゅうかいじょ	the meeting hall	noun	place	00000DD1:11:98	provisional	n	same building as 集会場 (V262); same EN	00000DD1:11:98	
1317	がおー	がおー	Rawr!	interjection	interjection	00000DD1:11:28	provisional	n	Goto's threat-pose roar	00000DD1:11:28	
1318	顔デカお化け	かおでかおばけ	a big-headed monster	phrase	term	00000DD1:11:26	provisional	n	"キッズアニメに出てきそうな"	00000DD1:11:26	
1319	顔面偏差値	がんめんへんさち	looks score	noun	term	00000DD1:11:44	provisional	n	偏差値 = standardized test score; "私の顔面偏差値は般若未満"	00000DD1:11:44	
1320	ぷぽ	ぷぽ	TBD (a burst of laughter)	interjection	sfx	00000DD1:11:40	provisional	n	lone laugh cell; cf. V118, V173 (V256)	00000DD1:11:40	
1321	事実は小説より奇なり	じじつはしょうせつよりきなり	truth is stranger than fiction	phrase	term	00000DD1:11:137	provisional	n	narration calls it "文学的なセリフ"	00000DD1:11:137	
1322	祭壇	さいだん	altar	noun	object	00000DE9:11:2	provisional	n		00000DE9:11:2	
1323	フラスコ	ふらすこ	flask	noun	object	00000DE9:11:24	provisional	n		00000DE9:11:24	
1324	引火点	いんかてん	flash point	noun	term	00000DE9:11:41	provisional	n		00000DE9:11:41	
1325	正座	せいざ	kneeling (seiza)	noun	term	00000DE9:11:10	provisional	n		00000DE9:11:10	
1326	自傷行為	じしょうこうい	self-harm	noun	term	00000DE9:11:73	provisional	n		00000DE9:11:73	
1327	ファルシフィカソ	ふぁるしふぃかそ	falsificaso	noun	object	00000DE9:11:140	fixed	y	the flask liquid; katakana of Portuguese falsificacao (V259); rulings-P14 2026-10-02: 17 shipped sites lowercase	00000DE9:11:140	
1328	falsificacao	falsificacao	falsificacao	noun	term	00000DE9:11:151	provisional	n	Latin script in the source, no diacritics; keep as printed; Goto glosses it 『偽物』 (V259)	00000DE9:11:151	
1329	スグニゲロ	すぐにげろ	TBD (RUN NOW)	phrase	term	00000DE9:11:231	provisional	n	katakana note written in blood; Goto repeats it (11:236) (V260)	00000DE9:11:231	
1330	悪魔退治	あくまたいじ	exorcising a demon	noun	term	00000DE9:11:219	provisional	n		00000DE9:11:219	
1331	魔女デビュー	まじょでびゅー	debut as a witch	phrase	term	00000DE9:11:205	provisional	n		00000DE9:11:205	
1332	A morte chegou. Todo mundo vai Shibaro o Grim Reaper.	(Latin script)	(keep as in source; see V258)	phrase	term	00000DE9:11:43	provisional	n	contains the Japanese word "Shibaro" and English "Grim Reaper"	00000DE9:11:43	
1333	A morte foi amarrado. Matar a partir de agora!	(Latin script)	(keep as in source; see V258)	phrase	term	00000DE9:11:167	provisional	n		00000DE9:11:167	
1334	Grim Reaper esta morto. Vamos la, ir para casa para todos em casa.	(Latin script)	(keep as in source; see V258)	phrase	term	00000DE9:11:172	provisional	n		00000DE9:11:172	
1335	猟銃	りょうじゅう	hunting rifle	noun	object	00000E01:11:67	provisional	n		00000E01:11:67	
1336	懐	ふところ	inside the front of her clothes	noun	term	00000E01:11:74	provisional	n	ruby residue " 懐 " (00000E01:11:74; 00000E49:11:99); where she keeps the mask against her chest	00000E01:11:74	
1337	大魔女の能面	だいまじょののうめん	the Grand Witch's Noh mask	noun	object	00000E01:11:36	provisional	n	metal, heavy; follows the 大魔女 row (TBD); takes the hatchet blow (00000E49:11:99-100)	00000E01:11:36	
1338	歴代の大魔女	れきだいのだいまじょ	the Grand Witches of generations past	noun	title	00000E01:11:37	provisional	n	also "歴代の大魔女様" in Natsumi's prayer (11:75); same English	00000E01:11:37	
1339	お守り	おまもり	amulet	noun	object	00000E01:11:37	fixed	n	"きっとお守りになる" -> "It will protect you" or "a charm" by line; RULING Fable 2026-10-02 (QUNTR6-03): お守り = "amulet" (the object), kept apart from おまじない = "charm" (card 96 "The Charm"); card 223 title "The Amulet"	00000E01:11:37	
1340	ヘアピンカーブ	へあぴんかーぶ	hairpin bend	noun	place	00000E01:11:102	provisional	n	also 急カーブ (11:95) "sharp bend"	00000E01:11:102	
1341	地の利	ちのり	the advantage of the ground	noun	concept	00000E01:11:90	provisional	n		00000E01:11:90	
1342	急ブレーキ	きゅうぶれーき	slam on the brakes	noun	term	00000E01:11:100	provisional	n		00000E01:11:100	
1343	荒田の女	あらたのおんな	the women of Arata	noun	concept	00000E01:11:162	provisional	n	Mifuyu; echoed by 幸太郎 as 荒田の女性 (00000E19:11:176), same English; 荒田 reading per V043	00000E01:11:162	
1344	あいよ	あいよ	You got it!	interjection	interjection	00000E01:11:124	provisional	n	function: cheerful acceptance of an order (夏菜 to Chigaya); cf. V248, V263	00000E01:11:124	
1345	援護	えんご	cover (back us up)	noun	term	00000E01:11:29	provisional	n	"車を追いながら援護して" -> "follow the car and cover us"	00000E01:11:29	
1346	化け物	ばけもの	monster	noun	term	00000E01:11:135	provisional	n	"化け物ども" (Haruka 00000E01:11:135; 幸太郎 raving 00000E49:11:114)	00000E01:11:135	
1347	倒木	とうぼく	fallen tree	noun	object	00000E19:11:14	provisional	n	first as "1本の大木が横倒しになり" (00000E01:11:104)	00000E19:11:14	
1348	燭台	しょくだい	candle stand	noun	object	00000E19:11:1	provisional	n	ruby residue "燭 台" (00000E19:11:1, 11:80)	00000E19:11:1	
1349	行き止まり	いきどまり	dead end	noun	place	00000E19:11:66	provisional	n		00000E19:11:66	
1350	隠し通路	かくしつうろ	hidden passage	noun	place	00000E19:11:66	provisional	n		00000E19:11:66	
1351	マインドコントロール	まいんどこんとろーる	mind control	noun	concept	00000E19:11:119	provisional	n		00000E19:11:119	
1352	ドミノ倒し	どみのだおし	dominoes falling	noun	concept	00000E19:11:118	provisional	n	"あとはドミノ倒しだ" -> "the rest goes down like dominoes"	00000E19:11:118	
1353	頭でっかち	あたまでっかち	know-it-all	noun	term	00000E19:11:115	provisional	n	幸太郎's insult for Goto	00000E19:11:115	
1354	鎮痛作用	ちんつうさよう	painkilling effect	noun	term	00000E19:11:150	provisional	n	of ドローガ	00000E19:11:150	
1355	クソブタ野郎	くそぶたやろう	you damn pig	noun	term	00000E19:11:148	provisional	n	Haruka's insult to 幸太郎; her card's profanity ceiling "damn/dammit" holds	00000E19:11:148	
1356	姪っ子	めいっこ	niece	noun	person	00000E19:11:164	provisional	n	"かわいい姪っ子よ！" mock-fond, said as he swings	00000E19:11:164	
1357	実の姉	じつのあね	real older sister	noun	person	00000E19:11:183	provisional	n	blood sister, against 養子; see V267	00000E19:11:183	
1358	走馬灯	そうまとう	life flashing before my eyes	noun	concept	00000E19:11:202	provisional	n	set phrase; the lantern image is not used (STYLE IMAGES)	00000E19:11:202	
1359	痛覚信号	つうかくしんごう	pain signal	noun	term	00000E19:11:193	provisional	n	with 神経線維 "nerve fibres" -> American "nerve fibers"	00000E19:11:193	
1360	くっふふふ	くっふふふ	Kuh-heh-heh-heh	interjection	interjection	00000E19:11:77	fixed	y	low gloating laugh; LOCK rulings-P9 (P10PRE) + QP11A-01: one heh per ふ, the くっ onset kept, every speaker incl. Mifuyu; also Mifuyu's (000008D0:33:6; 00000CFA:11:244); V265	00000E19:11:77	
1361	兄貴	あにき	my brother	noun	person	00000E31:11:34	provisional	n	Eiichiro's 3p word for his twin 幸太郎; casual, not "big bro"	00000E31:11:34	
1362	死刑囚	しけいしゅう	a condemned man	noun	person	00000E31:11:95	provisional	n		00000E31:11:95	
1363	悪役	あくやく	the villain	noun	concept	00000E31:11:98	provisional	n	"自ら悪役を演じる" -> "playing the villain himself"	00000E31:11:98	
1364	さみしがり屋	さみしがりや	gets lonely easily	noun	concept	00000E31:11:105	provisional	n		00000E31:11:105	
1365	真相	しんそう	the truth	noun	concept	00000E31:11:94	provisional	n	key word of the ending (00000E31; 00000E49:11:184-199; 00000E61:45:5); one English throughout	00000E31:11:94	
1366	副作用	ふくさよう	side effect	noun	term	00000E49:11:83	provisional	n		00000E49:11:83	
1367	肉離れ	にくばなれ	torn muscles	noun	term	00000E49:11:88	provisional	n		00000E49:11:88	
1368	満身創痍	まんしんそうい	battered all over	noun	term	00000E49:11:87	provisional	n		00000E49:11:87	
1369	急所	きゅうしょ	vital spot	noun	term	00000E49:11:90	provisional	n		00000E49:11:90	
1370	応急処置	おうきゅうしょち	first aid	noun	term	00000E49:11:103	provisional	n		00000E49:11:103	
1371	すり替え	すりかえ	swap	noun	term	00000E49:11:45	provisional	n	"すり替えやがったな" -> "swapped them"; "鍵のすり替え術" (11:139) -> "key-swapping trick"	00000E49:11:45	
1372	ぴちぴち	ぴちぴち	bright and bouncy	adjective	term	00000E49:11:165	provisional	n	"元気なぴちぴちの10歳" (夏菜); cf. her "ピチピチの10代" joke (0000095B)	00000E49:11:165	
1373	お供え	おそなえ	offering	noun	term	00000E49:11:172	provisional	n	flowers for the dead; verb お供えする -> "leave (flowers) for"	00000E49:11:172	
1374	送別会	そうべつかい	farewell party	noun	event	00000E49:11:148	provisional	n		00000E49:11:148	
1375	夏休み	なつやすみ	summer vacation	noun	date	00000E49:11:148	provisional	n	American (STYLE ENGLISH VARIETY)	00000E49:11:148	
1376	真犯人	しんはんにん	the real culprit	noun	concept	00000E49:11:183	provisional	n	also 『真犯人』 in Erika's line (00000D59:11:52)	00000E49:11:183	
1377	付き添い	つきそい	staying with the patient	noun	term	00000E61:11:3	provisional	n		00000E61:11:3	
1378	快気祝い	かいきいわい	get-well celebration	noun	event	00000E61:11:54	provisional	n		00000E61:11:54	
1379	看護師	かんごし	nurse	noun	person	00000E61:11:69	provisional	n		00000E61:11:69	
1380	強制退去	きょうせいたいきょ	thrown out	noun	term	00000E61:11:70	provisional	n	the nurse: 『今度うるさくしたら強制退去！』	00000E61:11:70	
1381	道の駅	みちのえき	roadside rest stop	noun	place	00000E61:11:76	provisional	n	descriptive; no TN	00000E61:11:76	
1382	記念写真	きねんしゃしん	commemorative photo	noun	term	00000E61:11:116	provisional	n	11:117 "何の記念ですか？" turns on 記念 -> keep "commemorate" in both lines	00000E61:11:116	
1383	タイマー撮影	たいまーさつえい	timer shot	noun	term	00000E61:11:123	provisional	n	also "タイマー式のカメラ" (11:119) "a camera with a timer"	00000E61:11:123	
1384	ほい、チーズ！	ほい、ちーず	Okay, say cheese!	phrase	interjection	00000E61:11:131	provisional	n	function: the photographer's cue	00000E61:11:131	
1385	セクシーポーズ	せくしーぽーず	sexy pose	noun	term	00000E61:11:130	provisional	n		00000E61:11:130	
1386	女手一つ	おんなでひとつ	on your own (as a single mother)	noun	concept	00000E61:11:95	provisional	n		00000E61:11:95	
1387	平均点	へいきんてん	the average score	noun	term	00000E61:11:112	provisional	n		00000E61:11:112	
1388	はにゃ	はにゃ	Hunh	interjection	interjection	00000E61:11:16	fixed	y	夏菜's puzzled noise "はにゃ……？"	00000E61:11:16	
1389	除け者	のけもの	left out	noun	term	00000E61:11:122	provisional	n	"除け者扱い" -> "leaving me out"	00000E61:11:122	
1390	ヘリコプター	へりこぷたー	helicopter	noun	object	00000E7B:82:0	provisional	n		00000E7B:82:0	
1391	自然鎮火	しぜんちんか	burned itself out	noun	term	00000E7B:11:2	provisional	n	radio report	00000E7B:11:2	
1392	ルーシー人形	るーしーにんぎょう	'Lucy doll'	noun	brand	00000E7B:11:73	provisional	n	in 『』; 11:76 『ルーシー』 = 'Lucy'	00000E7B:11:73	
1393	helpless	helpless	helpless	adj	term	00000E7B:11:56	provisional	n	English in the source, in ASCII double quotes; also "A little baby is helpless." 11:57, "more helpless" 11:61; see V269	00000E7B:11:56	
1394	復讐	ふくしゅう	revenge	noun	concept	00000E7B:11:127	provisional	n	contrasted with 仕返し and 報復 (11:135-143); keep the three distinct	00000E7B:11:127	
1395	仕返し	しかえし	payback	noun	concept	00000E7B:11:138	provisional	n	short-term, per 桃子 (11:141)	00000E7B:11:138	
1396	報復	ほうふく	retaliation	noun	concept	00000E7B:11:135	provisional	n	between countries	00000E7B:11:135	
1397	探偵	たんてい	private detectives	noun	term	00000E7B:11:149	provisional	n		00000E7B:11:149	
1398	情報屋	じょうほうや	information brokers	noun	term	00000E7B:11:149	provisional	n		00000E7B:11:149	
1399	ヤクザ	やくざ	yakuza	noun	org	00000E7B:11:149	provisional	n		00000E7B:11:149	
1400	拳銃	けんじゅう	handgun	noun	object	00000E7B:11:158	provisional	n	also 銃 = gun	00000E7B:11:158	
1401	銃弾	じゅうだん	bullets	noun	object	00000E7B:11:158	provisional	n		00000E7B:11:158	
1402	1グロス	いちぐろす	a gross	noun	term	00000E7B:11:158	provisional	n	"1グロス(144発)" = "a gross (144 rounds)"	00000E7B:11:158	
1403	9ミリパラベラム弾	きゅうみりぱらべらむだん	9mm Parabellum rounds	noun	object	00000E7B:34:51	provisional	n		00000E7B:34:51	
1404	消音器	しょうおんき	silencer	noun	object	00000E7B:28:208	provisional	n	180:47 writes 消音機 (V285)	00000E7B:28:208	
1405	幻影追想劇	げんえいついそうげき	a pitiful play of chasing a phantom	phrase	term	00000E7B:11:171	provisional	n	11:172 追想劇 alone = "that play"	00000E7B:11:171	
1406	良心	りょうしん	conscience	noun	concept	00000E7B:11:194	provisional	n	motif: 良心という名の腫瘍 (28:86, 34:45)	00000E7B:11:194	
1407	腫瘍	しゅよう	tumor	noun	concept	00000E7B:11:195	provisional	n	recurring metaphor through the file (良性 benign / 悪性 malignant 11:196-197; 寛解 remission 82:62); keep one word	00000E7B:11:195	
1408	良心の呵責	りょうしんのかしゃく	pangs of conscience	phrase	term	00000E7B:11:199	provisional	n		00000E7B:11:199	
1409	桜アレルギー	さくらあれるぎー	cherry-blossom allergy	noun	term	00000E7B:28:6	provisional	n		00000E7B:28:6	
1410	第一世代	だいいちせだい	the first generation	noun	concept	00000E7B:28:16	provisional	n	a ドローガ user, per 桃子's research	00000E7B:28:16	
1411	第二世代	だいにせだい	the second generation	noun	concept	00000E7B:28:20	provisional	n	a person who touched first-generation blood; foresight	00000E7B:28:20	
1412	第三世代	だいさんせだい	the third generation	noun	concept	00000E7B:100:0	provisional	n	bare cell alone in its block	00000E7B:100:0	
1413	頭部粘膜	とうぶねんまく	the mucous membranes of the head	noun	term	00000E7B:28:19	provisional	n	gloss （眼球やくちびる等）	00000E7B:28:19	
1414	荒田桜	あらたざくら	the Arata cherry	noun	term	00000E7B:28:27	fixed	n	aligned rulings-P14 2026-10-02 (2 shipped sites)	00000E7B:28:27	
1415	女神	めがみ	the Goddess	noun	concept	00000E7B:28:64	fixed	n	桃子's image for サクラ and 夏菜 (28:64, 48:268); cf. 女神様 / 女神さま rows; P22: the one entity (the 482 text shipped in 000021BD, the dead's word); generic 女神のような = "goddess-like"	00000E7B:28:64	
1416	天女	てんにょ	a celestial maiden	noun	concept	00000E7B:28:60	provisional	n		00000E7B:28:60	
1417	五島桃子	ごとうももこ	Momoko Goto	noun	person	00000E7B:54:208	provisional	n	news: 五島桃子容疑者（24） 82:49	00000E7B:54:208	
1418	藤野桃子	ふじのももこ	Momoko Fujino	noun	person	00000E7B:34:32	provisional	n	alias; 藤野さん to 城崎 and 幸太郎	00000E7B:34:32	
1419	所属未定地	しょぞくみていち	land not assigned to any prefecture	noun	term	00000E7B:34:3	provisional	n		00000E7B:34:3	
1420	国有地	こくゆうち	state-owned land	noun	term	00000E7B:34:4	provisional	n		00000E7B:34:4	
1421	小熊	こぐま	bear cub	noun	term	00000E7B:34:148	provisional	n	motif through the file (82:114-128)	00000E7B:34:148	
1422	母熊	ははぐま	the mother bear	noun	term	00000E7B:34:153	provisional	n		00000E7B:34:153	
1423	冬眠	とうみん	hibernation	noun	term	00000E7B:34:102	provisional	n		00000E7B:34:102	
1424	獣害	じゅうがい	damage from wild animals	noun	term	00000E7B:34:208	provisional	n		00000E7B:34:208	
1425	初潮	しょちょう	first period	noun	term	00000E7B:60:42	provisional	n	plain words, no euphemism beyond the JP's	00000E7B:60:42	
1426	予知のループ	よちのるーぷ	a foresight loop	phrase	concept	00000E7B:54:158	provisional	n	桃子's coinage, in 『』	00000E7B:54:158	
1427	3畳間	さんじょうま	a small three-mat room	noun	place	00000E7B:54:179	provisional	n	same EN as the 三畳間 row	00000E7B:54:179	
1428	緑目	みどりめ	green-eyed	noun	concept	00000E7B:60:108	provisional	n	also 緑の目 (60:106); see V272	00000E7B:60:108	
1429	翠眼	すいがん	green-eyed	noun	concept	00000E7B:104:18	fixed	n	villagers' word; see V272; matches 翠眼の獣 "The Green-Eyed Beast"; RULING Fable 2026-10-02 QUNTR6S-03	00000E7B:104:18	
1430	死神の装	しにがみのそう	TBD (the 死神 dress)	noun	object	00000E7B:180:36	provisional	n	V274	00000E7B:180:36	
1431	たいまつ	たいまつ	torch	noun	object	00000E7B:180:45	provisional	n		00000E7B:180:45	
1432	殺気	さっき	bloodlust	noun	concept	00000E7B:40:5	provisional	n	also 68:118-123	00000E7B:40:5	
1433	第六感	だいろっかん	sixth sense	noun	concept	00000E7B:68:146	provisional	n		00000E7B:68:146	
1434	お客人	おきゃくじん	our guest	noun	title	00000E7B:88:121	provisional	n	villagers' address for 桃子 (88:121, 88:142, 88:147); 客人 104:20	00000E7B:88:121	
1435	岡山県	おかやまけん	Okayama Prefecture	noun	place	00000E7B:82:164	provisional	n		00000E7B:82:164	
1436	業火	ごうか	hellfire	noun	concept	00000E7B:82:270	provisional	n	地獄の業火	00000E7B:82:270	
1437	亡者	もうじゃ	the damned	noun	concept	00000E7B:82:271	provisional	n		00000E7B:82:271	
1438	地獄	じごく	hell	noun	concept	00000E7B:82:255	provisional	n		00000E7B:82:255	
1439	五島絵梨奈撲殺事件	ごとうえりなぼくさつじけん	the Erina Goto beating case	noun	event	00000E7B:227:16	provisional	n		00000E7B:227:16	
1440	殲滅	せんめつ	wipe out	noun	term	00000E7B:28:105	provisional	n		00000E7B:28:105	
1441	ぐがががが	ぐがががが	Ghhk-k-k-k	interjection	sfx	00000E7B:54:269	provisional	n	夏菜's frenzy noise; also "ががが…" 54:268, 54:273	00000E7B:54:269	
1442	温泉旅館	おんせんりょかん	hot-spring inn	noun	place	00000E95:11:15	provisional	n		00000E95:11:15	
1443	家族風呂	かぞくぶろ	family bath	noun	place	00000E95:11:61	fixed	y	QUNTR12-03 2026-10-02 (shipped practice)	00000E95:11:61	
1444	温泉まんじゅう	おんせんまんじゅう	hot-spring manju	noun	food	00000E95:11:10	provisional	n		00000E95:11:10	
1445	海産物	かいさんぶつ	seafood	noun	food	00000E95:11:11	provisional	n		00000E95:11:11	
1446	枝豆	えだまめ	edamame	noun	food	00000E95:11:98	provisional	n		00000E95:11:98	
1447	仲居	なかい	the inn attendant	noun	title	00000E95:11:94	provisional	n	仲居さん (common noun: no suffix)	00000E95:11:94	
1448	三つ指をつく	みつゆびをつく	bowed with her fingertips to the floor	phrase	term	00000E95:11:96	provisional	n		00000E95:11:96	
1449	手酌	てじゃく	poured his own	noun	term	00000E95:11:99	provisional	n		00000E95:11:99	
1450	テーマパーク	てーまぱーく	theme park	noun	place	00000E95:11:18	provisional	n		00000E95:11:18	
1451	遊園地	ゆうえんち	amusement park	noun	place	00000E95:11:18	provisional	n		00000E95:11:18	
1452	戦闘民族	せんとうみんぞく	warrior race	noun	term	00000E95:11:41	provisional	n	V283	00000E95:11:41	
1453	家族水入らず	かぞくみずいらず	just the family	phrase	term	00000E95:11:206	provisional	n		00000E95:11:206	
1454	1泊2日	いっぱくふつか	an overnight trip	noun	term	00000E95:11:5	provisional	n		00000E95:11:5	
1455	社長	しゃちょう	company president	noun	title	00000E95:11:16	provisional	n		00000E95:11:16	
1456	最上室	さいじょうしつ	the best room	noun	place	00000E95:11:62	provisional	n	also 最高級室 11:15	00000E95:11:62	
1457	隠れ巨乳	かくれきょにゅう	TBD (secretly busty)	noun	term	00000E95:11:252	provisional	n		00000E95:11:252	
1458	むぎゅ	むぎゅ	Mmph	interjection	interjection	00000E95:11:216	provisional	n	squeezed in a crowd; "むぎゅぎゅ" 11:216, "ぎゅー！" 11:221	00000E95:11:216	
1459	大食祭804	たいしょくさい はっぴゃくよん	Big Eating Festival 804	noun	event	00000EAF:22:2	fixed	y	the national eating contest of 祀耀804, Japonica TV; the number is the era year; V303 CLOSED rulings-P13 2026-10-02: shipped form 0000191C Big Eating Festival 800 ~Winter Battle~	00000EAF:22:2	
1460	大食い大会	おおぐいたいかい	eating contest	noun	event	00000EAF:16:53	provisional	n	also 元木町's local one (46:116)	00000EAF:16:53	
1461	サイレントエンジェル	さいれんとえんじぇる	Silent Angel	noun	title	00000EAF:22:17	provisional	n	Goto's TV nickname (she is mute); English in katakana, keep the English words	00000EAF:22:17	
1462	エンジェルボイス	えんじぇるぼいす	Angel Voice	noun	title	00000EAF:97:205	provisional	n	"サイレントエンジェル改め" after Goto speaks	00000EAF:97:205	
1463	南崎しのり	みなみざき しのり (V307)	Shinori Minamizaki	noun	person	00000EAF:22:10	provisional	n	4-year eating champion; reading not given; printed "南 崎" at 40:144, 40:146, 46:96 (ruby residue)	00000EAF:22:10	
1464	新橋ゆき乃	しんばし ゆきの (V307)	Yukino Shinbashi	noun	person	00000EAF:22:7	provisional	n	Japonica TV announcer; 新橋アナ	00000EAF:22:7	
1465	ゆきぴん	ゆきぴん	Yukipin	noun	person	00000EAF:91:167	provisional	n	the announcer's popular nickname	00000EAF:91:167	
1466	鵜飼	うかい (V307)	Ukai	noun	person	00000EAF:28:200	provisional	n	Japonica TV program director	00000EAF:28:200	
1467	ジャポニカテレビ	じゃぽにかてれび	Japonica TV	noun	org	00000EAF:28:200	provisional	n	"日本で1番大きな民間のテレビ局" (46:78)	00000EAF:28:200	
1468	謝肉館	しゃにくかん	'Shanikukan'	noun	brand	00000EAF:34:12	fixed	y	Shibuya steak house; the kanji "似合わない" per Goto (34:22); V308 CLOSED rulings-P13 2026-10-02: romanized, one TN at 00000EAF:34:12 (carnival pun)	00000EAF:34:12	
1469	カレーハウス『Challenger』	かれーはうす ちゃれんじゃー	Curry House 'Challenger'	noun	brand	00000EAF:46:28	provisional	n	the name is Latin script in the source; "店名がずいぶんと扇動的だな"	00000EAF:46:28	
1470	太郎	たろう	Taro	noun	brand	00000EAF:91:187	provisional	n	点心の名店『太郎』, supplier of the qualifier buns; not a person here	00000EAF:91:187	
1471	唖者	あしゃ	mute	noun	term	00000EAF:46:47	provisional	n	a dated, blunt word; Goto uses it of herself (V310)	00000EAF:46:47	
1472	手話	しゅわ	sign language	noun	term	00000EAF:40:37	provisional	n		00000EAF:40:37	
1473	ノーベル平和賞	のーべるへいわしょう	the Nobel Peace Prize	noun	event	00000EAF:16:52	provisional	n		00000EAF:16:52	
1474	ノーベル委員会	のーべるいいんかい	the Nobel Committee	noun	org	00000EAF:16:57	provisional	n	"ノルウェー・ノーベル委員会" = the Norwegian Nobel Committee	00000EAF:16:57	
1475	オスロ	おすろ	Oslo	noun	place	00000EAF:16:51	provisional	n		00000EAF:16:51	
1476	ノルウェー	のるうぇー	Norway	noun	place	00000EAF:16:51	provisional	n		00000EAF:16:51	
1477	慈善活動	じぜんかつどう	charity work	noun	term	00000EAF:16:31	provisional	n	in 『』 at 16:107 ('charity work')	00000EAF:16:31	
1478	慈善活動家	じぜんかつどうか	philanthropist	noun	term	00000EAF:16:52	provisional	n		00000EAF:16:52	
1479	偽善者	ぎぜんしゃ	hypocrite	noun	term	00000EAF:16:130	provisional	n	偽善 16:129 = hypocrisy	00000EAF:16:130	
1480	贖罪	しょくざい	atonement	noun	term	00000EAF:16:147	provisional	n	printed " 贖 罪" with ruby-residue spaces	00000EAF:16:147	
1481	升	しょう	sho	noun	term	00000EAF:22:138	fixed	y	rice measure; narration: "ご飯1升は約3.3キロ" (22:140); V311 CLOSED rulings-P13 2026-10-02: "5 sho of rice"; the narration 22:140 glosses it; no TN	00000EAF:22:138	
1482	ノンアルコールビール	のんあるこーるびーる	non-alcoholic beer	noun	food	00000EAF:22:230	provisional	n		00000EAF:22:230	
1483	ホップ	ほっぷ	hops	noun	term	00000EAF:22:234	provisional	n		00000EAF:22:234	
1484	イソフムロン	いそふむろん	isohumulone	noun	term	00000EAF:22:236	provisional	n	"（イソα酸）" gloss = iso-alpha acids	00000EAF:22:236	
1485	豚まん	ぶたまん	pork bun	noun	food	00000EAF:28:94	provisional	n	the qualifier dish; used alongside 肉まん for the same buns	00000EAF:28:94	
1486	肉まん	にくまん	meat bun	noun	food	00000EAF:28:0	provisional	n		00000EAF:28:0	
1487	小龍包	しょうろんぽう	soup dumpling (xiaolongbao)	noun	food	00000EAF:28:9	provisional	n		00000EAF:28:9	
1488	渋谷スクランブル交差点	しぶやすくらんぶるこうさてん	the Shibuya scramble crossing	noun	place	00000EAF:22:37	provisional	n	also 渋谷交差点 (22:5)	00000EAF:22:37	
1489	渋谷	しぶや	Shibuya	noun	place	00000EAF:22:15	provisional	n	渋谷区 = Shibuya Ward	00000EAF:22:15	
1490	池袋	いけぶくろ	Ikebukuro	noun	place	00000EAF:22:3	provisional	n		00000EAF:22:3	
1491	東京	とうきょう	Tokyo	noun	place	00000EAF:22:3	provisional	n		00000EAF:22:3	
1492	佐波空港	さわくうこう	Sawa Airport	noun	place	00000EAF:16:22	provisional	n	follows 佐波県 (V011)	00000EAF:16:22	
1493	さわ皆上駅	さわみなかみえき	Sawa-Minakami Station	noun	place	00000EAF:46:0	provisional	n	さわ in hiragana; follows 佐波県 / 皆上市 (V011, V033)	00000EAF:46:0	
1494	新幹線	しんかんせん	the bullet train	noun	object	00000EAF:28:177	provisional	n		00000EAF:28:177	
1495	ネカフェ	ねかふぇ	internet cafe	noun	place	00000EAF:46:11	fixed	y	ネカフェ生活 = living in internet cafés; rulings-P13 2026-10-02: no accented letters (CP932)	00000EAF:46:11	
1496	町長	ちょうちょう	the mayor	noun	title	00000EAF:28:246	provisional	n	of 元木町	00000EAF:28:246	
1497	中嶋長司	なかじま ちょうじ (V307)	Choji Nakajima	noun	person	00000EAF:28:244	provisional	n	the mayor; name split over two cells "中嶋……／長司さん？"	00000EAF:28:244	
1498	高野	たかの (V307)	Takano	noun	person	00000EAF:28:76	provisional	n	contestant, qualifies, then a doctor's stop	00000EAF:28:76	
1499	藤代	ふじしろ (V307)	Fujishiro	noun	person	00000EAF:28:76	provisional	n	contestant	00000EAF:28:76	
1500	ドクターストップ	どくたーすとっぷ	ordered out by the doctor	noun	term	00000EAF:28:201	provisional	n		00000EAF:28:201	
1501	食祝	しょくしゅく?	食祝 (kanji kept; read "Shokushuku")	noun	ui	00000EAF:22:73	fixed	y	painted backdrop; Goto guesses the reading; V304 CLOSED rulings-P13 2026-10-02: painted sign keeps the kanji; TN at 22:74	00000EAF:22:73	
1502	5ポンドステーキ	ごぽんどすてーき	5-pound steak	noun	food	00000EAF:34:13	provisional	n	narration: about 2,300 g	00000EAF:34:13	
1503	10ポンドステーキ	じゅっぽんどすてーき	10-pound steak	noun	food	00000EAF:34:84	provisional	n	4.6 kg (34:126)	00000EAF:34:84	
1504	リーゼント	りーぜんと	pompadour	noun	term	00000EAF:28:233	fixed	y	34:23 corrects itself "(正しくはポンパドール)": keep both words (a Japanese "regent" is a pompadour); TBD by drafter; rulings-P13 2026-10-02: "regent hair (properly, a pompadour)" at 00000EAF:34:23 only	00000EAF:28:233	
1505	前哨戦	ぜんしょうせん	warm-up bout	noun	term	00000EAF:34:69	provisional	n		00000EAF:34:69	
1506	褐色脂肪細胞	かっしょくしぼうさいぼう	brown fat cells	noun	term	00000EAF:97:26	provisional	n		00000EAF:97:26	
1507	一揆	いっき	an uprising	noun	term	00000EAF:28:291	provisional	n	町民の一揆 = the townspeople will revolt	00000EAF:28:291	
1508	八百万の神	やおよろずのかみ	the myriad gods	noun	concept	00000EAF:40:65	provisional	n		00000EAF:40:65	
1509	嚥下力	えんげりょく	swallowing power	noun	term	00000EAF:46:175	provisional	n	glossed in text "飲みこむ力"	00000EAF:46:175	
1510	咀嚼力	そしゃくりょく	chewing power	noun	term	00000EAF:46:173	provisional	n		00000EAF:46:173	
1511	生存本能	せいぞんほんのう	survival instinct	noun	concept	00000EAF:22:32	provisional	n	a key word of the file; keep one rendering	00000EAF:22:32	
1512	天寿	てんじゅ	natural span of life	noun	term	00000EAF:16:5	provisional	n	天寿が尽きる = die of old age / her life run out	00000EAF:16:5	
1513	警視庁	けいしちょう	the Tokyo Metropolitan Police	noun	org	00000EAF:22:5	provisional	n		00000EAF:22:5	
1514	ヘリポート	へりぽーと	heliport	noun	place	00000EAF:28:266	provisional	n		00000EAF:28:266	
1515	放送事故	ほうそうじこ	an on-air accident	noun	term	00000EAF:91:192	provisional	n		00000EAF:91:192	
1516	イカ焼き少女	いかやきしょうじょ	the grilled-squid girl	noun	title	00000EAF:22:47	provisional	n	南崎's name for the girl of the 元木町 桜祭り contest four years before	00000EAF:22:47	
1517	炊飯器	すいはんき	rice cooker	noun	object	00000EAF:22:136	provisional	n		00000EAF:22:136	
1518	しゃもじ	しゃもじ	rice paddle	noun	object	00000EAF:22:225	provisional	n		00000EAF:22:225	
1519	どんぶり	どんぶり	bowl	noun	object	00000EAF:22:224	provisional	n		00000EAF:22:224	
1520	重量計	じゅうりょうけい	scale	noun	object	00000EAF:22:149	provisional	n		00000EAF:22:149	
1521	烏龍茶	うーろんちゃ	oolong tea	noun	food	00000EAF:22:223	provisional	n		00000EAF:22:223	
1522	寿司酢	すしず	sushi vinegar	noun	food	00000EAF:97:48	provisional	n		00000EAF:97:48	
1523	一味	いちみ	chili powder (ichimi)	noun	food	00000EAF:97:14	provisional	n		00000EAF:97:14	
1524	山椒	さんしょう	Sichuan pepper (sansho)	noun	food	00000EAF:97:20	provisional	n	97:22 "『麻』という味覚" = the numbing taste; 麻 already a GLOSSARY key (hemp), so this sense lives here	00000EAF:97:20	
1525	生ふりかけ	なまふりかけ	soft rice seasoning (nama-furikake)	noun	food	00000EAF:22:109	provisional	n		00000EAF:22:109	
1526	海苔の佃煮	のりのつくだに	seaweed paste (nori tsukudani)	noun	food	00000EAF:22:110	provisional	n		00000EAF:22:110	
1527	食べるラー油	たべるらーゆ	chunky chili oil	noun	food	00000EAF:22:100	provisional	n		00000EAF:22:100	
1528	トンカツ	とんかつ	pork cutlet	noun	food	00000EAF:22:89	provisional	n	menu item 1	00000EAF:22:89	
1529	刺身盛り合わせ	さしみもりあわせ	assorted sashimi	noun	food	00000EAF:22:90	provisional	n		00000EAF:22:90	
1530	みそ汁	みそしる	miso soup	noun	food	00000EAF:22:91	provisional	n		00000EAF:22:91	
1531	野菜炒め	やさいいため	stir-fried vegetables	noun	food	00000EAF:22:92	provisional	n		00000EAF:22:92	
1532	明太子	めんたいこ	spicy cod roe (mentaiko)	noun	food	00000EAF:22:93	provisional	n		00000EAF:22:93	
1533	カレールー	かれーるー	curry sauce	noun	food	00000EAF:22:94	provisional	n		00000EAF:22:94	
1534	鳥の唐揚げ	とりのからあげ	fried chicken	noun	food	00000EAF:22:95	provisional	n	から揚げ row = "fried chicken" too	00000EAF:22:95	
1535	漬物盛り合わせ	つけものもりあわせ	assorted pickles	noun	food	00000EAF:22:96	provisional	n	（梅干し、たくあん、キムチ等）	00000EAF:22:96	
1536	たくあん	たくあん	pickled daikon	noun	food	00000EAF:22:96	provisional	n		00000EAF:22:96	
1537	キムチ	きむち	kimchi	noun	food	00000EAF:22:96	provisional	n		00000EAF:22:96	
1538	焼き魚	やきざかな	grilled fish	noun	food	00000EAF:22:97	provisional	n	（鮭、さんま、照り焼き等）	00000EAF:22:97	
1539	豚の角煮	ぶたのかくに	braised pork belly	noun	food	00000EAF:22:99	provisional	n		00000EAF:22:99	
1540	納豆	なっとう	natto	noun	food	00000EAF:22:101	provisional	n		00000EAF:22:101	
1541	麻婆豆腐	まーぼーどうふ	mapo tofu	noun	food	00000EAF:22:103	provisional	n		00000EAF:22:103	
1542	チンジャオロース	ちんじゃおろーす	pepper steak (qingjiao rousi)	noun	food	00000EAF:22:104	provisional	n		00000EAF:22:104	
1543	すき焼き	すきやき	sukiyaki	noun	food	00000EAF:22:105	provisional	n		00000EAF:22:105	
1544	酢豚	すぶた	sweet-and-sour pork	noun	food	00000EAF:22:106	provisional	n		00000EAF:22:106	
1545	餃子	ぎょうざ	gyoza	noun	food	00000EAF:22:107	provisional	n		00000EAF:22:107	
1546	豚キムチ	ぶたきむち	pork kimchi	noun	food	00000EAF:22:108	provisional	n		00000EAF:22:108	
1547	鳥の辛みそ炒め	とりのからみそいため	chicken stir-fried in spicy miso	noun	food	00000EAF:22:111	provisional	n		00000EAF:22:111	
1548	鰻の蒲焼	うなぎのかばやき	grilled eel (kabayaki)	noun	food	00000EAF:22:112	provisional	n	printed " 鰻 の蒲焼" (ruby residue)	00000EAF:22:112	
1549	回鍋肉	ほいこーろー	twice-cooked pork	noun	food	00000EAF:22:113	provisional	n		00000EAF:22:113	
1550	豚の生姜焼き	ぶたのしょうがやき	ginger pork	noun	food	00000EAF:22:114	provisional	n		00000EAF:22:114	
1551	とろろ	とろろ	grated yam	noun	food	00000EAF:22:116	provisional	n		00000EAF:22:116	
1552	エビチリ	えびちり	chili shrimp	noun	food	00000EAF:22:117	provisional	n		00000EAF:22:117	
1553	楽屋	がくや	the dressing room	noun	place	00000EAF:28:161	provisional	n	91:36 "楽屋という名の待合室"	00000EAF:28:161	
1554	予選	よせん	the qualifier	noun	event	00000EAF:22:10	provisional	n		00000EAF:22:10	
1555	決勝	けっしょう	the final	noun	event	00000EAF:22:2	provisional	n	決勝戦	00000EAF:22:2	
1556	実況	じっきょう	play-by-play	noun	term	00000EAF:16:54	provisional	n		00000EAF:16:54	
1557	横断幕	おうだんまく	banner	noun	object	00000EAF:40:47	provisional	n		00000EAF:40:47	
1558	プラカード	ぷらかーど	placard	noun	object	00000EAF:28:236	provisional	n		00000EAF:28:236	
1559	見世物小屋	みせものごや	a freak show	noun	term	00000EAF:46:160	provisional	n		00000EAF:46:160	
1560	出陣	しゅつじん	Into battle!	noun	term	00000EAF:22:214	provisional	n	the countdown's last narration cell "出陣！！！", after "いざ――。"	00000EAF:22:214	
1561	聖戦	せいせん	holy war	noun	term	00000EAF:22:57	provisional	n	本能の聖戦 97:226	00000EAF:22:57	
1562	食堂	しょくどう	diner	noun	place	00000EAF:52:75	provisional	n	the neighbourhood set-meal place Goto frequents	00000EAF:52:75	
1563	かつ丼	かつどん	pork-cutlet rice bowl	noun	food	00000EAF:52:90	provisional	n	特盛の3倍マシ = extra-large, triple helping	00000EAF:52:90	
1564	日替わり	ひがわり	daily special	noun	food	00000EAF:52:90	provisional	n		00000EAF:52:90	
1565	デカ盛り	でかもり	giant portions	noun	term	00000EAF:52:82	provisional	n		00000EAF:52:82	
1566	名刺	めいし	business card	noun	object	00000EAF:46:126	provisional	n		00000EAF:46:126	
1567	出演料	しゅつえんりょう	appearance fee	noun	term	00000EAF:46:131	provisional	n		00000EAF:46:131	
1568	ゲップ	げっぷ	burp	noun	term	00000EAF:22:289	provisional	n		00000EAF:22:289	
1569	ゲフゥ	げふぅ	Urrp	interjection	sfx	00000EAF:22:285	provisional	n	a burp, in 「」	00000EAF:22:285	
1570	食う、寝る、呼吸する	くう、ねる、こきゅうする	eat, sleep, breathe	phrase	term	00000EAF:16:5	provisional	n	Goto's refrain (16:5, 16:79, 22:198, 46:3, 52:55, 97:338); keep the same three verbs every time	00000EAF:16:5	
1571	食うことしか能のない	くうことしかのうのない	good for nothing but eating	phrase	term	00000EAF:28:193	provisional	n	Goto's refrain (口, 私, 女); from the couple's "あの口、食うためだけにあるんだな" (52:105)	00000EAF:28:193	
1572	伝説の天才少女	でんせつのてんさいしょうじょ	the legendary genius girl	phrase	title	00000EAF:40:25	provisional	n	board post; follows 天才少女	00000EAF:40:25	
1573	両陛下	りょうへいか	Your Majesties	noun	title	00000EAF:16:57	provisional	n	"国王、王妃両陛下" = Their Majesties the King and Queen	00000EAF:16:57	
1574	両殿下	りょうでんか	Your Royal Highnesses	noun	title	00000EAF:16:57	provisional	n	"皇太子、皇太子妃両殿下" = the Crown Prince and Crown Princess	00000EAF:16:57	
1575	記者会見	きしゃかいけん	press conference	noun	event	00000EAF:16:154	provisional	n		00000EAF:16:154	
1576	晩餐会	ばんさんかい	banquet	noun	event	00000EAF:16:154	provisional	n		00000EAF:16:154	
1577	大浴場	だいよくじょう	the big bath	noun	place	00000EC7:11:3	provisional	n		00000EC7:11:3	
1578	露天風呂	ろてんぶろ	open-air bath	noun	place	00000EC7:11:11	provisional	n		00000EC7:11:11	
1579	半月	はんげつ	half moon	noun	term	00000EC7:11:18	provisional	n	"少し太った半月" = a half moon, a little past half	00000EC7:11:18	
1580	お嬢ちゃん	おじょうちゃん	TBD (miss / young lady)	noun	person	00000EC7:11:44	provisional	n	an older stranger to a teenage girl (STYLE non-relative rule); cf. 000008B9:36:13 to a child	00000EC7:11:44	
1581	人生相談	じんせいそうだん	life counseling	noun	term	00000EC7:11:101	provisional	n		00000EC7:11:101	
1582	当たるも八卦、当たらぬも八卦	あたるもはっけ、あたらぬもはっけ	Some fortunes are right, some fortunes are wrong.	phrase	term	00000EC7:11:249	fixed	y	set phrase, render by English of the same weight (IMAGES AND SET PHRASES); QUNTR11-05 2026-10-02: aligned to the shipped 00000EC7:648 sentence	00000EC7:11:249	
1583	1060億人	せんろくじゅうおくにん	106 billion people	noun	term	00000EC7:11:226	provisional	n	the count of all humans who have died	00000EC7:11:226	
1584	防衛本能	ぼうえいほんのう	defensive instinct	noun	concept	00000EC7:11:176	provisional	n		00000EC7:11:176	
1585	相容れない体質	あいいれないたいしつ	'constitutions that cannot coexist'	phrase	concept	00000EC7:11:170	fixed	y	in 『』; Natsumi notes it contradicts "とてもよく似ている" (11:171); QUNTR11-05 2026-10-02: shipped 00000EC7:466-468	00000EC7:11:170	
1586	女社長	おんなしゃちょう	a woman company president	noun	title	00000EC7:11:53	provisional	n		00000EC7:11:53	
1587	長湯	ながゆ	stayed too long in the bath	noun	term	00000EC7:11:255	provisional	n		00000EC7:11:255	
1588	サード・ジェネレーション	さーど・じぇねれーしょん	Third Generation	noun	title	00000EDF:47:4	fixed	y	the eyeless woman's name for Goto; katakana English, kept apart from 第三世代; V325 CLOSED rulings-P14 2026-10-02: the double's nickname for Goto; capitalized, no article; 第三世代 stays 'the third generation'	00000EDF:47:4	
1589	翠眼呪殺	すいがんじゅさつ	Green-Eye Curse-Killing	noun	concept	00000EDF:47:6	fixed	y	book heading; reading guessed by Goto 83:123; V326 CLOSED rulings-P14 2026-10-02: heading cell curly; 83:123 reading 'suigan jusatsu' in single quotes, no TN	00000EDF:47:6	
1590	貧相ちゃん	ひんそうちゃん	Flatty-chan	noun	person	00000EDF:37:314	fixed	y	桃子's nickname for Natsumi (flat-chested); address 117:261; aligned to rulings-P14 2026-10-02 (was "Scrawny-chan")	00000EDF:37:314	
1591	バインバイン		boing-boing	adj	sfx	00000EDF:37:239	fixed	y	chest-size word; graded series with パインパイン, バルンバルン, ボヨンボヨン; V327 CLOSED rulings-P14 2026-10-02: パインパイン poing-poing / バルンバルン ba-boing ba-boing / ボヨンボヨン boingy-boingy	00000EDF:37:239	
1592	パインパイン		poing-poing	adj	sfx	00000EDF:37:270	fixed	y	"若干控えめ" than バインバイン; aligned to rulings-P14 2026-10-02 (was "TBD")	00000EDF:37:270	
1593	バルンバルン		ba-boing ba-boing	adj	sfx	00000EDF:37:277	fixed	y	"more バインバイン"; aligned to rulings-P14 2026-10-02 (was "TBD")	00000EDF:37:277	
1594	ボヨンボヨン		boingy-boingy	adj	sfx	00000EDF:47:71	fixed	y	aligned to rulings-P14 2026-10-02 (was "TBD")	00000EDF:47:71	
1595	使い捨てカラーコンタクト	つかいすてからーこんたくと	disposable colored contacts	noun	object	00000EDF:71:54	provisional	n		00000EDF:71:54	
1596	元木メモリアルパーク	もときめもりあるぱーく	Motoki Memorial Park	noun	place	00000EDF:37:326	provisional	n	cemetery; follows 元木町	00000EDF:37:326	
1597	キャッチアンドリリース		catch and release	noun	term	00000EDF:37:200	provisional	n		00000EDF:37:200	
1598	どんぐりの背比べ		six of one, half a dozen of the other	phrase	term	00000EDF:37:218	provisional	n		00000EDF:37:218	
1599	論破	ろんぱ	argue (me) into the ground	noun	term	00000EDF:37:222	provisional	n		00000EDF:37:222	
1600	画びょう	がびょう	thumbtack	noun	object	00000EDF:37:53	provisional	n		00000EDF:37:53	
1601	ペンチ		pliers	noun	object	00000EDF:37:58	provisional	n		00000EDF:37:58	
1602	赤点	あかてん	a failing grade	noun	term	00000EDF:37:160	provisional	n		00000EDF:37:160	
1603	天才少女様	てんさいしょうじょさま	Her Highness the Genius Girl	noun	title	00000EDF:37:159	fixed	y	answer to "何様よ"; not a name + suffix; rulings-P14 2026-10-02	00000EDF:37:159	
1604	人間万事塞翁が馬	にんげんばんじさいおうがうま	who knows what's good luck and what's bad	phrase	term	00000EDF:53:12	fixed	y	Haruka's saying; recalled 117:311; rulings-P14 2026-10-02: one string at 53:12 and 117:311 (single quotes there); no horse, no silver lining	00000EDF:53:12	
1605	人生山あり谷あり	じんせいやまありたにあり	life has its ups and downs	phrase	term	00000EDF:53:12	provisional	n		00000EDF:53:12	
1606	エフェドリン		ephedrine	noun	term	00000EDF:53:151	provisional	n		00000EDF:53:151	
1607	Aエフェドリン		A-ephedrine	noun	term	00000EDF:59:48	provisional	n	A for 荒田	00000EDF:59:48	
1608	αエフェドリン		TBD (alpha-ephedrine; see V329)	noun	term	00000EDF:59:49	provisional	n		00000EDF:59:49	
1609	メタンフェタミン		methamphetamine	noun	term	00000EDF:53:152	provisional	n		00000EDF:53:152	
1610	覚せい剤	かくせいざい	a stimulant drug	noun	term	00000EDF:53:152	provisional	n		00000EDF:53:152	
1611	前駆物質	ぜんくぶっしつ	precursor	noun	term	00000EDF:53:152	provisional	n		00000EDF:53:152	
1612	胞子	ほうし	spores	noun	term	00000EDF:53:150	provisional	n		00000EDF:53:150	
1613	菌類	きんるい	fungi	noun	term	00000EDF:59:52	provisional	n		00000EDF:59:52	
1614	寄生	きせい	parasitizing / a parasite	noun	term	00000EDF:59:57	provisional	n		00000EDF:59:57	
1615	交感神経	こうかんしんけい	the sympathetic nerves	noun	term	00000EDF:59:44	provisional	n		00000EDF:59:44	
1616	動体視力	どうたいしりょく	dynamic vision	noun	term	00000EDF:59:44	provisional	n		00000EDF:59:44	
1617	ドローガの精製法	どろーがのせいせいほう	The Droga Refining Method	noun	title	00000EDF:192:199	fixed	y	book title in straight quotes; aligned to rulings-P14 2026-10-02 (was "TBD")	00000EDF:192:199	
1618	男女が大人の身体になる時	だんじょがおとなのからだになるとき	'When Boys and Girls Become Adults'	noun	title	00000EDF:83:75	provisional	n	book title in straight quotes	00000EDF:83:75	
1619	春画	しゅんが	shunga (erotic prints)	noun	term	00000EDF:83:80	provisional	n		00000EDF:83:80	
1620	偃息図	えんそくず	TBD (see V330)	noun	term	00000EDF:83:83	provisional	n		00000EDF:83:83	
1621	隠号	いんごう	hidden signatures	noun	term	00000EDF:83:85	provisional	n		00000EDF:83:85	
1622	浮世絵	うきよえ	ukiyo-e	noun	term	00000EDF:83:87	provisional	n		00000EDF:83:87	
1623	怪盗ゴトー	かいとうごとー	Phantom Thief Goto	noun	title	00000EDF:77:145	provisional	n	夏菜's game name	00000EDF:77:145	
1624	怪盗団ゴトーズ	かいとうだんごとーず	the Gotos Phantom Thief Gang	noun	org	00000EDF:192:0	fixed	y	aligned to rulings-P14 2026-10-02 (was "the Phantom Thief Gotos")	00000EDF:192:0	
1625	ゴトー団長	ごとーだんちょう	Captain Goto	noun	title	00000EDF:192:4	fixed	y	aligned to rulings-P14 2026-10-02 (was "Chief Goto")	00000EDF:192:4	
1626	副団長怪盗ニームラ	ふくだんちょうかいとうにーむら	Vice-Chief Phantom Thief Niimura	noun	title	00000EDF:192:6	provisional	n	夏菜's game name; also ニームラ副団長	00000EDF:192:6	
1627	怪盗さん	かいとうさん	phantom thief (address)	noun	term	00000EDF:89:36	provisional	n	幸太郎 to Goto; common noun, no suffix	00000EDF:89:36	
1628	ナンバー錠	なんばーじょう	a combination lock	noun	object	00000EDF:192:62	provisional	n	four digits	00000EDF:192:62	
1629	金メッキ	きんめっき	gold plating	noun	term	00000EDF:192:37	provisional	n		00000EDF:192:37	
1630	懐中電灯	かいちゅうでんとう	flashlight	noun	object	00000EDF:192:27	provisional	n		00000EDF:192:27	
1631	匁	もんめ	monme (see V346)	noun	term	00000EDF:83:8	provisional	n	old weight unit; JP glosses 約375グラム per 100	00000EDF:83:8	
1632	蒸留水	じょうりゅうすい	distilled water	noun	term	00000EDF:83:54	provisional	n		00000EDF:83:54	
1633	緊急避難	きんきゅうひなん	an act of necessity	noun	term	00000EDF:83:236	fixed	y	legal term; aligned to rulings-P14 2026-10-02 (was "self-defense by necessity")	00000EDF:83:236	
1634	生存権	せいぞんけん	the right to survive	noun	term	00000EDF:83:238	provisional	n		00000EDF:83:238	
1635	ヘロイン		heroin	noun	term	00000EDF:83:213	provisional	n		00000EDF:83:213	
1636	禁断症状	きんだんしょうじょう	withdrawal symptoms	noun	term	00000EDF:83:211	provisional	n		00000EDF:83:211	
1637	お通夜	おつや	the wake	noun	event	00000EDF:71:91	provisional	n		00000EDF:71:91	
1638	弔問	ちょうもん	paying condolences	noun	term	00000EDF:71:95	provisional	n		00000EDF:71:95	
1639	香典	こうでん	condolence money	noun	term	00000EDF:71:112	provisional	n		00000EDF:71:112	
1640	検死	けんし	the autopsy	noun	term	00000EDF:71:92	provisional	n		00000EDF:71:92	
1641	牛丼	ぎゅうどん	beef bowl	noun	food	00000EDF:53:310	provisional	n		00000EDF:53:310	
1642	特盛	とくもり	extra-large	noun	term	00000EDF:53:312	provisional	n		00000EDF:53:312	
1643	既読マーク	きどくまーく	the read receipt	noun	ui	00000EDF:53:329	provisional	n		00000EDF:53:329	
1644	爆乳軍団	ばくにゅうぐんだん	the Mega-Boobs Squad	noun	term	00000EDF:117:273	fixed	y	夏菜's greeting; aligned to rulings-P14 2026-10-02 (was "the Big-Boob Brigade")	00000EDF:117:273	
1645	師匠	ししょう	Master	noun	title	00000EDF:117:254	provisional	n	nickname for 桃子 (V331)	00000EDF:117:254	
1646	桃ちん	ももちん	Momo-chin	noun	person	00000EDF:117:256	provisional	n	nickname for 桃子 (V331)	00000EDF:117:256	
1647	シスコン		siscon	noun	term	00000EDF:117:297	fixed	y	aligned to rulings-P14 2026-10-02 (was "sister complex")	00000EDF:117:297	
1648	歓迎会	かんげいかい	welcome party	noun	event	00000EDF:117:285	provisional	n		00000EDF:117:285	
1649	誕生会	たんじょうかい	birthday party	noun	event	00000EDF:117:285	provisional	n		00000EDF:117:285	
1650	ナンパ師	なんぱし	pickup artist	noun	term	00000EDF:117:282	provisional	n		00000EDF:117:282	
1651	痴漢	ちかん	groper	noun	term	00000EDF:202:263	provisional	n		00000EDF:202:263	
1652	ペドフィリア		pedophilia	noun	term	00000EDF:202:265	provisional	n		00000EDF:202:265	
1653	光源氏	ひかるげんじ	Hikaru Genji	noun	person	00000EDF:202:266	provisional	n	JP glosses in full-width parentheses	00000EDF:202:266	
1654	源氏物語	げんじものがたり	The Tale of Genji	noun	title	00000EDF:202:266	provisional	n		00000EDF:202:266	
1655	ルイス・キャロル		Lewis Carroll	noun	person	00000EDF:202:267	provisional	n		00000EDF:202:267	
1656	不思議の国のアリス	ふしぎのくにのありす	Alice's Adventures in Wonderland	noun	title	00000EDF:202:267	provisional	n		00000EDF:202:267	
1657	性犯罪者	せいはんざいしゃ	sex offender	noun	term	00000EDF:47:90	provisional	n		00000EDF:47:90	
1658	焼身自殺	しょうしんじさつ	burning herself to death	noun	term	00000EDF:65:50	provisional	n		00000EDF:65:50	
1659	包丁	ほうちょう	kitchen knife	noun	object	00000EDF:65:31	provisional	n		00000EDF:65:31	
1660	家事手伝い	かじてつだい	helping with the housework	noun	term	00000EDF:186:23	provisional	n	résumé term for a young woman living at home; Goto: "言葉の使い方間違えてる" (186:24)	00000EDF:186:23	
1661	演劇会	えんげきかい	the school play	noun	event	00000EDF:77:29	provisional	n		00000EDF:77:29	
1662	少子高齢化	しょうしこうれいか	fewer children and more old people	noun	term	00000EDF:77:36	provisional	n		00000EDF:77:36	
1663	住民帳	じゅうみんちょう	the residents' register (see V334)	noun	object	00000EDF:77:140	provisional	n	cf. 住民簿	00000EDF:77:140	
1664	自然分娩	しぜんぶんべん	natural birth	noun	term	00000EDF:77:122	provisional	n		00000EDF:77:122	
1665	帝王切開	ていおうせっかい	C-section	noun	term	00000EDF:77:122	provisional	n		00000EDF:77:122	
1666	突然変異	とつぜんへんい	mutation	noun	term	00000EDF:77:92	provisional	n		00000EDF:77:92	
1667	遺伝	いでん	heredity	noun	term	00000EDF:77:92	provisional	n		00000EDF:77:92	
1668	虹彩	こうさい	iris	noun	term	00000EDF:71:57	provisional	n		00000EDF:71:57	
1669	メラニン色素	めらにんしきそ	melanin	noun	term	00000EDF:71:57	provisional	n		00000EDF:71:57	
1670	コンタクトレンズ		contact lenses	noun	object	00000EDF:71:48	provisional	n		00000EDF:71:48	
1671	地下倉庫	ちかそうこ	the underground storeroom	noun	place	00000EDF:59:13	provisional	n		00000EDF:59:13	
1672	研究レポート	けんきゅうれぽーと	research report	noun	object	00000EDF:59:26	provisional	n		00000EDF:59:26	
1673	書庫	しょこ	the archive room	noun	place	00000EDF:59:21	provisional	n		00000EDF:59:21	
1674	罪滅ぼし	つみほろぼし	making amends	noun	term	00000EDF:59:229	provisional	n		00000EDF:59:229	
1675	てやんでえ		Ha! Nothing to it!	interjection	interjection	00000EDF:202:237	fixed	n	夏菜's old-Edo pose; DIALECT POLICY, no dialect in EN; rulings-P14 2026-10-02: 202:237 with お安い御用でい; QP14C-01: STYLE bans dropped-g spellings	00000EDF:202:237	
1676	ピザトースト		pizza toast	noun	food	00000EDF:117:21	provisional	n		00000EDF:117:21	
1677	とろけるチーズ		melting cheese	noun	food	00000EDF:117:19	provisional	n		00000EDF:117:19	
1678	オーブントースター		toaster oven	noun	object	00000EDF:117:29	provisional	n		00000EDF:117:29	
1679	シャクトリムシ		inchworm	noun	term	00000EDF:117:49	provisional	n		00000EDF:117:49	
1680	ハイスペックイタズラー		high-spec prankster	noun	term	00000EDF:117:75	provisional	n		00000EDF:117:75	
1681	祀耀342年	しようさんびゃくよんじゅうにねん	Shiyo 342	noun	date	00000EDF:83:1	provisional	n		00000EDF:83:1	
1682	祀耀735年	しようななひゃくさんじゅうごねん	Shiyo 735	noun	date	00000EDF:83:57	provisional	n		00000EDF:83:57	
1683	祀耀800年四月一一日		Shiyo 800, April 11	noun	date	00000EDF:65:122	provisional	n		00000EDF:65:122	
1684	祀耀800年八月一日		Shiyo 800, August 1	noun	date	00000EDF:117:245	provisional	n		00000EDF:117:245	
1685	七月二三日	しちがつにじゅうさんにち	July 23	noun	date	00000EDF:192:111	provisional	n		00000EDF:192:111	
1686	レンタカー		rental car	noun	object	00000EDF:33:17	provisional	n		00000EDF:33:17	
1687	ごろ合わせ	ごろあわせ	a number pun (see V328)	noun	term	00000EDF:117:214	provisional	n		00000EDF:117:214	
1688	地下室	ちかしつ	the basement room	noun	place	00000EDF:83:205	provisional	n		00000EDF:83:205	
1689	保健体育	ほけんたいいく	health education	noun	term	00000EDF:83:101	provisional	n		00000EDF:83:101	
1690	薬物中毒者	やくぶつちゅうどくしゃ	a drug addict	noun	term	00000EDF:53:156	provisional	n		00000EDF:53:156	
1691	幻覚	げんかく	hallucination	noun	term	00000EDF:53:128	provisional	n		00000EDF:53:128	
1692	錯乱	さくらん	out of your mind / delirium	noun	term	00000EDF:53:153	provisional	n		00000EDF:53:153	
1693	外面	そとづら	how I come across	noun	term	00000EDF:37:154	provisional	n	paired with 内面	00000EDF:37:154	
1694	ビッチ		slut	noun	term	00000EDF:37:212	fixed	n	rulings-P14 2026-10-02	00000EDF:37:212	
1695	一生の不覚	いっしょうのふかく	the blunder of a lifetime	phrase	term	00000EDF:83:110	provisional	n	Goto's refrain "この天才少女、一生の不覚……！"	00000EDF:83:110	
1696	通り名	とおりな	alias	noun	term	00000EDF:77:147	provisional	n		00000EDF:77:147	
1697	おせっかいババア		a nosy old hag	noun	term	00000EDF:202:131	provisional	n		00000EDF:202:131	
1698	肉付きの面	にくづきのめん	the flesh-bound mask	noun	title	00000EF6:8:195	fixed	n	a Fukui folk tale (110:43-83) and the file's central metaphor for Natsumi; also お面 / 面 alone in the same sense (67:36, 61:82); V353 CLOSED P15: descriptive, no TN; as the tale's title 'The Flesh-Bound Mask'	00000EF6:8:195	
1699	交換輸血	こうかんゆけつ	exchange transfusion	noun	term	00000EF6:14:5	provisional	n		00000EF6:14:5	
1700	稀血	まれけつ	rare blood type	noun	term	00000EF6:20:262	provisional	n	Natsumi repeats it in hiragana まれけつ (20:263): an echo of a word she does not know	00000EF6:20:262	
1701	シスAB型	しすえーびーがた	cis-AB blood type	noun	term	00000EF6:20:265	provisional	n		00000EF6:20:265	
1702	ボンベイ型	ぼんべいがた	the Bombay blood type	noun	term	00000EF6:20:267	provisional	n		00000EF6:20:267	
1703	新生児黄疸	しんせいじおうだん	newborn jaundice	noun	term	00000EF6:20:238	provisional	n		00000EF6:20:238	
1704	鎌状赤血球症	かまじょうせっけっきゅうしょう	sickle-cell disease	noun	term	00000EF6:20:238	provisional	n	printed with ruby-residue spaces "鎌 状 赤 血 球 症"	00000EF6:20:238	
1705	血液センター	けつえきせんたー	the blood center	noun	org	00000EF6:20:244	provisional	n		00000EF6:20:244	
1706	廃血	はいけつ	drawing off blood	noun	term	00000EF6:20:240	provisional	n		00000EF6:20:240	
1707	カテーテル	かてーてる	catheter	noun	object	00000EF6:20:293	provisional	n		00000EF6:20:293	
1708	処置室	しょちしつ	the treatment room	noun	place	00000EF6:14:1	provisional	n		00000EF6:14:1	
1709	アロマミスト	あろまみすと	aroma mist	noun	object	00000EF6:14:4	provisional	n		00000EF6:14:4	
1710	人工呼吸器	じんこうこきゅうき	ventilator	noun	object	00000EF6:14:71	provisional	n		00000EF6:14:71	
1711	自発呼吸	じはつこきゅう	breathing on her own	noun	term	00000EF6:14:82	provisional	n		00000EF6:14:82	
1712	反射	はんしゃ	reflex	noun	term	00000EF6:36:144	provisional	n		00000EF6:36:144	
1713	反射消失	はんしゃしょうしつ	suppressing the reflexes	noun	term	00000EF6:14:81	provisional	n		00000EF6:14:81	
1714	反射反応	はんしゃはんのう	reflex responses	noun	term	00000EF6:14:226	provisional	n		00000EF6:14:226	
1715	神経科病棟	しんけいかびょうとう	the neurology ward	noun	place	00000EF6:36:49	provisional	n		00000EF6:36:49	
1716	外科病棟	げかびょうとう	the surgical ward	noun	place	00000EF6:36:50	provisional	n		00000EF6:36:50	
1717	面会謝絶	めんかいしゃぜつ	No Visitors	noun	ui	00000EF6:36:80	provisional	n	a door sign in 『』 (36:80); also as a state (26:163, 36:103)	00000EF6:36:80	
1718	拘束着	こうそくぎ	a restraint jacket	noun	object	00000EF6:36:121	provisional	n		00000EF6:36:121	
1719	下顎呼吸	かがくこきゅう	agonal jaw breathing	noun	term	00000EF6:36:140	provisional	n	glossed by the JP in ASCII parentheses (V366)	00000EF6:36:140	
1720	死戦期呼吸	しせんきこきゅう	agonal breathing	noun	term	00000EF6:26:170	provisional	n		00000EF6:26:170	
1721	昏睡状態	こんすいじょうたい	a coma	noun	term	00000EF6:36:143	provisional	n		00000EF6:36:143	
1722	アルカロイド	あるかろいど	alkaloid	noun	term	00000EF6:36:170	provisional	n		00000EF6:36:170	
1723	麻黄	まおう	ephedra (mao)	noun	term	00000EF6:26:61	provisional	n	first said in katakana マオウ (26:59-60), then explained as 麻の黄	00000EF6:26:61	
1724	葛根湯	かっこんとう	kakkonto (a kampo cold remedy)	noun	term	00000EF6:26:62	provisional	n		00000EF6:26:62	
1725	漢方	かんぽう	herbal medicine (kampo)	noun	term	00000EF6:26:59	provisional	n		00000EF6:26:59	
1726	胃潰瘍	いかいよう	stomach ulcer	noun	term	00000EF6:61:31	provisional	n		00000EF6:61:31	
1727	内視鏡	ないしきょう	endoscope / endoscopic	noun	term	00000EF6:61:35	provisional	n		00000EF6:61:35	
1728	吐血	とけつ	vomiting blood	noun	term	00000EF6:61:33	provisional	n		00000EF6:61:33	
1729	導眠剤	どうみんざい	sleeping pill	noun	term	00000EF6:42:3	provisional	n		00000EF6:42:3	
1730	痛み止め	いたみどめ	painkiller	noun	term	00000EF6:20:17	provisional	n		00000EF6:20:17	
1731	点滴	てんてき	IV drip	noun	object	00000EF6:36:15	provisional	n	点滴スタンド = IV stand	00000EF6:36:15	
1732	ナースコール	なーすこーる	the nurse call button	noun	object	00000EF6:61:220	provisional	n		00000EF6:61:220	
1733	ナースステーション	なーすすてーしょん	the nurses' station	noun	place	00000EF6:14:240	provisional	n		00000EF6:14:240	
1734	バイタルサイン	ばいたるさいん	vital signs	noun	term	00000EF6:14:240	provisional	n		00000EF6:14:240	
1735	検死結果	けんしけっか	autopsy report	noun	object	00000EF6:20:40	provisional	n	"新村栄一郎検死結果" read off a document (20:40)	00000EF6:20:40	
1736	警察庁	けいさつちょう	the National Police Agency	noun	org	00000EF6:20:52	provisional	n	distinct from 佐波県警 (the prefectural police)	00000EF6:20:52	
1737	国家機密	こっかきみつ	a state secret	noun	term	00000EF6:20:92	provisional	n		00000EF6:20:92	
1738	被疑者死亡	ひぎしゃしぼう	the suspect being dead	noun	term	00000EF6:20:36	provisional	n		00000EF6:20:36	
1739	精密分析	せいみつぶんせき	detailed analysis	noun	term	00000EF6:20:60	provisional	n		00000EF6:20:60	
1740	続柄	つづきがら	relationship (register field)	noun	ui	00000EF6:26:143	provisional	n	a field label on the 戸籍謄本 (26:143, 26:149, 26:152)	00000EF6:26:143	
1741	長女	ちょうじょ	eldest daughter	noun	term	00000EF6:26:149	provisional	n	register value; cf. 次女	00000EF6:26:149	
1742	養父	ようふ	adoptive father	noun	term	00000EF6:26:150	provisional	n	register label	00000EF6:26:150	
1743	養母	ようぼ	adoptive mother	noun	term	00000EF6:26:151	provisional	n	register label	00000EF6:26:151	
1744	養女	ようじょ	adopted daughter	noun	term	00000EF6:26:152	provisional	n	register value	00000EF6:26:152	
1745	車椅子	くるまいす	wheelchair	noun	object	00000EF6:14:99	provisional	n		00000EF6:14:99	
1746	留置所	りゅうちじょ	the police cells	noun	place	00000EF6:8:164	provisional	n		00000EF6:8:164	
1747	両墓制	りょうぼせい	the two-grave system	noun	concept	00000EF6:8:165	provisional	n	a burial grave at 荒田 and a visiting grave near the hospital; the narration explains it (no TN)	00000EF6:8:165	
1748	娑婆	しゃば	the outside world	noun	term	00000EF6:8:168	provisional	n	prison slang, of Natsumi's mother	00000EF6:8:168	
1749	災い転じて福となす	わざわいてんじてふくとなす	a blessing in disguise	phrase	term	00000EF6:8:175	provisional	n		00000EF6:8:175	
1750	民話	みんわ	folk tale	noun	term	00000EF6:8:196	provisional	n		00000EF6:8:196	
1751	福井県	ふくいけん	Fukui Prefecture	noun	place	00000EF6:110:42	provisional	n		00000EF6:110:42	
1752	鬼女	きじょ	demon woman	noun	concept	00000EF6:110:48	provisional	n	鬼女の面 = a demon-woman mask	00000EF6:110:48	
1753	姑	しゅうとめ	mother-in-law	noun	person	00000EF6:110:43	provisional	n	in the folk tale; printed with ruby-residue spaces " 姑 " at most occurrences	00000EF6:110:43	
1754	住職	じゅうしょく	the head priest	noun	title	00000EF6:110:74	provisional	n		00000EF6:110:74	
1755	念仏	ねんぶつ	the nembutsu (prayer)	noun	term	00000EF6:50:23	provisional	n	50:23 "念仏のような恨み言" = a droning, chant-like grudge	00000EF6:50:23	
1756	懺悔	ざんげ	repent	noun	term	00000EF6:110:77	provisional	n		00000EF6:110:77	
1757	語り部	かたりべ	storyteller	noun	term	00000EF6:110:84	provisional	n		00000EF6:110:84	
1758	看板娘	かんばんむすめ	the shop's star girl	noun	term	00000EF6:110:163	provisional	n		00000EF6:110:163	
1759	なっちゃん	なっちゃん	Nat-chan	noun	person	00000EF6:110:159	fixed	n	Natsumi's nickname at the izakaya; V355 CLOSED P15	00000EF6:110:159	
1760	長さん	ちょうさん?	Cho-san	noun	person	00000EF6:26:67	fixed	n	a regular; reading not given; V354 CLOSED P15	00000EF6:26:67	
1761	山さん	やまさん	Yama-san	noun	person	00000EF6:110:175	fixed	n	a regular; V354 CLOSED P15	00000EF6:110:175	
1762	店長	てんちょう	the manager / Boss	noun	title	00000EF6:26:45	fixed	n	Natsumi addresses him 店長; 110:309 she jokes he will be 社長; V354 CLOSED P15: "the manager" in narration, "Boss" as address	00000EF6:26:45	
1763	2号店	にごうてん	the second shop	noun	place	00000EF6:67:16	provisional	n		00000EF6:67:16	
1764	居酒屋	いざかや	izakaya	noun	place	00000EF6:140:108	provisional	n		00000EF6:140:108	
1765	お酌	おしゃく	pouring drinks (for a customer)	noun	term	00000EF6:110:165	provisional	n		00000EF6:110:165	
1766	地鶏モモのたたき	じどりもものたたき	seared free-range chicken thigh	noun	food	00000EF6:110:183	provisional	n	モモのたたき at 110:181	00000EF6:110:183	
1767	生ビール	なまびーる	draft beer	noun	food	00000EF6:110:205	provisional	n		00000EF6:110:205	
1768	出禁	できん	banned from the shop	noun	term	00000EF6:110:218	provisional	n		00000EF6:110:218	
1769	逮捕状	たいほじょう	an arrest warrant	noun	term	00000EF6:110:213	provisional	n		00000EF6:110:213	
1770	サバイバル寿司	さばいばるずし	Survival Sushi	noun	food	00000EF6:110:252	provisional	n	the dish; the game is 寿司サバイバル (next row)	00000EF6:110:252	
1771	寿司サバイバル	すしさばいばる	Sushi Survival	noun	event	00000EF6:110:247	provisional	n	the game (14 pieces, 7 with wasabi); modelled on ロシアンたこ焼き	00000EF6:110:247	
1772	キャロライナ・リーパー	きゃろらいな・りーぱー	Carolina Reaper	noun	food	00000EF6:110:263	provisional	n		00000EF6:110:263	
1773	元木大学	もときだいがく	Motoki University	noun	org	00000EF6:110:245	fixed	n	P15; follows 元木町	00000EF6:110:245	
1774	時給	じきゅう	hourly wage	noun	term	00000EF6:110:285	provisional	n		00000EF6:110:285	
1775	高校中退	こうこうちゅうたい	a high-school dropout	noun	term	00000EF6:110:295	provisional	n		00000EF6:110:295	
1776	2次会	にじかい	an after-party (second round)	noun	event	00000EF6:110:243	provisional	n		00000EF6:110:243	
1777	ウェーイ	うぇーい	Wooo!	interjection	interjection	00000EF6:110:244	fixed	n	stretched "ウウウェェェェーーーイイイ！！" (110:253): stretch carried per STRETCHED ENDINGS; P15: the party whoop; stretched forms Woooooooooo!!	00000EF6:110:244	
1778	生徒会	せいとかい	the student council	noun	org	00000EF6:134:71	provisional	n		00000EF6:134:71	
1779	生徒会長	せいとかいちょう	student council president	noun	title	00000EF6:134:72	provisional	n		00000EF6:134:72	
1780	論文	ろんぶん	paper / thesis	noun	term	00000EF6:134:74	provisional	n		00000EF6:134:74	
1781	プレゼン大会	ぷれぜんたいかい	the presentation contest	noun	event	00000EF6:67:6	provisional	n	also 論文大会 (134:83)	00000EF6:67:6	
1782	無認可薬品	むにんかやくひん	unapproved drugs	noun	term	00000EF6:134:77	provisional	n		00000EF6:134:77	
1783	臨床実験	りんしょうじっけん	clinical trials	noun	term	00000EF6:134:77	provisional	n		00000EF6:134:77	
1784	文系	ぶんけい	humanities track	noun	term	00000EF6:134:80	provisional	n		00000EF6:134:80	
1785	理系	りけい	science track	noun	term	00000EF6:134:79	provisional	n		00000EF6:134:79	
1786	偏差値	へんさち	test scores (deviation score)	noun	term	00000EF6:134:84	provisional	n		00000EF6:134:84	
1787	志望校	しぼうこう	her first-choice school	noun	term	00000EF6:134:84	provisional	n		00000EF6:134:84	
1788	ホットミルク	ほっとみるく	hot milk	noun	food	00000EF6:134:52	provisional	n		00000EF6:134:52	
1789	外出許可	がいしゅつきょか	permission to go out	noun	term	00000EF6:134:63	provisional	n		00000EF6:134:63	
1790	家族写真	かぞくしゃしん	a family photo	noun	term	00000EF6:14:135	provisional	n	recurs as the promise (8:220)	00000EF6:14:135	
1791	家人療養	かじんりょうよう	caring for a sick family member	noun	term	00000EF6:67:215	provisional	n	inside a quoted excuse 『家人療養のため、数日休みます』	00000EF6:67:215	
1792	退学届	たいがくとどけ	notice of withdrawal (from school)	noun	term	00000EF6:140:62	provisional	n		00000EF6:140:62	
1793	無期懲役	むきちょうえき	life imprisonment	noun	term	00000EF6:140:184	provisional	n	P19: 0000156A; 無期懲役囚 = "a lifer"; 終身刑 (92:9) = "imprisonment until you die" (the text contrasts them)	00000EF6:140:184	
1794	山姥	やまんば	a mountain hag	noun	concept	00000EF6:36:129	provisional	n		00000EF6:36:129	
1795	新しい世界	あたらしいせかい	a new world	phrase	concept	00000EF6:8:25	provisional	n	recurring motif of the file (8:25-36, 8:134, 14:185-203, 8:204-206): one English throughout	00000EF6:8:25	
1796	奇跡	きせき	miracle	noun	concept	00000EF6:140:11	provisional	n	recurring in 140:11-22, 140:171-177, 20:222-224	00000EF6:140:11	
1797	祀耀802年四月八日	しようはちひゃくにねんしがつようか	Shiyo 802, April 8	noun	date	00000EF6:8:153	provisional	n	caption "祀耀802年四月八日、早朝――。"	00000EF6:8:153	
1798	祀耀802年四月三〇日	しようはちひゃくにねんしがつさんじゅうにち	Shiyo 802, April 30	noun	date	00000EF6:8:156	provisional	n		00000EF6:8:156	
1799	祀耀802年四月七日	しようはちひゃくにねんしがつなのか	Shiyo 802, April 7	noun	date	00000EF6:14:0	provisional	n	captions with clock times 6:00, 15:00, 20：00 (V356)	00000EF6:14:0	
1800	祀耀802年四月六日	しようはちひゃくにねんしがつむいか	Shiyo 802, April 6	noun	date	00000EF6:20:0	provisional	n	captions with 15:00, 18:00, 20：00	00000EF6:20:0	
1801	祀耀800年四月八日	しようはっぴゃくねんしがつようか	Shiyo 800, April 8	noun	date	00000EF6:140:0	provisional	n		00000EF6:140:0	
1802	おじいちゃん	おじいちゃん	Grandpa	noun	person	00000EF6:61:55	provisional	n	Natsumi's grandfather (her own relative); おじいちゃんたち = her grandparents	00000EF6:61:55	
1803	はーい	はーい	Coming! / Okay!	interjection	interjection	00000EF6:20:18	provisional	n	function: a staff reply to a call (20:18, 20:20 "はーい、すぐ行きまーす"; 61:224 "――はーい。"); 110:254 "はーい！　じゃあご用意しますね！" = "Okay!"	00000EF6:20:18	
1804	ちぇ	ちぇ	Tch	interjection	interjection	00000EF6:8:215	provisional	n	a mild sulk (Haruka 8:215)	00000EF6:8:215	
1805	えへ	えへ	Hehe	interjection	interjection	00000EF6:61:203	provisional	n	a pleased, shy laugh (Goto 61:203; Natsumi 67:16, 140:50); cf. あは = "Aha"	00000EF6:61:203	
1806	きゃ	きゃ	Eek!	interjection	interjection	00000EF6:110:197	provisional	n	a startled squeal (Natsumi, groped)	00000EF6:110:197	
1807	ロリコンでもシリコンでも	ろりこんでもしりこんでも	lolicon or silicon	phrase	term	00000EF6:36:255	fixed	n	Natsumi's narration rhymes ロリコン with シリコン ("whether he's a lolicon or silicone"); a sound pun with no meaning; TN case 4 or an English rhyme (V358); V358 CLOSED P15: the rhyme survives in English, no TN	00000EF6:36:255	
1808	古村秋菜	ふるむらあきな (ruby 00000F0D:8:131, 38:147)	Akina Furumura	noun	person	00000F0D:8:131	fixed	n	夏菜's false name, built from her own: 新 (new) -> 古 (old), 夏 (summer) -> 秋 (autumn); the narration remarks on it (8:133); reading not given; V367 CLOSED P16: romanized; one TN at 00000F0D:8:133 names the mechanism (nii/furu = new/old, ka/aki = summer/autumn); QP16A-01: the ruby reads Furumura, Komura withdrawn	00000F0D:8:131	
1809	秋菜ちゃん	あきなちゃん	Akina-chan	noun	person	00000F0D:8:134	fixed	n	address to the false name (the plainclothes officer, Goto); Ise once says bare 秋菜 (44:96), which Goto notices (44:101); V367 CLOSED P16; the surname is Furumura (QP16A-01)	00000F0D:8:134	
1810	夏菜ちゃん	かなちゃん	Kana-chan	noun	person	00000F0D:56:65	provisional	n	Goto, Natsumi on 夏菜; reading かな per 26:181-184 (V107)	00000F0D:56:65	
1811	大ちゃん	だいちゃん	Dai-chan	noun	person	00000F0D:20:0	provisional	n	nickname for 伊勢大二郎 used by the soba-shop woman; 夏菜 borrows it while posing as his relative (38:148)	00000F0D:20:0	
1812	家出少女	いえでしょうじょ	runaway girl	noun	term	00000F0D:8:109	provisional	n	recurring self-label of 夏菜 and police term	00000F0D:8:109	
1813	居場所	いばしょ	a place to belong	noun	concept	00000F0D:20:80	fixed	n	the file's refrain word (Ise's view of runaways; 夏菜's home, then 元木町 and Ise himself); V381 CLOSED P16: one noun everywhere, inflected (my place to belong / your place to belong / a place to belong)	00000F0D:20:80	
1814	天皇陛下	てんのうへいか	His Majesty the Emperor / the Emperor	noun	title	00000F0D:8:75	provisional	n	crowd cheer "天皇陛下ばんざーい！" -> "Long live the Emperor!"	00000F0D:8:75	
1815	皇后さま	こうごうさま	Your Majesty the Empress / the Empress	noun	title	00000F0D:8:76	provisional	n	crowd cry; narration 皇后様 (8:81)	00000F0D:8:76	
1816	日の丸	ひのまる	the Rising Sun flag	noun	object	00000F0D:8:72	provisional	n	日の丸野次馬 (8:80) -> "the flag-waving crowd"	00000F0D:8:72	
1817	私服警官	しふくけいかん	plainclothes officer(s)	noun	title	00000F0D:8:185	provisional	n		00000F0D:8:185	
1818	佐波県警本部	さわけんけいほんぶ	Sawa Prefectural Police Headquarters	noun	org	00000F0D:8:183	provisional	n	follows 佐波県 (resolved 2026-10-02)	00000F0D:8:183	
1819	青少年健全育成	せいしょうねんけんぜんいくせい	the healthy development of young people	noun	term	00000F0D:14:1	provisional	n	Ise's watchword; 健全 recurs as his catchword ("健全かつ健康的" 14:99)	00000F0D:14:1	
1820	佐波県青少年健全育成委員	さわけんせいしょうねんけんぜんいくせいいいん	the Sawa Prefecture Youth Development Committee	noun	org	00000F0D:14:60	provisional	n	Ise is a 理事 of it; follows 佐波県 (resolved 2026-10-02)	00000F0D:14:60	
1821	理事	りじ	director (board member)	noun	title	00000F0D:14:60	provisional	n		00000F0D:14:60	
1822	進路指導室	しんろしどうしつ	a career-guidance room	noun	place	00000F0D:14:5	provisional	n		00000F0D:14:5	
1823	逸材	いつざい	a rare talent / a find	noun	term	00000F0D:14:50	provisional	n	Ise means her looks; 夏菜 takes it as hunting skill	00000F0D:14:50	
1824	高速 / 拘束	こうそく	TBD (pun: expressway / restraint; see V368)	noun	term	00000F0D:14:118	provisional	n	夏菜 says 高速 (expressway); Ise hears 拘束 (restraint, tying up); homophone	00000F0D:14:118	
1825	きんりょうなろ、しれいない	きんりょうなろ、しれいない	TBD (a bitten garble of "緊張などしていない"; see V369)	phrase	term	00000F0D:14:134	provisional	n	Ise bites his tongue; narration "ついに噛み始めた" (14:135)	00000F0D:14:134	
1826	旅は道連れ世は情け	たびはみちづれよはなさけ	TBD (a traveler needs company, and the world needs kindness)	phrase	term	00000F0D:14:148	provisional	n	proverb quoted by 夏菜 as her mother's saying	00000F0D:14:148	
1827	一期一会	いちごいちえ	every meeting happens only once	phrase	term	00000F0D:14:149	provisional	n	set phrase	00000F0D:14:149	
1828	ざるそば	ざるそば	cold soba on a bamboo tray	noun	food	00000F0D:20:161	provisional	n		00000F0D:20:161	
1829	薬味	やくみ	condiments	noun	food	00000F0D:20:162	provisional	n		00000F0D:20:162	
1830	出汁	だし	broth / stock	noun	food	00000F0D:20:171	provisional	n		00000F0D:20:171	
1831	めんつゆ	めんつゆ	noodle dipping sauce	noun	food	00000F0D:20:172	provisional	n		00000F0D:20:172	
1832	妾	めかけ	a mistress	noun	term	00000F0D:20:6	provisional	n	ruby residue " 妾 "; Ise's old-fashioned word	00000F0D:20:6	
1833	天真爛漫	てんしんらんまん	innocent and unaffected	adj	term	00000F0D:20:45	provisional	n	Ise's "type"	00000F0D:20:45	
1834	ドストライク	どすとらいく	right down the middle of (his) strike zone	noun	term	00000F0D:20:47	provisional	n	slang; pairs with ストライクゾーン (20:39)	00000F0D:20:47	
1835	ストライクゾーン	すとらいくぞーん	strike zone	noun	term	00000F0D:20:39	provisional	n	figurative (romantic type)	00000F0D:20:39	
1836	中三	ちゅうさん	third year of middle school	noun	term	00000F0D:20:52	provisional	n	cf. 高3	00000F0D:20:52	
1837	殺人衝動	さつじんしょうどう	murderous urge	noun	concept	00000F0D:20:118	provisional	n	also 殺人欲求 (68:71), 殺意	00000F0D:20:118	
1838	殺人欲求	さつじんよっきゅう	the craving to kill	noun	concept	00000F0D:68:71	provisional	n		00000F0D:68:71	
1839	幽閉	ゆうへい	confined / locked away	noun	term	00000F0D:20:100	provisional	n	Chigaya under the secret base	00000F0D:20:100	
1840	発狂	はっきょう	went mad / a frenzy	noun	term	00000F0D:20:99	provisional	n	also 集団発狂	00000F0D:20:99	
1841	集団発狂	しゅうだんはっきょう	mass frenzy	noun	term	00000F0D:68:0	provisional	n		00000F0D:68:0	
1842	元木駅集団発狂殺人事件	もときえきしゅうだんはっきょうさつじんじけん	the Motoki Station mass-frenzy killings	noun	event	00000F0D:68:0	provisional	n	caption name; cf. 元木町事件	00000F0D:68:0	
1843	品行方正	ひんこうほうせい	well-behaved / proper conduct	noun	term	00000F0D:20:105	provisional	n		00000F0D:20:105	
1844	親公認	おやこうにん	with my parents' approval	noun	term	00000F0D:26:131	provisional	n	親公認の家出少女 / 親公認の理由	00000F0D:26:131	
1845	待ち受け画面	まちうけがめん	lock-screen wallpaper	noun	ui	00000F0D:26:68	provisional	n		00000F0D:26:68	
1846	下心	したごころ	ulterior motives	noun	term	00000F0D:26:159	provisional	n		00000F0D:26:159	
1847	呼び捨て	よびすて	calling someone by their bare name (no suffix)	noun	term	00000F0D:26:175	provisional	n	the name-form event of the file; cf. 000002F6:11:61 (V295)	00000F0D:26:175	
1848	流し目	ながしめ	a sidelong glance	noun	term	00000F0D:26:168	provisional	n		00000F0D:26:168	
1849	児童誘拐	じどうゆうかい	child abduction	noun	term	00000F0D:32:45	provisional	n		00000F0D:32:45	
1850	買春	かいしゅん	paying a minor for sex	noun	term	00000F0D:32:143	provisional	n	Kana's tease; Ise's rebuttal 32:145	00000F0D:32:143	
1851	パーテーション	ぱーてーしょん	partition	noun	object	00000F0D:32:11	provisional	n		00000F0D:32:11	
1852	ペペロンチーノ	ぺぺろんちーの	peperoncino (spaghetti with garlic and chili)	noun	food	00000F0D:38:30	provisional	n		00000F0D:38:30	
1853	養子縁組	ようしえんぐみ	adoption	noun	term	00000F0D:38:42	provisional	n	cf. 養子	00000F0D:38:42	
1854	実の妹	じつのいもうと	real younger sister	noun	person	00000F0D:38:49	provisional	n	cf. 実の姉	00000F0D:38:49	
1855	隠匿	いんとく	harboring / concealing	noun	term	00000F0D:38:131	provisional	n		00000F0D:38:131	
1856	新陳代謝	しんちんたいしゃ	metabolism	noun	term	00000F0D:44:74	provisional	n		00000F0D:44:74	
1857	ロリコン冥利に尽きる	ろりこんみょうりにつきる	a lolicon's dream come true	phrase	term	00000F0D:44:80	fixed	n	Goto's tease; 冥利に尽きる set phrase ("couldn't ask for more"); P16	00000F0D:44:80	
1858	5階建てマンション	ごかいだてまんしょん	a five-story apartment building	noun	place	00000F0D:44:146	provisional	n	American "5-story" (STYLE numerals: floors are measurements, digits)	00000F0D:44:146	
1859	異次元	いじげん	another dimension	noun	concept	00000F0D:44:152	provisional	n		00000F0D:44:152	
1860	少数精鋭	しょうすうせいえい	a small, elite team	noun	term	00000F0D:44:168	provisional	n		00000F0D:44:168	
1861	刑法103条-105条の2『犯人蔵匿及び証拠隠滅の罪』	けいほう	Penal Code Articles 103 to 105-2, 'Harboring Criminals and Destroying Evidence'	phrase	term	00000F0D:44:199	provisional	n	statute citation spoken by Goto in the vision; 『』 -> single quotes (STYLE)	00000F0D:44:199	
1862	自衛隊	じえいたい	the Self-Defense Forces	noun	org	00000F0D:44:203	provisional	n		00000F0D:44:203	
1863	2000円札	にせんえんさつ	a 2,000-yen bill	noun	object	00000F0D:50:109	provisional	n	narration: "今は珍しい"	00000F0D:50:109	
1864	野宿	のじゅく	sleeping outdoors	noun	term	00000F0D:50:111	provisional	n		00000F0D:50:111	
1865	発信履歴	はっしんりれき	outgoing call log	noun	ui	00000F0D:50:74	provisional	n	cf. 着信履歴	00000F0D:50:74	
1866	506号室	ごまるろくごうしつ	Room 506	noun	place	00000F0D:56:237	provisional	n	hotel room	00000F0D:56:237	
1867	同志	どうし	comrade(s)	noun	term	00000F0D:179:175	fixed	n	夏菜's word for the women turned 翠眼 by the blood; P16: shipped 00000C08 "comrade"; Kana's word for the women turned green-eyed by the blood	00000F0D:179:175	
1868	等活地獄	とうかつじごく	the Hell of Revival	noun	concept	00000F0D:179:181	fixed	n	the first Buddhist hell, where the damned kill each other and revive; used as an image; P16: no TN; the image explains itself	00000F0D:179:181	
1869	テレホンカード	てれほんかーど	phone card	noun	object	00000F0D:179:139	provisional	n		00000F0D:179:139	
1870	電話ボックス	でんわぼっくす	phone booth	noun	place	00000F0D:62:30	provisional	n		00000F0D:62:30	
1871	ヒッチハイク	ひっちはいく	hitchhiking	noun	term	00000F0D:62:32	provisional	n		00000F0D:62:32	
1872	祀耀804年四月八日	しようはっぴゃくよねんしがつようか	Shiyo 804, April 8	noun	date	00000F0D:68:53	provisional	n	CALENDAR rule	00000F0D:68:53	
1873	祀耀805年八月一日	しようはっぴゃくごねんはちがつついたち	Shiyo 805, August 1	noun	date	00000F0D:68:0	provisional	n	caption	00000F0D:68:0	
1874	七月二九日	しちがつにじゅうくにち	July 29	noun	date	00000F0D:68:239	provisional	n	Natsumi's birthday per Goto (V383)	00000F0D:68:239	
1875	園長先生	えんちょうせんせい	the director (of the children's home)	noun	title	00000F0D:68:15	provisional	n	address 先生-title: STYLE standalone 先生 rule; "Director" as address (TBD)	00000F0D:68:15	
1876	退園	たいえん	leave (the children's home)	noun	term	00000F0D:68:26	provisional	n		00000F0D:68:26	
1877	親代わり	おやがわり	stand-in parent	noun	term	00000F0D:68:37	provisional	n		00000F0D:68:37	
1878	非番	ひばん	off duty	noun	term	00000F0D:68:36	provisional	n		00000F0D:68:36	
1879	神経ガス	しんけいがす	nerve gas	noun	term	00000F0D:68:60	provisional	n		00000F0D:68:60	
1880	テロ	てろ	terrorism / a terror attack	noun	term	00000F0D:68:60	provisional	n	『テロ』 in quotes 68:76	00000F0D:68:60	
1881	前科	ぜんか	a criminal record	noun	term	00000F0D:68:75	provisional	n		00000F0D:68:75	
1882	特効薬	とっこうやく	wonder drug	noun	term	00000F0D:68:82	provisional	n	= ファルシフィカソ here	00000F0D:68:82	
1883	フォトスタンド	ふぉとすたんど	photo frame	noun	object	00000F0D:68:225	provisional	n	Ise's gift; motif to 74:193-196	00000F0D:68:225	
1884	髪留め	かみどめ	hair clip	noun	object	00000F0D:68:246	provisional	n		00000F0D:68:246	
1885	北海道富良野産のメロン	ほっかいどうふらのさんのめろん	a Furano melon from Hokkaido	phrase	food	00000F0D:68:251	provisional	n	cf. 富良野市	00000F0D:68:251	
1886	違法駐車	いほうちゅうしゃ	illegal parking	noun	term	00000F0D:74:64	provisional	n		00000F0D:74:64	
1887	みぞおち	みぞおち	the pit of the stomach	noun	term	00000F0D:74:92	provisional	n		00000F0D:74:92	
1888	お幸せに	おしあわせに	TBD (Be happy together!)	phrase	term	00000F0D:74:190	provisional	n	written on the back of Goto's photo, in 『』	00000F0D:74:190	
1889	ハーフ	はーふ	half-Japanese	noun	term	00000F0D:8:143	fixed	n	"秋菜ちゃんはハーフなの！？"; mixed parentage; V382 CLOSED P16: "Are you half-Japanese!?"; 純日本人 = "fully Japanese"	00000F0D:8:143	
1890	純日本人	じゅんにほんじん	fully Japanese	noun	term	00000F0D:8:147	provisional	n		00000F0D:8:147	
1891	四捨五入	ししゃごにゅう	rounding off	noun	term	00000F0D:8:137	provisional	n	"やっと私も四捨五入で20歳ですよ！"	00000F0D:8:137	
1892	屋台アイス	やたいあいす	ice cream from a stall	noun	food	00000F0D:8:14	provisional	n	at 豊岳駅	00000F0D:8:14	
1893	買い食い	かいぐい	buying snacks to eat on the way	noun	term	00000F0D:8:14	provisional	n		00000F0D:8:14	
1894	命綱	いのちづな	lifeline	noun	term	00000F0D:8:23	provisional	n	her wallet	00000F0D:8:23	
1895	白般若	しろはんにゃ	the White Hannya	noun	person	00000F24:64:136	fixed	n	a figure named by its mask (a white 般若 Noh mask) and 白装束; = 新村美冬 from 142:139; keep ungendered before that (V388); P17 (V388): ungendered until 00000F24:142:139; 88:48 explains the mask in-text	00000F24:64:136	
1896	白装束	しろしょうぞく	white robes	noun	object	00000F24:64:136	provisional	n	also "白い羽織もの" 106:279; pairs with 赤装束	00000F24:64:136	
1897	ヴェルジ	ヴェルジ	Verde	noun	person	00000F24:118:251	fixed	n	the mummified girl worshipped as the settlement's goddess; the text glosses the name as Portuguese for "green" (100:149); P17 Q17-1: Portuguese spelling restored (the text glosses the name as Portuguese for green, 00000F24:100:149; shipped tsv-en ref title "The Goddess Verde"; shipped rite lines use "novo bruxa")	00000F24:118:251	
1898	ヴェルジ様	ヴェルジさま	Lady Verde	noun	person	00000F24:112:183	fixed	n	suffix on a deity name used as address/reference by the possessed; P17 Q17-1; follows ヴェルジ	00000F24:112:183	
1899	女神ヴェルジ	めがみヴェルジ	the Goddess Verde	noun	title	00000F24:100:74	fixed	n	女神 = "goddess" per GLOSSARY 女神; P17 Q17-1	00000F24:100:74	
1900	ヴェルジ教	ヴェルジきょう	the Verde faith	noun	org	00000F24:64:89	fixed	n	Goto's provisional name (仮称, 118:254); P17 Q17-1; Goto's provisional name	00000F24:64:89	
1901	トミ	トミ	Tomi	noun	person	00000F24:100:81	provisional	n	ヴェルジ's name in life (100:80-81)	00000F24:100:81	
1902	ブルーシャ	ブルーシャ	Bruxa	noun	title	00000F24:106:92	fixed	n	name given to サクラ's mummy as a goddess; unglossed in the text (Portuguese bruxa = witch); P17 Q17-1: Portuguese spelling (bruxa = witch; the shipped rite lines already use "novo bruxa", 00000A62-line19)	00000F24:106:92	
1903	女神ブルーシャ	めがみブルーシャ	the Goddess Bruxa	noun	title	00000F24:106:92	fixed	n	in 『』 at 106:92; P17 Q17-1	00000F24:106:92	
1904	恵み	めぐみ	the Blessing	noun	concept	00000F24:88:139	provisional	n	always in 『』; what the goddess mummy gives off (Goto: like pollen, 94:111)	00000F24:88:139	
1905	繁栄の儀	はんえいのぎ	the Rite of Prosperity	noun	event	00000F24:94:69	provisional	n	in 『』	00000F24:94:69	
1906	第四世代	だいよんせだい	the fourth generation	noun	concept	00000F24:100:177	provisional	n	Goto's hypothesis; series with 第一世代-第三世代	00000F24:100:177	
1907	寄生種	きせいしゅ	a parasitic species	noun	term	00000F24:100:179	provisional	n		00000F24:100:179	
1908	宿主	しゅくしゅ	host	noun	term	00000F24:88:230	provisional	n	parasite's host	00000F24:88:230	
1909	胚	はい	embryo	noun	term	00000F24:94:112	provisional	n	the villagers become 胚 (193:40-46)	00000F24:94:112	
1910	苗床	なえどこ	seedbed	noun	term	00000F24:94:112	provisional	n		00000F24:94:112	
1911	繁殖	はんしょく	breed / propagation	noun	term	00000F24:88:18	provisional	n		00000F24:88:18	
1912	自家不和合性	じかふわごうせい	self-incompatibility	noun	term	00000F24:94:92	provisional	n	botany term, Goto	00000F24:94:92	
1913	クローン	クローン	clone	noun	term	00000F24:94:89	provisional	n		00000F24:94:89	
1914	被子植物	ひししょくぶつ	a flowering plant (angiosperm)	noun	term	00000F24:142:88	provisional	n		00000F24:142:88	
1915	冬虫夏草	とうちゅうかそう	cordyceps	noun	term	00000F24:100:236	provisional	n		00000F24:100:236	
1916	女王蜂	じょおうばち	queen bee	noun	term	00000F24:100:202	provisional	n	in 『』 at 100:202	00000F24:100:202	
1917	働き蜂	はたらきばち	worker bees	noun	term	00000F24:100:202	provisional	n		00000F24:100:202	
1918	ロイコクロリディウム	ロイコクロリディウム	Leucochloridium	noun	term	00000F24:142:75	provisional	n	a real parasite, in 『』	00000F24:142:75	
1919	タイワンアリタケ	タイワンアリタケ	Ophiocordyceps (the zombie-ant fungus)	noun	term	00000F24:142:82	provisional	n	real fungus; "タイワンアリタケの仲間" = "a relative of"	00000F24:142:82	
1920	ハリガネムシ	ハリガネムシ	horsehair worms	noun	term	00000F24:142:86	provisional	n		00000F24:142:86	
1921	ミイラ	ミイラ	the mummy	noun	term	00000F24:88:138	fixed	n	P23: ヴェルジのミイラ = "the Verde mummy" (shipped); トミのミイラ = "Tomi's mummy"	00000F24:88:138	
1922	ミイラ取りがミイラになる	ミイラとりがミイラになる	the one who goes for a mummy ends up a mummy	phrase	term	00000F24:94:180	provisional	n	a set phrase used about a real mummy here, so the image is kept	00000F24:94:180	
1923	一周忌	いっしゅうき	the first-anniversary memorial	noun	event	00000F24:106:84	fixed	n	memorial on the first anniversary; P17: 00000F24:106:84 (one year after the death; 三回忌 stays "the third-year memorial service")	00000F24:106:84	
1924	追善供養	ついぜんくよう	merit-adding prayers	noun	concept	00000F24:70:12	fixed	n	Goto glosses 追善 as "善行を追加する" (76:119); the English must carry "adding good deeds"; P17: carries Goto's gloss 追善 = adding good deeds (76:119 "Merit-adding: you add good deeds―") without a TN	00000F24:70:12	
1925	阿鼻地獄	あびじごく	the Avici Hell	noun	concept	00000F24:76:106	provisional	n	paired with 無間地獄 as two names	00000F24:76:106	
1926	無間地獄	むけんじごく	the Hell of Unceasing Torment	noun	concept	00000F24:76:106	provisional	n		00000F24:76:106	
1927	鳥葬	ちょうそう	a sky burial	noun	term	00000F24:193:19	provisional	n		00000F24:193:19	
1928	心筋梗塞	しんきんこうそく	a heart attack	noun	term	00000F24:76:50	provisional	n		00000F24:76:50	
1929	土葬	どそう	buried (in the ground)	noun	term	00000F24:142:153	provisional	n		00000F24:142:153	
1930	司法解剖	しほうかいぼう	a forensic autopsy	noun	term	00000F24:187:56	provisional	n		00000F24:187:56	
1931	腐敗死体	ふはいしたい	a decomposing body	noun	term	00000F24:76:73	provisional	n		00000F24:76:73	
1932	お雑煮	おぞうに	ozoni (New Year mochi soup)	noun	food	00000F24:76:129	provisional	n		00000F24:76:129	
1933	どら焼き	どらやき	a dorayaki	noun	food	00000F24:64:49	provisional	n		00000F24:64:49	
1934	和菓子	わがし	Japanese sweets	noun	food	00000F24:64:43	provisional	n		00000F24:64:43	
1935	非常食	ひじょうしょく	emergency food	noun	food	00000F24:64:45	provisional	n		00000F24:64:45	
1936	保存料	ほぞんりょう	preservatives	noun	term	00000F24:64:47	provisional	n		00000F24:64:47	
1937	高血糖	こうけっとう	high blood sugar	noun	term	00000F24:64:53	provisional	n		00000F24:64:53	
1938	糸姫山	いとひめやま	Mount Itohime	noun	place	00000F24:70:19	fixed	n	the 山籠 mountain; P17: shipped 0000217A x3 (V389 resolved)	00000F24:70:19	
1939	糸姫温泉	いとひめおんせん	Itohime Hot Spring	noun	place	00000F24:70:23	fixed	n	named by Haruka ("命名者、私"); P17; follows 糸姫山	00000F24:70:23	
1940	秘湯	ひとう	a secret hot spring	noun	place	00000F24:70:23	provisional	n		00000F24:70:23	
1941	源泉	げんせん	the spring's source	noun	place	00000F24:70:47	provisional	n		00000F24:70:47	
1942	湯冷め	ゆざめ	getting chilled after a bath	noun	term	00000F24:70:35	provisional	n		00000F24:70:35	
1943	湯たんぽ	ゆたんぽ	a hot-water bottle	noun	object	00000F24:70:37	provisional	n		00000F24:70:37	
1944	春眠暁を覚えず	しゅんみんあかつきをおぼえず	in spring, sleep does not notice the dawn	phrase	term	00000F24:70:6	provisional	n	a quoted classical line ("とはよく言ったものだ")	00000F24:70:6	
1945	自浄作用	じじょうさよう	natural self-cleaning	noun	term	00000F24:70:58	provisional	n		00000F24:70:58	
1946	ブロイラー	ブロイラー	broiler chicken	noun	food	00000F24:70:55	provisional	n		00000F24:70:55	
1947	通過儀礼	つうかぎれい	a rite of passage	noun	term	00000F24:76:4	provisional	n		00000F24:76:4	
1948	嫁候補	よめこうほ	a prospective bride	noun	term	00000F24:76:10	provisional	n		00000F24:76:10	
1949	克己心	こっきしん	self-discipline	noun	term	00000F24:76:160	provisional	n	克己 at 76:154 = "master myself"	00000F24:76:160	
1950	煩悩	ぼんのう	a worldly craving	noun	concept	00000F24:76:153	provisional	n		00000F24:76:153	
1951	俗世	ぞくせ	the everyday world	noun	term	00000F24:76:1	provisional	n		00000F24:76:1	
1952	下界	げかい	the world down below	noun	term	00000F24:76:164	provisional	n		00000F24:76:164	
1953	仙人	せんにん	a hermit sage	noun	term	00000F24:193:117	provisional	n		00000F24:193:117	
1954	境界未定地	きょうかいみていち	land with undetermined boundaries	noun	term	00000F24:118:211	provisional	n	in 『』; cf. 所属未定地 (00000E7B), a different word	00000F24:118:211	
1955	文化人類学	ぶんかじんるいがく	cultural anthropology	noun	term	00000F24:118:227	provisional	n		00000F24:118:227	
1956	セレジェイラ聖教	セレジェイラせいきょう	the Holy Cerejeira Church	noun	org	00000F24:118:259	fixed	n	a 女ケ沢市 faith from 荒田, collapsed about 70 years ago; P17 (V390): Portuguese spelling as for the other Arata Portuguese words	00000F24:118:259	
1957	篠崎ハジメ	しのざきハジメ	Hajime Shinozaki	noun	person	00000F24:118:272	provisional	n	reading assumed (V391); changed his name	00000F24:118:272	
1958	神器	じんぎ	a sacred object	noun	object	00000F24:118:270	provisional	n		00000F24:118:270	
1959	異邦人	いほうじん	foreigners	noun	term	00000F24:100:84	provisional	n		00000F24:100:84	
1960	大和民族	やまとみんぞく	the Yamato Japanese	noun	term	00000F24:100:84	provisional	n		00000F24:100:84	
1961	内戦	ないせん	a civil war	noun	event	00000F24:100:101	provisional	n		00000F24:100:101	
1962	しもべ	しもべ	servant	noun	term	00000F24:64:88	provisional	n	女神のしもべ = 神使 per Goto (64:88, 64:107)	00000F24:64:88	
1963	人中	じんちゅう	the philtrum	noun	term	00000F24:106:264	provisional	n	glossed in full-width parentheses (鼻と口の間)	00000F24:106:264	
1964	独鈷	どっこ	the dokko (behind the ear)	noun	term	00000F24:106:264	fixed	n	glossed (耳の裏); martial-arts vital point; P17: the text glosses it (耳の裏); romanized	00000F24:106:264	
1965	炭酸マグネシウム	たんさんマグネシウム	magnesium carbonate	noun	term	00000F24:106:235	provisional	n		00000F24:106:235	
1966	峰打ち	みねうち	a blow with the back of the blade	noun	term	00000F24:106:291	provisional	n		00000F24:106:291	
1967	足払い	あしばらい	a foot sweep	noun	term	00000F24:106:246	provisional	n		00000F24:106:246	
1968	回し蹴り	まわしげり	a roundhouse kick	noun	term	00000F24:106:220	provisional	n	後ろ回し蹴り 124:141 = a spinning back kick	00000F24:106:220	
1969	刃こぼれ	はこぼれ	nicks (in a blade)	noun	term	00000F24:88:58	provisional	n		00000F24:88:58	
1970	足元をすくわれる	あしもとをすくわれる	get your legs swept out from under you	phrase	term	00000F24:106:242	provisional	n	quoted in 『』 at 106:244 and followed by a literal sweep: keep the leg image	00000F24:106:242	
1971	怨霊	おんりょう	a vengeful spirit	noun	concept	00000F24:88:48	provisional	n		00000F24:88:48	
1972	敵愾心	てきがいしん	hostility	noun	term	00000F24:88:48	provisional	n		00000F24:88:48	
1973	カセットコンロ	カセットコンロ	a portable gas burner	noun	object	00000F24:112:101	provisional	n		00000F24:112:101	
1974	煮物	にもの	simmered stew	noun	food	00000F24:64:16	provisional	n	meat, egg and vegetables (112:102)	00000F24:64:16	
1975	郷に入れば郷に従え	ごうにいればごうにしたがえ	When in Rome, do as the Romans do	phrase	term	00000F24:112:187	provisional	n	set phrase of the same weight (STYLE images and set phrases)	00000F24:112:187	
1976	視床下部	ししょうかぶ	the hypothalamus	noun	term	00000F24:112:165	provisional	n		00000F24:112:165	
1977	扁桃体	へんとうたい	the amygdala	noun	term	00000F24:112:166	provisional	n		00000F24:112:166	
1978	前頭葉	ぜんとうよう	the frontal lobe	noun	term	00000F24:112:166	provisional	n		00000F24:112:166	
1979	整理券	せいりけん	a numbered boarding ticket	noun	object	00000F24:118:142	provisional	n	rural-train fare ticket	00000F24:118:142	
1980	死者操作	ししゃそうさ	controlling the dead	noun	concept	00000F24:187:43	provisional	n		00000F24:187:43	
1981	瞬間移動	しゅんかんいどう	teleportation	noun	concept	00000F24:187:43	provisional	n		00000F24:187:43	
1982	帰巣本能	きそうほんのう	homing instinct	noun	concept	00000F24:88:257	provisional	n		00000F24:88:257	
1983	無線LAN	むせんラン	Wi-Fi	noun	term	00000F24:130:49	provisional	n		00000F24:130:49	
1984	無料通話アプリ	むりょうつうわアプリ	a free calling app	noun	term	00000F24:130:71	provisional	n		00000F24:130:71	
1985	意気地なし	いくじなし	coward	noun	term	00000F24:88:99	provisional	n		00000F24:88:99	
1986	ご尊顔	ごそんがん	your noble face (mocking)	noun	term	00000F24:88:101	provisional	n	mock-honorific insult	00000F24:88:101	
1987	祀耀340年	しよう340ねん	Shiyo 340	noun	date	00000F24:100:102	provisional	n		00000F24:100:102	
1988	祀耀354年	しよう354ねん	Shiyo 354	noun	date	00000F24:100:153	provisional	n		00000F24:100:153	
1989	乗り物酔い	のりものよい	carsick	noun	term	00000F40:11:5	provisional	n		00000F40:11:5	
1990	瘴気	しょうき	foul air	noun	term	00000F40:11:12	provisional	n	comic, of her nausea	00000F40:11:12	
1991	高級旅館	こうきゅうりょかん	a luxury inn	noun	place	00000F40:11:29	provisional	n		00000F40:11:29	
1992	宴会場	えんかいじょう	banquet hall	noun	place	00000F40:11:30	provisional	n		00000F40:11:30	
1993	新郎新婦	しんろうしんぷ	the bride and groom	noun	term	00000F40:11:32	provisional	n		00000F40:11:32	
1994	小上がり	こあがり	a raised tatami area	noun	place	00000F40:11:50	provisional	n		00000F40:11:50	
1995	万歳	ばんざい	banzai (cheer)	interjection	interjection	00000F40:11:51	provisional	n		00000F40:11:51	
1996	酒癖	さけぐせ	how someone behaves drunk	noun	term	00000F40:11:54	provisional	n	酒癖が悪い = a bad drunk	00000F40:11:54	
1997	泣き上戸	なきじょうご	a crying drunk	noun	term	00000F40:11:60	provisional	n		00000F40:11:60	
1998	土産物屋	みやげものや	souvenir shop	noun	place	00000F40:11:65	provisional	n		00000F40:11:65	
1999	テレビ電話	テレビでんわ	video call	noun	term	00000F40:11:103	provisional	n		00000F40:11:103	
2000	フロント	フロント	the front desk	noun	place	00000F40:11:115	provisional	n		00000F40:11:115	
2001	迷子	まいご	lost	noun	term	00000F40:11:120	provisional	n	"春花も迷子？" replay of 00000E95:11:125	00000F40:11:120	
2002	全裸親父	ぜんらおやじ	the naked old man	noun	term	00000F57:11:58	provisional	n	Haruka's narration, comic	00000F57:11:58	
2003	のぞき	のぞき	peeper	noun	term	00000F57:11:68	provisional	n	shouted list with 変態, 痴漢	00000F57:11:68	
2004	変態	へんたい	pervert	noun	term	00000F57:11:68	provisional	n		00000F57:11:68	
2005	婦女暴行	ふじょぼうこう	assault on women	noun	term	00000F57:11:99	provisional	n	charge in Haruka's fantasy	00000F57:11:99	
2006	わいせつ物陳列	わいせつぶつちんれつ	indecent exposure	noun	term	00000F57:11:99	provisional	n		00000F57:11:99	
2007	現行犯逮捕	げんこうはんたいほ	arrested in the act	noun	term	00000F57:11:99	provisional	n		00000F57:11:99	
2008	風呂桶	ふろおけ	bath bucket	noun	object	00000F57:11:62	provisional	n		00000F57:11:62	
2009	洗いっこ	あらいっこ	washing each other	noun	term	00000F57:11:116	provisional	n		00000F57:11:116	
2010	絡み酒	からみざけ	pestering people when drunk	noun	term	00000F57:11:136	provisional	n		00000F57:11:136	
2011	裸の付き合い	はだかのつきあい	a naked friendship (bathing together)	phrase	term	00000F57:11:138	provisional	n	idiom used literally as a joke	00000F57:11:138	
2012	クソ親父	クソおやじ	damn old man	noun	term	00000F57:11:139	provisional	n		00000F57:11:139	
2013	家族行事	かぞくぎょうじ	family outing	noun	term	00000F6F:11:43	provisional	n		00000F6F:11:43	
2014	お化け屋敷	おばけやしき	haunted house (attraction)	noun	place	00000F6F:11:139	provisional	n		00000F6F:11:139	
2015	ジェットコースター	ジェットコースター	roller coaster	noun	object	00000F6F:11:114	provisional	n		00000F6F:11:114	
2016	心霊スポット	しんれいスポット	haunted spot	noun	place	00000F6F:11:153	provisional	n		00000F6F:11:153	
2017	逆切れ	ぎゃくぎれ	snapping back (when in the wrong)	noun	term	00000F6F:11:131	provisional	n		00000F6F:11:131	
2018	自分語り	じぶんがたり	talking about myself	noun	term	00000F87:11:75	provisional	n		00000F87:11:75	
2019	地毛	じげ	natural hair color	noun	term	00000F87:11:98	provisional	n		00000F87:11:98	
2020	偏見	へんけん	prejudice	noun	term	00000F87:11:174	provisional	n	refrain in 00000F87 (11:221 『偏見』)	00000F87:11:174	
2021	接客業	せっきゃくぎょう	customer-service work	noun	term	00000F87:11:142	provisional	n		00000F87:11:142	
2022	名づけ親	なづけおや	the one who named (her)	noun	term	00000F87:11:276	provisional	n		00000F87:11:276	
2023	ニート	ニート	NEET (jobless)	noun	term	00000F87:11:311	provisional	n	ニート生活 = "living as a NEET"	00000F87:11:311	
2024	劣等感	れっとうかん	inferiority complex	noun	term	00000F87:11:182	provisional	n		00000F87:11:182	
2025	仲違い	なかたがい	falling out	noun	term	00000F87:11:188	provisional	n		00000F87:11:188	
2026	存在価値	そんざいかち	reason to exist	noun	term	00000F87:11:207	provisional	n		00000F87:11:207	
2027	共同墓地	きょうどうぼち	the communal graveyard	noun	place	00000F9F:11:55	provisional	n		00000F9F:11:55	
2028	拘留	こうりゅう	held in custody	noun	term	00000F9F:11:41	provisional	n		00000F9F:11:41	
2029	大魔女の代理	だいまじょのだいり	standing in for the Grand Witch	phrase	term	00000F9F:11:43	provisional	n	follows 大魔女	00000F9F:11:43	
2030	あやか	あやか	Ayaka	noun	person	00000FB7:11:84	provisional	n	Mifuyu's stillborn child; kana only	00000FB7:11:84	
2031	既成事実	きせいじじつ	a done deal (fait accompli)	noun	term	00000FB7:11:173	provisional	n		00000FB7:11:173	
2032	番人	ばんにん	guardian	noun	term	00000FB7:11:177	provisional	n		00000FB7:11:177	
2033	退学の手続	たいがくのてつづき	withdrawal paperwork	phrase	term	00000FB7:11:174	provisional	n	cf. 退学届	00000FB7:11:174	
2034	ノーブラ	ノーブラ	no bra	noun	term	00000FCF:43:34	provisional	n		00000FCF:43:34	
2035	社会人	しゃかいじん	working adult	noun	term	00000FCF:43:27	provisional	n		00000FCF:43:27	
2036	就職	しゅうしょく	getting a job	noun	term	00000FCF:43:24	provisional	n		00000FCF:43:24	
2037	季節外れの花	きせつはずれのはな	out-of-season blossoms	phrase	term	00000FCF:19:13	provisional	n	cf. 狂い咲き	00000FCF:19:13	
2038	ペットボトルロケット	ペットボトルロケット	bottle rocket	noun	object	00001039:19:7	provisional	n		00001039:19:7	
2039	ボトル缶	ボトルかん	bottle-can	noun	object	00001039:19:4	provisional	n		00001039:19:4	
2040	クソ野郎ども	クソやろうども	you bastards (greeting)	phrase	term	00001039:19:0	provisional	n	video host's crude greeting	00001039:19:0	
2041	メッタ刺し	めったざし	stabbing again and again	noun	term	0000104E:11:6	provisional	n		0000104E:11:6	
2042	断末魔	だんまつま	death cry	noun	term	0000104E:11:27	provisional	n		0000104E:11:27	
2043	自我	じが	my sense of self	noun	term	0000104E:11:10	provisional	n		0000104E:11:10	
2044	ゴマコメマメ知識	ゴマコメマメちしき	TBD (a TV trivia segment title; pun on 豆知識)	noun	title	00001073:8:7	provisional	n		00001073:8:7	
2045	日本園芸大学	にほんえんげいだいがく	Japan University of Horticulture	noun	org	00001073:8:11	provisional	n		00001073:8:11	
2046	名誉教授	めいよきょうじゅ	professor emeritus	noun	title	00001073:8:11	provisional	n		00001073:8:11	
2047	秋野冬夫	あきの ふゆお	Fuyuo Akino	noun	person	00001073:8:11	provisional	n	reading assumed	00001073:8:11	
2048	ゆきちゃん	ゆきちゃん	Yuki-chan	noun	person	00001073:8:5	provisional	n	see V426	00001073:8:5	
2049	変質者	へんしつしゃ	creeps	noun	term	00001073:8:18	provisional	n		00001073:8:18	
2050	品種	ひんしゅ	variety (of plant)	noun	term	00001073:8:26	provisional	n		00001073:8:26	
2051	寄生生物	きせいせいぶつ	a parasite	noun	term	00001073:8:32	provisional	n	cf. 寄生	00001073:8:32	
2052	浮気者	うわきもの	a two-timer	noun	term	00001073:8:36	provisional	n		00001073:8:36	
2053	大物ミュージシャン	おおものミュージシャン	big-name musicians	noun	term	00001073:8:0	provisional	n		00001073:8:0	
2054	場所取り	ばしょとり	saving a spot	noun	term	00001073:8:2	provisional	n		00001073:8:2	
2055	元号	げんごう	era name	noun	term	0000107B:11:0	provisional	n		0000107B:11:0	
2056	太良聖守	たらのきよもり	Tara no Kiyomori	noun	person	0000107B:11:1	fixed	n	parody name; reading not given; P18 (V410): ruby たらのきよもり in 0000107B; の-name kept as is (STYLE name order)	0000107B:11:1	
2057	太良氏	たらし	the Tara clan	noun	org	0000107B:11:2	fixed	n	P18 (V410): ruby たら on 太良	0000107B:11:2	
2058	盛者必衰の理	じょうしゃひっすいのことわり	the rule that the mighty must fall	phrase	term	0000107B:11:2	provisional	n	" 理 " ruby residue	0000107B:11:2	
2059	皇子	みこ / おうじ	the Prince	noun	title	0000107B:11:3	provisional	n	narrator of 0000107B	0000107B:11:3	
2060	皇子様	みこさま / おうじさま	Your Highness	noun	title	0000107B:11:60	provisional	n	糸姫's address	0000107B:11:60	
2061	令旨	りょうじ	the Prince's decree	noun	term	0000107B:11:4	provisional	n		0000107B:11:4	
2062	湊氏	そうし	the Minato clan	noun	org	0000107B:11:6	fixed	n	P18 (V410): the clan name carries ruby そう (on-reading, like 源氏 Genji); English keeps the kun-reading of the person names for readability	0000107B:11:6	
2063	湊綱宗	みなとのつなむね	Minato no Tsunamune	noun	person	0000107B:11:9	fixed	n	cf. STYLE の-names; P18 (V410): ruby みなとのつなむね; の-name kept as is	0000107B:11:9	
2064	綱宗	つなむね	Tsunamune	noun	person	0000107B:11:9	provisional	n		0000107B:11:9	
2065	湊朝寄	みなとのともより	Minato no Tomoyori	noun	person	0000107B:11:48	fixed	n	head of the 東の都; P18 (V410): ruby みなとのともより; の-name kept as is	0000107B:11:48	
2066	朝寄	ともより	Tomoyori	noun	person	0000107B:11:161	fixed	n	P18 (V410): ruby ともより (3x)	0000107B:11:161	
2067	西の都	にしのみやこ	the Western Capital	noun	place	0000107B:11:17	provisional	n		0000107B:11:17	
2068	東の都	ひがしのみやこ	the Eastern Capital	noun	place	0000107B:11:17	provisional	n		0000107B:11:17	
2069	京	きょう	the capital	noun	place	0000107B:11:84	provisional	n	see V431	0000107B:11:84	
2070	従者	じゅうしゃ	attendants	noun	term	0000107B:11:19	provisional	n		0000107B:11:19	
2071	甲冑	かっちゅう	armor	noun	object	0000107B:11:15	provisional	n		0000107B:11:15	
2072	糸姫	いとひめ	Itohime	noun	person	0000107B:11:50	fixed	n	P18 (V408): one name, ruby いとひめ; 0000107B:11:73 carries the hime gloss in its own words	0000107B:11:50	
2073	糸	いと	Ito	noun	person	0000107B:11:68	provisional	n	the girl's own name; P23 QUNTR21-04: 糸 alone = "Ito" (人物/糸.tsv row 0), 糸姫 = "Itohime"; owner question Q23-3	0000107B:11:68	
2074	人肉	じんにく	human flesh	noun	term	0000107B:11:91	provisional	n		0000107B:11:91	
2075	化け物鹿	ばけものじか	a monster deer	noun	term	0000107B:11:107	provisional	n		0000107B:11:107	
2076	天涯孤独	てんがいこどく	all alone in the world	phrase	term	0000107B:11:68	provisional	n		0000107B:11:68	
2077	天田	あまた	Amata	noun	place	0000107B:11:218	fixed	n	rejected name, "天の田"; P18 (V409): ruby あまた; the lines 11:217-226 gloss both names themselves (heaven's field / a ruined field)	0000107B:11:218	
2078	祀耀元年四月八日	しようがんねんしがつようか	Shiyo 1, April 8	noun	date	0000107B:11:259	provisional	n	see V430	0000107B:11:259	
2079	台所奉行	だいどころぶぎょう	kitchen steward	noun	title	00001092:11:0	provisional	n		00001092:11:0	
2080	お館様	おやかたさま	my lord	noun	title	00001092:11:0	provisional	n		00001092:11:0	
2081	足軽	あしがる	foot soldier	noun	title	00001092:11:2	provisional	n		00001092:11:2	
2082	麻生田家	おうだけ?	the Ouda house	noun	org	00001092:11:4	fixed	y		00001092:11:4	
2083	麻生田領	おうだりょう	the Ouda domain	noun	place	00001092:11:30	fixed	n	P18: follows 麻生田家 (ruby おうだ)	00001092:11:30	
2084	間川基義	まがわもとよし	Motoyoshi Magawa	noun	person	00001092:11:5	fixed	n	P18 (V410): ruby まがわもとよし; no の, so Western order; address 基義殿 = Motoyoshi-dono, 基義様 = Lord Motoyoshi, 間川殿 = Magawa-dono	00001092:11:5	
2085	間川家	まがわけ?	the Magawa house	noun	org	00001092:11:7	fixed	y		00001092:11:7	
2086	間川	まがわ?	Magawa	noun	org	00001092:11:25	fixed	y		00001092:11:25	
2087	日本一の弓取り	にほんいちのゆみとり	the finest warlord in the land	phrase	title	00001092:11:6	provisional	n		00001092:11:6	
2088	奉公人	ほうこうにん	a servant	noun	title	00001092:11:15	provisional	n		00001092:11:15	
2089	吉郎	よしろう	Yoshiro	noun	person	00001092:11:27	fixed	n	豊吉's name for 藤吉郎; P18: ruby よしろう (4x in 00001092), not きちろう; 豊吉's name for 藤吉郎	00001092:11:27	
2090	豊吉	ほうきち	Hokichi	noun	person	00001092:11:28	fixed	n	P18: ruby ほうきち, not とよきち	00001092:11:28	
2091	密偵	みってい	a spy	noun	term	00001092:11:26	provisional	n		00001092:11:26	
2092	樽狭間	たるはざま	Taruhazama	noun	place	00001092:11:119	fixed	n	P18 (V410): ruby たるはざま (6x)	00001092:11:119	
2093	分国法	ぶんこくほう	domain law	noun	term	00001092:11:151	provisional	n		00001092:11:151	
2094	一円知行	いちえんちぎょう	full control of the lands	noun	term	00001092:11:153	provisional	n		00001092:11:153	
2095	年貢	ねんぐ	land tax	noun	term	00001092:11:153	provisional	n		00001092:11:153	
2096	竹田	たけだ	Takeda	noun	org	00001092:11:156	provisional	n	see V410	00001092:11:156	
2097	南条	なんじょう	Nanjo	noun	org	00001092:11:156	provisional	n	"南 条" ruby residue	00001092:11:156	
2098	イノシシ	イノシシ	boar	noun	term	00001092:11:181	provisional	n		00001092:11:181	
2099	祀耀309年	しよう309ねん	Shiyo 309	noun	date	00001092:11:22	provisional	n		00001092:11:22	
2100	祀耀310年	しよう310ねん	Shiyo 310	noun	date	00001092:11:82	provisional	n		00001092:11:82	
2101	1里	いちり	one ri (about 4 km)	noun	term	00001092:11:161	provisional	n	unit; numerals rule	00001092:11:161	
2102	藤吉郎	ふじよしろう	Fujiyoshiro	noun	person	000010AA:11:25	fixed	n	narrator of 00001092, 000010AA; P18: ruby ふじよしろう (000010AA), not とうきちろう; narrator of 00001092 / 000010AA; 藤殿 = Fuji-dono; 藤家 = the Fuji house	000010AA:11:25	
2103	藤殿	ふじどの	Fuji-dono	noun	person	000010AA:11:41	fixed	n	P18: ruby ふじ on 藤; -dono is in the STYLE suffix list; 儀之助's address for 藤吉郎	000010AA:11:41	
2104	新村儀之助	にいむら ぎのすけ	Ginosuke Niimura	noun	person	000010AA:11:26	provisional	n	a Westerner with a Japanese name	000010AA:11:26	
2105	儀之助	ぎのすけ	Ginosuke	noun	person	000010AA:11:28	provisional	n		000010AA:11:28	
2106	植民地	しょくみんち	colony	noun	term	000010AA:11:65	provisional	n		000010AA:11:65	
2107	尾張	おわり	Owari	noun	place	000010AA:11:69	provisional	n	see V431	000010AA:11:69	
2108	ガラス	ガラス	glass	noun	object	000010AA:11:173	provisional	n		000010AA:11:173	
2109	鬼神	きしん	demon warriors	noun	concept	000010AA:11:228	provisional	n	鬼神のごとき力	000010AA:11:228	
2110	一騎当千	いっきとうせん	a match for a thousand	phrase	term	000010AA:11:207	provisional	n		000010AA:11:207	
2111	平松泰基	ひらまつやすもと	Yasumoto Hiramatsu	noun	person	000010AA:11:258	fixed	n	P18 (V410): ruby ひらまつやすもと; Western order	000010AA:11:258	
2112	戸川保家	とがわやすいえ	Yasuie Togawa	noun	person	000010AA:11:258	fixed	n	P18 (V410): ruby とがわやすいえ; Western order	000010AA:11:258	
2113	四河地域	しかわちいき?	TBD (the Shikawa region)	noun	place	000010AA:11:258	provisional	n		000010AA:11:258	
2114	砦	とりで	fort	noun	place	000010AA:11:261	provisional	n	ruby residue	000010AA:11:261	
2115	天下	てんか	the realm	noun	concept	000010AA:11:230	provisional	n		000010AA:11:230	
2116	うつけ	うつけ	a fool (nickname)	noun	term	000010AA:11:191	provisional	n		000010AA:11:191	
2117	高みの見物	たかみのけんぶつ	watching from the heights	phrase	term	000010AA:11:285	provisional	n	used literally	000010AA:11:285	
2118	8尺	はっしゃく	8 shaku (about 2.4 m)	noun	term	000010AA:11:291	provisional	n	unit	000010AA:11:291	
2119	祀耀310年六月一二日	しよう310ねんろくがつじゅうににち	Shiyo 310, June 12	noun	date	000010AA:11:252	provisional	n		000010AA:11:252	
2120	Clientes para trazer uma refeicao.	-	(keep as in source; see V419)	phrase	term	000010AA:11:29	provisional	n		000010AA:11:29	
2121	Traga as drogas.	-	(keep as in source; see V419)	phrase	term	000010AA:11:131	provisional	n		000010AA:11:131	
2122	殿下	でんか	His Highness	noun	title	000010C3:11:0	provisional	n	= 藤吉郎 per colour and 藤家	000010C3:11:0	
2123	内府	だいふ	the Minister	noun	title	000010C3:11:36	fixed	n	narrator of 000010C3; P18: ruby だいふ; rendered "the Minister" (address "Minister"), no romanization in the text; narrator of 000010C3	000010C3:11:36	
2124	桜の呪い	さくらののろい	the curse of the cherries	phrase	concept	000010C3:11:4	provisional	n		000010C3:11:4	
2125	麻生田延永	おうだえんえい	Enei Ouda	noun	person	000010C3:11:5	fixed	n	P18 (V410): ruby えんえい on 延永 (2x in 000010C3), NOT nobunaga; 麻生田延永公 = Lord Enei Ouda	000010C3:11:5	
2126	鬼神の王	きしんのおう	the king of demon warriors	phrase	title	000010C3:11:5	provisional	n		000010C3:11:5	
2127	理性寺の変	りせいじのへん	the Riseiji Incident	noun	event	000010C3:11:8	fixed	n	P18 (V410): no ruby; りせいじ assumed	000010C3:11:8	
2128	蛙吉	あきち	Akichi	noun	person	000010C3:11:9	fixed	n	P18 (V410): ruby あきち; 蛙吉殿 = Akichi-dono	000010C3:11:9	
2129	薨去	こうきょ	passing (of a lord)	noun	term	000010C3:11:28	provisional	n		000010C3:11:28	
2130	吾大寺	ごだいじ	Godaiji	noun	place	000010C3:11:42	fixed	n	P18 (V410): ruby ごだいじ; 西の都の吾大寺 = Godaiji in the Western Capital	000010C3:11:42	
2131	傾奇者	かぶきもの	eccentric rogues	noun	term	000010C3:11:78	provisional	n		000010C3:11:78	
2132	荷車	にぐるま	cart	noun	object	000010C3:11:76	provisional	n		000010C3:11:76	
2133	上半身男	じょうはんしんおとこ	the man with only an upper body	noun	term	000010C3:11:147	provisional	n		000010C3:11:147	
2134	片足男	かたあしおとこ	the one-legged man	noun	term	000010C3:11:147	provisional	n		000010C3:11:147	
2135	心の臓	しんのぞう	the heart	noun	term	000010C3:11:158	provisional	n	archaic	000010C3:11:158	
2136	天下人	てんかびと	the ruler of the realm	noun	title	000010C3:11:81	provisional	n		000010C3:11:81	
2137	妖魔	ようま	demons	noun	concept	000010C3:11:286	provisional	n		000010C3:11:286	
2138	妖花	ようか	bewitching flowers	noun	concept	000010C3:11:287	provisional	n	cf. the title word 妖花	000010C3:11:287	
2139	藤家	ふじけ / とうけ?	TBD (the house of Fuji)	noun	org	000010C3:11:270	provisional	n		000010C3:11:270	
2140	戸川	とがわ	Togawa	noun	org	000010C3:11:283	provisional	n		000010C3:11:283	
2141	流行り病	はやりやまい	an epidemic	noun	term	000010C3:11:227	provisional	n		000010C3:11:227	
2142	祀耀332年	しよう332ねん	Shiyo 332	noun	date	000010C3:11:8	provisional	n		000010C3:11:8	
2143	祀耀340年四月五日	しよう340ねんしがついつか	Shiyo 340, April 5	noun	date	000010C3:11:75	provisional	n		000010C3:11:75	
2144	祀耀340年四月一一日	しよう340ねんしがつじゅういちにち	Shiyo 340, April 11	noun	date	000010C3:11:206	provisional	n		000010C3:11:206	
2145	四月二〇日	しがつはつか	April 20	noun	date	000010C3:11:46	provisional	n		000010C3:11:46	
2146	茶会	ちゃかい	tea ceremonies	noun	event	000010C3:11:234	provisional	n		000010C3:11:234	
2147	歌会	うたかい	poetry gatherings	noun	event	000010C3:11:234	provisional	n		000010C3:11:234	
2148	雷怨猫達	らいおんきゃっつ	the Lion Cats	noun	org	000010DD:11:76	fixed	n	a biker gang from the next city, yankee-style ateji name; P20PRE (V435): romanized by the source ruby ライオンキャッツ (the Q18-1 rule), no TN	000010DD:11:76	
2149	レディース	れでぃーす	a girls' biker gang	noun	org	000010DD:11:82	provisional	n	slang for a female 暴走族 gang	000010DD:11:82	
2150	少年院	しょうねんいん	juvenile detention	noun	place	000010DD:11:65	provisional	n		000010DD:11:65	
2151	蔵書	ぞうしょ	the storehouse's books	noun	object	000010DD:11:111	fixed	n	the 新村本家 蔵's old books (cf. 蔵); P20: aligned to the P20PRER form shipped in 000010DD (17 uses)	000010DD:11:111	
2152	古語辞典	こごじてん	a dictionary of classical Japanese	noun	object	000010DD:11:118	provisional	n		000010DD:11:118	
2153	隔世遺伝	かくせいいでん	skipping a generation (atavism)	noun	term	000010DD:11:115	provisional	n	foreign-looking children born now and then in 荒田	000010DD:11:115	
2154	セレ	せれ	Sele	noun	person	000010DD:11:120	fixed	n	the Westerner who took the name 新村儀之助 (000010AA); P20PRE (V436): the Westerner later named Ginosuke Niimura; the shipped Eden scripts name him only as Ginosuke	000010DD:11:120	
2155	甕	かめ	the crock	noun	object	000010DD:11:217	provisional	n		000010DD:11:217	
2156	原液	げんえき	the stock (undiluted liquid)	noun	term	000010DD:11:241	provisional	n	ドローガの原液 = the pink layer	000010DD:11:241	
2157	結晶	けっしょう	crystals	noun	term	000010DD:11:242	provisional	n	the pink ドローガ crystals (cf. 000010AA)	000010DD:11:242	
2158	躁状態	そうじょうたい	the manic high	noun	term	000010DD:11:306	provisional	n	11:267 "とんでもない躁の感覚"	000010DD:11:306	
2159	鬱状態	うつじょうたい	depression	noun	term	000010DD:11:267	provisional	n		000010DD:11:267	
2160	縫合手術	ほうごうしゅじゅつ	surgery to stitch it up	noun	term	000010DD:11:317	provisional	n		000010DD:11:317	
2161	田植え	たうえ	planting rice	noun	event	000010F5:8:10	provisional	n		000010F5:8:10	
2162	求婚	きゅうこん	proposal (of marriage)	noun	term	000010F5:8:107	provisional	n	cf. プロポーズ	000010F5:8:107	
2163	桐箱	きりばこ	paulownia boxes	noun	object	000010F5:8:159	provisional	n	cf. 桐	000010F5:8:159	
2164	運送業者	うんそうぎょうしゃ	a shipping company	noun	org	000010F5:8:161	provisional	n		000010F5:8:161	
2165	配送センター	はいそうせんたー	the delivery depot	noun	place	000010F5:8:202	provisional	n	豊岳の配送センター	000010F5:8:202	
2166	解毒薬	げどくやく	antidote	noun	term	000010F5:8:340	provisional	n	幸太郎's cover for ファルシフィカソ	000010F5:8:340	
2167	肉体増強	にくたいぞうきょう	physical enhancement	noun	term	000010F5:8:340	provisional	n		000010F5:8:340	
2168	投与	とうよ	dose (administer)	noun	term	000010F5:8:355	provisional	n		000010F5:8:355	
2169	うがががが	-	Ghhk-k-k-k	interjection	sfx	000010F5:8:255	provisional	n	same function as ぐがががが (frenzy onset); reuse that English	000010F5:8:255	
2170	ゲホッ	げほっ	cough	interjection	sfx	000010F5:8:74	provisional	n	katakana form of げほっ; same English	000010F5:8:74	
2171	祀耀790年四月一二日	しよう790ねんしがつじゅうににち	Shiyo 790, April 12	noun	date	0000110D:8:28	provisional	n		0000110D:8:28	
2172	祀耀790年四月一七日	しよう790ねんしがつじゅうしちにち	Shiyo 790, April 17	noun	date	0000110D:8:72	provisional	n	also written 四月十七日 (000011B4:8:124)	0000110D:8:72	
2173	栄一郎叔父さん	えいいちろうおじさん	Uncle Eiichiro	noun	person	0000110D:8:29	provisional	n	茅萱's real uncle; kinship term on a name (cf. 幸太郎伯父さん)	0000110D:8:29	
2174	東京市	とうきょうし	Tokyo City	noun	place	0000110D:24:124	fixed	n	TV weather; P20 (V437): the TV weather cells only, carried as written	0000110D:24:124	
2175	パッケージ版	ぱっけーじばん	the boxed (physical) edition	noun	term	0000110D:8:11	provisional	n	of video games	0000110D:8:11	
2176	抱っこひも	だっこひも	a baby carrier	noun	object	0000110D:8:149	provisional	n		0000110D:8:149	
2177	んまま	-	Mm-ma-ma	interjection	interjection	0000110D:8:148	fixed	n	baby 夏菜; P20: the shipped 00000A7C form	0000110D:8:148	
2178	早咲きの桜	はやざきのさくら	early-blooming cherries	phrase	term	0000110D:24:129	provisional	n		0000110D:24:129	
2179	開花予想	かいかよそう	the bloom forecast	noun	term	0000110D:24:129	provisional	n		0000110D:24:129	
2180	花粉	かふん	pollen	noun	term	0000110D:24:125	provisional	n		0000110D:24:125	
2181	美冬叔母さん	みふゆおばさん	Aunt Mifuyu	noun	person	00001124:8:9	provisional	n	茅萱's 3p form (a relative by marriage; STYLE kinship on a name)	00001124:8:9	
2182	本店	ほんてん	the main shop	noun	place	00001124:8:84	provisional	n	プリマベラ's is in 元木町	00001124:8:84	
2183	元木町本店	もときちょうほんてん	the Motoki main shop	noun	place	00001124:8:92	provisional	n	follows 元木町 (V009)	00001124:8:92	
2184	テニスサークル	てにすさーくる	a tennis club (university)	noun	org	00001124:8:31	provisional	n		00001124:8:31	
2185	王様ゲーム	おうさまげーむ	the King Game (a party game)	noun	term	00001124:8:54	provisional	n		00001124:8:54	
2186	四の字固め	よのじがため	a figure-four leglock	noun	term	00001124:8:54	provisional	n		00001124:8:54	
2187	隅田川	すみだがわ	the Sumida River	noun	place	00001124:8:45	provisional	n		00001124:8:45	
2188	赤ちょうちん	あかちょうちん	red-lantern bars	noun	place	00001124:8:65	provisional	n	cheap drinking places	00001124:8:65	
2189	女子力	じょしりょく	girl power (feminine polish)	noun	term	00001124:8:116	provisional	n		00001124:8:116	
2190	成人の日	せいじんのひ	Coming of Age Day	noun	event	00001124:8:62	provisional	n		00001124:8:62	
2191	酒乱	しゅらん	a wild drunk	noun	term	00001124:8:198	provisional	n		00001124:8:198	
2192	チャレンジメニュー	ちゃれんじめにゅー	eating-challenge menus	noun	term	00001124:8:195	provisional	n		00001124:8:195	
2193	猫をかぶる	ねこをかぶる	put on a sweet act	phrase	term	00001124:8:35	provisional	n	set phrase; the cat image is not used	00001124:8:35	
2194	二日酔い	ふつかよい	hangover	noun	term	00001124:8:6	provisional	n		00001124:8:6	
2195	恋に恋する	こいにこいする	in love with love	phrase	term	00001124:8:184	provisional	n		00001124:8:184	
2196	オムライス	おむらいす	omelette rice	noun	food	00001124:8:264	provisional	n	0000113D:8:70 the menu's "チキンライスオムレツセット"	00001124:8:264	
2197	ビギナーコーヒー	びぎなーこーひー	Beginner Coffee	noun	food	00001124:8:240	provisional	n	a menu name, "とやら"	00001124:8:240	
2198	山ガール	やまがーる	a mountain girl	noun	term	00001124:8:39	provisional	n		00001124:8:39	
2199	エンマ鹿	えんましか	Enma deer	noun	food	0000113D:8:99	fixed	n	荒田 game named for 閻魔 (cf. シニガミトカゲ); P20 (V438): the hell figure's name kept (the shinigami precedent), no note	0000113D:8:99	
2200	獄卒イノシシ	ごくそついのしし	hell-warden boar	noun	food	0000113D:8:99	fixed	n	荒田 game named for hell's jailers; P20 (V438): 獄卒 has no name to keep; translated	0000113D:8:99	
2201	古郡夫妻	こごおりふさい	the Kogori couple	noun	person	0000113D:8:132	provisional	n		0000113D:8:132	
2202	ハナちゃん	はなちゃん	Hana-chan	noun	person	00001154:8:5	provisional	n	茅萱's best friend in Tokyo	00001154:8:5	
2203	百合子	ゆりこ	Yuriko	noun	person	00001154:8:18	provisional	n	城崎's wife, the first 呪殺 victim (791)	00001154:8:18	
2204	城崎夫人	しろざきふじん	Mrs. Shirozaki	noun	person	00001154:8:14	provisional	n	narration term for 百合子	00001154:8:14	
2205	祀耀791年	しよう791ねん	Shiyo 791	noun	date	00001154:8:45	provisional	n		00001154:8:45	
2206	祀耀795年	しよう795ねん	Shiyo 795	noun	date	00001154:8:45	provisional	n		00001154:8:45	
2207	祀耀796年	しよう796ねん	Shiyo 796	noun	date	00001154:8:50	provisional	n		00001154:8:50	
2208	魔女の力	まじょのちから	the witch's power	phrase	concept	00001154:8:134	provisional	n	the feared name for the foresight (cf. 00000C38:11:87)	00001154:8:134	
2209	銀座	ぎんざ	Ginza	noun	place	0000116C:8:17	provisional	n		0000116C:8:17	
2210	料亭	りょうてい	a traditional high-end restaurant (ryotei)	noun	place	0000116C:8:31	provisional	n		0000116C:8:31	
2211	囲炉裏	いろり	a sunken hearth	noun	object	0000116C:8:39	provisional	n		0000116C:8:39	
2212	床の間	とこのま	an alcove (tokonoma)	noun	place	0000116C:8:56	provisional	n		0000116C:8:56	
2213	ふすま	ふすま	sliding doors	noun	object	0000116C:8:56	provisional	n		0000116C:8:56	
2214	和座椅子	わざいす	legless floor chairs	noun	object	0000116C:8:55	provisional	n		0000116C:8:55	
2215	お冷	おひや	ice water	noun	food	0000116C:8:87	provisional	n		0000116C:8:87	
2216	御令姪様	ごれいめいさま	your niece	noun	term	0000116C:8:75	provisional	n	仲居's honorific for 茅萱; suffix on a common noun is zero (STYLE)	0000116C:8:75	
2217	傀儡師	かいらいし	a puppeteer	noun	concept	0000116C:8:166	provisional	n	the unseen will 茅萱 senses	0000116C:8:166	
2218	天秤	てんびん	the scales	noun	concept	00001184:24:2	provisional	n	her guilt, personified; it speaks (V439)	00001184:24:2	
2219	托卵	たくらん	brood parasitism	noun	term	00001184:24:7	provisional	n	"托卵されたカッコウの卵のように" = like a cuckoo's egg laid in another nest	00001184:24:7	
2220	呪いらしきもの	のろいらしきもの	'something like a curse'	phrase	concept	00001184:16:32	provisional	n	美冬's words in 『』	00001184:16:32	
2221	祀耀800年四月一日	しよう800ねんしがつついたち	Shiyo 800, April 1	noun	date	0000119C:8:0	provisional	n		0000119C:8:0	
2222	歓迎コンパ	かんげいこんぱ	a welcome drinking party	noun	event	0000119C:8:5	provisional	n	cf. コンパ	0000119C:8:5	
2223	季節の御膳	きせつのごぜん	the seasonal set	noun	food	0000119C:8:64	provisional	n	the cheapest set	0000119C:8:64	
2224	フグと和牛の特選御膳	ふぐとわぎゅうのとくせんごぜん	the Special Fugu and Wagyu Set	noun	food	0000119C:8:87	provisional	n	39800円	0000119C:8:87	
2225	漱石枕流	そうせきちんりゅう	a sore loser's sophistry	phrase	term	0000119C:8:86	fixed	n	four-character idiom; IMAGES rule: English phrase of the same weight; P20: in-text English of the same weight (0000119C 8:86 "No, no―that's just a sore loser's sophistry!"), no TN	0000119C:8:86	
2226	嫋やか	たおやか	graceful	adj	term	0000119C:8:43	provisional	n		0000119C:8:43	
2227	アスタキサンチン	あすたきさんちん	astaxanthin	noun	term	0000119C:8:130	provisional	n		0000119C:8:130	
2228	カロテノプロテイン	かろてのぷろていん	carotenoprotein	noun	term	0000119C:8:130	provisional	n		0000119C:8:130	
2229	カロテノイド	かろてのいど	carotenoids	noun	term	0000119C:8:132	provisional	n		0000119C:8:132	
2230	無脊椎動物	むせきついどうぶつ	invertebrates	noun	term	0000119C:8:142	provisional	n		0000119C:8:142	
2231	脳筋	のうきん	all muscle, no brain	noun	term	0000119C:8:142	provisional	n		0000119C:8:142	
2232	何者か	なにものか	'someone' / 'something' (the unknown will)	noun	concept	0000119C:8:216	provisional	n	五島's 『何者か』; ungendered, unnamed; one English throughout (V433 family)	0000119C:8:216	
2233	矛盾の支配者	むじゅんのしはいしゃ	'the master of contradictions'	phrase	concept	0000119C:8:246	provisional	n	五島's coinage, in 『』 in narration	0000119C:8:246	
2234	危険を知らせる者	きけんをしらせるもの	'the one who warns of danger'	phrase	concept	0000119C:8:230	provisional	n	五島's term, in 『』	0000119C:8:230	
2235	超常現象	ちょうじょうげんしょう	the supernatural (paranormal phenomena)	noun	concept	0000119C:8:249	provisional	n	五島 defines it 8:267	0000119C:8:249	
2236	超音波	ちょうおんぱ	ultrasound	noun	term	0000119C:8:268	provisional	n		0000119C:8:268	
2237	東京スカイツリー	とうきょうすかいつりー	Tokyo Skytree	noun	place	000011B4:8:61	provisional	n	also スカイツリー	000011B4:8:61	
2238	東京タワー	とうきょうたわー	Tokyo Tower	noun	place	000011B4:8:78	provisional	n		000011B4:8:78	
2239	宝町駅	たからちょうえき	Takaracho Station	noun	place	000011B4:8:66	provisional	n	ruby-residue spaces in the source	000011B4:8:66	
2240	浅草線	あさくさせん	the Asakusa Line	noun	place	000011B4:8:66	provisional	n		000011B4:8:66	
2241	押上駅	おしあげえき	Oshiage Station	noun	place	000011B4:8:66	provisional	n		000011B4:8:66	
2242	展望台	てんぼうだい	the observation deck	noun	place	000011B4:8:214	provisional	n	450メートルの展望台	000011B4:8:214	
2243	富士山	ふじさん	Mount Fuji	noun	place	000011B4:8:215	provisional	n		000011B4:8:215	
2244	5W1H	ごだぶりゅーいちえいち	5W1H	noun	term	000011B4:8:139	provisional	n	keep the letters; the JP glosses What/Who/How/When/Where/Why	000011B4:8:139	
2245	真相の『根』	しんそうの『ね』	the 'root' of the truth	phrase	concept	000011B4:8:149	provisional	n	根 echoes the cherry roots; keep 'root'	000011B4:8:149	
2246	宝の持ち腐れ	たからのもちぐされ	a waste of talent	phrase	term	000011B4:8:232	provisional	n	set phrase	000011B4:8:232	
2247	ニコッと	にこっと	a soft smile	adv	term	000011B4:8:35	provisional	n	contrasted with ニカッと (grin) in 000011B4:8:35; keep the two apart	000011B4:8:35	
2248	四月五日	しがついつか	April 5	noun	date	000011B4:8:8	provisional	n		000011B4:8:8	
2249	アポカリプティックサウンド	あぽかりぷてぃっくさうんど	the apocalyptic sound	noun	term	000011CC:8:182	fixed	n	katakana English, 五島's term; "滅びの音" (00001247:8:94); identified with 猛き音; P21 (V465): Goto's katakana term, lowercase; the scripture's 猛き音 stays "the Fierce Sound"	000011CC:8:182	
2250	ストレンジサウンド	すとれんじさうんど	strange sounds	noun	term	000011CC:8:181	fixed	n	katakana English, 五島's term, said with アポカリプティックサウンド; P21 (V465): plural as the P21PRE line "Strange sounds... / Apocalyptic sounds..."	000011CC:8:181	
2251	豊岳線	とよたけせん	the Toyotake Line	noun	place	000011CC:8:184	fixed	n	station announcement "豊岳線は線路トラブルのため、上下線ともに運転を見合わせています"; P21: the P21PRE lock (follows 豊岳駅)	000011CC:8:184	
2252	メガホン	めがほん	megaphone	noun	object	000011CC:8:183	provisional	n		000011CC:8:183	
2253	ネクロ	ねくろ	Necro	noun	concept	000011E3:8:28	fixed	n	五島's name for the 『何者か』, short for ネクロマンサー; later = 死月妖花 (00001214:8:163); P20 (V458): Goto's coinage from necromancer; labels-0000189A/000018BF rows; her explanation kept plainly when drafted	000011E3:8:28	
2254	ネクロマンサー	ねくろまんさー	necromancer	noun	term	000011E3:8:30	provisional	n	五島 explains it as English for 呪術師 (V458)	000011E3:8:30	
2255	呪術師	じゅじゅつし	sorcerer	noun	term	000011E3:8:30	provisional	n		000011E3:8:30	
2256	金井桂子	かないけいこ	Keiko Kanai	noun	person	000011E3:8:61	provisional	n	美冬's grandmother (8:66); found the 御神木 in 祀耀737; reading assumed	000011E3:8:61	
2257	祀耀737年三月三〇日	しようななひゃくさんじゅうななねんさんがつさんじゅうにち	Shiyo 737, March 30	noun	date	000011E3:8:57	provisional	n	newspaper date	000011E3:8:57	
2258	祀耀737年	しようななひゃくさんじゅうななねん	Shiyo 737	noun	date	000011E3:8:68	provisional	n		000011E3:8:68	
2259	祀耀747年四月下旬	しようななひゃくよんじゅうななねんしがつげじゅん	late April, Shiyo 747	noun	date	000011E3:8:122	provisional	n	the research team's deaths	000011E3:8:122	
2260	研究員	けんきゅういん	researchers	noun	term	000011E3:8:53	provisional	n		000011E3:8:53	
2261	情報操作	じょうほうそうさ	manipulating information	noun	term	000011E3:8:139	provisional	n		000011E3:8:139	
2262	紙媒体	かみばいたい	paper records	noun	term	000011E3:8:148	provisional	n	五島: 紙媒体 -> 本 (8:149-152)	000011E3:8:148	
2263	子離れ	こばなれ	letting go of her child	noun	term	000011E3:8:205	provisional	n	茜's words quoted by 美冬, with "旅をさせる時期" (echo of the proverb かわいい子には旅をさせよ; no TN)	000011E3:8:205	
2264	ノーリスク・ハイリターン	のーりすくはいりたーん	no risk, high return	phrase	term	000011E3:8:223	provisional	n		000011E3:8:223	
2265	喪	も	mourning	noun	term	000011FA:8:6	provisional	n	named as a character, 『喪』 (V468)	000011FA:8:6	
2266	忌	き	death (as in mourning abstention)	noun	term	000011FA:8:6	provisional	n	named as a character, 『忌』 (V468)	000011FA:8:6	
2267	おばあさん	おばあさん	Obaasan	noun	person	000011FA:8:27	fixed	n	Natsumi's address / 3p for Haruka's grandmother (non-relative): O-57 keeps it Japanese; long vowel KEPT (the one exception) so it stays distinct from Obasan (おばさん, Haruka's mother) in the same cells; locked rulings-P7 QP7D-01 2026-10-01	000011FA:8:27	
2268	死月妖花	しがつようか	Shigatsu Youka	noun	concept	00001214:8:147	provisional	n	the organism's name in チガ姉's memo; identical to the game's title; reading = 四月八日 (shigatsu yoka)	00001214:8:147	
2269	ナラタケ	ならたけ	honey fungus	noun	term	00001214:8:149	provisional	n	Armillaria; "食用としても普通に用いられます" (8:167)	00001214:8:149	
2270	オニナラタケ	おにならたけ	dark honey fungus (Armillaria ostoyae)	noun	term	00001214:8:173	provisional	n	the Oregon giant; reading おにならたけ	00001214:8:173	
2271	ナラタケ病	ならたけびょう	Armillaria root rot	noun	term	00001214:8:179	provisional	n		00001214:8:179	
2272	植物寄生菌	しょくぶつきせいきん	a plant-parasitic fungus	noun	term	00001214:8:177	provisional	n	quoted term 『植物寄生菌』	00001214:8:177	
2273	子実体	しじつたい	fruiting body	noun	term	00001214:8:151	provisional	n	glossed in the text as キノコ (00001247:8:144; 000012F5:8:159)	00001214:8:151	
2274	菌床	きんしょう	mycelium (underground mass)	noun	term	00001214:8:174	provisional	n	"菌床面積"; 000012F5:8:171 printed "菌 床" (V483)	00001214:8:174	
2275	造林業	ぞうりんぎょう	forestry	noun	term	00001214:8:178	provisional	n		00001214:8:178	
2276	シロナガスクジラ	しろながすくじら	blue whale	noun	term	00001214:8:171	provisional	n		00001214:8:171	
2277	オレゴン州	おれごんしゅう	Oregon	noun	place	00001214:8:173	provisional	n		00001214:8:173	
2278	電子錠	でんしじょう	electronic lock	noun	object	00001214:8:61	provisional	n	the basement door, under ten years old	00001214:8:61	
2279	鍵の束	かぎのたば	key ring	phrase	object	00001214:8:4	provisional	n		00001214:8:4	
2280	必要悪	ひつようあく	a necessary evil	noun	term	00001214:8:6	provisional	n		00001214:8:6	
2281	五感	ごかん	the five senses	noun	term	00001214:8:141	provisional	n		00001214:8:141	
2282	五感ジャック	ごかんじゃっく	hijacking (her) senses	noun	term	000012C5:8:49	provisional	n	"五感をジャックできる" 00001214:8:216	000012C5:8:49	
2283	音声録音	おんせいろくおん	voice recording	noun	ui	00001214:8:195	provisional	n	app screen	00001214:8:195	
2284	容量	ようりょう	storage	noun	ui	00001214:8:196	provisional	n	pop-up 『容量が足りません。録音を中止します』	00001214:8:196	
2285	洞窟	どうくつ	cave	noun	place	0000122E:11:47	provisional	n		0000122E:11:47	
2286	ピラミッド	ぴらみっど	pyramid	noun	place	0000122E:11:94	provisional	n		0000122E:11:94	
2287	セーフ	せーふ	safe	adj	term	0000122E:11:84	provisional	n		0000122E:11:84	
2288	超能力	ちょうのうりょく	psychic powers	noun	concept	0000122E:11:82	provisional	n		0000122E:11:82	
2289	セレジェイラの教え	せれじぇいらのおしえ	'The Teachings of Cerejeira'	noun	title	00001247:8:66	fixed	n	a scripture in old Japanese; P21: follows the shipped "the Holy Cerejeira Church"; single quotes where the JP has 『』	00001247:8:66	
2290	教典	きょうてん	scripture	noun	object	00001247:8:65	provisional	n		00001247:8:65	
2291	セレ様	せれさま	Lord Sele	noun	person	00001247:8:75	fixed	n	= 新村儀之助 (8:85); P21: セレ = "Sele" (shipped, rulings-P19 P20PRE); the scripture's 様 = "Lord" (儀之助様 = "Lord Ginosuke")	00001247:8:75	
2292	儀之助様	ぎのすけさま	Lord Ginosuke	noun	person	00001247:8:97	provisional	n	the scripture's form	00001247:8:97	
2293	猛き音	たけきおと	the Fierce Sound	noun	concept	00001247:8:80	fixed	n	in 『』; the scripture's word for the sound; P19: the shipped SIDE2 lock (rulings-P18; lns-en-55/00002193); UNTR17 tables swept from "the Mighty Sound"	00001247:8:80	
2294	ボニータ	ぼにーた	Bonita	noun	term	00001247:8:102	provisional	n	glossed in the text: "母国語で『美しい』" (Portuguese bonita)	00001247:8:102	
2295	死人	しにん	the dead	noun	concept	00001247:8:80	provisional	n		00001247:8:80	
2296	死の軍勢	しのぐんぜい	the army of the dead	noun	concept	00001247:8:110	provisional	n	also 死者の軍勢 (8:109)	00001247:8:110	
2297	アバドン	あばどん	Abaddon	noun	person	00001247:8:110	provisional	n	the demon king in the scripture	00001247:8:110	
2298	間者	かんじゃ	spy	noun	term	00001247:8:117	provisional	n	glossed in the text "間者（スパイ）"	00001247:8:117	
2299	スパイ	すぱい	spy	noun	term	00001247:8:117	provisional	n	五島's word for 死月妖花's human agent (000012C5:8:197)	00001247:8:117	
2300	滝	たき	waterfall	noun	place	0000125E:8:49	provisional	n	"洞内の滝"	0000125E:8:49	
2301	テコの原理	てこのげんり	leverage	phrase	term	0000125E:8:132	provisional	n		0000125E:8:132	
2302	匍匐	ほふく	crawling on your belly	noun	term	0000125E:8:135	provisional	n		0000125E:8:135	
2303	生写真	なましゃしん	a real photo	noun	term	0000125E:8:182	provisional	n		0000125E:8:182	
2304	墓標	ぼひょう	grave marker	noun	object	0000127A:8:27	provisional	n	"墓標代わりの長い石"	0000127A:8:27	
2305	県大会	けんたいかい	the prefectural tournament	noun	event	00001295:8:35	provisional	n		00001295:8:35	
2306	3位決定戦	さんいけっていせん	the third-place match	noun	event	00001295:8:35	provisional	n		00001295:8:35	
2307	慟哭	どうこく	wailing	noun	term	00001295:8:110	provisional	n	glossed in the text "見苦しいほどに泣き叫ぶこと"	00001295:8:110	
2308	ふんふんふふーん	ふんふんふふーん	Hmm hmm hm-hmm	interjection	sfx	000012AD:12:45	provisional	n	humming; cf. ふんふんふーん	000012AD:12:45	
2309	小学五年生	しょうがくごねんせい	fifth grade	noun	term	000012AD:12:27	provisional	n	夏菜	000012AD:12:27	
2310	傾国の美女	けいこくのびじょ	a beauty who could topple a kingdom	phrase	term	000012C5:8:162	provisional	n	夏菜 explains it	000012C5:8:162	
2311	ネット小説	ねっとしょうせつ	web novels	noun	term	000012C5:8:169	provisional	n		000012C5:8:169	
2312	男運	おとこうん	luck with men	noun	term	000012C5:8:171	provisional	n		000012C5:8:171	
2313	語彙力	ごいりょく	vocabulary	noun	term	000012C5:8:120	provisional	n		000012C5:8:120	
2314	ゴイリョク	ごいりょく	'Vocabulary'	noun	term	000012C5:8:121	fixed	n	夏菜 echoes 語彙力 in katakana; P21 (000012C5 8:121): Kana parrots a new word; the katakana is carried by single quotes, no TN	000012C5:8:121	
2315	家族計画	かぞくけいかく	family planning	noun	term	000012C5:8:150	provisional	n		000012C5:8:150	
2316	誠実	せいじつ	sincere	adj	term	000012C5:8:151	provisional	n		000012C5:8:151	
2317	放火	ほうか	arson	noun	term	000012C5:8:240	provisional	n		000012C5:8:240	
2318	ナイスフォロー	ないすふぉろー	Nice save	phrase	term	000012DE:8:46	provisional	n		000012DE:8:46	
2319	善は急げ	ぜんはいそげ	no time to waste	phrase	term	000012DE:8:47	provisional	n		000012DE:8:47	
2320	一枚岩	いちまいいわ	united	noun	term	000012DE:8:89	provisional	n	"一枚岩ではない" = not united	000012DE:8:89	
2321	百も承知	ひゃくもしょうち	knew full well	phrase	term	000012C5:8:33	provisional	n		000012C5:8:33	
2322	暗証番号	あんしょうばんごう	code	noun	term	000012F5:8:0	provisional	n	0723 = なつみ (V328)	000012F5:8:0	
2323	日葡辞典	にっぽじてん	a Japanese-Portuguese dictionary	noun	object	000012F5:8:11	provisional	n		000012F5:8:11	
2324	荒田桜の生態について	あらたざくらのせいたいについて	TBD ('On the Ecology of the Arata Cherry'; follows 荒田桜)	noun	title	000012F5:8:110	provisional	n	report title in 『』	000012F5:8:110	
2325	ドローガの研究レポート	どろーがのけんきゅうれぽーと	the Droga research reports	phrase	object	000012F5:8:51	provisional	n	follows ドローガ	000012F5:8:51	
2326	帝の息子	みかどのむすこ	the Emperor's son	phrase	person	000012F5:8:5	provisional	n	= the 皇子 of 0000107B	000012F5:8:5	
2327	発芽	はつが	germinate	noun	term	000012F5:8:127	provisional	n		000012F5:8:127	
2328	毛細血管	もうさいけっかん	capillaries	noun	term	000012F5:8:128	provisional	n		000012F5:8:128	
2329	赤血球	せっけっきゅう	red blood cells	noun	term	000012F5:8:128	provisional	n		000012F5:8:128	
2330	電磁波	でんじは	electromagnetic waves	noun	term	000012F5:8:138	provisional	n		000012F5:8:138	
2331	レボドパ	れぼどぱ	levodopa	noun	term	000012F5:8:142	provisional	n	printed レポドパ (V470)	000012F5:8:142	
2332	DNA鑑定	でぃーえぬえーかんてい	DNA testing	noun	term	000012F5:8:168	provisional	n		000012F5:8:168	
2333	世代	せだい	generation	noun	concept	000012F5:8:81	provisional	n	as in 第一世代 .. 第四世代	000012F5:8:81	
2334	緑の目	みどりのめ	green eyes	phrase	concept	000011CC:8:89	provisional	n	cf. 緑目, 翠眼 (V272, V394)	000011CC:8:89	
2335	おはぎ	おはぎ	ohagi (sweet rice balls in bean paste)	noun	food	0000130D:8:18	provisional	n	mistaken for おにぎり	0000130D:8:18	
2336	おにぎり	おにぎり	rice ball	noun	food	0000130D:8:16	provisional	n		0000130D:8:16	
2337	温故知新	おんこちしん	learning from the old	noun	term	0000130D:8:11	provisional	n		0000130D:8:11	
2338	歴史は繰り返す	れきしはくりかえす	history repeats itself	phrase	term	0000130D:8:10	provisional	n		0000130D:8:10	
2339	2度あることは3度ある	にどあることはさんどある	what happens twice happens a third time	phrase	term	0000130D:8:10	provisional	n		0000130D:8:10	
2340	祀耀352年	しようさんびゃくごじゅうにねん	Shiyo 352	noun	date	0000130D:8:39	provisional	n		0000130D:8:39	
2341	祀耀482年	しようよんひゃくはちじゅうにねん	Shiyo 482	noun	date	0000130D:8:99	provisional	n		0000130D:8:99	
2342	祀耀768年	しようななひゃくろくじゅうはちねん	Shiyo 768	noun	date	0000130D:8:99	provisional	n		0000130D:8:99	
2343	若き大魔女	わかきだいまじょ	TBD (the young Grand Witch; follows 大魔女)	phrase	title	0000130D:8:101	provisional	n	482	0000130D:8:101	
2344	ヴェルジのミイラ	ゔぇるじのみいら	the Verde mummy	phrase	object	0000130D:8:59	fixed	n	in 『』; P17 Q17-1	0000130D:8:59	
2345	失踪	しっそう	disappearance / went missing	noun	term	0000130D:8:106	provisional	n	quoted 『失踪』 (8:121) as a word she weighs against 『死亡』	0000130D:8:106	
2346	通販雑誌	つうはんざっし	mail-order catalog	noun	object	00001325:8:1	provisional	n	a cosplay mail-order magazine among the grandmother's things	00001325:8:1	
2347	交換日記	こうかんにっき	exchange diary	noun	object	00001325:8:119	provisional	n	a notebook two friends write in by turns; 夏菜 wrote both sides (8:240-244); child spelling 交かん日記 in the entries (V486)	00001325:8:119	
2348	大翔	ひろと	Hiroto	noun	person	00001325:8:144	fixed	n	reading given 8:147; a boy in 夏菜's self-written diary; a name-reading joke 8:145-152 (V487); P22: 大翔君 = "Hiroto-kun"; the name-reading joke carried in-text (Q22-3)	00001325:8:144	
2349	小四	しょうよん	fourth grade	noun	term	00001325:8:172	provisional	n	fourth grade of elementary school	00001325:8:172	
2350	ひなまつり	ひなまつり	Hinamatsuri	noun	event	00001325:8:174	fixed	n	March 3; child spelling in the diary; P22: O-61 culture noun, no note (00001325 diary)	00001325:8:174	
2351	ひなだん	ひなだん	a tiered doll stand	noun	object	00001325:8:175	provisional	n	雛壇 in kana (child's writing)	00001325:8:175	
2352	おひな様	おひなさま	the Hina dolls	noun	object	00001325:8:175	provisional	n	the grandmother dressed as one (cosplay)	00001325:8:175	
2353	春休み	はるやすみ	spring break	noun	date	00001325:8:169	provisional	n	cf. 春休みボケ	00001325:8:169	
2354	一学期	いちがっき	the first term	noun	date	00001325:8:170	provisional	n	school term	00001325:8:170	
2355	無罪放免	むざいほうめん	cleared of everything	noun	term	00001325:8:54	provisional	n	夏菜's word	00001325:8:54	
2356	はよ読めや	はよよめや	Read it already.	phrase	interjection	00001325:8:195	fixed	n	茅萱's one Kansai-style tsukkomi (colour 茅萱); DIALECT POLICY, no regional English (V485); P22 (V485): blunt clipped English, no TN	00001325:8:195	
2357	なんでっしゃろ	なんでっしゃろ	Yes, yes, what can I do for you?	phrase	interjection	0000133D:8:88	fixed	n	夏菜's playful Kansai-style stock phrase "はいはい、なんでっしゃろ？" (V485); P22 (V485): a playful stock phrase, no TN	0000133D:8:88	
2358	天袋	てんぶくろ	the top cupboard	noun	place	0000133D:8:78	provisional	n	the small cupboard above a closet; printed "天 袋" (ruby residue)	0000133D:8:78	
2359	天井裏	てんじょううら	the space above the ceiling	noun	place	0000133D:8:46	provisional	n	cf. 屋根裏	0000133D:8:46	
2360	屋根裏	やねうら	the attic	noun	place	0000133D:8:140	provisional	n	where the three books were hidden	0000133D:8:140	
2361	死月妖花の生態	しがつようかのせいたい	'The Ecology of Shigatsu Youka'	noun	title	0000133D:8:144	fixed	n	the セレジェイラ聖教 report, about 70 years old; P22 rulings-P22 TITLES OF THE BOOKS; single quotes where the JP has 『』	0000133D:8:144	
2362	猛き音と翠眼呪殺	たけきおととすいがんじゅさつ	'The Fierce Sound and the Green-Eye Curse-Killing'	noun	title	0000133D:8:148	fixed	n	an old text; translated by 五島; P22: follows the locks 猛き音 / 翠眼呪殺	0000133D:8:148	
2363	失踪者共のなれの果て	しっそうしゃどものなれのはて	'What Became of the Vanished'	noun	title	0000133D:8:151	fixed	n	about 130 years old; 共 is a contemptuous plural; P22 rulings-P22	0000133D:8:151	
2364	集団失踪	しゅうだんしっそう	mass disappearance	noun	event	0000133D:8:160	provisional	n	祀耀668	0000133D:8:160	
2365	祀耀668年	しようろっぴゃくろくじゅうはちねん	Shiyo 668	noun	date	0000133D:8:160	provisional	n	"132年前"	0000133D:8:160	
2366	祀耀669年	しようろっぴゃくろくじゅうきゅうねん	Shiyo 669	noun	date	0000133D:8:162	provisional	n		0000133D:8:162	
2367	死月	しがつ	the month of death	noun	concept	0000133D:8:171	fixed	n	explained 8:172-174: 荒田 people die in April, "だから、死月だ"; homophone of 四月; P22: in-text gloss at 0000133D 8:173-174 ("die almost without fail in April―shigatsu" / "That is why it is the month of death"), no TN (V457 / V501)	0000133D:8:171	
2368	研究団体	けんきゅうだんたい	a research group	noun	org	0000133D:8:194	provisional	n	took 荒田's cherry about 60 years after 669	0000133D:8:194	
2369	まとめサイト	まとめさいと	aggregator sites	noun	term	0000133D:8:216	provisional	n		0000133D:8:216	
2370	考察サイト	こうさつさいと	analysis sites	noun	term	0000133D:8:216	provisional	n		0000133D:8:216	
2371	動画サイト	どうがさいと	video site	noun	term	0000133D:8:206	provisional	n		0000133D:8:206	
2372	ラッパ	らっぱ	the trumpet	noun	object	00001355:8:5	provisional	n	the scripture's trumpet that raises the dead	00001355:8:5	
2373	天変地異	てんぺんちい	cataclysms	noun	term	00001355:8:5	provisional	n		00001355:8:5	
2374	世継ぎ	よつぎ	an heir	noun	term	00001355:8:20	provisional	n		00001355:8:20	
2375	嫡男	ちゃくなん	his heir (eldest son)	noun	person	00001355:8:20	provisional	n	the 殿下's young son	00001355:8:20	
2376	後継者争い	こうけいしゃあらそい	a fight over the succession	noun	term	00001355:8:21	provisional	n		00001355:8:21	
2377	大義名分	たいぎめいぶん	a pretext	noun	term	00001355:8:23	provisional	n		00001355:8:23	
2378	内紛	ないふん	the infighting	noun	event	00001355:8:54	provisional	n	the 340 war and 翠眼呪殺	00001355:8:54	
2379	椿	つばき	Tsubaki	noun	person	00001355:8:83	fixed	n	the young 大魔女 sacrificed in 482; printed " 椿 " (ruby residue); P22 (V500): the young Grand Witch sacrificed in Shiyo 482	00001355:8:83	
2380	白き装束	しろきしょうぞく	white robes	phrase	object	00001355:8:76	fixed	n	the dead of the 482 text; cf. 白装束, 白い天使のような装束 (0000136D:8:114); P22: shipped 000021BD	00001355:8:76	
2381	血色の装束	ちいろのしょうぞく	blood-colored robes	phrase	object	00001355:8:96	provisional	n	the 482 verse; cf. 赤装束	00001355:8:96	
2382	神具	しんぐ	a sacred implement	noun	object	00001355:8:109	provisional	n	ドローガ in the セレジェイラ聖教	00001355:8:109	
2383	地域宗教	ちいきしゅうきょう	a local religion	noun	term	00001355:8:117	provisional	n		00001355:8:117	
2384	出奔	しゅっぽん	ran away (from home)	noun	term	00001355:8:121	provisional	n	printed "出 奔" (ruby residue)	00001355:8:121	
2385	生活史	せいかつし	life cycle	noun	term	00001355:8:126	provisional	n	biology term; glossed 8:127	00001355:8:126	
2386	媒体	ばいたい	a vector (carrier)	noun	term	00001355:8:128	provisional	n	人間を媒体とする	00001355:8:128	
2387	アンプル	あんぷる	ampules	noun	object	00001355:8:129	provisional	n		00001355:8:129	
2388	被験体	ひけんたい	test subjects	noun	term	00001355:8:146	provisional	n	also 被験者 8:131	00001355:8:146	
2389	司法取引	しほうとりひき	a plea bargain	noun	term	00001355:8:145	provisional	n		00001355:8:145	
2390	第一世代（壱）	だいいちせだい（いち）	First Generation (I)	noun	term	00001355:8:147	fixed	n	subject label; also （壱） alone; P22 (V491): the report labels, ASCII parentheses; bare （壱） = "(I)"	00001355:8:147	
2391	第二世代（弐）	だいにせだい（に）	Second Generation (II)	noun	term	00001355:8:148	fixed	n	subject label; also （弐） alone; P22 (V491); bare （弐） = "(II)"	00001355:8:148	
2392	第三世代（参）	だいさんせだい（さん）	Third Generation (III)	noun	term	00001355:8:149	fixed	n	subject label; 遺体（参） = the corpse (III); P22 (V491); bare （参） = "(III)"; 遺体（参） = "Corpse (III)"	00001355:8:149	
2393	変異者	へんいしゃ	'the mutated'	noun	term	00001355:8:156	fixed	n	named in 『』 by the report; P22: the report names them in 『』; bare = "the mutated"	00001355:8:156	
2394	変異体	へんいたい	the mutants	noun	term	00001355:8:169	fixed	n	P22: 変異体2名 = "the two mutants"	00001355:8:169	
2395	有性胞子	ゆうせいほうし	sexual spores	noun	term	00001355:8:164	provisional	n		00001355:8:164	
2396	食物連鎖	しょくもつれんさ	a food chain	noun	term	00001355:8:190	provisional	n		00001355:8:190	
2397	菌糸	きんし	hyphae	noun	term	00001355:8:199	provisional	n	the threads that bind 茅萱 (0000136D:8:268-272)	00001355:8:199	
2398	金管楽器	きんかんがっき	a brass instrument	noun	object	00001355:8:196	provisional	n	the sound's mechanism	00001355:8:196	
2399	食虫植物	しょくちゅうしょくぶつ	a carnivorous plant	noun	term	00001355:8:224	provisional	n		00001355:8:224	
2400	酵素	こうそ	an enzyme	noun	term	00001355:8:234	provisional	n		00001355:8:234	
2401	盗感	とうかん	sense-theft	noun	concept	00001355:8:253	fixed	n	the report's coinage ("ここでは『盗感』と命名する"); later as a verb (盗感する / 盗感出来ない); P22 (V492): the report coinage; verb 盗感する = "sense-steal"; 『盗感』 = "'sense-theft'"; card 283 title "Green Eyes ~Sense-Theft~"	00001355:8:253	
2402	下僕	げぼく	servant	noun	term	00001355:8:261	fixed	n	the dead as 死月妖花's servants; cf. しもべ; P22: 忠実な下僕 = "a faithful servant"; 奴隷 = "slave"	00001355:8:261	
2403	象形文字	しょうけいもじ	hieroglyphs	noun	term	0000136D:8:26	provisional	n	her scrawl	0000136D:8:26	
2404	敵対心	てきたいしん	hostility	noun	term	0000136D:8:87	provisional	n	cf. 敵愾心	0000136D:8:87	
2405	虎穴	こけつ	the tiger's den	noun	term	0000136D:8:216	provisional	n	image extended in the sentence (虎と戦う…虎穴に) so kept	0000136D:8:216	
2406	標本箱	ひょうほんばこ	a specimen box	noun	object	0000136D:8:275	provisional	n	simile	0000136D:8:275	
2407	樹海	じゅかい	a sea of trees	noun	term	0000136D:8:273	provisional	n	桜の樹海	0000136D:8:273	
2408	まな板の上の鯉	まないたのうえのこい	a sitting duck	phrase	term	00001385:8:11	provisional	n	set phrase, image not used by the text	00001385:8:11	
2409	焼け石に水	やけいしにみず	a drop in the ocean	phrase	term	00001385:8:98	provisional	n	set phrase	00001385:8:98	
2410	旧休憩所	きゅうきゅうけいじょ	the old rest hut	noun	place	00001385:8:124	fixed	n	a hunters' hut on the mountain path toward 豊岳; = the 廃屋; P22: 00001385 8:124; = the abandoned hut	00001385:8:124	
2411	ポンチョブラケット	ぽんちょぶらけっと	poncho blanket	noun	object	00001385:8:152	fixed	n	typo for ポンチョブランケット (V510); P22 (V510)	00001385:8:152	
2412	ダンゴムシ	だんごむし	a pill bug	noun	term	00001385:8:158	provisional	n	simile	00001385:8:158	
2413	耳栓	みみせん	earplugs	noun	object	0000139D:8:10	provisional	n	made from cloth	0000139D:8:10	
2414	捜索隊	そうさくたい	the search party	noun	term	0000139D:8:116	provisional	n		0000139D:8:116	
2415	元木町組	もときちょうぐみ	the Motoki-cho group	noun	term	0000139D:8:128	fixed	n	茅萱's name for the four visitors	0000139D:8:128	
2416	ロッククライミング	ろっくくらいみんぐ	rock climbing	noun	term	000013B5:8:32	provisional	n		000013B5:8:32	
2417	臨戦態勢	りんせんたいせい	battle-ready	noun	term	000013B5:8:64	provisional	n		000013B5:8:64	
2418	ネガティブごっこ	ねがてぃぶごっこ	my negativity act	noun	term	000013B5:8:11	provisional	n		000013B5:8:11	
2419	払い腰	はらいごし	a sweeping hip throw	noun	term	000013CD:8:182	provisional	n	a judo throw	000013CD:8:182	
2420	魔除け	まよけ	a charm against evil	noun	term	000013CD:8:130	provisional	n		000013CD:8:130	
2421	鮮血	せんけつ	fresh blood	noun	term	000013CD:8:289	provisional	n		000013CD:8:289	
2422	待宵月	まつよいづき	the moon the night before full	noun	term	000013E6:8:36	provisional	n	"明日満月を迎える"	000013E6:8:36	
2423	三つ巴	みつどもえ	a three-way standoff	noun	term	000013E6:8:107	provisional	n		000013E6:8:107	
2424	筋肉痛	きんにくつう	sore muscles	noun	term	000013FD:8:46	provisional	n		000013FD:8:46	
2425	湿布	しっぷ	a compress	noun	object	000013FD:8:47	provisional	n		000013FD:8:47	
2426	不審火	ふしんび	a suspicious fire	noun	term	000013FD:8:54	provisional	n	the 蔵 fire	000013FD:8:54	
2427	黒幕	くろまく	mastermind	noun	term	000013FD:8:103	fixed	y		000013FD:8:103	
2428	口頭伝承	こうとうでんしょう	an oral tradition	noun	term	000013FD:8:233	provisional	n	the 大魔女-only lore	000013FD:8:233	
2429	掛け算九九	かけざんくく	the times tables	noun	term	000013FD:8:234	provisional	n	simile	000013FD:8:234	
2430	硫黄	いおう	sulfur	noun	term	000013FD:8:235	provisional	n		000013FD:8:235	
2431	硫黄の火山	いおうのかざん	a volcano of sulfur (oral lore) / a volcano of brimstone (scripture)	phrase	place	000013FD:8:228	fixed	n	the oral lore; identical to the scripture's words (00001247:8:110); 五島 reads it as the hot spring on 糸姫山; P23 QP23D-03: two shipped registers (000013FD / 000014D7 8:240 = sulfur; 00001247 scripture = brimstone)	000013FD:8:228	
2432	ヘブライ語	へぶらいご	Hebrew	noun	term	000013FD:8:281	provisional	n		000013FD:8:281	
2433	奈落の王	ならくのおう	the king of the abyss	phrase	title	000013FD:8:281	provisional	n	五島's gloss of アバドン	000013FD:8:281	
2434	置手紙	おきてがみ	a note (left behind)	noun	object	000013FD:8:289	provisional	n		000013FD:8:289	
2435	李	すもも	plums	noun	term	000013FD:8:242	provisional	n	printed " 李 " (ruby residue); as in 00001247:8:101	000013FD:8:242	
2436	黄泉	よみ	the underworld	noun	concept	00001414:8:210	fixed	n	in the oral lore "死者黄泉出で…黄泉に返す"; cf. 00001355:8:92-95; romanize + TN or translate: see V519; RULING Fable 2026-10-02 QUNTR6S-01 (translated, no TN; 黄泉戸喫 stays yomotsuhegui)	00001414:8:210	
2437	伝承	でんしょう	lore / the legend	noun	term	00001414:8:5	provisional	n	the 大魔女's oral tradition; cf. 口頭伝承	00001414:8:5	
2438	立ちくらみ	たちくらみ	feeling lightheaded	noun	term	00001414:8:183	provisional	n	茅萱's excuse	00001414:8:183	
2439	手品師	てじなし	a magician	noun	term	0000142B:8:161	fixed	n	simile for the hypha growing; P23 (0000142B 8:161): "like a magician pulling a string of flags from his sleeve"	0000142B:8:161	
2440	万国旗	ばんこくき	a string of flags	noun	object	0000142B:8:161	provisional	n	the conjurer's flags pulled from a sleeve	0000142B:8:161	
2441	種も仕掛けも	たねもしかけも	(no) trick, (no) gimmick	phrase	term	0000142B:8:172	provisional	n	"種も仕掛けもネタバラシしながらのパフォーマンス"	0000142B:8:172	
2442	ネタバラシ	ねたばらし	giving away the trick	noun	term	0000142B:8:172	provisional	n		0000142B:8:172	
2443	滑稽千万	こっけいせんばん	utterly absurd	adj	term	0000142B:8:225	fixed	n	P23 (0000142B 8:225)	0000142B:8:225	
2444	機動隊	きどうたい	the riot police	noun	org	00001442:11:89	provisional	n	美冬: "警察でも機動隊でもいいから"	00001442:11:89	
2445	ミツバチ	みつばち	honeybees	noun	term	00001442:11:151	provisional	n		00001442:11:151	
2446	スズメバチ	すずめばち	hornets	noun	term	00001442:11:151	provisional	n		00001442:11:151	
2447	使役	しえき	put to work (the dead)	noun	term	00001442:11:229	provisional	n	サクラ: 死月妖花 "使役" the dead	00001442:11:229	
2448	後続隊	こうぞくたい	the ones following behind	noun	term	00001459:8:121	provisional	n	the grandmother's word for those who will follow 茅萱	00001459:8:121	
2449	将棋倒し	しょうぎだおし	a chain collapse (one falling into the next)	noun	term	00001477:8:65	provisional	n	cf. ドミノ倒し ("dominoes falling"); a different word, keep apart	00001477:8:65	
2450	刺激臭	しげきしゅう	an acrid smell	noun	term	00001477:8:190	provisional	n	the smoke from the 蔵 fire	00001477:8:190	
2451	既読	きどく	read (receipt)	noun	ui	00001477:8:83	provisional	n	cf. 既読マーク	00001477:8:83	
2452	吊り橋	つりばし	the suspension bridge	noun	place	000014A5:8:0	provisional	n	over the mountain stream on the way to the 廃屋	000014A5:8:0	
2453	河原	かわら	the riverbank	noun	place	000014A5:8:10	provisional	n	where サクラ died	000014A5:8:10	
2454	山小屋	やまごや	a mountain hut	noun	place	000014A5:8:152	provisional	n	the 廃屋 / 旧休憩所	000014A5:8:152	
2455	大船に乗ったつもり	おおぶねにのったつもり	rest easy, you're in safe hands	phrase	term	000014A5:8:145	provisional	n	夏菜; なつみ answers "くつろげるか！"	000014A5:8:145	
2456	形骸化	けいがいか	become an empty formality	noun	term	000014BC:8:125	provisional	n		000014BC:8:125	
2457	身バレ	みばれ	being identified	noun	term	000014BC:8:133	provisional	n	slang, 美冬's word	000014BC:8:133	
2458	外界	がいかい	the outside world	noun	term	000014BC:8:133	provisional	n		000014BC:8:133	
2459	滅亡予知	めつぼうよち	extinction sense	noun	concept	000014BC:8:202	fixed	n	OWNER RULING Q23-2 2026-10-09: "extinction sense" (滅亡 = extinction, not doom; "ruin" too weak); was "doom sense" until 13:40; なつみ's coinage set against 危険予知 ("danger premonition"); keep the pair parallel; P23 rulings-P23 THE VISION: the pair with the lock 危険予知 = "danger sense" (000014BC 8:202); owner question Q23-2	000014BC:8:202	
2460	使い魔	つかいま	familiars	noun	concept	000014D7:8:239	fixed	n	栄一郎's version of the lore: "死神は、アバドンに従いし4人の神使の使い魔" (V520); P23 THE LORE VARIANT (000014D7 8:239)	000014D7:8:239	
2461	新村晃	にいむら あきら	Akira Niimura	noun	person	000014D7:8:165	fixed	n	桔梗's husband; printed " 晃 " with ruby-residue spaces; P23 (V525): ruby-residue spaces dropped (000014D7 8:165)	000014D7:8:165	
2462	耐性	たいせい	resistance (immunity)	noun	term	000014D7:8:251	provisional	n	to third-generation blood	000014D7:8:251	
2463	即死	そくし	instant death	noun	term	000014D7:8:291	provisional	n	the spores that kill at once	000014D7:8:291	
2464	感染	かんせん	infection / be infected	noun	term	000014D7:8:294	provisional	n	"ドローガに感染していない者"	000014D7:8:294	
2465	オオカミ少年	おおかみしょうねん	the boy who cried wolf	phrase	term	000014D7:8:268	provisional	n		000014D7:8:268	
2466	湯の川	ゆのかわ	the hot-water stream	noun	place	000014D7:8:337	provisional	n	at the summit of 糸姫山	000014D7:8:337	
2467	ピンクスピネル	ぴんくすぴねる	pink spinel	noun	term	000014D7:8:426	provisional	n	simile for the petals	000014D7:8:426	
2468	ツタ	つた	vines	noun	term	000014D7:8:8	provisional	n	"ツタのようなもの" on the slope	000014D7:8:8	
2469	地震	じしん	earthquake	noun	term	000014D7:8:382	provisional	n		000014D7:8:382	
2470	死後の世界	しごのせかい	the afterlife	noun	concept	000014D7:8:432	provisional	n		000014D7:8:432	
2471	死の世界	しのせかい	a world of death	noun	concept	000014D7:8:444	fixed	n	the file's last narration word; keep apart from 死後の世界; P23 (000014D7 8:444): kept apart from 死後の世界 = "the afterlife"	000014D7:8:444	
2472	偽物	にせもの	impostor	noun	term	000014D7:8:60	fixed	n	美冬 and 春花 to 栄一郎; P23: one word for Mifuyu and Haruka (000014D7 8:60 / 8:116)	000014D7:8:60	
2473	大和撫子	やまとなでしこ	a classic Japanese beauty	noun	term	000014EE:8:5	provisional	n	narration on 糸姫's looks	000014EE:8:5	
2474	ニアリーイコール	にありーいこーる	nearly equal to	phrase	term	000014EE:8:72	provisional	n	katakana English in narration ("元凶のニアリーイコール")	000014EE:8:72	
2475	ゴーストタウン	ごーすとたうん	ghost town	noun	term	000014EE:16:4	provisional	n	春花; 糸姫 asks if it means 廃墟 (16:5)	000014EE:16:4	
2476	廃墟	はいきょ	ruins	noun	term	000014EE:16:5	provisional	n		000014EE:16:5	
2477	哺乳類	ほにゅうるい	mammals	noun	term	000014EE:16:10	provisional	n		000014EE:16:10	
2478	抗体	こうたい	antibodies	noun	term	000014EE:16:28	provisional	n	五島's theory of third-generation blood	000014EE:16:28	
2479	致死量	ちしりょう	a lethal amount (of blood loss)	noun	term	000014EE:16:25	provisional	n	夏菜	000014EE:16:25	
2480	生者	せいじゃ	the living	noun	concept	000014EE:16:44	provisional	n	"第一世代の生者" (a living first-generation person); cf. 死者	000014EE:16:44	
2481	未来永劫	みらいえいごう	for all eternity	noun	term	000014EE:16:46	provisional	n		000014EE:16:46	
2482	分身	ぶんしん	offshoot (a part of itself)	noun	concept	000014EE:16:100	provisional	n	死月妖花's split-off growths; also 00001505:8:481	000014EE:16:100	
2483	土壌	どじょう	the soil	noun	term	000014EE:16:100	provisional	n		000014EE:16:100	
2484	自生	じせい	grow on its own (in the wild)	noun	term	000014EE:16:101	provisional	n		000014EE:16:101	
2485	化け物キノコ	ばけものきのこ	monster mushroom	noun	term	000014EE:16:150	provisional	n	春花's name for 死月妖花	000014EE:16:150	
2486	交渉決裂	こうしょうけつれつ	talks are off	phrase	term	000014EE:16:71	provisional	n	美冬	000014EE:16:71	
2487	平行線	へいこうせん	going nowhere (parallel lines)	noun	term	000014EE:16:71	provisional	n	"話は平行線"	000014EE:16:71	
2488	お仕置き	おしおき	punishment	noun	term	000014EE:16:173	provisional	n	美冬, "お仕置きの時間よ"	000014EE:16:173	
2489	激おこ	げきおこ	TBD (slang: super mad)	noun	term	000014EE:16:222	provisional	n	夏菜, "私史上1番の激おこ"	000014EE:16:222	
2490	切腹	せっぷく	seppuku	noun	term	000014EE:16:222	provisional	n	夏菜	000014EE:16:222	
2491	弁護士	べんごし	a lawyer	noun	title	000014EE:16:234	provisional	n		000014EE:16:234	
2492	野蛮人	やばんじん	barbarians	noun	term	000014EE:16:235	provisional	n	五島; echoed by 春花 16:378	000014EE:16:235	
2493	時代錯誤	じだいさくご	behind the times (anachronistic)	noun	term	000014EE:16:235	provisional	n		000014EE:16:235	
2494	大量殺人犯	たいりょうさつじんはん	mass murderer	noun	term	000014EE:16:231	provisional	n		000014EE:16:231	
2495	御遺骨	ごいこつ	remains (bones)	noun	term	000014EE:16:398	provisional	n	糸姫's polite word for her beloved's bones	000014EE:16:398	
2496	白骨死体	はっこつしたい	a skeleton (a body reduced to bone)	noun	term	000014EE:16:407	provisional	n		000014EE:16:407	
2497	台風	たいふう	typhoon	noun	term	000014EE:24:11	provisional	n		000014EE:24:11	
2498	ブリザード	ぶりざーど	blizzard	noun	term	000014EE:24:12	provisional	n	petals "ブリザードのように"	000014EE:24:12	
2499	恨み言	うらみごと	bitter words (grudges)	noun	term	000014EE:24:31	provisional	n		000014EE:24:31	
2500	本体	ほんたい	the main body	noun	concept	000014EE:24:61	provisional	n	"死月妖花の……／本体"	000014EE:24:61	
2501	ツル	つる	tendrils	noun	term	00001505:8:1	provisional	n	cf. ツタ (vines); here on 糸姫's body and as whips (8:8)	00001505:8:1	
2502	ニイ様	にいさま	TBD (Nii-sama; see V537)	noun	person	00001505:8:89	provisional	n	糸姫's name for the 皇子, from 新村 (にいむら); homophone of 兄様	00001505:8:89	
2503	兄様	にいさま	big brother (address)	noun	person	00001505:8:90	provisional	n	the 皇子's hearing of ニイ様 (V537)	00001505:8:90	
2504	身分	みぶん	rank / station	noun	term	00001505:8:76	provisional	n	"身分を捨てた"	00001505:8:76	
2505	女官	にょかん	ladies-in-waiting	noun	title	00001505:8:130	provisional	n		00001505:8:130	
2506	殿方	とのがた	a gentleman	noun	term	00001505:8:119	provisional	n		00001505:8:119	
2507	見初める	みそめる	take a fancy to (at first sight)	verb	term	00001505:8:119	provisional	n		00001505:8:119	
2508	聖守	きよもり	Kiyomori	noun	person	00001505:8:161	fixed	n	"聖守の時代は終わるだろう"; reading not given; P18 (V410): ruby きよもり (8x in 0000107B)	00001505:8:161	
2509	礎	いしずえ	foundation	noun	term	00001505:8:162	provisional	n	printed " 礎 " (ruby residue)	00001505:8:162	
2510	かんざし	かんざし	a hairpin (kanzashi)	noun	object	00001505:8:324	provisional	n	the 皇子's carved gift; broken in the fall (8:438); buried at the 御神木 site (00001533:8:92-96)	00001505:8:324	
2511	厠	かわや	the privy	noun	place	00001505:8:220	provisional	n	printed " 厠 " (ruby residue)	00001505:8:220	
2512	曙	あけぼの	dawn	noun	term	00001505:8:222	provisional	n	printed " 曙 " (ruby residue)	00001505:8:222	
2513	寒の戻り	かんのもどり	a cold snap (after spring has come)	noun	term	00001505:8:223	provisional	n		00001505:8:223	
2514	薄氷	うすごおり	a thin skin of ice	noun	term	00001505:8:227	provisional	n		00001505:8:227	
2515	獲物	えもの	prey	noun	term	00001505:8:368	provisional	n	the bandits	00001505:8:368	
2516	追いかけっこ	おいかけっこ	a game of chase	noun	term	00001505:8:389	provisional	n		00001505:8:389	
2517	平氏	へいし	TBD (the Heike; see V539)	noun	org	00001505:8:492	provisional	n	"平氏の残党"; real clan name beside the parody 太良氏 (V410)	00001505:8:492	
2518	不老不死	ふろうふし	agelessness and deathlessness (immortality)	noun	concept	00001505:8:515	provisional	n		00001505:8:515	
2519	唆す	そそのかす	lead astray	verb	term	0000151C:8:14	provisional	n	printed " 唆 " (ruby residue)	0000151C:8:14	
2520	桜クッション作戦	さくらくっしょんさくせん	Operation Cherry Cushion	phrase	term	0000151C:8:45	provisional	n	五島's 作戦 family (作戦 pattern TBD)	0000151C:8:45	
2521	殺戮ショー	さつりくしょー	a massacre show	noun	term	0000151C:8:78	provisional	n	the dead's taunt, stammered	0000151C:8:78	
2522	縊死	いし	death by hanging	noun	term	0000151C:8:96	provisional	n	the dead's chant	0000151C:8:96	
2523	テリトリー	てりとりー	territory	noun	term	0000151C:8:97	provisional	n		0000151C:8:97	
2524	自然の摂理	しぜんのせつり	the law of nature	phrase	concept	0000151C:8:226	provisional	n	also 8:414	0000151C:8:226	
2525	元木公園	もときこうえん	TBD (Motoki Park; follows 元木町; see V553)	noun	place	0000151C:8:256	provisional	n	"元木公園の御神木"; the tree stands in 中央公園 elsewhere (00001533:8:67, 8:85)	0000151C:8:256	
2526	因果	いんが	cause and effect (fate)	noun	concept	0000151C:8:263	provisional	n		0000151C:8:263	
2527	パンドラの箱	ぱんどらのはこ	Pandora's box	phrase	term	0000151C:8:265	provisional	n		0000151C:8:265	
2528	一件落着	いっけんらくちゃく	case closed	phrase	term	0000151C:8:321	provisional	n	五島	0000151C:8:321	
2529	躯	むくろ	body (a corpse)	noun	term	0000151C:8:378	provisional	n	printed " 躯 " (ruby residue); also 8:423	0000151C:8:378	
2530	死後の団欒	しごのだんらん	a family gathering after death	phrase	term	0000151C:8:425	provisional	n		0000151C:8:425	
2531	呪殺事件	じゅさつじけん	the curse-killings	noun	event	0000151C:8:433	fixed	y	used in earlier files; row added late; QUNTR12-03 2026-10-02 (shipped practice)	0000151C:8:433	
2532	受験勉強	じゅけんべんきょう	studying for entrance exams	noun	term	00001533:8:15	provisional	n		00001533:8:15	
2533	教育ママ	きょういくまま	a pushy education mom	noun	term	00001533:8:17	provisional	n	春花 on 美冬	00001533:8:17	
2534	神使っぽいテンション	しんしっぽいてんしょん	TBD (a 神使-like high; follows 神使)	phrase	term	00001533:8:27	provisional	n	春花's joke on 美冬's energy	00001533:8:27	
2535	半袖	はんそで	short sleeves	noun	object	00001533:8:41	provisional	n		00001533:8:41	
2536	起立	きりつ	Stand!	interjection	interjection	00001533:8:133	provisional	n	class ritual, with 礼	00001533:8:133	
2537	礼	れい	Bow!	interjection	interjection	00001533:8:134	provisional	n	class ritual, after 起立	00001533:8:134	
2538	席替え	せきがえ	a seat change	noun	term	00001533:8:151	provisional	n		00001533:8:151	
2539	転校生	てんこうせい	a transfer student	noun	term	00001533:8:153	provisional	n		00001533:8:153	
2540	キラキラ	きらきら	TBD (sparkly; quoted as a mimetic word, V552)	adj	sfx	00001533:8:162	provisional	n	narration names it a 擬態語	00001533:8:162	
2541	後白河糸織	TBD	TBD (Shiori Goshirakawa; see V549)	noun	person	00001533:8:171	provisional	n	reading not given	00001533:8:171	
2542	大阪	おおさか	Osaka	noun	place	00001533:8:173	provisional	n		00001533:8:173	
2543	後白河	ごしらかわ	TBD (Goshirakawa; see V549)	noun	person	00001533:8:176	provisional	n	"後白河さん"	00001533:8:176	
2544	ウサギ跳び	うさぎとび	bunny hops	noun	term	00001533:8:178	provisional	n	糸織's joke	00001533:8:178	
2545	ぴょんぴょん	ぴょんぴょん	TBD (boing boing; said aloud as a sound)	interjection	sfx	00001533:8:180	provisional	n	糸織 says it (SFX rule: a sound a character quotes)	00001533:8:180	
2546	ボケ	ぼけ	the gag (the funny man's line, boke)	noun	term	00001533:8:189	provisional	n	manzai role; "ボケてやった"; "私のボケ" 27:34	00001533:8:189	
2547	なんでやねん	なんでやねん	TBD (the Osaka comeback; see V544)	phrase	interjection	00001533:8:197	provisional	n	なつみ's tsukkomi	00001533:8:197	
2548	大阪のノリ	おおさかのノリ	Osaka-style banter	phrase	term	00001533:8:204	provisional	n		00001533:8:204	
2549	質問タイム	しつもんたいむ	Q&A time	noun	term	00001533:8:208	provisional	n	向井	00001533:8:208	
2550	ツッコミ	つっこみ	the comeback (tsukkomi)	noun	term	00001533:8:211	provisional	n	"ナイスツッコミ"; "ツッコミ待ち" 8:213	00001533:8:211	
2551	十中八九	じっちゅうはっく	ten to one (almost certainly)	phrase	term	00001533:8:238	provisional	n	in the hedging run before "Maybe。"	00001533:8:238	
2552	Maybe	-	Maybe (see V543)	adv	term	00001533:8:239	provisional	n	Latin script in the JP narration	00001533:8:239	
2553	朝礼	ちょうれい	morning homeroom	noun	event	00001533:27:5	provisional	n		00001533:27:5	
2554	施設	しせつ	a care facility (a home)	noun	place	00001533:27:51	provisional	n	糸織's lodging; cf. 児童養護施設	00001533:27:51	
2555	糸織	TBD	TBD (Shiori; see V549)	noun	person	00001533:27:19	provisional	n	shares 糸 with 糸姫; no link stated	00001533:27:19	
2556	職員室	しょくいんしつ	the staff room	noun	place	00001533:27:59	provisional	n	PA announcement	00001533:27:59	
2557	サラ金	さらきん	loan sharks	noun	term	0000154E:8:49	provisional	n	五島's joke	0000154E:8:49	
2558	漏電	ろうでん	an electrical fault	noun	term	0000154E:8:82	provisional	n		0000154E:8:82	
2559	幻影	げんえい	phantom	noun	concept	0000154E:8:132	provisional	n	"サクラの幻影"; cf. 幻影追想劇	0000154E:8:132	
2560	女々しい	めめしい	weak / unmanly	adj	term	0000154E:8:132	provisional	n	幸太郎 of himself	0000154E:8:132	
2561	密会	みっかい	secret meetings	noun	term	0000154E:8:167	provisional	n		0000154E:8:167	
2562	元木市	もときし	Motoki City	noun	place	0000156A:8:6	fixed	n	元木町 became a city about ten years before 815 in this route; P19 (V559): the shipped 00001E41 form "the former Motoki City"; 元木町 stays "Motoki-cho" (lock), so the 町/市 contrast reads as Motoki-cho / Motoki City (0000156A:8:147, 92:96-98)	0000156A:8:6	
2563	国際研究所	こくさいけんきゅうじょ	the International Research Institute	noun	org	0000156A:64:51	provisional	n	五島 its head; P19: 所長 = "director"; 0000156A	0000156A:64:51	
2564	特別部隊	とくべつぶたい	the special unit	noun	org	0000156A:8:259	provisional	n	the government team sent to 元木市	0000156A:8:259	
2565	官房長官	かんぼうちょうかん	the Chief Cabinet Secretary	noun	title	0000156A:14:134	provisional	n	中嶋長司 in this route	0000156A:14:134	
2566	佐波大震災	さわだいしんさい	the Great Sawa Earthquake	noun	event	0000156A:58:257	provisional	n	follows 佐波県 (resolved 2026-10-02)	0000156A:58:257	
2567	佐波刑務所	さわけいむしょ	Sawa Prison	noun	place	0000156A:92:13	provisional	n	in 皆上市; women's prison; follows 佐波県 (resolved 2026-10-02)	0000156A:92:13	
2568	元木刑務所	もときけいむしょ	Motoki Prison	noun	place	0000156A:70:25	fixed	n	newly built; P19: follows 佐波刑務所 = Sawa Prison	0000156A:70:25	
2569	刑務官	けいむかん	prison officer	noun	title	0000156A:82:1	provisional	n		0000156A:82:1	
2570	看守	かんしゅ	guard	noun	title	0000156A:20:11	provisional	n		0000156A:20:11	
2571	204番	にひゃくよんばん	No. 204	noun	term	0000156A:20:7	provisional	n	茜's prisoner number; 20:7 = 92:23	0000156A:20:7	
2572	独房	どくぼう	a solitary cell	noun	place	0000156A:92:26	provisional	n		0000156A:92:26	
2573	雑居房	ざっきょぼう	a shared cell	noun	place	0000156A:92:26	provisional	n		0000156A:92:26	
2574	護送車	ごそうしゃ	the prison bus	noun	object	0000156A:28:148	provisional	n		0000156A:28:148	
2575	点呼	てんこ	roll call	noun	term	0000156A:92:19	provisional	n		0000156A:92:19	
2576	開房点検	かいぼうてんけん	the cell inspection	noun	term	0000156A:92:19	provisional	n		0000156A:92:19	
2577	免業日	めんぎょうび	a day off from prison work	noun	term	0000156A:92:14	provisional	n		0000156A:92:14	
2578	主文	しゅぶん	Judgment	noun	term	0000156A:92:0	fixed	n	P19: 0000156A:92:0 = "―Judgment. Akane Kogori is hereby sentenced to life imprisonment."	0000156A:92:0	
2579	山垣	やまがき	Yamagaki (reading assumed)	noun	person	0000156A:92:84	provisional	n	a young prison officer	0000156A:92:84	
2580	震度7	しんどなな	seismic intensity 7	noun	term	0000156A:70:106	provisional	n	Japanese intensity scale	0000156A:70:106	
2581	マグニチュード	まぐにちゅーど	magnitude	noun	term	0000156A:70:107	provisional	n		0000156A:70:107	
2582	永続的立入禁止区域	えいぞくてきたちいりきんしくいき	a permanent exclusion zone	noun	term	0000156A:201:142	provisional	n	cf. 立入禁止	0000156A:201:142	
2583	毒ガス	どくがす	toxic gas	noun	term	0000156A:14:112	provisional	n	the official explanation; spores per 五島 (58:191-200)	0000156A:14:112	
2584	タイムスリップ	たいむすりっぷ	time slip	noun	term	0000156A:8:165	provisional	n		0000156A:8:165	
2585	テレポート	てれぽーと	teleportation	noun	term	0000156A:8:235	provisional	n	cf. 瞬間移動	0000156A:8:235	
2586	素粒子	そりゅうし	elementary particles	noun	term	0000156A:8:235	provisional	n		0000156A:8:235	
2587	冷凍保存	れいとうほぞん	cryogenic storage	noun	term	0000156A:8:223	provisional	n		0000156A:8:223	
2588	天衣無縫	てんいむほう	ten'i-muhou	phrase	term	0000156A:34:70	fixed	n	五島 explains its source (34:70-73); the literal sense is used; P19: romanized; Goto glosses it herself (0000156A:34:70-73), no TN (O-70)	0000156A:34:70	
2589	不織布	ふしょくふ	non-woven fabric	noun	term	0000156A:34:73	provisional	n		0000156A:34:73	
2590	選択毒性	せんたくどくせい	selective toxicity	noun	term	0000156A:58:212	provisional	n		0000156A:58:212	
2591	線虫	せんちゅう	nematode	noun	term	0000156A:58:232	provisional	n		0000156A:58:232	
2592	747年事件	ななひゃくよんじゅうななねんじけん	the 747 Incident	noun	event	0000156A:14:30	provisional	n	= ナナシナ事件 (V557)	0000156A:14:30	
2593	ナナシナ事件	ななしなじけん	the Nanashina Incident	noun	event	0000156A:8:219	fixed	n	747 read na-na-shi-na; P19 (V557): the 7-4-7 reading is glossed in-text once at 0000156A:14:30 ("the Nanashina Incident―nana-shi-na, 7-4-7, after the year"); no TN	0000156A:8:219	
2594	オカルト雑誌	おかるとざっし	occult magazine	noun	term	0000156A:14:9	provisional	n		0000156A:14:9	
2595	M	えむ	'M'	noun	title	0000156A:14:9	provisional	n	the occult magazine 『M』, still published	0000156A:14:9	
2596	再審請求	さいしんせいきゅう	a petition for a retrial	noun	term	0000156A:28:86	provisional	n		0000156A:28:86	
2597	証言台	しょうげんだい	the witness stand	noun	term	0000156A:28:86	provisional	n		0000156A:28:86	
2598	還暦	かんれき	sixty (the 60th birthday)	noun	term	0000156A:76:54	provisional	n	還暦近い = pushing sixty	0000156A:76:54	
2599	浦島太郎	うらしまたろう	Urashima Taro	noun	person	0000156A:92:11	provisional	n	folk-tale figure	0000156A:92:11	
2600	マッチ売りの少女	まっちうりのしょうじょ	the Little Match Girl	noun	title	0000156A:76:157	provisional	n		0000156A:76:157	
2601	灯台下暗し	とうだいもとくらし	Right under my nose the whole time...	phrase	term	0000156A:70:94	fixed	n	P19: 0000156A:70:94, the handcuff key in her own coat	0000156A:70:94	
2602	一か八か	いちかばちか	all or nothing	phrase	term	0000156A:70:245	provisional	n		0000156A:70:245	
2603	ゾンビアポカリプス	ぞんびあぽかりぷす	zombie apocalypse	noun	term	0000156A:76:51	provisional	n		0000156A:76:51	
2604	ジャスミンティー	じゃすみんてぃー	jasmine tea	noun	food	0000156A:46:132	provisional	n		0000156A:46:132	
2605	アップルティー	あっぷるてぃー	apple tea	noun	food	0000156A:64:96	provisional	n		0000156A:64:96	
2606	レトルトカレー	れとるとかれー	pouch curry	noun	food	0000156A:52:5	provisional	n		0000156A:52:5	
2607	茹でそば	ゆでそば	boiled noodles	noun	food	0000156A:34:140	provisional	n	"焼きそばならぬ茹でそば": the pun is on 焼きそば (fried)	0000156A:34:140	
2608	蓄電池	ちくでんち	storage batteries	noun	object	0000156A:52:65	provisional	n		0000156A:52:65	
2609	ナノフィルター	なのふぃるたー	nano-filters	noun	object	0000156A:64:114	provisional	n		0000156A:64:114	
2610	換気システム	かんきしすてむ	ventilation system	noun	object	0000156A:34:32	provisional	n		0000156A:34:32	
2611	耐震棚	たいしんだな	earthquake-proof shelves	noun	object	0000156A:58:108	provisional	n		0000156A:58:108	
2612	反射式ストーブ	はんしゃしきすとーぶ	a radiant kerosene heater	noun	object	0000156A:76:100	provisional	n	no fan, so no wind	0000156A:76:100	
2613	若年性認知症	じゃくねんせいにんちしょう	early-onset dementia	noun	term	0000156A:46:142	provisional	n		0000156A:46:142	
2614	屠殺	とさつ	slaughter	noun	term	0000156A:58:148	provisional	n		0000156A:58:148	
2615	防護服	ぼうごふく	protective suit	noun	object	0000156A:193:18	provisional	n		0000156A:193:18	
2616	自動小銃	じどうしょうじゅう	assault rifle	noun	object	0000156A:193:23	provisional	n		0000156A:193:23	
2617	放射性物質	ほうしゃせいぶっしつ	radioactive material	noun	term	0000156A:201:144	provisional	n		0000156A:201:144	
2618	定例会見	ていれいかいけん	the regular press conference	noun	event	0000156A:201:138	provisional	n	34:173 定期会見	0000156A:201:138	
2619	快楽殺人犯	かいらくさつじんはん	a thrill killer	noun	term	0000156A:34:12	provisional	n	cf. 快楽殺人者	0000156A:34:12	
2620	臓物	ぞうもつ	guts	noun	term	0000156A:193:61	provisional	n		0000156A:193:61	
2621	オバハン	おばはん	old lady	noun	term	0000156A:8:172	fixed	n	P19 (V560): plain rude English, no regional colour; 0000156A:8:172-173 "stayed a shrimp and turned into an old lady" / "A shrimp of an old lady!"	0000156A:8:172	
2622	育てのお母さん	そだてのおかあさん	the mom who raised me	phrase	person	0000156A:193:74	provisional	n	春花 of 美冬	0000156A:193:74	
2623	本物のお母さん	ほんもののおかあさん	my real mom	phrase	person	0000156A:193:126	provisional	n	春花 of 茜 (V556)	0000156A:193:126	
2624	希望の牢獄	きぼうのろうごく	a prison of hope	phrase	concept	0000156A:201:131	provisional	n	茜's closing image	0000156A:201:131	
2625	還る	かえる	return (to the earth)	verb	concept	0000156A:193:132	provisional	n	大地に還る; "一緒に還ろう" 201:86	0000156A:193:132	
2626	人工衛星	じんこうえいせい	satellite	noun	object	0000156A:58:269	provisional	n		0000156A:58:269	
2627	ガスマスク	がすますく	gas mask	noun	object	0000156A:58:53	provisional	n		0000156A:58:53	
2628	宇宙服	うちゅうふく	a spacesuit	noun	object	0000156A:70:182	provisional	n		0000156A:70:182	
2629	殺虫剤	さっちゅうざい	insecticide	noun	term	0000156A:58:214	provisional	n		0000156A:58:214	
2630	除草剤	じょそうざい	herbicide	noun	term	0000156A:58:214	provisional	n		0000156A:58:214	
2631	立木三日	たちき みか (assumed; V573)	Mika Tachiki	noun	person	000015C2:81:2	fixed	n	the guide's name; also inside UI text "立木三日呼び出し" (000015C2:48:17)	000015C2:81:2	
2632	過去へ馳せる夢	かこへはせるゆめ	'Dreams Racing to the Past'	noun	title	000015C2:61:9	provisional	n	a 明徴編 scenario title, quoted in 『』	000015C2:61:9	
2633	シナリオナビゲーター	しなりおなびげーたー	Scenario Navigator	noun	ui	000015C2:48:17	provisional	n	screen name in a UI instruction	000015C2:48:17	
2634	アーカイブ	あーかいぶ	archive	noun	ui	000015C2:48:11	provisional	n	the guide's gloss for リファレンス	000015C2:48:11	
2635	西暦	せいれき	the Western calendar (AD)	noun	era	000015C2:48:5	provisional	n	the guide equates 祀耀800 with "西暦2020年頃"; translate as written (CALENDAR rule: the text's own equation, no TN)	000015C2:48:5	
2636	案内人	あんないにん	guide	noun	title	000015C2:81:2	provisional	n	立木三日's role	000015C2:81:2	
2637	恐悦至極	きょうえつしごく	deeply honored	phrase	term	000015C2:81:4	provisional	n	keigo formula "恐悦至極に存じます"	000015C2:81:4	
2638	終焉	しゅうえん	demise	noun	ui	0000176E:22:1	fixed	y	"最初の終焉" = "the first ending"; printed "終 焉" (ruby residue) at 0000176E:22:1; QMILE-03: every shipped navigator file	0000176E:22:1	
2639	詫言編	わびごとへん	TBD (volume title; see V029)	noun	title	000019C5:22:0	provisional	n	volume title beside 明徴編 / 呪殺編; owner decides (V029)	000019C5:22:0	
2640	死月編	しがつへん (assumed)	TBD (volume title; see V029, V457)	noun	title	00001AF3:74:4	provisional	n	"第四編『死月編』"; reading assumed after 死月妖花 (V457)	00001AF3:74:4	
2641	第四編	だいよんへん	the fourth volume	noun	ui	00001AF3:74:4	provisional	n		00001AF3:74:4	
2642	市村先生	いちむらせんせい	Ichimura-sensei	noun	person	000016AE:11:43	provisional	n	五島's elementary homeroom teacher; reading assumed	000016AE:11:43	
2643	市村	いちむら	Ichimura	noun	person	000016AE:11:43	provisional	n	reading assumed	000016AE:11:43	
2644	野次馬	やじうま	onlookers	noun	term	000016AE:11:3	provisional	n		000016AE:11:3	
2645	ブルーシート	ぶるーしーと	blue tarp	noun	object	000016AE:11:32	provisional	n		000016AE:11:32	
2646	佐波郡	さわぐん (assumed)	Sawa District	noun	place	0000170A:8:2	provisional	n	follows 佐波県 (V011)	0000170A:8:2	
2647	一卵性双生児	いちらんせいそうせいじ	identical twins	noun	term	00001715:8:5	provisional	n		00001715:8:5	
2648	ジェシー	じぇしー	Jessie	noun	person	00001715:8:12	provisional	n	documentary twin	00001715:8:12	
2649	アンジー	あんじー	Angie	noun	person	00001715:8:12	provisional	n	documentary twin	00001715:8:12	
2650	脳波	のうは	brain waves	noun	term	00001715:8:23	provisional	n		00001715:8:23	
2651	ブレイン・マシン・インターフェース	ぶれいん・ましん・いんたーふぇーす	brain-machine interface	noun	term	00001715:8:28	provisional	n		00001715:8:28	
2652	バルセロナ大学	ばるせろなだいがく	the University of Barcelona	noun	org	00001715:8:27	provisional	n	real institution	00001715:8:27	
2653	アクシラム・ロボティクス社	あくしらむ・ろぼてぃくすしゃ	Axilum Robotics	noun	org	00001715:8:27	provisional	n	real company	00001715:8:27	
2654	ハーバード大学医学大学院	はーばーどだいがくいがくだいがくいん	Harvard Medical School	noun	org	00001715:8:27	provisional	n	real institution	00001715:8:27	
2655	スターラボ社	すたーらぼしゃ	Starlab	noun	org	00001715:8:27	provisional	n	real company	00001715:8:27	
2656	調書	ちょうしょ	police statement (record)	noun	object	00001735:8:0	provisional	n		00001735:8:0	
2657	飯沢いいジャン♪	いいざわいいじゃん	TBD (TV show title; see V575)	noun	title	00001741:8:8	provisional	n	pun 飯沢 + いいじゃん; ♪ outside the allowed set	00001741:8:8	
2658	中学生惨殺事件	ちゅうがくせいざんさつじけん	the middle-schooler murders	noun	event	00001741:8:11	provisional	n	news label	00001741:8:11	
2659	VTR	ぶいてぃーあーる	the footage	noun	term	00001741:8:13	provisional	n	"VTRをご覧ください" = "Let's look at the footage"	00001741:8:13	
2660	フラミンゴ	ふらみんご	flamingo	noun	term	00001755:8:0	provisional	n	8:6 "フラミンゴ(Flamingo)" (V584)	00001755:8:0	
2661	濾過摂食	ろかせっしょく	filter feeding	noun	term	00001755:8:1	provisional	n		00001755:8:1	
2662	藍藻	らんそう	blue-green algae	noun	term	00001755:8:2	provisional	n		00001755:8:2	
2663	β-カロテン	べーたかろてん	beta-carotene	noun	term	00001755:8:4	provisional	n	Greek β outside the allowed set (V592)	00001755:8:4	
2664	カンタキサンチン	かんたきさんちん	canthaxanthin	noun	term	00001755:8:4	provisional	n		00001755:8:4	
2665	女ケ沢動物園	めがさわどうぶつえん (assumed)	TBD (the Megasawa Zoo; follows 女ケ沢, V012)	noun	place	00001755:8:44	provisional	n		00001755:8:44	
2666	私服巡回員	しふくじゅんかいいん	plainclothes patrolman	noun	title	00001755:8:28	provisional	n		00001755:8:28	
2667	迷子センター	まいごせんたー	the lost-children center	noun	place	00001755:8:31	provisional	n		00001755:8:31	
2668	虚辞	きょじ	lies (empty words)	noun	term	00001755:8:35	provisional	n	a child's show-off word	00001755:8:35	
2669	凌辱	りょうじょく	assault (sexual)	noun	term	00001755:8:35	provisional	n	small 絵梨奈's word; 凌辱魔 (8:48) "a molester"	00001755:8:35	
2670	誘拐犯	ゆうかいはん	kidnapper	noun	term	00001755:8:34	provisional	n		00001755:8:34	
2671	クソイケメン	くそいけめん	really, really good-looking	noun	term	000017CB:8:9	provisional	n	slang intensifier	000017CB:8:9	
2672	ただしイケメンに限る	ただしいけめんにかぎる	'only if he's hot'	phrase	term	000017CB:8:10	provisional	n	net meme, quoted in 『』	000017CB:8:10	
2673	ハヤブサ宅配サービス	はやぶさたくはいさーびす	Hayabusa Delivery Service	noun	brand	000017D3:8:1	provisional	n		000017D3:8:1	
2674	亀田	かめだ	Kameda	noun	person	000017D3:8:1	provisional	n	delivery-service clerk	000017D3:8:1	
2675	産婦人科	さんふじんか	obstetrics and gynecology	noun	place	000017FA:8:19	provisional	n	なつみ's joking guess (V579)	000017FA:8:19	
2676	ホシ	ほし	the perp	noun	term	00001800:8:4	provisional	n	police slang for the culprit	00001800:8:4	
2677	マルタイ	まるたい	the protectee	noun	term	00001800:8:4	provisional	n	police slang for the person under protection	00001800:8:4	
2678	県警本部	けんけいほんぶ	prefectural police headquarters	noun	org	00001800:8:7	provisional	n	cf. 佐波県警本部	00001800:8:7	
2679	田舎警察	いなかけいさつ	a country police force	noun	term	00001800:8:20	provisional	n		00001800:8:20	
2680	道畑	みちはた (assumed)	Michihata	noun	person	00001807:8:53	provisional	n	桃子's manager; 道畑様 in her mock service address (V082 treatment)	00001807:8:53	
2681	アイスカフェオレ	あいすかふぇおれ	iced cafe au lait	noun	food	00001807:8:54	provisional	n	no accent in EN (CHARACTER SET)	00001807:8:54	
2682	不良娘	ふりょうむすめ	a delinquent girl	noun	term	00001807:8:35	provisional	n		00001807:8:35	
2683	落ちこぼれ	おちこぼれ	losers (dropouts)	noun	term	00001807:8:41	provisional	n		00001807:8:41	
2684	ストリートビュー	すとりーとびゅー	Street View	noun	brand	00001818:8:13	provisional	n		00001818:8:13	
2685	クレイジーカウボーイ	くれいじーかうぼーい	Crazy Cowboy	noun	person	00001A6B:22:69	provisional	n	the video host's name; the 00001039 / 0000181F host	00001A6B:22:69	
2686	州警察	しゅうけいさつ	the state police	noun	org	0000181F:8:27	provisional	n		0000181F:8:27	
2687	救命部隊	きゅうめいぶたい	a rescue team	noun	org	0000181F:8:27	provisional	n		0000181F:8:27	
2688	フィート	ふぃーと	feet	noun	term	0000181F:8:15	provisional	n	"300フィート" = "300 feet"	0000181F:8:15	
2689	プロテクター	ぷろてくたー	armor (protective gear)	noun	object	0000181F:8:25	provisional	n		0000181F:8:25	
2690	心中お察しします	しんちゅうおさっしします	I can only imagine how you feel	phrase	term	0000182A:8:18	provisional	n	condolence formula; 心中 here しんちゅう, not the 心中 (しんじゅう) row	0000182A:8:18	
2691	すっぴん	すっぴん	no make-up	noun	term	00001835:8:10	provisional	n		00001835:8:10	
2692	アナボリックステロイド	あなぼりっくすてろいど	anabolic steroids	noun	term	00001844:8:15	provisional	n		00001844:8:15	
2693	シブトラミン	しぶとらみん	sibutramine	noun	term	00001844:8:15	provisional	n		00001844:8:15	
2694	ドーピング	どーぴんぐ	doping	noun	term	00001844:8:13	provisional	n	cf. ドーピング薬	00001844:8:13	
2695	五島メニュー	ごとうめにゅー	the Goto menu	noun	term	00001844:8:26	provisional	n	her training plan	00001844:8:26	
2696	元木桜祭り	もときさくらまつり	TBD (the Motoki Cherry Blossom Festival; follows 元木町, 桜祭り)	noun	event	0000191C:11:16	provisional	n	"第70回元木桜祭り"	0000191C:11:16	
2697	第3回元木町春の大食い大会	だいさんかいもときちょうはるのおおぐいたいかい	TBD (the 3rd Motoki Town Spring Eating Contest; follows 元木町)	noun	event	0000191C:11:16	provisional	n		0000191C:11:16	
2698	元木大食い祭り	もときおおぐいまつり	TBD (the Motoki Eating Festival; follows 元木町)	noun	event	0000191C:11:65	provisional	n	the MC's slip for the contest name (remarked 11:67); keep distinct	0000191C:11:65	
2699	大食祭800～冬の陣～	たいしょくさい800ふゆのじん (assumed)	TBD ('Big Eat Fest 800: Winter Battle'; see V303)	noun	event	0000191C:11:40	provisional	n	cf. 大食祭804 (V303)	0000191C:11:40	
2700	ソース焼きそば	そーすやきそば	sauce yakisoba	noun	food	0000191C:11:59	provisional	n		0000191C:11:59	
2701	紅ショウガ	べにしょうが	pickled red ginger	noun	food	0000191C:11:62	provisional	n		0000191C:11:62	
2702	青のり	あおのり	green laver flakes	noun	food	0000191C:11:62	provisional	n		0000191C:11:62	
2703	マヨネーズ	まよねーず	mayonnaise	noun	food	0000191C:11:63	provisional	n		0000191C:11:63	
2704	スーパーはなまる	すーぱーはなまる	Supermarket Hanamaru	noun	brand	0000191C:11:60	provisional	n		0000191C:11:60	
2705	イカ焼き	いかやき	grilled squid	noun	food	0000191C:11:109	provisional	n	cf. イカ焼き少女	0000191C:11:109	
2706	マヨ醤油	まよじょうゆ	mayo-soy sauce	noun	food	0000191C:11:109	provisional	n	spread one kanji per cell at 11:116-119, 11:132-135	0000191C:11:109	
2707	本醸造	ほんじょうぞう	naturally brewed	noun	term	0000191C:11:152	provisional	n		0000191C:11:152	
2708	大食い女王	おおぐいじょおう	queen of competitive eating	noun	title	0000191C:11:40	provisional	n		0000191C:11:40	
2709	全国チャンピオン	ぜんこくちゃんぴおん	national champion	noun	title	0000191C:11:49	provisional	n		0000191C:11:49	
2710	棄権	きけん	withdraw (forfeit)	noun	term	0000191C:11:136	provisional	n		0000191C:11:136	
2711	表彰式	ひょうしょうしき	awards ceremony	noun	event	0000191C:11:165	provisional	n		0000191C:11:165	
2712	人物	じんぶつ	People	noun	ui	00001878:1235:0	provisional	n	事典 category, in 『』	00001878:1235:0	
2713	場所	ばしょ	Places	noun	ui	00001878:1235:0	provisional	n	事典 category, in 『』	00001878:1235:0	
2714	出来事	できごと	Events	noun	ui	00001878:1235:0	provisional	n	事典 category, in 『』	00001878:1235:0	
2715	物・概念	もの・がいねん	Things and Concepts	noun	ui	00001878:1235:0	provisional	n	事典 category, in 『』; ・ kept (BULLET GLYPH) or "and"; follow the UI label	00001878:1235:0	
2716	RF	RF	RF	noun	ui	00001878:1235:15	provisional	n	button label, as printed	00001878:1235:15	
2717	話題	わだい	topic	noun	ui	0000189A:139:1	provisional	n	雑談 topics; 1125:0 legend labels (未選択の話題 etc.)	0000189A:139:1	
2718	ケビン＝ホワイト	けびん＝ほわいと	Kevin White	noun	person	000019E9:26:11	provisional	n	full-width ＝ as the name separator (V581)	000019E9:26:11	
2719	宗教学者	しゅうきょうがくしゃ	religious scholar	noun	title	000019E9:26:11	provisional	n		000019E9:26:11	
2720	この道、我、達人！	このみちわれたつじん	This Path, I, Master!	noun	title	00001A4E:8:51	fixed	y	QUNTR11-02 2026-10-02: shipped segment name 00001A4E	00001A4E:8:51	
2721	吐き気止め	はきけどめ	anti-nausea medicine	noun	term	00001A52:8:4	provisional	n		00001A52:8:4	
2722	抗生物質	こうせいぶっしつ	antibiotics	noun	term	00001A52:8:4	provisional	n		00001A52:8:4	
2723	あっちの方	あっちのほう	'that other thing'	phrase	term	00001A52:8:31	provisional	n	kept vague (V579)	00001A52:8:31	
2724	玲ちん	れいちん (assumed)	Rei-chin	noun	person	00001A5C:8:18	provisional	n	pupils' nickname for 谷崎 (8:19)	00001A5C:8:18	
2725	美山先輩	みやませんぱい (assumed)	Miyama-senpai	noun	person	00001A5C:8:38	provisional	n	a graduated 3rd-year, soccer goalkeeper	00001A5C:8:38	
2726	教育委員会	きょういくいいんかい	the board of education	noun	org	00001A5C:8:59	provisional	n		00001A5C:8:59	
2727	教頭	きょうとう	the vice principal	noun	title	00001A5C:8:30	provisional	n		00001A5C:8:30	
2728	ファンクラブ	ふぁんくらぶ	fan club	noun	org	00001A5C:8:39	provisional	n		00001A5C:8:39	
2729	古典	こてん	classical Japanese (the class)	noun	term	00001A5C:8:11	provisional	n		00001A5C:8:11	
2730	ビーナス鈴鹿	びーなすすずか	TBD (Venus Suzuka)	noun	person	00001A65:8:6	provisional	n	board nickname of a graduated girl; 鈴鹿 alone at 8:7, 8:42	00001A65:8:6	
2731	メンヘラ	めんへら	a mental case (slang)	noun	term	00001A65:8:11	provisional	n	board slur	00001A65:8:11	
2732	父なし	ちちなし	fatherless	noun	term	00001A65:8:13	provisional	n	pun with 乳なし (V582)	00001A65:8:13	
2733	乳なし	ちちなし	flat-chested	noun	term	00001A65:8:15	provisional	n	pun with 父なし (V582)	00001A65:8:15	
2734	下着泥棒	したぎどろぼう	underwear thief	noun	term	00001A65:8:20	provisional	n		00001A65:8:20	
2735	紳士の社交場	しんしのしゃこうば	a gentlemen's club	phrase	term	00001A65:8:24	provisional	n		00001A65:8:24	
2736	ドM	どえむ	a total masochist	noun	term	00001A65:8:47	provisional	n		00001A65:8:47	
2737	ドS	どえす	a total sadist	noun	term	00001A65:8:48	provisional	n		00001A65:8:48	
2738	BDDP	BDDP	BDDP	noun	term	00001A6B:8:5	provisional	n	= ブラック・デス・デビル・ペッパー (00001A6B:22:18); cf. BDDP戦争	00001A6B:8:5	
2739	TAKOYAKI	TAKOYAKI	TAKOYAKI	noun	term	00001A6B:22:14	provisional	n	Latin script in the source; keep the caps	00001A6B:22:14	
2740	超BDDPボンバー	ちょうBDDPぼんばー	the Super BDDP Bomber	noun	object	00001A6B:22:34	provisional	n	also 超BDDPボンバーマン (22:54)	00001A6B:22:34	
2741	デトロイト	でとろいと	Detroit	noun	place	00001A6B:22:31	provisional	n		00001A6B:22:31	
2742	ミシガン州	みしがんしゅう	Michigan	noun	place	00001A6B:22:104	provisional	n		00001A6B:22:104	
2743	催涙スプレー	さいるいすぷれー	pepper spray	noun	object	00001A6B:22:24	provisional	n		00001A6B:22:24	
2744	スコヴィル値	すこゔぃるち	Scoville rating	noun	term	00001A6B:22:19	provisional	n	cf. スコヴィル	00001A6B:22:19	
2745	マフィア	まふぃあ	mafia	noun	org	00001A6B:22:104	provisional	n		00001A6B:22:104	
2746	ガトーパイ	がとーぱい	gateau pie	noun	food	00001A74:8:20	provisional	n	a snack brand; no accent (CHARACTER SET)	00001A74:8:20	
2747	サイダー	さいだー	soda	noun	food	00001A74:8:18	fixed	y	QP13A-03 rulings-P13 2026-10-02: never "cider"	00001A74:8:18	
2748	三者面談	さんしゃめんだん	a parent-teacher meeting	noun	event	00001A7F:8:45	provisional	n		00001A7F:8:45	
2749	アンデッド・リベンジ2	あんでっど・りべんじ2	'Undead Revenge 2'	noun	title	00001A8C:8:4	provisional	n	film title in 『』	00001A8C:8:4	
2750	サイエンス・アポカリプス	さいえんす・あぽかりぷす	science apocalypse	noun	term	00001A8C:8:7	provisional	n	genre label in 『』	00001A8C:8:7	
2751	ンザンビ	んざんび	Nzambi	noun	concept	00001A8C:8:9	provisional	n		00001A8C:8:9	
2752	コンゴ	こんご	the Congo	noun	place	00001A8C:8:9	provisional	n		00001A8C:8:9	
2753	マイケル・ノーマン	まいける・のーまん	Michael Norman	noun	person	00001A8C:8:16	provisional	n	documentary scholar (博士)	00001A8C:8:16	
2754	前世	ぜんせ	a past life	noun	concept	00001A97:8:29	provisional	n		00001A97:8:29	
2755	喪主	もしゅ	chief mourner	noun	title	00001A97:8:2	provisional	n		00001A97:8:2	
2756	たで食う虫も好き好き	たでくうむしもすきずき	there's no accounting for taste	phrase	term	00001AA5:8:10	provisional	n	quoted in 『』 and glossed by the waitress (8:11)	00001AA5:8:10	
2757	高級喫茶店	こうきゅうきっさてん	an upscale café	noun	term	00001AA5:8:21	provisional	n		00001AA5:8:21	
2758	ご祝儀袋	ごしゅうぎぶくろ	a gift envelope	noun	object	00001AAE:8:9	provisional	n		00001AAE:8:9	
2759	得やすいものは去りやすい	えやすいものはさりやすい	easy come, easy go	phrase	term	00001AAE:8:27	provisional	n	followed by the Latin "Easy come, easy go." (V584)	00001AAE:8:27	
2760	デラックスアフタヌーンティーセット	でらっくすあふたぬーんてぃーせっと	Deluxe Afternoon Tea Set	noun	food	00001AAE:8:33	provisional	n	cf. アフタヌーンティーセット	00001AAE:8:33	
2761	クリアンサス・ダ・アルマ・ボルタ・パラ・ウ・セウ。	くりあんさす・だ・あるま・ぼるた・ぱら・う・せう	TBD (katakana Portuguese chant; see V574)	phrase	term	00001729:8:0	provisional	n	with 8:1 "ダンベン・ダウン・テンポ・デ・デスカンス・エン・クリアンサス"	00001729:8:0	
2762	オブリガーダ	おぶりがーだ	TBD (Obrigada; see V574)	interjection	interjection	00001729:8:5	provisional	n	katakana Portuguese "thank you"	00001729:8:5	
2763	補習	ほしゅう	extra lessons	noun	term	0000172F:8:1	provisional	n		0000172F:8:1	
2764	休診日	きゅうしんび	the clinic's day off	noun	term	0000172F:8:25	provisional	n		0000172F:8:25	
2765	ぺっくちょん	ぺっくちょん	Achoo!	interjection	sfx	0000172F:8:37	provisional	n	after "へ……" x3 (8:34-36)	0000172F:8:37	
2766	動物愛護法	どうぶつあいごほう	the Animal Welfare Act	noun	term	00001B70:11:155	provisional	n		00001B70:11:155	
2767	シニガミウオ	しにがみうお	shinigami fish	noun	food	00001B76:11:37	provisional	n	about 80 cm, like a cutlassfish (11:36); 荒田 names are ugly on purpose (00001BC4:8:14)	00001B76:11:37	
2768	フランクフルト	ふらんくふると	a frankfurter	noun	food	00001B8E:8:4	provisional	n	a stall sausage	00001B8E:8:4	
2769	飯沢県警	いいざわけんけい	the Iizawa Prefectural Police	noun	org	00001BAE:8:8	fixed	n	text also in chunk 16; P16; follows 飯沢県	00001BAE:8:8	
2770	女ケ沢駅	めがさわえき	Megasawa Station	noun	place	00001BAE:8:8	fixed	n	text also in chunk 16; P16; follows 女ケ沢	00001BAE:8:8	
2771	ギシンアンキ	ぎしんあんき	TBD (a child repeating 疑心暗鬼 without knowing it)	noun	term	00001BB4:8:36	provisional	n	glossed by 茅萱 8:37; again 00001BCE:8:53; follows 疑心暗鬼	00001BB4:8:36	
2772	ナイフ捌き	ないふさばき	knife work	noun	term	00001BB4:8:26	provisional	n	00001C12:8:9 prints ナイフ裁き (V601)	00001BB4:8:26	
2773	摩訶鉢特摩アユ	まかはどまあゆ	TBD (Makahadoma sweetfish)	noun	food	00001BC4:8:6	provisional	n	named after the harshest of the eight cold hells (8:11); 春花 asks "マカハドマって何なんだ？" (8:10)	00001BC4:8:6	
2774	八寒地獄	はっかんじごく	the eight cold hells	noun	concept	00001BC4:8:11	provisional	n	Buddhist	00001BC4:8:11	
2775	野ウサギ	のうさぎ	a wild hare	noun	term	00001BC4:8:32	provisional	n		00001BC4:8:32	
2776	超絶美人	ちょうぜつびじん	a total knockout	noun	term	00001BCE:8:77	provisional	n	茅萱 of herself, drunk	00001BCE:8:77	
2777	豊岳	とよたけ	Toyotake	noun	place	00001BE8:8:3	fixed	n		00001BE8:8:3	
2778	クリスマスタワーパフェ	くりすますたわーぱふぇ	Christmas Tower Parfait	noun	food	00001BEE:8:26	provisional	n	at ザッハ	00001BEE:8:26	
2779	雑炊	ぞうすい	rice porridge	noun	food	00001BF7:8:13	provisional	n		00001BF7:8:13	
2780	シメ	しめ	the closing dish	noun	term	00001BF7:8:13	provisional	n	シメの雑炊	00001BF7:8:13	
2781	人間国宝	にんげんこくほう	a Living National Treasure	noun	title	00001C12:8:3	provisional	n	夏菜 of 城崎, praise	00001C12:8:3	
2782	魔女裁判	まじょさいばん	a witch trial	noun	term	00001C1D:8:9	provisional	n	cf. 魔女狩り	00001C1D:8:9	
2783	全体進行率	ぜんたいしんこうりつ	overall progress	noun	ui	00001CA0:1059:0	provisional	n	number slot follows (V603)	00001CA0:1059:0	
2784	チェックポイント	ちぇっくぽいんと	checkpoint	noun	ui	00001CA0:1059:9	provisional	n		00001CA0:1059:9	
2785	会いに来たよ。	あいにきたよ	TBD (a 死月編 scenario title)	phrase	title	00001CA0:258:7	provisional	n	in 『』	00001CA0:258:7	
2786	葛飾区	かつしかく	Katsushika Ward	noun	place	00001D0E:8:5	provisional	n		00001D0E:8:5	
2787	ステラ優子	すてらゆうこ	Yuko Stella	noun	person	00001D0E:8:19	fixed	y	a masked fortune-teller; QUNTR11-03 2026-10-02: given name first; ステラさん = Stella-san	00001D0E:8:19	
2788	人相学	にんそうがく	physiognomy	noun	term	00001D0E:8:24	provisional	n		00001D0E:8:24	
2789	霊媒師	れいばいし	a medium	noun	term	00001D0E:8:14	provisional	n		00001D0E:8:14	
2790	おひめの歌	おひめのうた	TBD ('The Princess Song'; a 荒田 children's song)	noun	title	00001D17:8:19	provisional	n	in 『』; lyrics 12:0-17	00001D17:8:19	
2791	お姫	おひめ	the princess	noun	person	00001D17:12:0	provisional	n	in the song, with 皇子	00001D17:12:0	
2792	お年玉	おとしだま	New Year's money	noun	term	00001D17:8:4	provisional	n		00001D17:8:4	
2793	三原	みはら	Mihara (reading assumed)	noun	person	00001D1E:8:6	provisional	n	三原さん	00001D1E:8:6	
2794	さやか	さやか	Sayaka	noun	person	00001D1E:8:6	provisional	n	さやかちゃん; named only	00001D1E:8:6	
2795	真・呪殺編	しん・じゅさつへん	TBD (volume title; follows 呪殺編, V029)	noun	title	00001D5F:21:1	provisional	n		00001D5F:21:1	
2796	導いた元凶	みちびいたげんきょう	TBD (a reference title)	noun	title	00001D5F:91:1	provisional	n	in 『』	00001D5F:91:1	
2797	姫様	ひめさま	TBD (the Princess)	noun	person	00001D6F:8:112	provisional	n	waits at the mountain top (8:139)	00001D6F:8:112	
2798	旧元木市	きゅうもときし	the former Motoki City (follows 元木市)	noun	place	00001E41:11:4	provisional	n		00001E41:11:4	
2799	真・明徴編	しん・めいちょうへん	TBD (volume title; follows 明徴編)	noun	title	00001E47:33:1	provisional	n		00001E47:33:1	
2800	元木大震災	もときだいしんさい	the Great Motoki Earthquake	noun	event	00001EA4:72:2	fixed	n	cf. 佐波大震災; P19 QUNTR17-10	00001EA4:72:2	
2801	全体達成率	ぜんたいたっせいりつ	overall completion	noun	ui	00001EB4:71:5	provisional	n	number slot follows (V603)	00001EB4:71:5	
2802	エデンの実	えでんのみ	the fruit of Eden	noun	term	00001EC0:32:2	provisional	n		00001EC0:32:2	
2803	スケープゴート	すけーぷごーと	scapegoat	noun	term	00001EFF:8:69	provisional	n		00001EFF:8:69	
2804	皮剥ぎ死体事件	かわはぎしたいじけん	the flayed-body case (follows 皮剥ぎ死体)	noun	event	00001FF5:8:13	provisional	n	text also in chunk 25	00001FF5:8:13	
2805	つわり	つわり	morning sickness	noun	term	00002001:8:3	provisional	n		00002001:8:3	
2806	パチンコ	ぱちんこ	pachinko	noun	term	00002007:8:6	provisional	n		00002007:8:6	
2807	ルーシードール3	るーしーどーるすりー	TBD ('Lucy Doll 3', a pachinko machine)	noun	brand	00002007:8:38	provisional	n	a green-and-blue odd-eyed doll (8:39); cf. ルーシー人形	00002007:8:38	
2808	じゃじゃじゃ	じゃじゃじゃ	TBD (dialect exclamation; V604)	interjection	interjection	0000200D:8:2	provisional	n	なつみ's grandfather	0000200D:8:2	
2809	じっちゃん	じっちゃん	Grandpa	noun	person	0000200D:8:5	provisional	n	the grandfather of himself	0000200D:8:5	
2810	桜っこ	さくらっこ	the cherry (dialect)	noun	term	0000200D:8:8	provisional	n	V604	0000200D:8:8	
2811	新村夏菜のドッキリ☆歓迎計画	にいむらかなのどっきりかんげいけいかく	TBD ("Kana Niimura's Prank Welcome Plan"; ☆ V597)	phrase	title	00002019:8:16	provisional	n		00002019:8:16	
2812	健吾	けんご	Kengo	noun	person	0000201F:8:2	provisional	n	健吾君	0000201F:8:2	
2813	インフィニティラブ	いんふぃにてぃらぶ	Infinity Love	noun	title	00002026:8:78	provisional	n	an anime heroine	00002026:8:78	
2814	愛の戦士	あいのせんし	warrior of love	noun	term	00002026:8:78	provisional	n		00002026:8:78	
2815	村八分	むらはちぶ	ostracism by the village	noun	term	00002057:8:23	provisional	n		00002057:8:23	
2816	インド数学	いんどすうがく	Indian mathematics	noun	term	0000205F:8:7	provisional	n	small 絵梨奈's hobby	0000205F:8:7	
2817	ひい	ひい	Eek	interjection	interjection	0000205F:8:25	provisional	n	a frightened squeak (small 絵梨奈 at 桃子's shout)	0000205F:8:25	
2818	第一病院	だいいちびょういん	Daiichi Hospital	noun	place	00002066:8:7	fixed	y	has an eye department; QUNTR11S-01 2026-10-02	00002066:8:7	
2819	紹介状	しょうかいじょう	referral letter	noun	object	00002066:8:7	provisional	n		00002066:8:7	
2820	カズ君	かずくん	Kazu-kun	noun	person	0000206C:8:1	provisional	n	a man on the phone with 桃子; named only	0000206C:8:1	
2821	マサシさん	まさしさん	Masashi-san	noun	person	0000206C:8:5	provisional	n	a man 桃子 calls "博学"; named only	0000206C:8:5	
2822	シンジ君	しんじくん	Shinji-kun	noun	person	0000206C:8:16	provisional	n	named only	0000206C:8:16	
2823	タカヒロさん	たかひろさん	Takahiro-san	noun	person	0000206C:8:21	provisional	n	a man who says he divorced; named only	0000206C:8:21	
2824	医療保険	いりょうほけん	medical insurance	noun	term	00002078:8:2	provisional	n		00002078:8:2	
2825	先進医療保証	せんしんいりょうほしょう	advanced-treatment coverage	noun	term	00002078:8:5	provisional	n	"先進医療保証の保険"	00002078:8:5	
2826	会長	かいちょう	president (of the student council)	noun	title	0000207E:8:5	provisional	n	a new second-year; not used as address here	0000207E:8:5	
2827	ココア	ここあ	cocoa	noun	food	0000208A:8:17	provisional	n		0000208A:8:17	
2828	くしゅん	くしゅん	achoo	noun	sfx	0000208A:8:14	provisional	n	a sneeze inside 「」	0000208A:8:14	
2829	町長選挙	ちょうちょうせんきょ	mayoral election	noun	event	00002090:8:1	provisional	n		00002090:8:1	
2830	ブロークンウィンドウ理論	ぶろーくんうぃんどうりろん	the broken windows theory	noun	concept	00002090:8:31	provisional	n		00002090:8:31	
2831	元木町公式チャンネル	もときちょうこうしきちゃんねる	TBD (the official Motoki Town channel; follows 元木町)	noun	brand	00002096:8:0	provisional	n	a video channel	00002096:8:0	
2832	衆議院選挙	しゅうぎいんせんきょ	the House of Representatives election	noun	event	00002096:8:14	provisional	n		00002096:8:14	
2833	衆議院議員	しゅうぎいんぎいん	member of the House of Representatives	noun	title	00002096:8:18	provisional	n		00002096:8:18	
2834	ベンズコーヒー	べんずこーひー	Ben's Coffee	noun	brand	0000209C:8:3	provisional	n	a famous café chain, not yet in 元木町	0000209C:8:3	
2835	ペキーノ	ぺきーの	TBD (Pekino; see V614)	noun	ui	0000209C:8:10	provisional	n	size "small" per 五島's gloss	0000209C:8:10	
2836	メージュ	めーじゅ	TBD (Meju; see V614)	noun	ui	0000209C:8:11	provisional	n	size "medium"; 五島 orders it	0000209C:8:11	
2837	グレンジ	ぐれんじ	TBD (Grenji; see V614)	noun	ui	0000209C:8:12	provisional	n	size "large"	0000209C:8:12	
2838	オーバサイゼド	おーばさいぜど	TBD (Obasaizedo; see V614)	noun	ui	0000209C:8:13	provisional	n	size "extra-large"	0000209C:8:13	
2839	治験	ちけん	clinical trial	noun	term	0000209C:8:47	provisional	n	五島 misreads it じっけん (8:45); the English must carry a misreading	0000209C:8:47	
2840	身分証明証	みぶんしょうめいしょう	ID	noun	object	000020A2:8:14	provisional	n		000020A2:8:14	
2841	運転免許証	うんてんめんきょしょう	driver's license	noun	object	000020A2:8:15	provisional	n	cf. 運転免許	000020A2:8:15	
2842	推薦案内状	すいせんあんないじょう	letter of recommendation	noun	object	000020AE:8:10	provisional	n	heading read aloud	000020AE:8:10	
2843	文部科学省	もんぶかがくしょう	the Ministry of Education	noun	org	000020AE:8:13	provisional	n		000020AE:8:13	
2844	文部科学大臣	もんぶかがくだいじん	the Minister of Education	noun	title	000020AE:8:19	provisional	n		000020AE:8:19	
2845	島津悠作	しまづ ゆうさく	Yusaku Shimazu (reading assumed)	noun	person	000020AE:8:19	provisional	n	signs the letter; named only	000020AE:8:19	
2846	生物工学	せいぶつこうがく	bioengineering	noun	term	000020AE:8:23	provisional	n		000020AE:8:23	
2847	ますますご清栄のこととお慶び申し上げます	ますますごせいえいのこととおよろこびもうしあげます	TBD (We trust this letter finds you well.)	phrase	term	000020AE:8:12	provisional	n	fixed letter formula	000020AE:8:12	
2848	1号車	いちごうしゃ	Vehicle One	noun	term	000020BB:8:40	provisional	n	radio call sign	000020BB:8:40	
2849	フラグ	ふらぐ	TBD ("Don't jinx it"; フラグ立てんな)	noun	term	000020BB:8:25	provisional	n	net slang: a death flag	000020BB:8:25	
2850	定期電車	ていきでんしゃ	the scheduled train	noun	term	000020CC:8:4	provisional	n		000020CC:8:4	
2851	麻雀	まーじゃん	mahjong	noun	term	000020CC:8:13	provisional	n		000020CC:8:13	
2852	あれあれ	あれあれ	TBD (Well, well?)	interjection	interjection	000020D8:8:54	provisional	n	夏菜's teasing catch ("あれあれ？　どこへ行くのかな？"); also 000020DE:8:18	000020D8:8:54	
2853	TT	てぃーてぃー	TT	noun	person	000020FC:8:0	provisional	n	chat handle; kept as printed	000020FC:8:0	
2854	けん	けん	Ken	noun	person	000020FC:8:1	provisional	n	chat handle, hiragana	000020FC:8:1	
2855	佐藤さん	さとうさん	Sato-san	noun	person	000020FC:8:8	provisional	n	chat handle includes さん	000020FC:8:8	
2856	しま	しま	Shima	noun	person	000020FC:8:27	provisional	n	chat handle	000020FC:8:27	
2857	チガちゃん	ちがちゃん	Chiga-chan	noun	person	000020FC:8:21	provisional	n	the party crowd's name for 茅萱	000020FC:8:21	
2858	おはっす	おはっす	TBD (mornin')	interjection	interjection	000020FC:8:8	provisional	n	clipped おはようございます in chat	000020FC:8:8	
2859	許婚	いいなずけ	fiance (arranged)	noun	term	00002108:8:18	provisional	n	" 許 婚" ruby residue	00002108:8:18	
2860	決意表明会	けついひょうめいかい	a declaration party	noun	event	00002108:8:62	provisional	n	contrasted with 送別会	00002108:8:62	
2861	むー	むー	TBD (Hmph!)	interjection	interjection	00002114:8:2	provisional	n	夏菜 pouting; むむー (8:5) is the stronger form	00002114:8:2	
2862	むむー	むむー	TBD (Hmmph!)	interjection	interjection	00002114:8:5	provisional	n	follows むー	00002114:8:5	
2863	お礼回り	おれいまわり	a round of thank-you visits	noun	term	00002120:8:2	provisional	n		00002120:8:2	
2864	才媛	さいえん	a woman of talent	noun	term	0000212D:8:0	provisional	n	defined in the text (8:1-2): 才 = learning and talent, 媛 = a fine word for a woman	0000212D:8:0	
2865	男尊女卑	だんそんじょひ	men above women	noun	concept	0000212D:8:5	provisional	n		0000212D:8:5	
2866	イデオロギー	いでおろぎー	ideology	noun	concept	0000212D:8:3	provisional	n		0000212D:8:3	
2867	父上	ちちうえ	Father	noun	title	0000212D:8:17	provisional	n	桔梗's address and 3p for her father; formal	0000212D:8:17	
2868	才女	さいじょ	a talented girl	noun	term	0000212D:8:31	provisional	n	also 0000217A:8:27, 00002181:8:59; cf. 天才少女 (8:33)	0000212D:8:31	
2869	列強	れっきょう	the Great Powers	noun	concept	0000212D:8:12	provisional	n		0000212D:8:12	
2870	苗字	みょうじ	surname	noun	term	00002137:8:51	provisional	n	町人 had none in public	00002137:8:51	
2871	町人	ちょうにん	townsfolk	noun	term	00002137:8:53	provisional	n		00002137:8:53	
2872	晃様	あきらさま	Akira-sama (reading V525)	noun	person	00002137:8:41	provisional	n	桔梗's address before marriage	00002137:8:41	
2873	桔梗殿	ききょうどの	Kikyo-dono (reading V195)	noun	person	00002137:8:50	provisional	n	晃's address before marriage	00002137:8:50	
2874	晃さん	あきらさん	Akira-san (reading V525)	noun	person	0000217A:8:49	provisional	n	桔梗's address after the 山籠	0000217A:8:49	
2875	ガス燈	がすとう	gas lamp	noun	object	0000214F:8:30	provisional	n		0000214F:8:30	
2876	神社	じんじゃ	shrine	noun	place	0000216E:8:15	provisional	n	the wedding venue	0000216E:8:15	
2877	鳥居	とりい	the torii gate	noun	object	0000216E:8:23	provisional	n		0000216E:8:23	
2878	花嫁衣装	はなよめいしょう	bridal robes	noun	object	0000216E:8:25	provisional	n		0000216E:8:25	
2879	角隠し	つのかくし	the bridal hood	noun	object	00002174:8:0	provisional	n		00002174:8:0	
2880	仲人	なこうど	go-between	noun	term	00002174:8:8	provisional	n		00002174:8:8	
2881	貢物	みつぎもの	tribute	noun	object	0000217A:8:18	provisional	n		0000217A:8:18	
2882	献上	けんじょう	to present (to the Emperor)	verb	term	0000212D:8:38	provisional	n		0000212D:8:38	
2883	因果律	いんがりつ	the law of causality	noun	concept	00002187:8:8	provisional	n	cf. 因果	00002187:8:8	
2884	敬礼	けいれい	salute	noun	term	000021A5:8:11	provisional	n		000021A5:8:11	
2885	封石	ふうせき	the seal stone	noun	object	000021BD:8:16	provisional	n		000021BD:8:16	
2886	太閤殿下	たいこうでんか	TBD (His Highness the Taiko; see V625)	noun	title	000021BD:21:17	provisional	n	the 482 text; not linked to 藤吉郎 in the text	000021BD:21:17	
2887	金崎勉	かねざきつとむ	Tsutomu Kanezaki	noun	person	000021CF:8:69	fixed	n	the new registered name given to 篠崎ハジメ by the 本部長; printed 『金崎 勉』 with an ASCII space; 金崎さん / 金崎君 in address; P19 QSIDE3B-01: the source ruby at 000021CF:8:69 reads かねざき (ruby beats the read-through); tsv-en/事典出来事.tsv swept	000021CF:8:69	
2888	土田	つちだ	Tsuchida	noun	person	000021CF:8:185	provisional	n	the alias the 本部長 uses on the phone (8:199 "偽名")	000021CF:8:185	
2889	本部長	ほんぶちょう	the Director	noun	title	000021CF:8:57	provisional	n	a leader of the セレジェイラ聖教 (教団幹部の一人); used as address ("本部長、" 8:98) -> "Director"	000021CF:8:57	
2890	戸籍	こせき	family register	noun	term	000021CF:8:58	provisional	n	戸籍を変える = get a new family register; the 荒田 residents have none (8:170)	000021CF:8:58	
2891	研究所	けんきゅうじょ	the research institute	noun	place	000021CF:8:455	provisional	n	元木町の研究所 (8:474)	000021CF:8:455	
2892	教団幹部	きょうだんかんぶ	the cult leadership	noun	org	000021CF:8:30	provisional	n	of the セレジェイラ聖教	000021CF:8:30	
2893	同胞	どうほう	brethren	noun	term	000021CF:8:13	provisional	n	fellow believers who volunteered as test subjects	000021CF:8:13	
2894	被験者	ひけんしゃ	test subject	noun	term	000021CF:8:127	provisional	n	also 被験同胞 (8:94) = "the brethren we tested on"	000021CF:8:127	
2895	信徒	しんと	believer	noun	term	000021CF:8:48	provisional	n		000021CF:8:48	
2896	元信徒	もとしんと	a former believer	noun	term	000021CF:8:66	provisional	n		000021CF:8:66	
2897	仏	ほとけ	a buddha	noun	concept	000021CF:8:336	provisional	n	"自分が仏にでもなったような気分" = "as if I had become a buddha"	000021CF:8:336	
2898	出家	しゅっけ	take holy orders	verb	term	000021CF:8:340	provisional	n	renounce the world as a monk	000021CF:8:340	
2899	ボツシナリオ	ぼつしなりお	a scrapped scenario	noun	term	000021D5:35:5	provisional	n	the guide's "meta" word	000021D5:35:5	
2900	次元	じげん	dimension	noun	concept	000021E2:53:18	provisional	n	別の次元 / どの次元のわたくし; 2つの次元の新村春花	000021E2:53:18	
2901	客人	きゃくじん	guest	noun	term	000021E2:211:5	provisional	n	distinct from お客様 (the player)	000021E2:211:5	
2902	傍観者	ぼうかんしゃ	an onlooker	noun	term	000021E2:734:3	provisional	n	the guide's charge against the player (734:3, 835:0)	000021E2:734:3	
2903	悪魔のささやき	あくまのささやき	the devil's whisper	phrase	concept	000021E2:517:10	provisional	n		000021E2:517:10	
2904	弱虫	よわむし	a coward	noun	term	000021E2:901:7	provisional	n	"何で私……こんな弱虫なんだよ"	000021E2:901:7	
2905	ご臨終です	ごりんじゅうです	I'm sorry. She's gone.	phrase	term	000021FE:11:0	provisional	n	a doctor's set formula announcing death	000021FE:11:0	
2906	永劫回帰	えいごうかいき	eternal recurrence	noun	concept	00002225:11:103	provisional	n	the text glosses it itself (11:104: 『一瞬一瞬を大切に生きる』『過去を後悔するより未来へ希望を馳せる』); translate the gloss as written, do not correct it	00002225:11:103	
2907	天才少女五島絵梨奈	てんさいしょうじょごとうえりな	the genius girl Erina Goto	phrase	title	00002225:11:25	provisional	n	五島's self-title; cf. 天才少女	00002225:11:25	
2908	ミラノポリス	みらのぽりす	Milanopolis	noun	brand	00002225:11:165	provisional	n	a pizza place	00002225:11:165	
2909	ウルトラデラックスピザ	うるとらでらっくすぴざ	Ultra Deluxe Pizza	noun	food	00002225:11:165	provisional	n		00002225:11:165	
2910	死月妖花～四月八日～	しがつようか しがつようか	TBD (the game's full title; see V457)	noun	title	00002268:8:0	provisional	n	the afterword's name for the game; owner decides	00002268:8:0	
2911	最後の声編	さいごのこえへん	Saigo no Koe Arc [Last Voice]	noun	title	00002268:8:13	fixed	n	the fifth volume per the afterword; P18: the shipped arc name (patch/hen-jp-en.tsv)	00002268:8:13	
2912	エデンの桜編	えでんのさくらへん	Eden no Sakura Arc [Eden's Cherry]	noun	title	00002268:8:20	fixed	n	P18: the shipped arc name (patch/hen-jp-en.tsv)	00002268:8:20	
2913	永劫回帰編	えいごうかいきへん	TBD (volume title; V029)	noun	title	00002268:8:20	provisional	n	cf. 永劫回帰	00002268:8:20	
2914	死神の掟	しにがみのおきて	TBD (subtitle of 詫言編; V029, V014)	noun	title	00002268:8:48	provisional	n	詫言編『死神の掟』	00002268:8:48	
2915	レポートリファレンス	れぽーとりふぁれんす	the report reference	noun	ui	00002268:8:35	provisional	n	has a jigsaw puzzle per the afterword	00002268:8:35	
2916	ノベルゲーム	のべるげーむ	visual novel	noun	term	00002268:8:2	provisional	n		00002268:8:2	
2917	フリーゲーム	ふりーげーむ	free game	noun	term	00002268:8:5	provisional	n		00002268:8:5	
2918	誤変換	ごへんかん	a typing mis-conversion	noun	term	00002268:8:26	provisional	n	『死月妖花』 came from a mis-conversion of 『四月八日』; the point turns on the homophone (TN case 4 when drafted)	00002268:8:26	
2919	干渉ノイズ	かんしょうのいず	interference noise	noun	term	00002330:77:2	provisional	n	the guide's name for the garbled cells (V631)	00002330:77:2	
2920	皮剥ぎ事件	かわはぎじけん	the flaying case	noun	event	00002330:77:7	provisional	n	short form of 皮剥ぎ死体事件	00002330:77:7	
2921	朝ザッハ	あさざっは	morning Zahha	noun	term	0000235A:8:0	provisional	n	follows ザッハ (TBD)	0000235A:8:0	
2922	却下	きゃっか	Rejected!	interjection	interjection	0000235A:8:5	provisional	n	a flat veto shout (五島 and 春花 at once)	0000235A:8:5	
2923	株式会社IC	かぶしきがいしゃあいしー	IC Inc.	noun	org	00002420:11:2	provisional	n	古郡良治's company	00002420:11:2	
2924	パーラー桜色	ぱーらーさくらいろ	TBD (Parlor Sakurairo)	noun	place	00002420:11:18	provisional	n	茜's workplace	00002420:11:18	
2925	反射ストーブ	はんしゃすとーぶ	kerosene reflector heater	noun	object	00002427:11:387	provisional	n	灯油式の反射ストーブ	00002427:11:387	
2926	安全装置	あんぜんそうち	the safety	noun	object	0000242E:11:131	provisional	n	on a gun	0000242E:11:131	
2927	薬莢	やっきょう	shell casings	noun	object	0000242E:11:202	provisional	n		0000242E:11:202	
2928	春の嵐	はるのあらし	a spring storm	phrase	term	0000242E:11:29	provisional	n		0000242E:11:29	
2929	開祖	かいそ	the founder	noun	title	00002433:11:110	provisional	n	the settlement's founder, 800+ years ago; not named in the file	00002433:11:110	
2930	残念無念	ざんねんむねん	What a shame	interjection	interjection	00002433:11:17	provisional	n	夏菜's set phrase	00002433:11:17	
2931	ズッコンバッコン	ずっこんばっこん	bang-bang	noun	sfx	00002433:11:21	provisional	n	夏菜's dirty-joke word; SFX rule: a sound-word a reader can hear	00002433:11:21	
2932	杞憂	きゆう	a needless worry	noun	term	00002433:11:49	provisional	n		00002433:11:49	
2933	銭	ぜに	money	noun	term	00002433:11:7	provisional	n	エリカ's folksy word ("銭を稼ぎたい")	00002433:11:7	
2934	分家化	ぶんけか	splitting into branch families	noun	term	0000243F:11:103	provisional	n	the 荒田 lines branch until same-surname people are nearly strangers	0000243F:11:103	
2935	瀬	せ	TBD (Se; see V660)	noun	person	0000243F:11:99	provisional	n	surname; 瀬家 manages water and irrigation (11:113)	0000243F:11:99	
2936	瀬正照	せまさてる	TBD (Masateru Se; see V660)	noun	person	0000243F:11:112	provisional	n	given name first in EN; 香織 calls him マーくん	0000243F:11:112	
2937	新島	にいじま	TBD (Niijima; see V660)	noun	person	0000243F:11:109	provisional	n	surname of the farming line (新島家)	0000243F:11:109	
2938	新島香織	にいじまかおり	TBD (Kaori Niijima; see V660)	noun	person	0000243F:11:125	provisional	n	given name first in EN	0000243F:11:125	
2939	城崎健吾	しろざきけんご	Kengo Shirozaki	noun	person	00002444:14:122	provisional	n	full name; = 健吾君 of 0000201F	00002444:14:122	
2940	ケンちゃん	けんちゃん	Ken-chan	noun	person	0000243F:11:123	provisional	n	香織's name for 城崎健吾	0000243F:11:123	
2941	マーくん	まーくん	Ma-kun	noun	person	0000243F:11:130	provisional	n	香織's name for 瀬正照	0000243F:11:130	
2942	チーちゃん	ちーちゃん	Chi-chan	noun	person	0000243F:11:124	provisional	n	香織's name for 茅萱	0000243F:11:124	
2943	カナカナ	かなかな	Kanakana	noun	person	0000243F:11:124	provisional	n	香織's name for 夏菜 (her name doubled)	0000243F:11:124	
2944	こーちゃん	こーちゃん	Ko-chan	noun	person	00002444:26:324	provisional	n	香織's name for 幸太郎 (五島's imagined scene)	00002444:26:324	
2945	クーデター	くーでたー	a coup	noun	term	0000243F:11:52	provisional	n		0000243F:11:52	
2946	邪悪なる女神	じゃあくなるめがみ	the Evil Goddess	noun	title	00002444:20:469	provisional	n	from a 書簡 quoted by 城崎; keep apart from 女神様 (the Goddess)	00002444:20:469	
2947	核	かく	the core	noun	concept	00002444:26:382	provisional	n	the one who gives 死月妖花 its mind; 西洋の言葉で アバドン (26:406)	00002444:26:382	
2948	元女神様	もとめがみさま	the former Goddess	noun	title	00002444:26:458	provisional	n	サクラ's mocking address to 糸姫	00002444:26:458	
2949	新米神使	しんまいしんし	a rookie 神使 (follows 神使, V224)	noun	term	00002444:26:477	provisional	n	サクラ of なつみ	00002444:26:477	
2950	初動部隊	しょどうぶたい	the first-response unit	noun	org	00002444:26:4	provisional	n	police	00002444:26:4	
2951	異形	いぎょう	the aberration	noun	term	00002444:26:134	provisional	n	五島's word for the thing in なつみ's shape; 『異形』 at 26:169	00002444:26:134	
2952	生け捕り	いけどり	taking (her) alive	noun	term	00002444:26:308	provisional	n	生け捕りにする = "take alive"	00002444:26:308	
2953	奥さん	おくさん	your wife / Mrs. Kogori (by context)	noun	person	00002444:14:498	provisional	n	城崎 of 茜, speaking to 良治; common noun, no suffix (STYLE)	00002444:14:498	
2954	旦那さん	だんなさん	your husband	noun	person	00002444:14:499	provisional	n	城崎 of 良治, speaking to 茜; common noun, no suffix (STYLE)	00002444:14:499	
2955	へっきゅちん	へっきゅちん	achoo (a small, cute sneeze)	interjection	sfx	00002444:20:117	provisional	n	春花; "へ……／へ……" in the two cells before	00002444:20:117	
2956	過激派	かげきは	the radicals	noun	term	00002444:26:66	provisional	n	五島's word for the villagers who want the kill	00002444:26:66	
2957	穏健派	おんけんは	the moderates	noun	term	00002444:26:66	provisional	n		00002444:26:66	
2958	祀耀815年	しようはっぴゃくじゅうごねん	Shiyo 815	noun	date	00002444:32:322	provisional	n		00002444:32:322	
2959	動く死体	うごくしたい	walking corpses	noun	term	00002450:12:136	provisional	n	a heading in 篠崎's books	00002450:12:136	
2960	まかない	まかない	the staff meal	noun	food	00002450:12:148	provisional	n	桃子's café leftovers (sandwiches)	00002450:12:148	
2961	死亡診断書	しぼうしんだんしょ	the death certificate	noun	object	00002450:18:62	provisional	n	新村栄一郎死亡診断書の追加情報 = "addendum to Eiichiro Niimura's death certificate"	00002450:18:62	
2962	割れ窓理論	われまどりろん	the broken windows theory	noun	concept	00002450:18:127	provisional	n	same EN as ブロークンウィンドウ理論 (the subordinate says both)	00002450:18:127	
2963	定例会	ていれいかい	the regular meeting	noun	event	00002450:18:5	provisional	n	cf. 定例会見 (press conference)	00002450:18:5	
2964	回覧板	かいらんばん	the circular notice	noun	object	00002457:11:33	fixed	y	passed house to house; 幸太郎's forged notice	00002457:11:33	
2965	子宝	こだから	children (as a blessing)	noun	term	0000245F:11:73	provisional	n	子宝に恵まれる = "be blessed with children"	0000245F:11:73	
2966	弔事	ちょうじ	a mourning (event)	noun	event	0000245F:11:68	provisional	n	paired with 慶事: "a mourning and a celebration in the same season"	0000245F:11:68	
2967	慶事	けいじ	a celebration	noun	event	0000245F:11:68	provisional	n	paired with 弔事	0000245F:11:68	
2968	手ごま	てごま	a pawn	noun	term	00002464:11:74	provisional	n	"生きた人間を手ごまにした方が"	00002464:11:74	
2969	荒田山道	あらたさんどう	TBD (the Arata mountain road; reading assumed)	noun	place	0000246E:11:10	provisional	n	the settlement's exit road; follows 荒田	0000246E:11:10	
2970	鍛冶	かじ	smithing	noun	term	0000246E:11:230	provisional	n	城崎's trade	0000246E:11:230	
2971	漫談	まんだん	a comic monologue	noun	term	0000246E:11:300	provisional	n	"漫談のような滑稽さ"	0000246E:11:300	
2972	落とし前	おとしまえ	settle it yourself / make it right	noun	term	0000246E:11:386	provisional	n	"荒田の男なら落とし前はつけな"	0000246E:11:386	
2973	正念場	しょうねんば	the moment of truth	noun	term	0000246E:11:390	fixed	n	P23 (000014BC 8:253)	0000246E:11:390	
2974	荒田の戦士	あらたのせんし	a warrior of Arata	phrase	term	0000246E:11:247	provisional	n	サクラ on 茅萱 and 夏菜	0000246E:11:247	
2975	荒田の男	あらたのおとこ	a man of Arata	phrase	term	0000246E:11:386	provisional	n	cf. 荒田の女	0000246E:11:386	
2976	滋養	じよう	nourishment	noun	term	0000246E:11:268	provisional	n	"荒田の滋養を吸収して"; cf. 滋養強壮	0000246E:11:268	
2977	平手打ち	ひらてうち	a slap	noun	term	0000246E:11:361	provisional	n		0000246E:11:361	
2978	腑抜け	ふぬけ	spineless	noun	term	0000246E:11:376	provisional	n	"何を腑抜けたことを言ってるんだ！" = "What kind of spineless talk is that!"	0000246E:11:376	
2979	新しい女神様	あたらしいめがみさま	the new goddess	phrase	title	00002473:11:304	provisional	n	the dead's name for their new master; follows 女神様	00002473:11:304	
2980	下賤	げせん	lowborn	adj	term	00002473:11:303	provisional	n	"ただの下賤の娘" = "just a lowborn girl"	00002473:11:303	
2981	人間様	にんげんさま	us humans	noun	term	00002473:11:178	provisional	n	mock-proud: "人間様をなめるなキノコめ！" = "Don't underestimate us humans, you mushroom!"; -sama not kept (common noun)	00002473:11:178	
2982	キノコ	きのこ	mushroom	noun	term	00002473:11:178	provisional	n	cf. 化け物キノコ	00002473:11:178	
2983	お人形遊び	おにんぎょうあそび	playing with dolls	noun	term	00002473:11:115	provisional	n		00002473:11:115	
2984	5月の連休	ごがつのれんきゅう	the May holidays	noun	date	00002473:11:278	provisional	n	= ゴールデンウィーク in content, different word	00002473:11:278	
2985	神使探し	しんしさがし	the search for 神使	noun	term	00002473:11:295	provisional	n	follows 神使	00002473:11:295	
2986	留置場	りゅうちじょう	the police cells	noun	place	00002473:11:313	provisional	n	same EN as 留置所	00002473:11:313	
2987	刑務所	けいむしょ	prison	noun	place	00002473:11:313	provisional	n		00002473:11:313	
2988	あらあら	あらあら	TBD (My, my)	interjection	interjection	00002473:11:250	provisional	n	サクラ (dead), mocking	00002473:11:250	
2989	あーあ	あーあ	Oh, well	interjection	interjection	00002473:11:119	provisional	n	disappointed sigh (幸太郎 11:119; 栄一郎 11:230)	00002473:11:119	
2990	はっはー	はっはー	Ha-ha!	interjection	interjection	00002473:11:94	provisional	n	gloating laugh	00002473:11:94	
2991	拘置所	こうちしょ	the detention center	noun	place	00002478:11:101	provisional	n		00002478:11:101	
2992	差し入れ	さしいれ	something I brought for you	noun	term	00002478:11:10	provisional	n	gift brought to a detainee	00002478:11:10	
2993	奨学金	しょうがくきん	a scholarship	noun	term	00002478:11:110	provisional	n		00002478:11:110	
2994	飯沢市	いいざわし	Iizawa City	noun	place	00002478:11:108	provisional	n	follows 飯沢県	00002478:11:108	
2995	祀耀801年四月八日	しようはっぴゃくいちねんしがつようか	Shiyo 801, April 8	noun	date	00002478:11:127	provisional	n	CALENDAR rule	00002478:11:127	
2996	精神疾患	せいしんしっかん	a mental illness	noun	term	00002478:11:17	provisional	n		00002478:11:17	
2997	別の世界	べつのせかい	another world	phrase	concept	00002478:11:130	provisional	n	closing "それはまた――別の世界での話。"; see V666	00002478:11:130	
2998	談話室	だんわしつ	Chat Room	noun	ui	0000001C:line3677	fixed	y	chatter screen caption (雑談タイトル.gal); owner+Fable 2026-10-01 (Q2441); the other room レストルーム = Lounge	0000001C	
2999	レストルーム	れすとるーむ	Lounge	noun	ui	0000001C	fixed	y	chatter screen caption 2 (雑談タイトル2.gal); "Rest Room" avoided (toilet in US English)	0000001C	
3000	おじさん (Goto -> Ise)	おじさん	Ojisan	noun	term	000004BB:16:37	fixed	y	Goto's teasing address / third-person word for Ise; romanized in 000004BB, 00000522, 00000550, 00000564; no TN (RULING Fable 2026-10-01, QP4B-02 / QP4C-01 / QP4R1-01)	000004BB:16:37	
3001	大食祭800～冬の陣～	たいしょくさい	Big Eating Festival 800 ~Winter Battle~	noun	title	0000191C	fixed	y	TV show title (RULING Fable 2026-10-01, QUNTR2S-02)	0000191C	
3002	であります (伊勢)	であります	plain formal English	phrase	term	00001830:41	fixed	y	Ise uses であります straight (police report register): plain formal English, NO ", sir!"; the ", sir!" row is Goto's mock-soldier bit only (RULING Fable 2026-10-01, QUNTR2S-04)	00001830:41	
3003	佐々木翠	ささきみどり	Midori Sasaki	noun	person	00000682	provisional	n	reading assumed, UNTR3 2026-10-01 (QUNTR3-03)	00000682	
3004	谷崎玲	たにざきれい	Rei Tanizaki	noun	person	00000682:8:1	provisional	n	given-name reading assumed (QUNTR3-05, UNTR3 2026-10-01); surname per 谷崎 row	00000682:8:1	
3005	殲滅スーツ	せんめつすーつ	criminal-annihilating suit	noun	object	00001A6B:8:1	provisional	n	reference script term (QUNTR3S2-01 2026-10-01)	00001A6B:8:1	
3006	おじさん (Natsumi -> Eiichiro / the voice through the cherry tree)	おじさん	Ojisan	noun	term	0000062C	fixed	y	Natsumi's word for Eiichiro, a non-relative (O-57): romanized, no TN; shipped in 0000062C, 0000092D, 00000A30; her child-voice おじちゃん = Ojichan (000008E8). RULING Fable 2026-10-01 QP8A-03	0000062C	
3007	新村サクラ	にいむらさくら	Sakura Niimura	noun	person	00000A48	fixed	n	UNTR6 (人物/新村サクラ table); RULING Fable 2026-10-02 QUNTR6-06	00000A48	
3008	新村桔梗	にいむらききょう	Kikyo Niimura	noun	person	00000AAC	fixed	n	follows 桔梗 = Kikyo (QP8C-03); UNTR6	00000AAC	
3009	呪殺	じゅさつ	curse-killing	noun	term	00000A94	fixed	n	as an in-world word 'jusatsu' where the text names the word itself; 呪殺事件 = the curse-killings; UNTR6 QUNTR6-06	00000A94	
3010	事案	じあん	the affair	noun	term	00000A94	fixed	n	女ケ沢市事案 = "the Megasawa City affair"; kept apart from 事件 = case / the incident; UNTR6	00000A94	
3011	糸姫山	いとひめやま	Mount Itohime	noun	place	00000A94	fixed	n	UNTR6	00000A94	
3012	豊岳小学校	とよたけしょうがっこう	Toyotake Elementary School	noun	place	00000A94	fixed	n	UNTR6; 豊岳 as a peak = Mount Toyotake	00000A94	
3013	氷菓屋台『HAPYY』	ひょうかやたい HAPYY	Ice Cream Stand 'HAPYY'	noun	place	00000A94	fixed	n	Latin script as printed (HAPYY); UNTR6	00000A94	
3014	メガモール	メガモール	Megamall	noun	place	00000A94	fixed	n	UNTR6	00000A94	
3015	先代の大魔女	せんだいのだいまじょ	the previous Grand Witch	noun	term	00000A48	fixed	n	follows 大魔女 Grand Witch; UNTR6	00000A48	
3016	魔女の継承	まじょのけいしょう	Succeeding as a Witch	noun	term	00000A48	fixed	n	display title; 継承の儀 = the succession rite / "The Succession Rite" (card 213); UNTR6	00000A48	
3017	住民帳	じゅうみんちょう	the residents' register	noun	object	00000A94	fixed	n	also 住民簿; UNTR6	00000A94	
3018	姥捨山	うばすてやま	ubasuteyama	noun	term	00000A94	fixed	n	O-61 culture noun, no note; UNTR6	00000A94	
3019	一家族変死事件	いっかぞくへんしじけん	The Strange Deaths of a Family	noun	term	00000A94	fixed	n	reference title; UNTR6	00000A94	
3020	『桜の町のカタルシス』	さくらのまちのカタルシス	'Catharsis of the Cherry Blossom Town'	noun	term	00000A94	fixed	n	work title in 『』; UNTR6	00000A94	
3021	叙述トリック	じょじゅつトリック	narrative trick	noun	term	00000A94	fixed	n	UNTR6	00000A94	
3022	翠眼の獣	すいがんのけもの	The Green-Eyed Beast	noun	term	00000A94	fixed	n	reference title; UNTR6	00000A94	
3023	寄合	よりあい	The Gathering	noun	term	00000A94	fixed	n	reference / display title; in prose "the gathering"; UNTR6	00000A94	
3024	ギシンアンキ	ぎしんあんき	Paranoia	noun	term	00000AF7	fixed	n	ref 115 title: a child's katakana for 疑心暗鬼; RULING Fable 2026-10-02 QUNTR6-04 ("Paranoia", the child's voice is not carried)	00000AF7	
3025	御尊父様	ごそんぷさま	honored father	noun	term	00000BD6:11:11	fixed	n	Goto's mock-retainer register (V227); echo ごそんぷさま……？ = "Honored... father...?" 00000C50:11:107; RULING Fable 2026-10-02 QP9C-01	00000BD6:11:11	
3026	美魔女	びまじょ	beautiful witch	noun	term	00000C68:11:135	fixed	n	plural "beautiful witches" 00000C68:408; 魔女 motif kept (V214); RULING Fable 2026-10-02 QP9C-04	00000C68:11:135	
3027	能子	のうこ	Nohko	noun	person	00000C81:11:60	fixed	n	nickname from 能面 + -ko (雑談リスト 221 "Nohko-san"); RULING Fable 2026-10-02 QUNTR7-04	00000C81:11:60	
3028	大殿	おおとの	the Great Lord	noun	title	00000C50:11:80	fixed	n	ref title 大殿 = "the Great Lord" (UNTR7); RULING Fable 2026-10-02 QUNTR7-04	00000C50:11:80	
3029	城崎百合子	しろざきゆりこ	Yuriko Shirozaki	noun	person	00000C68:11:1	fixed	n	UNTR7 people table; surname lock Shirozaki (rulings-P8 QP8D-02)	00000C68:11:1	
3030	隔世遺伝	かくせいいでん	skipping a generation	noun	term	00000C50:11:60	provisional	n	UNTR7 table wording	00000C50:11:60	
3031	緑内障	りょくないしょう	glaucoma	noun	term	00000C68:11:1	provisional	n	UNTR7; navigator naming remark works via Greek glaukos, no note	00000C68:11:1	
3032	荒田地区	あらたちく	the Arata district	noun	place	00000C50:11:1	fixed	n	UNTR7 display; 荒田集落 = the Arata settlement stays distinct	00000C50:11:1	
3033	呪縛	じゅばく	curse	noun	concept	00000CFA:11:60	provisional	n	the binding kind ("free those two from our curse"); 呪い = curse, 呪殺 = curse-killing; P10PRE QP10PRE-01 2026-10-02	00000CFA:11:60	
3034	ファルシフィカソ	ふぁるしふぃかそ	falsificaso	noun	term	00000DE9:11:547	provisional	n	as heard in speech; the Latin printing in the same scene stays as printed	00000DE9:11:547	
3035	アバドーン・サークル	あばどーんさーくる	the Abaddon Circle	noun	term	tables:事典 (UNTR9)	fixed	y	QUNTR9-07; アバドーン = Abaddon shipped	NEVER	
3036	βエンドルフィン	べーたえんどるふぃん	beta-endorphin	noun	term	tables:事典 (UNTR9)	fixed	y	QUNTR9-07; ASCII beta, no Greek letter (font safety); display name Beta-Endorphin	NEVER	
3037	脳内麻薬	のうないまやく	the brain's own narcotic	noun	term	tables:事典 (UNTR9)	provisional	n	QUNTR9-07	NEVER	
3038	二重人格	にじゅうじんかく	split personality	noun	term	tables:人物 (UNTR9)	fixed	y	QUNTR9-07	NEVER	
3039	新村本家の桜	にいむらほんけのさくら	the Niimura main house's cherry	noun	place	tables (UNTR9)	fixed	n	QUNTR9-07; P20: aligned to the P20PRE form shipped in 000010DD	NEVER	
3040	斬撃	ざんげき	slash	noun	term	tables (UNTR9)	provisional	n	QUNTR9-07	NEVER	
3041	ミドリノメ	みどりのめ	GREENEYE	noun	device	人物/新村春花:33 (UNTR9)	fixed	y	QUNTR9-05: katakana run-together device, same shape as スグニゲロ = RUNNOW (CORE A Q197)	NEVER	
3042	飯沢大洋旅館	いいざわたいようりょかん	Iizawa Taiyo Inn	noun	place	tables:リファレンス (UNTR10)	fixed	y	QUNTR10-06; shipped form in 事典場所 row 68	NEVER	
3043	1泊2食付	いっぱくにしょくつき	one night with two meals	phrase	term	tables:リファレンス (UNTR10)	fixed	n	QUNTR10-06	NEVER	
3044	ハマグリ	はまぐり	clams	noun	food	tables:リファレンス (UNTR10)	fixed	n	QUNTR10-06	NEVER	
3045	和牛	わぎゅう	wagyu	noun	food	tables:リファレンス (UNTR10)	fixed	n	QUNTR10-06; O-61 culture noun	NEVER	
3046	のぼせる	のぼせる	get light-headed	verb	phrase	tables:リファレンス (UNTR10)	fixed	n	QUNTR10-06	NEVER	
3047	消えゆく星	きえゆくほし	A Fading Star	noun	title	navigator card 188 (UNTR10)	fixed	y	QUNTR10-04 title accepted	NEVER	
3048	殺意	さつい	murderous intent	noun	term	00000E7B (P12)	fixed	y	QP12F-01: one wording per script; 殺気 stays bloodlust	00000E7B	
3049	津山三十人殺し	つやまさんじゅうにんごろし	the Tsuyama Thirty Murders	noun	term	00000E7B (P12E)	fixed	y	QP12E-01: the count is used by the next cells; replaces the TBD "the Tsuyama massacre"	00000E7B	
3050	大食い王	おおぐいおう	the king of competitive eating	noun	title	00000EAF:22:60	provisional	n	rulings-P13 2026-10-02; parallel to 大食い女王 (shipped "queen of competitive eating")	00000EAF:22:60	
3051	おはおは！ジャパン	おはおはじゃぱん	'Oha-Oha! Japan'	noun	brand	tables:事典物 (UNTR11)	fixed	y	QIMAGES13-01 2026-10-02: the 14 shipped rrr1 picture cards print Oha-Oha!, so the hyphenated form wins everywhere; UNTR11's Ohaoha cells reverted	NEVER	
3052	乙女の聖戦～湯～	おとめのせいせん ゆ	The Maidens' Holy War ~Bath~	noun	title	navigator card 187 (UNTR11)	fixed	y	QUNTR11-02 title accepted 2026-10-02	NEVER	
3053	幸せの決断	しあわせのけつだん	A Decision for Happiness	noun	title	navigator card 191 (UNTR11)	fixed	y	QUNTR11-02 title accepted 2026-10-02	NEVER	
3054	身体のこと、色々と	からだのこと、いろいろと	All Sorts of Things About My Body	noun	title	ref 235 (UNTR11)	fixed	y	QUNTR11-02 reference title accepted 2026-10-02	NEVER	
3055	星占い	ほしうらない	horoscopes	noun	term	tables:雑談リスト (UNTR11)	provisional	n	QUNTR11-05	NEVER	
3056	おみくじ	おみくじ	omikuji	noun	term	tables:雑談リスト (UNTR11)	fixed	n	QUNTR11-05; O-61 culture noun	NEVER	
3057	統計学	とうけいがく	statistics	noun	term	tables:雑談リスト (UNTR11)	provisional	n	QUNTR11-05	NEVER	
3058	育ての親	そだてのおや	the parent who raised her	noun	term	tables:人物 (UNTR11)	provisional	n	QUNTR11-05	NEVER	
3059	リタイア口	りたいあぐち	the give-up exit	noun	place	00000F6F:11:594	fixed	y	P14PRE 2026-10-02: the haunted-house bail-out door; 記録的なリタイア = a record-setting give-up	00000F6F:11:594	
3060	怪盗	かいとう	Phantom Thief	noun	title	00000EDF:77:145	fixed	y	rulings-P14; 怪盗ゴトー = Phantom Thief Goto; 怪盗さん (Kotaro) = "Phantom Thief", no suffix	00000EDF:77:145	
3061	ちっこいデカ乳	ちっこいでかちち	tiny big-boobs	noun	term	00000EDF:117:304	fixed	y	rulings-P14 (Kana)	00000EDF:117:304	
3062	不愛想	ぶあいそう	standoffish	adj	term	00000EDF:37:147	fixed	y	rulings-P14; 無愛想 same word	00000EDF:37:147	
3063	お粗末様でした	おそまつさまでした	It was nothing fancy!	phrase	interjection	00000EDF:186:101	fixed	n	rulings-P14; the fixed reply to ごちそうさま	00000EDF:186:101	
3064	ごちそうさま	ごちそうさま	Gochisosama	interjection	interjection	00000EDF:186:99	fixed	y	rulings-P14; romanized + TN once per id; ごちそうさまです = Gochisosama desu	00000EDF:186:99	
3065	面倒だ	めんどうだ	What a hassle.	phrase	interjection	00000EDF:65:52	fixed	y	rulings-P14: Goto's vision refrain; めんどくさい = what a pain	00000EDF:65:52	
3066	アンリアルパーク	あんりあるぱーく	Unreal Park	noun	place	00000F6F	fixed	y	QUNTR12-03	00000F6F	
3067	アンリアルカンパニー	あんりあるかんぱにー	Unreal Company	noun	org	00000F6F	fixed	y	QUNTR12-03	00000F6F	
3068	ブラッディハウス	ぶらっでぃはうす	Bloody House	noun	place	00000F6F	fixed	y	QUNTR12-03	00000F6F	
3069	ウィンディ☆プラネット	うぃんでぃ☆ぷらねっと	Windy☆Planet	noun	brand	00000F6F	fixed	y	QUNTR12-03; ☆ kept (CP932-safe, the Prank☆Welcome Plan precedent)	00000F6F	
3070	しらべぇ	しらべぇ	Shirabee	noun	brand	事典物:43	fixed	y	QUNTR12-03; romanized from sirabee.com	NEVER	
3071	創作サークルNew++	そうさくさーくるにゅーぷらぷら	the creative circle New++	noun	org	事典物:43	fixed	y	QUNTR12-03	NEVER	
3072	父親と娘の入浴	ちちおやとむすめのにゅうよく	Father-Daughter Bathing	noun	title	事典物:43	fixed	y	QUNTR12-03 encyclopedia display name	NEVER	
3073	生まれ変わる家族たち	うまれかわるかぞくたち	The Families Reborn	noun	title	00000F87	fixed	y	QUNTR12-02 card 189 title	00000F87	
3074	藤野博光	ふじのひろみつ	Hiromitsu Fujino	noun	person	人物/五島桃子	fixed	y	QUNTR13-03 2026-10-02	NEVER	
3075	五島桃子の預金通帳	ごとうももこのよきんつうちょう	Momoko Goto's Bankbook	noun	title	リファレンスデータベース:152	fixed	y	QUNTR13-03 reference title	NEVER	
3076	預金通帳	よきんつうちょう	bankbook	noun	object	リファレンスデータベース:152	fixed	y	QUNTR13-03	NEVER	
3077	自動車学校の合宿	じどうしゃがっこうのがっしゅく	live-in driving school course	noun	term	人物/五島桃子	fixed	y	QUNTR13-03	NEVER	
3078	玉砕覚悟で	ぎょくさいかくごで	fully prepared to go down in flames	phrase	idiom	人物/五島桃子	fixed	y	QUNTR13-03; 玉砕 lock	NEVER	
3079	ナウコミュ	なうこみゅ	NowCommu	noun	brand	リファレンス:152	fixed	y	QIMAGES15-02 2026-10-02 (phone company on the bankbook; loanword reading, the Smile Card precedent)	NEVER	
3080	五島絵梨奈の手紙	ごとうえりなのてがみ	Erina Goto's Letter	noun	title	00000F9F (ref 153)	fixed	n	UNTR14: reference title (QUNTR14-04)	00000F9F	
3081	新村エリカの病死	にいむらえりかのびょうし	Erika Niimura's Death from Illness	noun	title	00000F9F (事典出来事 25)	fixed	n	UNTR14: encyclopedia display name (QUNTR14-04)	00000F9F	
3082	抗鬱剤	こううつざい	antidepressants	noun	term	00000F9F (雑談リスト 276)	fixed	n	UNTR14 (QUNTR14-04)	00000F9F	
3083	うつ病	うつびょう	depression	noun	term	00000F9F (雑談リスト 276)	fixed	n	UNTR14 (QUNTR14-04)	00000F9F	
3084	事件性	じけんせい	foul play	noun	term	00000F9F	fixed	n	UNTR14: shipped "with no sign of foul play" (QUNTR14-04)	00000F9F	
3085	旅館	りょかん	the inn	noun	place	00000F9F	fixed	n	UNTR14: shipped synopsis st188 "the inn's baths" (QUNTR14-04)	00000F9F	
3086	大魔女の職務	だいまじょのしょくむ	her duties as the Grand Witch	phrase	term	00000F9F (雑談リスト 276)	fixed	n	UNTR14 (QUNTR14-04)	00000F9F	
3087	五島絵梨奈の推理	ごとうえりなのすいり	Erina Goto's Deduction	noun	title	00001C5D (事典出来事)	fixed	n	UNTR15: encyclopedia display name (QUNTR15-04)	00001C5D	
3088	呪われた緑の目	のろわれたみどりのめ	the cursed green eyes	phrase	term	00001C5D (人物)	fixed	n	UNTR15 (QUNTR15-04)	00001C5D	
3089	矜持	きょうじ	pride	noun	term	00001C5D (人物)	fixed	n	UNTR15 (QUNTR15-04)	00001C5D	
3090	凶器	きょうき	the murder weapon	noun	term	00001C5D (雑談リスト)	fixed	n	UNTR15 (QUNTR15-04)	00001C5D	
3091	さよなら	さよなら	Goodbye	noun	title	00000FB7 (card 193 title)	fixed	n	UNTR15 QUNTR15-03: navigator title (shipped "Goodbye" in lines)	00000FB7	
3092	メガミゴロシミナゴロシ	めがみごろしみなごろし	Kill the Goddess Kill Them All	noun	title	00000F24 (card 250 title)	provisional	n	UNTR15 QUNTR15-03 / Q17-4: card not revealed yet; alt "Megamigoroshi Minagoroshi"	00000F24	
3093	御子神吉蔵	みこがみきちぞう	Kichizo Mikogami	noun	person	UNTR16	provisional		P18 QUNTR16-05: reading assumed	NEVER	
3094	米津トンネル	よねづとんねる	Yonezu Tunnel	noun	place	UNTR16	provisional		P18 QUNTR16-05	NEVER	
3095	極楽酒場	ごくらくさかば	Gokuraku Sakaba	noun	place	UNTR16	provisional		P18 QUNTR16-05	NEVER	
3096	喫茶店プリマベラ	きっさてんぷりまべら	Cafe Primavera	noun	place	UNTR16	fixed		P18	NEVER	
3097	長城市	ながしろし	Nagashiro City	noun	place	UNTR16	provisional		P18 QUNTR16-05; shipped 実況/160	NEVER	
3098	好感度	こうかんど	affection	noun	term	UNTR16	fixed		P18 QUNTR16-07; shipped 0000189A help	NEVER	
3099	元木第一病院	もときだいいちびょういん	Motoki Daiichi Hospital	noun	place	UNTR16	fixed		P18 QUNTR16-07	NEVER	
3100	四河	しかわ	Shikawa	noun	place	000010AA	fixed		P18: ruby しかわ; 四河地域 = the Shikawa region	000010AA	
3101	最後の声	さいごのこえ	The Last Voice	noun	title	00000FCF	provisional		P18 Q18-2: card 194 title	00000FCF	
3102	翠眼呪殺（カード）	すいがんじゅさつ	Green-Eye Curse-Killing	noun	title	0000104E	fixed		P18: card 255 title = the shipped book heading	0000104E	
3103	永遠の塔	えいえんのとう	The Eternal Tower	noun	title	00001E41	provisional		P18 Q18-2: card 289 title	00001E41	
3104	パラサイト・プリズン	ぱらさいとぷりずん	Parasite Prison	noun	title	UNTR16	provisional		P18 Q18-2: card 305 title	NEVER	
3105	荒田事変	あらたじへん	the Arata Incident	noun	event	UNTR17	provisional		P19 QUNTR17-10 (事典出来事)	NEVER	
3106	皇子の挙兵	おうじのきょへい	the Prince's Uprising	noun	event	UNTR17	provisional		P19 QUNTR17-10	NEVER	
3107	荒田集落成立	あらたしゅうらくせいりつ	the Founding of the Arata Settlement	noun	event	UNTR17	provisional		P19 QUNTR17-10	NEVER	
3108	トミの自殺	とみのじさつ	Tomi's Suicide	noun	event	UNTR17	provisional		P19 QUNTR17-10	NEVER	
3109	荒田集落の閉鎖	あらたしゅうらくのへいさ	the Closing of the Arata Settlement	noun	event	UNTR17	provisional		P19 QUNTR17-10	NEVER	
3110	死月妖花の登場	しがつようかのとうじょう	the Appearance of Shigatsu Youka	noun	event	UNTR17	provisional		P19 QUNTR17-10	NEVER	
3111	皆上刑務所	みなかみけいむしょ	Minakami Prison	noun	place	UNTR17	provisional		P19 QUNTR17-10	NEVER	
3112	国道520号	こくどう520ごう	Route 520	noun	place	UNTR17	provisional		P19 QUNTR17-10	NEVER	
3113	ミーツ駅北店	みーつえきぎたてん	Meets Station North	noun	place	UNTR17	provisional		P19 QUNTR17-10	NEVER	
3114	サンシャインビレッジ	さんしゃいんびれっじ	Sunshine Village	noun	place	UNTR17	provisional		P19 QUNTR17-10	NEVER	
3115	スーパーはなまる元木中央店	すーぱーはなまるもときちゅうおうてん	Supermarket Hanamaru Motoki Central	noun	place	UNTR17	provisional		P19 QUNTR17-10	NEVER	
3116	荒田地区山地	あらたちくさんち	the Arata District Mountains	noun	place	UNTR17	provisional		P19 QUNTR17-10	NEVER	
3117	除籍通知書	じょせきつうちしょ	Notice of Removal from Enrollment	noun	term	UNTR17	provisional		P19 QUNTR17-10	NEVER	
3118	大老筆頭	たいろうひっとう	the chief of the council of elders	noun	title	UNTR17	provisional		P19 QUNTR17-10	NEVER	
3119	普請奉行	ふしんぶぎょう	construction steward	noun	title	UNTR17	provisional		P19 QUNTR17-10	NEVER	
3120	戦国時代	せんごくじだい	the Warring States period	noun	term	UNTR17	provisional		P19 QUNTR17-10	NEVER	
3121	天下統一	てんかとういつ	unifying the realm	noun	term	UNTR17	provisional		P19 QUNTR17-10	NEVER	
3122	首切り事件	くびきりじけん	the beheading case	noun	event	UNTR17	provisional		P19 QUNTR17-10	NEVER	
3123	卑屈な自己愛	ひくつなじこあい	Servile Self-Love	noun	title	UNTR17	fixed		P19 QUNTR17-12: card 254 title, PROPOSED (tsv stays JP until revealed); P20: written into the navigator (card 254 revealed under F20)	NEVER	
3124	10回目の春	じゅっかいめのはる	The Tenth Spring	noun	title	UNTR17	fixed		P19 QUNTR17-12: card 257, proposed; P20: written (card 257)	NEVER	
3125	屋梁落月～死神～	おくりょうらくげつ しにがみ	Moonlight on the Rafters ~Shinigami~	noun	title	UNTR17	fixed		P19 QUNTR17-12: card 268, proposed (alt "Longing for a Friend ~Shinigami~"); P21: card 268 written	NEVER	
3126	死月妖花～虚栄～	しがつようか きょえい	Shigatsu Youka ~Vanity~	noun	title	UNTR17	fixed		P19 QUNTR17-12: card 269, proposed; P21: card 269 written	NEVER	
3127	黙示録のラッパ吹き～開花～	もくしろくのらっぱふき かいか	The Trumpeter of the Apocalypse ~Blooming~	noun	title	UNTR17	fixed		P19 QUNTR17-12: card 273, proposed; P21: card 273 written	NEVER	
3128	降臨	こうりん	Descent	noun	title	UNTR17	fixed		P19 QUNTR17-12: card 276, proposed (alt "Advent"); P23: card 276 = 000014D7, drafted this part; the title cell is already English (written part 19)	NEVER	
3129	翠眼～潜伏～	すいがん せんぷく	Green Eyes ~Dormant~	noun	title	UNTR17	fixed		P19 QUNTR17-12: card 279, proposed; P21: card 279 written	NEVER	
3130	愛ゆえに……	あいゆえに	Out of Love...	noun	title	UNTR17	fixed		P19 QUNTR17-12: card 256, proposed; P20: written (card 256)	NEVER	
3131	女同士の相談	おんなどうしのそうだん	Woman to Woman	noun	title	P20	fixed		P20 TITLES (card 258; Q20-1; alt "Girl Talk")	NEVER	
3132	隠し事	かくしごと	Hidden Things	noun	title	P20	fixed		P20 TITLES (card 259; Q20-1; alt "Secrets"; the 裏ルート row 13 cell aligned)	NEVER	
3133	母親の『気』	ははおやのき	A Mother's 'Aura'	noun	title	P20	fixed		P20 TITLES (card 260; Q20-1; in-text 『気』 = 'aura')	NEVER	
3134	気配	けはい	A Presence	noun	title	P20	fixed		P20 TITLES (card 261; in-text 気配 = presence)	NEVER	
3135	空っぽの天秤	からっぽのてんびん	The Empty Scales	noun	title	P20	fixed		P20 TITLES (card 262)	NEVER	
3136	心のバトン	こころのばとん	The Baton of the Heart	noun	title	P20	fixed		P20 TITLES (card 264; Q20-1; alt "Passing the Baton")	NEVER	
3137	現れし者と消えし者	あらわれしものときえしもの	Those Who Appeared and Those Who Vanished	noun	title	UNTR18	fixed		P20 QUNTR18-04: card 265 (P21PRE), PROPOSED (tsv stays JP until revealed; alt "The One Who Appeared and the One Who Vanished"); P21: written (card 265 revealed under F21)	NEVER	
3138	未熟な勇者たち	みじゅくなゆうしゃたち	Fledgling Heroes	noun	title	UNTR18	fixed		P20 QUNTR18-04: card 266, proposed (alt "The Unripe Heroes"); P21: written into the navigator (card 266 revealed under F21)	NEVER	
3139	新村栄一郎のドローガ実験	にいむらえいいちろうのどろーがじっけん	Eiichiro Niimura's Droga Experiment	noun	event	UNTR18	provisional		P20 QUNTR18-06 (事典出来事)	NEVER	
3140	新村茅萱の翠眼呪殺	にいむらちがやのすいがんじゅさつ	Chigaya Niimura's Green-Eye Curse-Killing	noun	event	UNTR18	provisional		P20 QUNTR18-06	NEVER	
3141	新村サクラ首切り事件	にいむらさくらくびきりじけん	the Sakura Niimura beheading case	noun	event	UNTR18	provisional		P20 QUNTR18-06 (display "The Sakura Niimura Beheading Case")	NEVER	
3142	新村茅萱の殺人	にいむらちがやのさつじん	Chigaya Niimura's Murders	noun	event	UNTR18	provisional		P20 QUNTR18-06	NEVER	
3143	新村栄一郎の手紙	にいむらえいいちろうのてがみ	Eiichiro Niimura's Letter	noun	object	UNTR18	provisional		P20 QUNTR18-06 (reference)	NEVER	
3144	新村サクラの手紙	にいむらさくらのてがみ	Sakura Niimura's Letter	noun	object	UNTR18	provisional		P20 QUNTR18-06 (reference)	NEVER	
3145	幸せな再会	しあわせなさいかい	A Happy Reunion	noun	title	UNTR18	provisional		P20 QUNTR18-06 (ref 251 = 000020E4)	NEVER	
3146	死の贈り物	しのおくりもの	A Gift of Death	noun	title	UNTR18	provisional		P20 QUNTR18-06 (ref 253 = 000020EA)	NEVER	
3147	悪夢の終わり	あくむのおわり	The End of the Nightmare	noun	title	UNTR18	provisional		P20 QUNTR18-06 (ref 254 = 000020F0)	NEVER	
3148	合コン反省会	ごうこんはんせいかい	The Group-Date Post-Mortem	noun	title	UNTR18	provisional		P20 QUNTR18-06 (ref 256 = 000020FC)	NEVER	
3149	お母さんとの再会	おかあさんとのさいかい	Reunion with Mom	noun	title	UNTR18	provisional		P20 QUNTR18-06 (ref 257 = 00002102)	NEVER	
3150	夢の中で①	ゆめのなかで1	In a Dream 1	noun	title	UNTR18	provisional		P20 QUNTR18-06 (ref 297 = 0000234B)	NEVER	
3151	別れの挨拶	わかれのあいさつ	A Farewell	noun	title	UNTR18	provisional		P20 QUNTR18-06 (ref 260 = 00002108)	NEVER	
3152	五島絵梨奈のメモ⑫	ごとうえりなのめも12	Erina Goto's Memo 12	noun	object	UNTR18	provisional		P20 QUNTR18-06	NEVER	
3153	五島絵梨奈のメモ⑬	ごとうえりなのめも13	Erina Goto's Memo 13	noun	object	UNTR18	provisional		P20 QUNTR18-06	NEVER	
3154	学友	がくゆう	a friend from school	noun	term	UNTR18	provisional		P20 QUNTR18-06	NEVER	
3155	独善的	どくぜんてき	self-righteous	adj	term	UNTR18	provisional		P20 QUNTR18-06	NEVER	
3156	元凶	げんきょう	the root (cause)	noun	term	UNTR18	provisional		P20 QUNTR18-06; the script 000011B4 8:147 uses "the root cause"	NEVER	
3157	懐石	かいせき	kaiseki	noun	term	UNTR18	provisional		P20 QUNTR18-06 (O-61)	NEVER	
3158	水商売	みずしょうばい	the nightlife trade	noun	term	UNTR18	provisional		P20 QUNTR18-06	NEVER	
3159	ミツボシ	みつぼし	three-star	noun	term	UNTR18	provisional		P20 QUNTR18-06 (the guide-star pun)	NEVER	
3160	イタコ	いたこ	itako	noun	term	UNTR18	provisional		P20 QUNTR18-06 (O-61, no TN)	NEVER	
3161	キナ臭い	きなくさい	smells fishy	phrase	term	UNTR18	provisional		P20 QUNTR18-06	NEVER	
3162	ご都合ミステリ	ごつごうみすてり	convenient-mystery rules	noun	term	UNTR18	provisional		P20 QUNTR18-06	NEVER	
3163	陰キャ陽キャ	いんきゃようきゃ	gloomy or outgoing	phrase	term	UNTR18	provisional		P20 QUNTR18-06	NEVER	
3164	性欲魔神	せいよくまじん	lecher	noun	term	UNTR18	provisional		P20 QUNTR18-06	NEVER	
3165	東京ディズニーランド	とうきょうでぃずにーらんど	Tokyo Disneyland	noun	place	UNTR18	provisional		P20 QUNTR18-06	NEVER	
3166	絶叫系	ぜっきょうけい	thrill rides	noun	term	UNTR18	provisional		P20 QUNTR18-06	NEVER	
3167	二手	ふたて	Splitting Up	noun	title	P21	fixed		P21 TITLES (card 267; Q21-1)	NEVER	
3168	屋梁落月～世代～	おくりょうらくげつ せだい	Moonlight on the Rafters ~Generations~	noun	title	P21	fixed		P21 TITLES (card 270; Q21-1)	NEVER	
3169	死月妖花～盗視～	しがつようか とうし	Shigatsu Youka ~Stolen Sight~	noun	title	P21	fixed		P21 TITLES (card 271; Q21-1)	NEVER	
3170	屋梁落月～浸食～	おくりょうらくげつ しんしょく	Moonlight on the Rafters ~Erosion~	noun	title	P21	fixed		P21 TITLES (card 272; Q21-1)	NEVER	
3171	屋梁落月～転～	おくりょうらくげつ てん	Moonlight on the Rafters ~Turn~	noun	title	P21	fixed		P21 TITLES (card 275; Q21-1)	NEVER	
3172	黙示録のラッパ吹き～しょう失～	もくしろくのらっぱふき しょうしつ	The Trumpeter of the Apocalypse ~Burned Away~	noun	title	P21	fixed		P21 TITLES (card 277; しょう失 = 焼失; Q21-1)	NEVER	
3173	黙示録のラッパ吹き～徘徊～	もくしろくのらっぱふき はいかい	The Trumpeter of the Apocalypse ~Wandering~	noun	title	P21	fixed		P21 TITLES (card 278; Q21-1)	NEVER	
3174	翠眼～欺瞞～	すいがん ぎまん	Green Eyes ~Deception~	noun	title	P21	fixed		P21 TITLES (card 280; PROPOSED, not revealed under F21; Q21-1); P23: written into the navigator by UNTR21 (revealed under F23; Q23-1)	NEVER	
3175	黙示録のラッパ吹き～裏切り～	もくしろくのらっぱふき うらぎり	The Trumpeter of the Apocalypse ~Betrayal~	noun	title	P21	fixed		P21 side-lane pre-ruling (card 290, revealed under F21, written; P22PRE)	NEVER	
3176	屋梁落月～分身～	おくりょうらくげつ ぶんしん	Moonlight on the Rafters ~Offshoot~	noun	title	P21	fixed		P21 QUNTR19-02: card 294 PROPOSED (alt "~Alter Ego~", "~Double~"); cell stays JP; P22: written into the navigator (card 294 revealed under F22)	NEVER	
3177	死月妖花～密触～	しがつようか みっしょく	Shigatsu Youka ~Secret Contact~	noun	title	P21	fixed		P21 QUNTR19-02: card 296 PROPOSED (alt "~Covert Touch~"); cell stays JP; P22: written (card 296)	NEVER	
3178	黙示録のラッパ吹き～伝承～	もくしろくのらっぱふき でんしょう	The Trumpeter of the Apocalypse ~Legend~	noun	title	P21	fixed		P21 QUNTR19-02: card 291 PROPOSED (opens after 290); cell stays JP; P22: written (card 291)	NEVER	
3179	不器用な心配	ぶきようなしんぱい	Clumsy Concern	noun	title	UNTR19	fixed		P21 QUNTR19-03 (ref 261 title)	NEVER	
3180	見覚えのないもの	みおぼえのないもの	Something Unfamiliar	noun	title	UNTR19	fixed		P21 QUNTR19-03 (ref 267 title)	NEVER	
3181	夢の中で②	ゆめのなかで に	In a Dream 2	noun	title	UNTR19	fixed		P21 QUNTR19-03 (ref 298)	NEVER	
3182	夢の中で③	ゆめのなかで さん	In a Dream 3	noun	title	UNTR19	fixed		P21 QUNTR19-03 (ref 299)	NEVER	
3183	オカルト雑誌『M』の考察	おかるとざっし えむ のこうさつ	Analysis of Occult Magazine 'M'	noun	title	UNTR19	fixed		P21 QUNTR19-03	NEVER	
3184	見落とし？	みおとし	An Oversight?	noun	title	UNTR19	fixed		P21 QUNTR19-03	NEVER	
3185	捜索しない理由	そうさくしないりゆう	The Reason Not to Search	noun	title	UNTR19	fixed		P21 QUNTR19-03	NEVER	
3186	親しき仲にも……	したしきなかにも	Even Between Close Friends...	noun	title	UNTR19	fixed		P21 QUNTR19-03 (ref 265 title; the in-text proverb 親しき仲にも礼儀あり = "Even between close friends, there's courtesy")	NEVER	
3187	豊岳線の運転見合わせ	とよたけせんのうんてんみあわせ	The Toyotake Line Suspension	noun	title	UNTR19	fixed		P21 QUNTR19-03	NEVER	
3188	御神木研究チームの惨殺	ごしんぼくけんきゅうちーむのざんさつ	The Goshinboku Research Team Massacre	noun	title	UNTR19	fixed		P21 QUNTR19-03	NEVER	
3189	死月妖花の植物寄生性	しがつようかのしょくぶつきせいせい	Shigatsu Youka's Plant Parasitism	noun	title	UNTR19	fixed		P21 QUNTR19-03	NEVER	
3190	植物寄生性	しょくぶつきせいせい	plant parasitism	noun	term	UNTR19	fixed		P21 QUNTR19-03	NEVER	
3191	最終宿主	さいしゅうしゅくしゅ	final host	noun	term	UNTR19	fixed		P21 QUNTR19-03	NEVER	
3192	念写	ねんしゃ	thoughtography	noun	term	UNTR19	fixed		P21 QUNTR19-03	NEVER	
3193	気功	きこう	qigong	noun	term	UNTR19	fixed		P21 QUNTR19-03	NEVER	
3194	透視	とうし	clairvoyance	noun	term	UNTR19	fixed		P21 QUNTR19-03	NEVER	
3195	海馬	かいば	the hippocampus	noun	term	UNTR19	fixed		P21 QUNTR19-03	NEVER	
3196	視覚野	しかくや	the visual cortex	noun	term	UNTR19	fixed		P21 QUNTR19-03	NEVER	
3197	総整理	そうせいり	Overall review	noun	ui	UNTR19	fixed		P21 QUNTR19-03: navigator captions "Overall review N: ..."	NEVER	
3198	公的研究チーム	こうてきけんきゅうちーむ	a public research team	noun	term	UNTR19	fixed		P21 QUNTR19-03	NEVER	
3199	上位機関	じょういきかん	a higher authority	noun	term	UNTR19	fixed		P21 QUNTR19-03	NEVER	
3200	怪音	かいおん	a strange sound	noun	term	UNTR19	fixed		P21 QUNTR19-03 (the tables; in-script 怪音 = "that eerie sound" where the cell says so)	NEVER	
3201	新村姉妹	にいむらしまい	the Niimura sisters	noun	term	UNTR19	fixed		P21 QUNTR19-03	NEVER	
3202	幻視幻聴	げんしげんちょう	visions and voices	noun	term	UNTR19	fixed		P21 QUNTR19-03	NEVER	
3203	地熱エネルギー	ちねつえねるぎー	geothermal energy	noun	term	UNTR19	fixed		P21 QUNTR19-03	NEVER	
3205	黙示録のラッパ吹き～焦点～	もくしろくのらっぱふき しょうてん	The Trumpeter of the Apocalypse ~Focus~	noun	title	P22	fixed		P22 TITLES (card 292, revealed under F22, written; P23PRE; Q22-1)	NEVER	
3206	屋梁落月～代替～	おくりょうらくげつ だいたい	Moonlight on the Rafters ~Substitute~	noun	title	P22	fixed		P22 TITLES (card 295, revealed under F22, written; Q22-1)	NEVER	
3207	死月妖花～結束～	しがつようか けっそく	Shigatsu Youka ~Unity~	noun	title	P22	fixed		P22 TITLES (card 297, revealed under F22, written; Q22-1)	NEVER	
3208	乙女の聖戦～嫉妬～	おとめのせいせん しっと	The Maidens' Holy War ~Jealousy~	noun	title	P22	fixed		P22 TITLES (card 281; PROPOSED, not revealed under F22; Q22-1); P23: written into the navigator by UNTR21 (revealed under F23; Q23-1)	NEVER	
3209	翠眼～3つの真相～	すいがん みっつのしんそう	Green Eyes ~Three Truths~	noun	title	P22	fixed		P22 TITLES (card 282; PROPOSED; Q22-1); P23: written into the navigator by UNTR21 (revealed under F23; Q23-1)	NEVER	
3210	翠眼～盗感～	すいがん とうかん	Green Eyes ~Sense-Theft~	noun	title	P22	fixed		P22 TITLES (card 283; PROPOSED; Q22-1); P23: written into the navigator by UNTR21 (revealed under F23; Q23-1)	NEVER	
3211	翠眼～ネクロマンサー～	すいがん ねくろまんさー	Green Eyes ~Necromancer~	noun	title	P22	fixed		P22 TITLES (card 284; PROPOSED; Q22-1); P23: written into the navigator by UNTR21 (revealed under F23; Q23-1)	NEVER	
3212	翠眼～沈黙～	すいがん ちんもく	Green Eyes ~Silence~	noun	title	P22	fixed		P22 TITLES (card 285; PROPOSED; Q22-1); P23: written into the navigator by UNTR21 (revealed under F23; Q23-1)	NEVER	
3213	翠眼～タクティクス～	すいがん たくてぃくす	Green Eyes ~Tactics~	noun	title	P22	fixed		P22 TITLES (card 287; PROPOSED; Q22-1); P23: written into the navigator by UNTR21 (revealed under F23; Q23-1)	NEVER	
3214	翠眼～堕天～	すいがん だてん	Green Eyes ~Fallen~	noun	title	P22	fixed		P22 TITLES (card 286; PROPOSED, alt "~The Fall~"; Q22-1); P23: written into the navigator by UNTR21 (revealed under F23; Q23-1)	NEVER	
3215	翠眼～陽動～	すいがん ようどう	Green Eyes ~Feint~	noun	title	P22	fixed		P22 TITLES (card 288; PROPOSED; Q22-1); P23: written into the navigator by UNTR21 (revealed under F23; Q23-1)	NEVER	
3216	黙示録のラッパ吹き～虚虚実実～	もくしろくのらっぱふき きょきょじつじつ	The Trumpeter of the Apocalypse ~Bluff and Counter-Bluff~	noun	title	P22	fixed		P22 TITLES (card 293; PROPOSED; Q22-1); P23 TITLES (card 293; drafted this part; written when revealed)	NEVER	
3217	死月妖花～いざない～	しがつようか いざない	Shigatsu Youka ~Invitation~	noun	title	P22	fixed		P22 TITLES (card 298; PROPOSED; Q22-1); P23 TITLES (card 298; drafted this part)	NEVER	
3218	死月妖花～希望(パンドラ)～	しがつようか きぼう ぱんどら	Shigatsu Youka ~Hope (Pandora)~	noun	title	P22	fixed		P22 TITLES (card 299; PROPOSED; Q22-1); P23 TITLES (card 299; drafted this part)	NEVER	
3219	新村エリカの置手紙	にいむらえりかのおきてがみ	Erika Niimura's Note	noun	title	UNTR20	fixed		P22 QUNTR20-03 (ref title)	NEVER	
3220	口頭伝承『アバドン』	こうとうでんしょう あばどん	Oral Tradition 'Abaddon'	noun	title	UNTR20	fixed		P22 QUNTR20-03 (事典物 display name)	NEVER	
3221	アバドンの封印	あばどんのふういん	'The Sealing of Abaddon'	noun	title	UNTR20	fixed		P22 QUNTR20-03 (in 『』)	NEVER	
3222	肉体再生	にくたいさいせい	regenerating (his) body	noun	term	UNTR20	fixed		P22 QUNTR20-03	NEVER	
3223	使役された死体	しえきされたしたい	corpses put to work	noun	term	UNTR20	fixed		P22 QUNTR20-03	NEVER	
3224	邂逅	かいこう	encounter	noun	term	UNTR20	fixed		P22 QUNTR20-03	NEVER	
3225	全裸飛び出し事件	ぜんらとびだしじけん	The Naked Dash Incident	noun	title	UNTR20	fixed		P22 QUNTR20-03 (chatter caption)	NEVER	
3226	下着泥棒事件	したぎどろぼうじけん	The Underwear Thief Incident	noun	title	UNTR20	fixed		P22 QUNTR20-03 (chatter caption)	NEVER	
3227	変態遭遇事件	へんたいそうぐうじけん	The Pervert Encounter Incident	noun	title	UNTR20	fixed		P22 QUNTR20-03 (chatter caption)	NEVER	
3228	校長先生血まみれ事件	こうちょうせんせいちまみれじけん	The Bloody Principal Incident	noun	title	UNTR20	fixed		P22 QUNTR20-03 (chatter caption; QUNTR20-04 source slip kept)	NEVER	
3229	校長先生フルボッコ事件	こうちょうせんせいふるぼっこじけん	The Beaten-to-a-Pulp Principal Incident	noun	title	UNTR20	fixed		P22 QUNTR20-03	NEVER	
3230	怖がりエピソード	こわがりえぴそーど	scaredy-cat stories	noun	term	UNTR20	fixed		P22 QUNTR20-03	NEVER	
3231	落語	らくご	rakugo	noun	term	UNTR20	fixed		P22 QUNTR20-03 (O-61 culture noun)	NEVER	
3232	ブラクラ	ぶらくら	a shock link	noun	term	UNTR20	fixed		P22 QUNTR20-03 (browser crasher)	NEVER	
3233	登竜門	とうりゅうもん	a rite of passage	noun	term	UNTR20	fixed		P22 QUNTR20-03	NEVER	
3234	シナリオライター	しなりおらいたー	scenario writer	noun	term	UNTR20	fixed		P22 QUNTR20-03	NEVER	
3235	相反する理想のはざまにある闇	あいはんするりそうのはざまにあるやみ	'the darkness caught between two opposing ideals'	noun	title	UNTR20	fixed		P22 QUNTR20-03 (in 『』)	NEVER	
3236	国有化	こくゆうか	nationalized	verb	term	UNTR20	fixed		P22 QUNTR20-03	NEVER	
3237	おじさん		Ojisan	noun	term	P23	fixed		P23 LOCK: Natsumi's word for Eiichiro (dead; 93 shipped uses in parts 4-8), narration and address (000014BC / 000014D7)	NEVER	
3238	怪力		superhuman strength	noun	term	P23	fixed		P23 (000014A5 8:123-127; 000014D7 8:310)	NEVER	
3239	結束		unity	noun	term	P23	fixed		P23: title of card 297; みんなが結束する = "for everyone to unite" (0000148E 8:165)	NEVER	
3241	少女の願い	しょうじょのねがい	A Girl's Wish	noun	title	UNTR21	fixed		P23 TITLES (card 300, revealed under F23, written by UNTR21; P24PRE; Q23-1)	NEVER	
3242	心をあなたに。	こころをあなたに	My Heart to You.	noun	title	UNTR21	provisional		P23 TITLES (card 301; PROPOSED, not revealed under F23; no comma per Q19-3; Q23-1)	NEVER	
3243	あるべき姿へ	あるべきすがたへ	To the Way Things Should Be	noun	title	UNTR21	provisional		P23 TITLES (card 302; PROPOSED; Q23-1)	NEVER	
3244	ようこそ、元木町へ！	ようこそ もときちょうへ	Welcome to Motoki-cho!	noun	title	UNTR21	provisional		P23 TITLES (card 303; PROPOSED; Q23-1)	NEVER	
3245	まどろみ～春の幻～	まどろみ はるのまぼろし	Slumber ~A Spring Phantom~	noun	title	UNTR21	provisional		P23 TITLES (card 304; PROPOSED; Q23-1)	NEVER	
3246	アバドーン・トゥーネル	あばどーん とぅーねる	the Abaddon Tunnel	noun	title	UNTR21	fixed		P23 QUNTR21-03 (事典場所 display name "The Abaddon Tunnel")	NEVER	
3247	糸姫山への地下通路	いとひめやまへのちかつうろ	The Underground Passage to Mount Itohime	noun	title	UNTR21	fixed		P23 QUNTR21-03 (事典場所 display name)	NEVER	
3248	細胞自死	さいぼうじし	cell suicide	noun	term	UNTR21	fixed		P23 QUNTR21-03 (事典物 display "Shigatsu Youka's Cell Suicide")	NEVER	
3249	アポトーシス	あぽとーしす	apoptosis	noun	term	UNTR21	fixed		P23 QUNTR21-03	NEVER	
3250	カスパーゼ	かすぱーぜ	caspases	noun	term	UNTR21	fixed		P23 QUNTR21-03	NEVER	
3251	システインプロテアーゼ	しすていんぷろてあーぜ	cysteine proteases	noun	term	UNTR21	fixed		P23 QUNTR21-03	NEVER	
3252	妄想日記	もうそうにっき	fantasy diary	noun	term	UNTR21	fixed		P23 QUNTR21-03	NEVER	
3253	新村夏菜の交換日記	にいむらかなのこうかんにっき	Kana Niimura's Exchange Diary	noun	title	UNTR21	fixed		P23 QUNTR21-03 (事典物 display name)	NEVER	
3254	荒田集落の教典	あらたしゅうらくのきょうてん	the scripture of the Arata settlement	noun	term	UNTR21	fixed		P23 QUNTR21-03	NEVER	
3255	有性生殖	ゆうせいせいしょく	reproduce sexually	verb	term	UNTR21	fixed		P23 QUNTR21-03	NEVER	
3256	自律神経	じりつしんけい	the autonomic nervous system	noun	term	UNTR21	fixed		P23 QUNTR21-03	NEVER	
3257	世界五分前仮説	せかいごふんまえかせつ	'the five-minute hypothesis'	noun	term	UNTR21	fixed		P23 QUNTR21-03 (in single quotes)	NEVER	
3258	校内カースト	こうないかーすと	school caste	noun	term	UNTR21	fixed		P23 QUNTR21-03	NEVER	
3259	限界集落	げんかいしゅうらく	a dying village	noun	term	UNTR21	fixed		P23 QUNTR21-03	NEVER	
3260	一泊二日	いっぱくふつか	an overnight trip	noun	term	UNTR21	fixed		P23 QUNTR21-03	NEVER	
3261	怪談勝負	かいだんしょうぶ	that ghost-story contest	noun	term	UNTR21	fixed		P23 QUNTR21-03 (chatter)	NEVER	
3262	人類未踏の地	じんるいみとうのち	land no human has set foot on	noun	term	UNTR21	fixed		P23 QUNTR21-03	NEVER	
3263	懐メロ	なつめろ	oldies	noun	term	UNTR21	fixed		P23 QUNTR21-03	NEVER	
3264	演歌	えんか	enka	noun	term	UNTR21	fixed		P23 QUNTR21-03 (O-61 culture noun)	NEVER	
3265	プリクラ	ぷりくら	photo booth	noun	term	UNTR21	fixed		P23 QUNTR21-03	NEVER	
3266	クレーンゲーム	くれーんげーむ	claw machine	noun	term	UNTR21	fixed		P23 QUNTR21-03	NEVER	
3267	音ゲー	おとげー	rhythm games	noun	term	UNTR21	fixed		P23 QUNTR21-03	NEVER	
3268	ヤコウタケ	やこうたけ	yakotake	noun	term	UNTR21	fixed		P23 QUNTR21-03 (O-61 culture noun, the luminous mushroom)	NEVER	
3269	SNS	えすえぬえす	social media	noun	term	UNTR21	fixed		P23 QUNTR21-03	NEVER	
3270	エリリン	えりりん	Eririn	noun	person	UNTR21	fixed		P23 QUNTR21-03 (nickname)	NEVER	
3271	相互	そうご	mutuals	noun	term	UNTR21	fixed		P23 QUNTR21-03 (social-media sense)	NEVER	
3272	ビキニアーマー	びきにあーまー	bikini armor	noun	term	UNTR21	fixed		P23 QUNTR21-03	NEVER	
3273	はごろも	はごろも	a feathered robe	noun	term	UNTR21	fixed		P23 QUNTR21-03	NEVER	
3274	勇者／戦士／僧侶／魔法使い	ゆうしゃ せんし そうりょ まほうつかい	Hero / Warrior / Priest / Mage	noun	term	UNTR21	fixed		P23 QUNTR21-03 (chatter RPG classes)	NEVER	
3275	『レポート』	れぽーと	'Report'	noun	term	UNTR21	fixed		P23 QUNTR21-03 (reference category)	NEVER	
3276	ボツリヌス毒素	ぼつりぬすどくそ	botulinum toxin	noun	term	UNTR21	fixed		P23 QUNTR21-03	NEVER	
3277	※解説N※	かいせつ	※Explanation N※	noun	ui	UNTR21	fixed		P23 QUNTR21-03 (device, N = the number)	NEVER	
