row	qid	loc	question	why	best_guess	confidence	status	resolved_by	nfields	tail	first_id	superseded_id
5	V001	0000001E:4184:0, 000000F2:759:0-1, 805:1-2	The engine inserts the player's name before 様 at a cell start. English form: "<name>-sama", or move 様 elsewhere? The name slot position cannot move.	Every guide line addressing the player	"<name>-sama, ..." (STYLE keeps -sama on names)	med	open 		7	|	0000001E:4184:0	
6	V002	000000F2 (whole)	The guide has a distinct voice (わたくし, 敬語, "～いたしましたのよ？" 851:1), but the brief says system files get no CAST card. Should the guide get one?	Consistent register across all system files	give a CAST card "unnamed guide" later if she recurs	med	resolved	000015C2:81:2 (the guide is named 立木三日 and recurs; CAST card added) 	8	|	000000F2	
7	V003	00000024 (whole)	File order 2 is set on 五月六日, a month after the April 8 events of files 000001DB-0000020D; the narration says "1か月前のことを思い返した". Is it a prologue flash-forward?	Tense choices and what the reader knows at first play	prologue set after the main events; translate as written	med	open 		7	|	00000024	
8	V004	00000024:16:34, 16:63, 67:35, 67:62	Who is "あの人" (died; "if that person had the courage to endure")?	Must stay ungendered in EN if the JP withholds it	Haruka's mother (47:37 parallels 16:63 with お母さんが死神にならなかったら); keep "that person"	low	open 		7	|	00000024:16:34	
9	V005	00000024:51:15-18	Syringe label 『ド／ロ／ー／ガ』 read one kana per cell. English spelling and how to spread over 4 cells (CELL-SPLIT WORDS rule)?	Cell parity; the term may recur	"Dr / o / g / a" -> 'Droga' over 4 cells	low	resolved	00000BD6:11:15-22, 00000B9F:11:183-186, 00000C21:11:89-92 (ドローガ = Portuguese "droga", the name of the 荒田 strength drug; spelling "Droga" confirmed; the 4-cell spread "Dr / o / g / a" still needs its DECISIONS row)	8		00000024:51:15	
10	V006	00000024:51:43-47	「お／と／う／さ／ん？」 over 5 cells. English word for the cell count: "D/a/d/d/y?" or "F/a/t/h/er?"	CELL-SPLIT WORDS rule requires a DECISIONS row	"D / a / d / d / y?"	med	open 		7	|	00000024:51:43	
11	V007	000001DD:11:75 and later	Natsumi addresses Haruka's mother (not a relative) as おばさん. STYLE non-relative rule: "what a native English speaker says". Auntie, Mrs. Niimura, or ma'am?	Recurring address form; affects warmth	"Auntie" (close family friend since birth)	low	open 		7	|	000001DD:11:75	
12	V008	000001DB:15:32, 15:58	四月病 is Haruka's coinage on the model of 五月病 (a real term, depression after the April new start). EN pair: "April sickness" / "the May blues", or "the April blues" / "the May blues"? Needs a TN (case 6)?	Title-level motif; the pairing is the joke	"April sickness" + TN at first 五月病 line	low	open 		7	|	000001DB:15:32	
13	V009	000001DD:11:5	元木町 reading (もときちょう / もとぎまち) and whether 町 becomes "Town". 000001E3:8:165 contrasts 町 with 元木『市』.	Place name recurs; the 町/市 contrast must survive	"Motoki Town" / 'Motoki "City"'	low	open 		7	|	000001DD:11:5	
14	V010	000001DF:11:125	中央公園: "Central Park" (NYC association) or "Chuo Park"?	Recurring crime scene name	"Central Park"	low	open 		7	|	000001DF:11:125	
15	V011	000001DF:11:115	佐波県 reading: さわ / さば / さなみ?	Place name	"Sawa Prefecture"	low	open 		7	|	000001DF:11:115	
16	V012	000001E3:8:101	女ケ沢市 reading: めがさわ / おながさわ / めがざわ?	Recurring case name	"Megasawa City"	low	open 		7	|	000001E3:8:101	
17	V013	000001E3:8:40	ザッハ (family restaurant): "Zahha", "Zach", or "Sacher" (Sachertorte)?	Recurring place	"Zahha"	low	open 		7	|	000001E3:8:40	
18	V014	00000024:47:37	"お母さんが死神にならなかったら": 死神 as "Death", "a death god", "a reaper", or romanized "shinigami"?	Possibly a system term later	"a death god"	low	open 		7	|	00000024:47:37	
19	V015	000001E3:8:30-59, 8:189	Goto's mock registers: 旦那 to Haruka, でゲスよ, ですぜ, でんなあ (Kansai-flavoured), 御意, であります. DIALECT policy bans regional English. How to carry the playacting (lackey, merchant, retainer, soldier)?	Goto's voice; CAST tags must be pre-listed	"boss", "As you command", "Sir!" style word choice, no eye-dialect; TN only if the text names a dialect	low	open 		7	|	000001E3:8:30	
20	V016	00000024:51:38 and every file	桜: "cherry blossoms" / "cherry trees" by context, or "sakura" throughout?	The central motif word	"cherry blossoms" (flower), "cherry tree" (tree)	med	open 		7	|	00000024:51:38	
21	V017	000001E3:8:83	Goto's mouth-full line 「えっふぉでふね、まへに…あったはひはいで」 is repeated three times in one cell and has no closing 」. Engine residue or intended?	Translator must decide whether to render once or three times	intended garble said once; the triple repeat looks like a data error	low	typo 		7	|	000001E3:8:83	
22	V018	000001DF:11:187	"普通に生活していいて" = typo for 生活していて	Read as intended	"live normally"	high	typo 		7	|	000001DF:11:187	
23	V019	000001DD:11:131	"もしよかった今日" = typo for もしよかったら今日	Read as intended	"if it's okay, today..."	high	typo 		7	|	000001DD:11:131	
24	V020	000001E3:8:47	"通学用らしきの自転車" = らしき + の (redundant の)	Read as intended	"bikes that looked like they were for school"	high	typo 		7	|	000001E3:8:47	
25	V021	000001DB:15:75	Cell starts with a half-width space " 何て言っているの？" while its twin 15:72 has none. Keep (layout) or drop (stray)?	CP932 layout rule	drop as stray	low	open 		7	|	000001DB:15:75	
26	V022	000001E3:8:154-155	「…………？　あれ……？」 has no speaker cue; Goto speaks next about the kindergarten friendship. Who says it and why?	Speaker assignment; a possible hint	Natsumi (surprised by Haruka's account of her father)	low	resolved	color (8:154-155 both #FFAAFF = なつみ; SPEAKER-COLORS.md)	8		000001E3:8:154	
27	V023	0000020B:12:68 vs 0000020D:11:42	Goto says "10年前の事件" for the park accident; the search result says 祀耀788, 12 years ago. 0000020B:12:63 says "10年以上前". Keep her figure as written?	Numeric consistency	translate as written ("ten years ago"); she means the accident	med	open 		7	|	0000020B:12:68	
28	V024	000001E1:33:86, 33:117-118	Board replies "ノ" (a raised hand, answering 挙手). English: "o/", "*raises hand*", "me"?	Board voice consistency	"o/"	low	open 		7	|	000001E1:33:86	
29	V025	0000020D:11:48-51	Goto's "あの人" (whose actions today make no sense; suspected as 犯人) after reading who died 12 years ago. Who?	Must stay unnamed and ungendered in EN	Haruka (her account of her father conflicts with a fall from a tree, 00000024:47:17)	low	open 		7	|	0000020D:11:48	
30	V026	000001E1:33:88	シャベッター: a Twitter-like service (しゃべる "talk" + -tter). Romanize "Shabetter" or make an English pun ("Chatter")?	Brand name; STYLE says zero localization	"Shabetter"	low	open 		7	|	000001E1:33:88	
31	V027	000001DF:11:29	Natsumi repeats 問い合わせ先を分散 in katakana (not understanding it). English device: a flat echo "Spread-out-the-inquiry-points...?"	Device must survive in EN	hyphenated flat echo	med	open 		7	|	000001DF:11:29	
32	V028	00000024:16:27, 47:13	「ねえ春花、覚えてる？　私は本物の魔女だって」: "私は本物の魔女だ" is a quoted/reported claim (47:14: Haruka's mother said it). EN "Remember? That I'm a real witch." keeps the report?	Whose words these are is a plot point	"Remember? That I'm a real witch."	med	resolved	00000779:8:92, 000008A2:16:1 (the claim is Mifuyu's, about Natsumi; keep the reported form)	8		00000024:16:27	
33	V029	000000F2:845:0, 845:2	Volume titles 明徴編 / 呪殺編: translate or romanize?	Outward-facing titles	owner decides	low	owner 		7	|	000000F2:845:0	
34	V030	000001E1:33:29, 33:34, 33:46	Dream figure: 真っ赤な人間, 赤い人, 真っ赤な人. One EN term or keep the variation?	Motif consistency across files (000001E3:24:12, 0000020D:11:55)	"the red person" for 赤い人; "a bright-red human" / "a bright-red person" for the 真っ赤な forms	low	open 		7	|	000001E1:33:29	
35	V031	000001E5:23:22-26	Goto decides to call the dream figure 男 for the sake of argument; narration elsewhere never genders it. EN pronoun after 23:26?	Gender must not leak into narration	"he" only inside Goto's hypothesis lines; narration keeps "the person"	med	open 		7	|	000001E5:23:22	
36	V032	000002F6:11:78	Speaker of 「五島様……すみませんでした。もう勘弁して下さい……」 (no cue). Haruka, having paid and been out-eaten, mock-surrendering with 様 on a surname?	Speaker assignment; -sama on a surname as a joke	Haruka; "Goto-sama... I'm sorry. Please, have mercy..."	med	resolved	color (11:78 #AAAAFF = 春花; SPEAKER-COLORS.md)	8		000002F6:11:78	
37	V033	000002F8:12:20	皆上市 reading: みなかみ / みながみ?	Place name	"Minakami City"	low	open 		7	|	000002F8:12:20	
38	V034	000002F8:12:48	元木日報 inside a search string: romanize ("Motoki Nippo") or translate ("the Motoki Daily")? The search string must match the name used in narration 12:46 (地方紙).	Newspaper name recurs?	"Motoki Daily"	low	open 		7	|	000002F8:12:48	
39	V035	000002F8:12:78, 30:5	十三回忌 is held in the 12th year after a death (counted as the 13th). Goto's reasoning turns on "12 years ago today" + 十三回忌. English "thirteenth memorial" will read as a count error. TN case 6?	A reader may think the text miscounts	"the twelfth-anniversary memorial service" + TN "held in the 12th year, counted as the 13th"	med	open 		7	|	000002F8:12:78	
40	V036	000002F8:12:89	Goto recalls Natsumi saying 「一緒にいて」 as the three left ザッハ. 000001E5:41 has 「ダメ！　五島行かないで！」 and other branches have no such line. Different route, or a paraphrase?	Translate as written; a reviewer may try to "fix" it	translate as written	med	open 		7	|	000002F8:12:89	
41	V037	000002F8:12:37	新村栄一郎 reading: えいいちろう (most common)	Name	"Eiichiro Niimura"	med	open 		7	|	000002F8:12:37	
42	V038	000003B4:23:0	"いいか！　だいだい美少女というものは" — だいだい = typo for だいたい	Read as intended	"Listen! Pretty girls, as a rule, ..."	high	typo 		7	|	000003B4:23:0	
43	V039	000003B4:8:28	「お疲れ様でございますでございます！」 doubled ending: an intended fluster gag or a copy error?	Keep the stumble or render once	intended fluster; keep a doubled English ending	med	open 		7	|	000003B4:8:28	
44	V040	000003AE:8:1, 8:3, 8:53	Masking symbols ×××× / ×× for the patient's name and birthdate (also 000001DD:11:104). × (U+00D7) is CP932 0x817E. Keep the glyph in English?	Mask must survive; CP932 check	keep "××××" byte-identical	med	open 		7	|	000003AE:8:1	
45	V041	000003AE:8:28, 8:32	Cells that hold a single ASCII space = the patient's silent answers. Keep one space (not empty, not "...")?	Blank-turn device; qa_check may flag	keep the single space byte-identical	med	open 		7	|	000003AE:8:28	
46	V042	0000037D:11:58	新村美冬: reading (みふゆ) and identity. The text names her only on a doll beside 新村春花; Haruka's mother by inference.	Name; the text never says whose name it is	"Mifuyu Niimura"; do not add "her mother"	med	open 		7	|	0000037D:11:58	
47	V043	00000488:48:7	荒田集落 reading: あらた / あれた / こうでん? 集落 = "settlement" / "village" / "hamlet"?	Place may recur	"the Arata settlement"	low	open 		7	|	00000488:48:7	
48	V044	00000488:48:8	The voice-flood phrase 「夢見るくらいいいじゃない」 echoes Natsumi's 00000024:16:48 「夢見るくらい、いいじゃない」 (comma differs). Same English required (STYLE: optional punctuation difference -> identical EN)? Other 48 phrases may echo lines not yet read.	Echo must be recognisable	reuse the 00000024 English word for word	med	open 		7	|	00000488:48:8	
49	V045	0000037D:11:79-82, 00000488:34:108-111	Goto's memory replays Haruka's lines from 000001E3:8:150-152; cell splits differ between the three files. Identical English required, re-split per cell?	Replay identity (METHOD §4)	same English, split at the new cell boundaries	med	open 		7	|	0000037D:11:79	
50	V046	000003B4:8:15-28, 000003BC:8:19	――-prefixed lines vs 「」 lines in the police chatter: one voice kept as ―― (a male colleague) and the rest in quotes. Distinct speakers or an off-screen voice?	Speaker attribution; ―― must stay	keep marks as in JP; do not add labels	low	open 		7	|	000003B4:8:15	
51	V047	000003B4:8:15-17, 23:0; 000004A7:11:64	美少女愛好家 / ロリコン趣味 / 元木美少女同好会: register and wording. "lolicon" romanized, or "a thing for young girls"? Society name fixed EN?	Recurring comic label, sensitive term	"a devotee of pretty girls", "lolicon" (plain, known loanword), "the Motoki Pretty Girl Appreciation Society"	low	open 		7	|	000003B4:8:15	
52	V048	000003B4:8:14; 000004A7:11:41, 11:61	警部補 rank: literal "Assistant Inspector" or US-equivalent "Lieutenant"? 警部補殿 (Goto's mock-military address) and 巡査部長 ("sergeant") must match the same system. STYLE is silent on police ranks.	Title used as address; recurs	"Lieutenant" / "Lieutenant, sir" / "sergeant"	low	open 		7	|	000003B4:8:14	
53	V049	000003BC (whole)	No date marker: is the stolen-minivan scene the night before April 8 or later? ("明日さっそく捜索", "この時間じゃ無理")	Tense and time references	translate as written; no added date	low	resolved	00000CFA:11:116-173 (in the route of 000001DB-000004A7 Mifuyu took a minivan from the 中央公園 roadside about 20:00 on April 7 and expected a theft report that night: the 000003BC scene is the night of April 7; still translate as written, no added date)	8		000003BC	
54	V050	000003AE (whole)	The patient is masked (××××) and never named or gendered; the words (先輩たち, 呪い, 死神) point to Goto after 0000037D. English examiner lines must avoid he/she.	Withheld identity	no pronoun for the patient; "the patient"	med	open 		7	|	000003AE	
55	V051	00000366:11:27	赤装束 (paired with 能面 as funeral wear, Haruka's claim): "red robes", "red garb", "red costume"?	Term may recur with 能面	"red robes"	low	open 		7	|	00000366:11:27	
56	V052	0000033D:11:17	「面会にはまだ早いぞ？」 = joke: Goto came to visit her in jail. Must the jail sense be explicit in English ("visiting hours")?	Joke must survive	"Visiting hours haven't started yet, you know?"	med	open 		7	|	0000033D:11:17	
57	V053	000002FA:11:75	ツーツー = the tone after the other side hangs up. SFX rule: English sound a reader can hear ("beep... beep...", "the dial tone")?	SFX consistency	"the beep, beep of the dead line"	low	open 		7	|	000002FA:11:75	
58	V054	0000037D:11:51	"ビニールバック" = common misspelling of ビニールバッグ	Read as intended	"a clear plastic bag"	high	typo 		7	|	0000037D:11:51	
59	V055	000002F8:12:2 and every Goto file	Goto's narration names her sister お姉ちゃん throughout (third person, 20+ times). STYLE: お姉ちゃん -> "Sis" (P) and KINSHIP TERMS IN NARRATION (Q1561) -> narration uses the dialogue rendering. "Sis" as a narration noun ("Sis was out again") reads oddly; "my sister"?	Very frequent; tone of the sister thread	owner/Fable ruling needed; best guess "my sister" in narration, "Sis" in address	low	open 		7	|	000002F8:12:2	
60	V056	000004BB:8:22-23	Ise's rant replays 000003B4:23:0 word for word (same typo だいだい) but is split over two cells and cut off mid-word at "許されな" with no closing 」 (the waitress interrupts). Reuse the 000003B4 English and cut it at the same point mid-word?	Replay identity; the cut is the joke	reuse the 000003B4 English exactly, split at the same place, end mid-word with no closing quote ("is not allow")	med	open 		7	|	000004BB:8:22	
61	V057	000004BB:16:5	The Italian chef "流暢な津軽弁を操り" (dialect named in narration; he has no lines). "Tsugaru dialect" plain, or with a TN (case 1 / case 6)? The gag is an Italian speaking a strong rural northern dialect.	DIALECT policy says a dialect named only in narration stays that way; TN cases do not obviously cover it	"fluent Tsugaru dialect", no TN (the sentence says it is a dialect)	low	open 		7	|	000004BB:16:5	
62	V058	000004CF:12:0	"やっぱり五島様様だ！": X様様 is an idiom ("thank goodness for X"), not the honorific -sama on a name. STYLE keeps suffixes on names; "Goto-sama-sama" would be unreadable.	Honorific rule vs idiom	"Thank God for Goto!" (no suffix; idiom rendered by English idiom per IMAGES AND SET PHRASES)	med	open 		7	|	000004CF:12:0	
63	V059	000004BB:16:37, 16:53; 000004CF:12:82; 000004F9:11:85; 00000522:11:46; 00000564:11:60	Goto addresses Ise (about 30, not a relative) as おじさん, teasing; he reacts "お、おじさん……？" (000004BB:16:38). STYLE non-relative rule: what an English speaker says. "Mister"? "old man"? The reaction line needs the same word.	Recurring address form; the 16:38 reaction must echo it	"Mister" (address), Ise's reaction "M-mister...?"	low	open 		7	|	000004BB:16:37	
64	V060	000004E3:15:0, 23:0	Haruka's words "今まで6人殺した。" and "お前も今日死ぬ" are set as bare cells, each in its own block, without 「」 (23:0 has no final punctuation). Keep bare, no quotes, no added period on 23:0?	Presentation device (probably a special screen); QUOTE WRAPPERS rule	keep bare; 23:0 without a period	med	open 		7	|	000004E3:15:0	
65	V061	000004E3:27:12, 27:14, 27:20	Manic laughter with へ / ヒア mixed into ははは ("はははははへははははへははは", "へっはははははは", katakana "ハハヘハハハハヒアハハ"). SFX rule: render as laughter an English reader hears; the broken syllables and the switch to katakana at 27:20 show her losing control.	Voice of the scene; SFX rule does not cover the katakana switch	"Hahahahaheh hahahaheh haha...!" / "Heh-hahahaha!" / "HAHAHEHAHAHA-HYAHAHA...!" (capitals carry the katakana switch)	low	open 		7	|	000004E3:27:12	
66	V062	0000050E:11:97	"……み！" = the tail of なつみ heard as Natsumi comes round. English cut of "Natsumi"?	Must read as her name being heard	"...mi!"	med	open 		7	|	0000050E:11:97	
67	V063	0000050E:11:136, 11:138, 11:184	Cells that are an empty 「」: no voice from the dead phone (11:136, 11:138); Haruka's silence (11:184). Keep as empty "" quotes?	Silence device; ELLIPSIS-ONLY rule does not cover empty quotes; qa_check may flag	keep `""` byte-for-byte shape (empty straight quotes)	med	open 		7	|	0000050E:11:136	
68	V064	00000522:11:171-175	Epilogue "2年後――祀耀802年　四月。": the speaker of "行こうか……", "ありがとう……なつみ……" and "なつみ……ありがとう……生きていてくれて……" is not named; they call Natsumi by bare given name and thank her for visiting "お父さんのお墓". English must not name or gender this speaker.	Withheld identity	no attribution, no pronoun	low	resolved	00000EF6:8:156-159 (the same 祀耀802 April grave visit: "行こうか……" colour なつみ, "ありがとう……なつみ……" colour 春花) and read/speakers/chunk03.tsv (00000522:11:171 なつみ, 11:172 春花, 11:173 なつみ, 11:174-175 春花): the thanking speaker is 春花; in 00000522 the lines still take no name or pronoun (withheld there)	8		00000522:11:171	
69	V065	0000057B:11:55	"でもおばさんが探したらすぐに見つけられる場所に、あの手紙をしまっておいた意図、分かりますよね……？" Goto calls Natsumi's mother おばさん (00000522:11:86, 0000057B:11:39); who put the letter away is unstated. English "your mother" for おばさん, and no subject for "put away"?	A wrong subject rewrites who hid the letter	"...put where your mother would find it at once if she looked" (passive, no agent)	low	open 		7	|	0000057B:11:55	
70	V066	00000550:11:130	Three thanks in one cell, unattributed: 「ありがとうございます！」⏎「ありがとう、伊勢さん！」⏎「おじさん、いろいろありがとね！」. Speaker order?	Register per speaker (Goto uses おじさん, but ありがとね is plain)	Natsumi / Haruka / Goto; translate by register, add no names	low	open 		7	|	00000550:11:130	
71	V067	00000550:11:56-74	Memorial counting: kills 10, 6 and 3 years ago (790, 794, 797) = Eiichiro's 年忌; Natsumi tries 三回忌, 七回忌, then "十回忌？" and doubts it exists; Ise: the 荒田集落 has a 十年祭 (a 十回忌). The Japanese counts the death year as year one (三回忌 = 2 years after). English "third memorial" will not add up for a reader. TN case 6 (reasoning turns on it)? Same note wording as V035.	Reader will think the numbers are wrong	"the third-year memorial", "the seventh-year memorial", "a tenth-year memorial?" + one TN at 年忌: "Memorials count the year of death as the first."	med	open 		7	|	00000550:11:56	
72	V068	00000595:11:79-87	Haruka's geography: the Natural History Museum (UK) and the Eiffel Tower (France) as one place; "地理……？　そうだチリだ！" (chiri = geography, sounds like Chile); Paris as a country with Pisa and the Sagrada Familia. The chiri pun cannot survive in English. TN case 4? And the errors must not be fixed.	Joke survival; reviewers may "correct" the geography	translate as written; TN on 11:85 "chiri: 'geography' sounds like 'Chile'"	med	open 		7	|	00000595:11:79	
73	V069	00000595:11:123 vs 000005AC:11:2	The mailbox lock is 暗証番号式 (PIN) in one file and ダイヤル式 (dial) in the next. Keep the difference or render both "combination lock"?	Consistency; a reviewer may call it an error	render each as written ("code lock" / "dial lock")	low	open 		7	|	00000595:11:123	
74	V070	00000564:11:26	中二病 (Goto: "私は高3にもなって中二病なんだー"): romanize "chunibyo" + TN case 1, or descriptive "eighth-grader syndrome" / "edgy delusions"?	Term; zero localization	descriptive "eighth-grader syndrome", no TN	low	open 		7	|	00000564:11:26	
75	V071	00000564:11:19-20	"自他ともに認める天才美少女" = Goto's fixed refrain 自他ともに認める天才少女 with 美 inserted; Haruka reacts "何で美少女になってるんだよ！". The English must reuse the refrain and visibly insert a word matching 美少女's EN ("pretty girl").	Refrain identity + the gag	refrain EN with "pretty" inserted, and Haruka: "Since when are you a pretty girl?!"	low	open 		7	|	00000564:11:19	
76	V072	00000538:11:16, 11:25	"新村春花さんだね。2階へ行ってもらえるかな" and "それと、古郡なつみさん、君には地下に来てもらいたい": speaker not named; 11:33 Natsumi then follows "伊勢さんという刑事". Ise or another officer?	CAST assignment only; no attribution needed in EN	speaker unknown; possibly Ise; translate unattributed	low	open 		7	|	00000538:11:16	
77	V073	000004E3:27:28, 000004F9:11:23	"かりそめの友情" rises in Natsumi's mind as a "文言" (a set phrase from somewhere) twice. Fixed EN for both? Source of the phrase unknown so far.	Echo; may refer to an earlier or later line	one fixed EN: "a make-believe friendship"	low	open 		7	|	000004E3:27:28	
78	V074	000004BB:8:30	"ここはJKらしく" (JK = 女子高生 slang). Keep "JK" or render "like a proper high-school girl"?	Slang, zero localization	"like a proper high-school girl", no TN	low	open 		7	|	000004BB:8:30	
79	V075	00000538:11:54	"無機質なコンクリート――本当は有機質であるが――の臭い": 無機質 = sterile/inorganic; the aside says "really it is organic" (the body in the room). The word pair must survive.	Wordplay inside a dash aside	"the sterile, inorganic smell of concrete―though really it was organic―"	med	open 		7	|	00000538:11:54	
80	V076	000004CF:12:36	Natsumi's mother's text to her daughter is in です・ます and refers to herself as "お母さん" in third person: "すぐに警察署に来てください。お母さんもいます。" Keep the polite register (do not normalise to casual)?	Register is a signal (stiff under stress, or not typed by her)	keep polite: “Please come to the police station right away. Mom is here too.”	med	open 		7	|	000004CF:12:36	
81	V077	000005C1:11:0-15:1 vs 21:0-25:1	The file holds two versions of the café scene: block 21 is a shorter copy of block 11 with small wording and cell-split differences (e.g. 11:5-6 vs 21:4; 11:299 "…………" cells missing in 21; 21:138 "でも高いし、我慢して飲もう" only in 21). Which plays when is not shown.	Identical JP must get identical English; TN IN ROUTE VARIANTS applies	treat as route variants: identical lines byte-identical in English, differing lines translated as written, TNs repeated in both	med	open 		7	|	000005C1:11:0	
82	V078	000005C1:11:40-50, 21:33-42	The two madams call each other 奥様 in ざます／ですわ register. STYLE fixes the register (over-formal, no contractions) but not the address word. "Madam"? "my dear" is banned.	Address word repeats in both variants	"Madam"	low	open 		7	|	000005C1:11:40	
83	V079	000005C1:11:92, 11:95, 11:105, 11:119, 11:127, 11:137, 11:179 (21 twins)	Natsumi answers in katakana (ワカラナイ, ワタシ、スマホ、ナイ, ワタシ、ワカラナイ, ボッタクリ, ナンデモナイ); Haruka: "何で片言になってるんだよ！" and for ボッタクリ "それもう片言かどうか分かんねーよ！" (a normal word). English device must read as broken speech without eye-dialect.	The gag depends on it; STYLE bans eye-dialect spellings	flat pidgin-style word order, no articles: "No. Understand." / "Me. No. Phone." / "Rip. Off." / "Is. Nothing."; keep the same device in both variants	med	open 		7	|	000005C1:11:92	
84	V080	000005C1:11:181, 21:131	A cell replays four lines of the drinking loop joined by ⏎ and abbreviates one with （略） ("親の 仇 の（略）"), the author's meta gag. STYLE allows full-width parentheses only where CORE A names them.	Glyph choice; the cut must stay visible	ASCII "(snip)" after the cut phrase; keep the ⏎ joins	low	open 		7	|	000005C1:11:181	
85	V081	000005C1:15:1, 25:1	"＼バカ！／　＼バカ！／": two shouted voices, each framed by ＼ ／ (manga emphasis marks), separated by U+3000. ＼ and ／ are CP932 (0x815F / 0x815E) but not in the allowed set.	Device glyphs; qa_check	keep ＼ ／ and the U+3000 byte-identical around the English word: "＼Idiot!／　＼Idiot!／" (needs a CORE A / DECISIONS row)	low	open 		7	|	000005C1:15:1	
86	V082	000005C1:11:289, 11:292, 21:209, 21:211	The waitress (Goto's sister) addresses her own sister as a customer, 五島様. STYLE keeps suffixes on names ("Goto-sama") but a customer address in English would be "Miss Goto".	The joke is professional distance to her own sister	"Goto-sama" (STYLE: suffix on a name is kept)	med	open 		7	|	000005C1:11:289	
87	V083	000005D6:11:13-17	Goto's stock newlywed line "ご飯にする？　お風呂にする？　そ・／れ・／と・／も――" spreads それとも over 4 cells with ・; Haruka cuts in on the 4th cell. CELL-SPLIT WORDS: English word over the same 4 cells.	Cell parity; DECISIONS row needed	"O・ / r・ / . ・ / . . ―"? unclear; alternative "Or・ / ma・ / y・ / be―"	low	open 		7	|	000005D6:11:13	
88	V084	00000600:15:0	計画通り set vertically: four ⏎ lines, each a run of U+3000 and one kanji; a parody of a well-known manga villain's line. English: four words on four lines with the same indentation ("All / according / to / plan"), or one horizontal line?	Layout device; the parody should stay recognisable	"All⏎according⏎to⏎plan" with the U+3000 runs kept	med	open 		7	|	00000600:15:0	
89	V085	00000600:11:26-28	Natsumi's いくら aside: "ロシア語で『魚の卵』を意味する" (the word's origin) and "『シャケ』ではなく、『サケ』の卵" (two readings of the word for salmon). English "salmon roe" loses both. Romanize いくら / シャケ / サケ?	The pedantry is the joke	"ikura" (the next clause glosses it), "the roe of the salmon: 'sake', not 'shake'" + TN case 4 "Two readings of the word for salmon."	med	open 		7	|	00000600:11:26	
90	V086	00000600:19:34-35	Haruka and Goto apologise in katakana: "ナツミ様、申シ訳アリマセンデシタ", "古郡様、ワタクシガ、悪カッタデス" (stiff, defeated, robot-like). English device? Same family as V079?	Device consistency	stiff, flat, no contractions, with -sama kept: "Natsumi-sama. We. Are. Very. Sorry."	low	open 		7	|	00000600:19:34	
91	V087	00000600:19:16-21	Natsumi (card: no profanity) delivers a crude villain tirade: デカ乳, 双子の能無しチチタンク, 乳牛, 失敗不発爆弾, 乳デカ産廃どもめ, with archaic-villain endings (かしら, がいいわ, ふははは). Ceiling for this scene?	Voice; a drafter may soften or add swearing	crude comic nouns, no swear words; grand villain diction; one-scene exception noted on her card	med	open 		7	|	00000600:19:16	
92	V088	000005EB:11:102; 00000600:11:44, 19:5, 19:7-9	修羅 (a Buddhist warrior-demon, figurative "fury") possesses Natsumi; 19:7-8 "叫喚の旋律、修羅の舞" (叫喚 is also a Buddhist hell). "asura" + TN, or "a demon of fury"?	Recurring image the text extends (it dances, speaks)	"a demon of fury", no TN; the dance image kept	low	open 		7	|	000005EB:11:102	
93	V089	00000617:8:43-252	Narration switches from Natsumi to Goto at 8:43 with no marker (only content: "私は背が低いから…バレー部に入った"), and Goto's memory ends "私は、先輩を……／あなたを心から尊敬します。" (先輩 -> あなた, direct address in narration). English loses the switch; a TN (case 3)?	Narrator must be clear; the あなた is a register event	translate plainly; no TN (the text does not remark on it); make 8:43 read as Goto's voice by content only	low	open 		7	|	00000617:8:43	
94	V090	000005EB:11:84-86	"へっくしょん！／(U+3000 cell)／ちょっと風邪引いたかな……" right after Goto calls Ise a lolicon: a cut-away gag (the person talked about sneezes elsewhere). No speaker named; in the bathroom scene.	Speaker attribution; do not add a name	keep unattributed; "Achoo!" / "Must be catching a cold..." with the blank U+3000 cell kept	low	open 		7	|	000005EB:11:84	
95	V091	00000656:11:172-186	An unnamed speaker phones "お姉ちゃん" near 豊岳駅, sees the train with two passengers, asks after 春花ちゃん, quotes "女神様の預言", refuses ドローガ ("私強いから"); then "…………／ち……！" and "今年も、呪殺が起きるのか……！": one speaker or a second?	Withheld identity; no name, no gender	unattributed, no pronoun; translate 11:184-186 as a separate turn without a name	med	open 		7	|	00000656:11:172	
96	V092	00000656:11:173	豊岳駅 reading: とよたけ / ほうがく / とよおか?	Place name	"Toyotake Station"	low	resolved	resolved_by=00000BD6:00000BE2.lns:277 | ruby とよたけえき on 豊岳駅 confirms the reading Toyotake 	8	|	00000656:11:173	
97	V093	0000066B:11:32-47	Haruka-narrated replay of the 000001DB doorstep exchange ("よう！　調子はどうだ？", "まあまあかな", "たこ焼きだからさ、熱いうちに食べろよ。じゃな！" and others). Identical English required (METHOD §4 replay), re-split at the new cell boundaries?	Replay identity across files	reuse the 000001DB English word for word; re-split per cell (as V045)	med	open 		7	|	0000066B:11:32	
98	V094	000005C1:21:51	"今やマンションの下敷きになっている。。" doubled 。	Read as intended	one full stop	high	typo 		7	|	000005C1:21:51	
99	V095	000005C1:11:304	"他の人に見つかったまずいんでしょ？" = 見つかったら (the 21:216 twin has ら)	Read as intended	"It's bad if anyone finds these two, right?"	high	typo 		7	|	000005C1:11:304	
100	V096	0000062C:11:38	"春花は明日話すって言ってくれてるだけど" = 言ってくれてるんだけど	Read as intended	"Haruka says she'll tell me tomorrow, but..."	high	typo 		7	|	0000062C:11:38	
101	V097	00000641:11:128	"すべての力を出し切ったかのよう倒れてしまった" = かのように	Read as intended	"collapsed as if she had used up all her strength"	high	typo 		7	|	00000641:11:128	
102	V098	0000066B:11:6	"…食欲をかきたてる色だからですよ！」」" doubled closing bracket	Read as intended	one closing quote	high	typo 		7	|	0000066B:11:6	
103	V099	000005EB:11:92	"五島が急に泣きになるが" = 泣き顔になる or 泣きそうになる (a dropped word)	Read as intended	"Goto suddenly turned on the tears"	med	typo 		7	|	000005EB:11:92	
104	V100	00000656:11:122	"五島のその視線を外に向けたままだ" = 視線は (particle slip)	Read as intended	"Goto's eyes stayed on the view outside"	med	typo 		7	|	00000656:11:122	
105	V101	00000641:11:126-127	"せめて、あなたた――" is cut inside あなたたち (plural "you") as she collapses. English cut point? The plural matters (Natsumi and Haruka, 11:135).	Cut must read as "you (plural)" breaking off	"At least, you two―" cut to "At least, you tw―"	low	open 		7	|	00000641:11:126	
106	V102	000005D6:11:130-133	Ise stammers "し／し／し……！" over three cells before "君の写真を撮らせてほしい！" (写真 = photo). SYLLABLE-SPLIT rule: the word is completed in the file, so the English completed word decides: "Ph..." for "photo"?	Cell parity; the stammer must lead into the English word	"P... / p... / p...!" then "Let me take your picture!"	low	open 		7	|	000005D6:11:130	
107	V103	000005D6:11:51-54	Haruka's roar "お……！／ま……！／え……！／らあーー！！" spreads お前ら over four cells. CELL-SPLIT WORDS: English over four cells	Cell parity, DECISIONS row	"Y...! / o...! / u...! / guuuys!!"	low	open 		7	|	000005D6:11:51	
108	V104	0000066B:11:10-12, 11:16-18	Goto's "だ・／か・／らー！" (だから, "so"/"which means...") one mora per cell, twice (to the vendor, then to Haruka). CELL-SPLIT WORDS: English over three cells, same both times	Cell parity; the repeat must match	"So・ / o・ / ooo!"	low	open 		7	|	0000066B:11:10	
109	V105	00000697:8:48	Teacher's mail: "外出は自制するようにとのことだす" (だす for です); narration 8:51 says "相変わらず谷崎先生の日本語はおかしい", and 8:49 "詳しいことは…詳しく載せる" is also clumsy. Typo, or the teacher's deliberate oddity to carry into English?	If intended, the English must be odd too; if a typo, fix silently	intended oddity: render the mail slightly off in English (a doubled word, one clumsy phrase), no misspelling	med	resolved	00001A5C:8:20-21, 8:35 (her odd Japanese and board typos are in-world: best guess stands) 	8	|	00000697:8:48	
110	V106	00000697:8:60-87	Phone caller from the 荒田 side: every line opens "ん……"; Haruka recognises the voice ("その声……"); calls her 春花, mentions おばあちゃん and 夏菜 ("夏菜は春花が大好き"; 夏菜 was "called by her mother" right after phoning Haruka). Unnamed, no gendered word. Who is it, and is it linked to the 00000656 phone speaker (V091)? English for the "ん……" opener?	Must stay ungendered; the tic recurs on every line	ungendered; "Mm..." at each line start, unvaried	low	resolved	00000944:8:23-41, 0000095B:35:67 (the caller is 新村茅萱, チガ姉, Haruka's cousin, whose every line opens "ん……"; 夏菜 is her sister; the 00000697 lines need no name or pronoun; the "ん……" English stays one fixed rendering, GLOSSARY ん……)	8		00000697:8:60	
111	V107	00000697:8:77	夏菜 reading: かな / なつな / なな?	Name	"Kana"	low	resolved	00000F0D:26:181-184 (Ise, trying to say her name, stammers "か……" / "かかか……" / "な……": かな, "Kana"; with 00000E7B:180:109 カナカナ) 	8	|	00000697:8:77	
112	V108	00000682:11:37	七海荘 reading (ななみそう) and form: "Nanamiso", "Nanami-so", or "the Nanami apartments"?	Place name	"Nanami-so"	low	open 		7	|	00000682:11:37	
113	V109	00000682:11:41	御子神 reading (みこがみ / みこかみ); the name contains 神 and the girl's family belongs to the "邪教". Romanize only (no gloss)?	Name may matter to the cult thread	"Mikogami", no TN	low	open 		7	|	00000682:11:41	
114	V110	000006C9:8:17	"私が事件を調べているのを知っていながらを呼び寄せた" = 知っていながら私を (dropped 私)	Read as intended	"she knew I was looking into the case and still called me over"	high	typo 		7	|	000006C9:8:17	
115	V111	000006C9:8:117	"ウンがついちゃいましたね" after pushing Haruka into dog mess: ウン = luck (運) and poop (うんこ). English: a pun of the same shape ("Looks like luck's rubbed off on you"?) or plain plus TN case 4?	Pun; the narrator reacts only to the push (8:118)	literal-luck line + TN "Pun: 'un' is both luck and poop."	low	resolved	resolved_by=000006C9:000006C9-000006D8.lns:393 | shipped "Looks like some luck's stuck to you..." (surface 運がつく, "stuck to" keeps the shoe image) + TN case 4 	8	|	000006C9:8:117	
116	V112	000006C9:8:98	"ぶえっくしょん！い" ends with い after ！ (sound tail or stray kana)?	Typo or SFX	stray kana, drop	med	typo 		7	|	000006C9:8:98	
117	V113	000006E0:16:56	"プリインストールされていったはずです" = されていたはずです	Read as intended	"should have come preinstalled"	high	typo 		7	|	000006E0:16:56	
118	V114	000006E0:16:105-115	Goto's groping-scene register: っす endings ("手に収まらないっすねえ", "知らなかったっすよお", "いいっすよお") plus stylised "ヴォリュゥミィ". CAST card has no っす. Carry by blunt diction only, or a fixed device? And "ヴォリュゥミィ": "voluuuminous"?	Speech-level break and a coined word	blunt, contraction-heavy lines for this scene only (SPEECH-LEVEL BREAKS); "voluuuminous"	low	open 		7	|	000006E0:16:105	
119	V115	000006E0:16:179; 000006F9:17:60	Natsumi's incantation "パラメン・アビラン・エリクラン……。ガラフ・イトア・ギドアクス……": romanize (Paramen Abiran Eriklan / Garafu Itoa Gidoakusu)? Source unknown; may echo something later	Must read as nonsense spell and repeat identically	romanize, keep ・ as spaces, no TN	low	open 		7	|	000006E0:16:179	
120	V116	000006F9:17:4	Goto ordered "12個、当たり2つ" (000006E0:16:152-153); the waitress delivers "12個、はずれ2つです" ("two misses"). Source slip, or the shop calls the spicy ones はずれ?	A reader may think the count changed	translate as written ("two duds") so the shop's word stands	low	open 		7	|	000006F9:17:4	
121	V117	000006F9:17:68-69	Goto's turn "…………／(￣ー￣)": an emoticon as a speech cell. ￣ (0x8150) and ー (0x815B) are CP932 but not in the allowed English set. Keep the emoticon glyphs, or an ASCII smirk ("(-_-)")?	Allowed-set rule vs a device the text uses	keep as is (a device); DECISIONS row	low	open 		7	|	000006F9:17:68	
122	V118	000006F9:29:0-1	Natsumi's scream: one long line of kana then ⏎ "ぽ」" (a trailing pop). English: a long scream of similar length plus a lone "pop"?	SFX rule; the lone ぽ is the joke	long scream + "p" on the second line	low	open 		7	|	000006F9:29:0	
123	V119	000006F9:17:183	"ひょっほほいれひひはふ！" = ちょっとトイレ行きます said with a burned mouth. English: garbled "I'm going to the bathroom" ("Gunna go to va bafroom!")? Eye-dialect ban applies to accents, not to a burned mouth?	Legibility of a garbled line	garbled but recoverable, one distortion per word	low	open 		7	|	000006F9:17:183	
124	V120	000006F9:11:4-5; 00000761:8:107	Three parallel titles: 修羅少女 (Natsumi), 天才少女 (Goto; "genius girl" fixed), 鬼才少女 (Haruka; 鬼才 = uncanny genius). The English must stay parallel ("___ Girl") and 鬼才的アイディア (00000761:8:107) should echo 鬼才. 修羅 is TBD (V088)	Parallel set; one of three already fixed	"Asura Girl", "Genius Girl", "Prodigy Girl"; 鬼才的 -> "prodigious"	low	open 		7	|	000006F9:11:4	
125	V121	00000761:8:15-17	Natsumi's weak voice written with small kana (ゃぁ, ゃっぱり, ぁの, ゎたし, もぅ). English device?	The device is visual	plain words with trailing ellipses; no respelling	low	resolved	resolved_by=00000761:00000761-0000076D.lns:76 | plain words with trailing ellipses 	8	|	00000761:8:15	
126	V122	00000761:8:20-21	Natsumi's old-man role voice "すまぬのお…どれくらい経ったかのう…歳はとりたくないもんじゃわい". DIALECT POLICY bans regional English; old-man role language is not regional. Archaic-elderly diction ("Alas", "these old bones")?	Role register	elderly diction without regional forms ("Ah, forgive me... how long has it been since the war..."), no TN	low	resolved	resolved_by=00000761:00000761-0000076D.lns:92 | elderly diction without regional forms, no TN 	8	|	00000761:8:20	
127	V123	00000761:8:98-99	"着やせのパイオニアですなあ！／パイだけに" pun: パイ = the パイ of パイオニア and おっぱい. English: "a pioneer... emphasis on the 'pie'"? Or TN case 4?	Pun survives only by rewriting	find an English pun on a chest word over the same two cells; else TN "Pun: 'pai' also means boobs."	low	open 		7	|	00000761:8:98	
128	V124	00000749:8:18-30	In the 荒田集落 the dead are called 死神 and memorial attendees dress as them (能面, 赤装束, 鉈, メイス). Goto sets this against the ordinary 死神 (骸骨に大きなカマ, 8:25). The V014 rendering must fit both senses (a reaper figure and "the dead person"). Romanize "shinigami" with one TN?	Central term; Goto's contrast needs one word for both	revisit V014: "shinigami" + TN case 1 at first occurrence	med	open 		7	|	00000749:8:18	
129	V125	00000682:11:186	"四月八日の魔女" (Haruka's self-name) uses 四月八日, the game's subtitle word (死月妖花～四月八日～). Should the English date phrase here match the English subtitle?	Title-level consistency; owner decides the subtitle	match whatever the subtitle becomes	low	owner 		7	|	00000682:11:186	
130	V126	00000749:8:7	"恨まれてるんて" = 恨まれてるなんて	Read as intended	"that my mother hates me enough to kill me"	high	typo 		7	|	00000749:8:7	
131	V127	00000697:8:33; 000006B2:8:40; 000006E0:16:10	Stray half-width spaces: after U+3000 ("起きてるよ！　 お母さん"), after 、 ("注文するなら、 五島も"), at cell start (" ちらっと"). Same class as V021. Drop?	Layout rule	drop (stray)	med	open 		7	|	00000697:8:33	
132	V128	00000682:11:0 vs 0000066B:11:52	「やっぱり、言えないよ……」 replays 「やっぱり……言えないよ……」 (the scene continues across files); only the punctuation differs. Identical English?	Replay consistency	identical words; keep each file's pause mark ("Still... I can't say it..." / "Still, I can't say it...")	med	open 		7	|	0000066B:11:52	
133	V129	00000731:8:13, 8:62	Full-width ＝ in Goto's spoken premise list ("今回の死神＝新村先輩のお母さん") and in narration ("被害者＝なつみのお父さん"). ＝ is CP932 but not in the allowed set. ASCII "=" or words ("is")?	Allowed-set rule	ASCII " = " in Goto's list (she is dictating notes); "was" in narration	low	resolved	resolved_by=00000731:00000731-0000073B.lns:63 | shipped as the pack suggested (ASCII " = " in Goto's dictated list, "wasn't" in narration) 	8	|	00000731:8:13	
134	V130	00000779:8:0-8:103	The file opens in third-person narration (美冬 named, 彼女, JP non-past throughout) and switches to Haruka's first person at 8:104 with no marker. STYLE NARRATIVE TENSE is written for first-person narration. Tense for the third-person block: past throughout, or the (a)/(b)/(c) test?	Tense of a whole block; the unmarked switch must stay visible	past tense throughout 8:0-8:103 (every cell is perception or action); Haruka's block by the usual test	med	open 		7	|	00000779:8:0	
135	V131	000007A5:8:65	"実年齢よりも少し老け込んだの女性" = 老け込んだ女性 (stray の)	Read as intended	"a woman who looked a little older than her age"	high	typo 		7	|	000007A5:8:65	
136	V132	000007A5:8:116	"本当に感謝してるだから……！" = 感謝してるんだから (dropped ん)	Read as intended	"I'm really grateful...!"	high	typo 		7	|	000007A5:8:116	
137	V133	000007A5:8:181	"全て黒だと！？。" ends ！？ plus 。	Read as intended	"All black?!"	high	typo 		7	|	000007A5:8:181	
138	V134	000007BC:8:96	"それで彼氏ができたも、美冬が疲れるだけよ？" = できたとしても / できても (dropped kana)	Read as intended	"Even if you got a boyfriend that way, you'd just wear yourself out."	high	typo 		7	|	000007BC:8:96	
139	V135	000007BC:8:256	"よかった俺と……" = よかったら俺と	Read as intended	"if you like, with me..."	high	typo 		7	|	000007BC:8:256	
140	V136	000007D3:11:18-21, 11:111-115	Name-order gags. Mifuyu introduces herself "美冬……／金井です……" (given name first) and Akane says "外国人かよ……"; later Eiichiro shouts "美冬、金井さん！" and the narration says he reversed given name and surname. STYLE puts English names given-name-first, so "Mifuyu... Kanai" is the normal order and both jokes vanish. Keep Japanese order inside these lines only ("Kanai... Mifuyu" would be the correct form, so the English must invert the other way), or a TN?	Two jokes turn on name order; the project rule inverts them	owner decides; option: in these lines Mifuyu says "Mifuyu... Kanai" and a TN (case 4) says "In Japanese the family name comes first."	low	owner 		7	|	000007D3:11:18	
141	V137	000007D3:11:128-129	Mifuyu's narration "うわ、露骨にへこんどる。／ズーンとうなだれとる。" uses ～とる (a western-Japan dialect form) once, for comic effect; she speaks standard elsewhere. DIALECT POLICY: TN at a speaker's first dialect line, but this is a one-off comic slip, not her dialect. Plain English, no TN?	Avoid a false dialect note	plain comic English ("Oh wow, he's visibly crushed."), no TN	med	open 		7	|	000007D3:11:128	
142	V138	000007D3:11:58, 11:189, 11:276; 000007EA:11:172-173, 11:215, 11:248; 00000801:8:139, 8:163-177	Mispronounced speech written as such in the JP: Eiichiro's nervous slurs (だいじょうび, だいりょうぶでぶ, ひゃめて, あにょ, ありまひゅか, ぼびょびょぼ, びょ僕), Mifuyu's baby talk (でちゅね, 泣きまちゅか), toddler Momoko (ほちい, いもうと, くる). STYLE bans respellings of a word "the speaker pronounces normally"; these speakers do not. Allowed to respell in English ("I'm fwine", "wanna sister")?	The slurs are the comedy and the characterisation	respell minimally at the same words (stammer letters, one lisped consonant), no eye-dialect elsewhere	low	open 		7	|	000007D3:11:58	
143	V139	000007EA:11:47	"片付いている。。" doubled 。	Read as intended	one full stop	high	typo 		7	|	000007EA:11:47	
144	V140	000007EA:11:238	"こんなことを言うと嫌がれるかもしれないですけど" = 嫌がられる	Read as intended	"You might not like hearing this, but..."	high	typo 		7	|	000007EA:11:238	
145	V141	00000801:8:113-117	The mothers pick names by birth season: 春 in 春花 (spring), なつ in なつみ (summer); 茜 = autumn, 美冬 (冬 = winter) = winter, "春夏秋冬 quartet". An English reader cannot see the seasons in the names; the scene explains 春花 and なつみ but only asserts 茜 = autumn. TN case 4 or 6 at 8:113 ("Haru = spring, natsu = summer, fuyu = winter")?	Name-origin joke; also the reason for the names used all story long	one TN, 12 words max: "Haru means spring, natsu summer, fuyu winter."	med	open 		7	|	00000801:8:113	
146	V142	00000818:11:218	"友達になれるんじゃなかな？" = なれるんじゃないかな	Read as intended	"they could be friends, don't you think?"	high	typo 		7	|	00000818:11:218	
147	V143	000007BC:8:20 onward, 8:198; 00000818:11:230	Mifuyu's whimper tic うぎゅ (dozens of lines) is named as her 口癖 and quoted in 『』 ("口癖の『うぎゅ』って言うのは、禁止ね"; "またその『うぎゅ……』か"). SFX rule: a sound the text quotes as a sound is romanized once with a gloss. Romanize "ugyu" everywhere + TN at first, or an English whimper ("Nngh")?	The text names the word; it must be the same word every time	romanize "Ugyu..." unvaried; one TN at the first occurrence per file where it is named: "her whimpering catchphrase"	med	open 		7	|	000007BC:8:20	
148	V144	00000818:11:187-189	Eiichiro calls the old vendor "おばちゃん"; she: "だーれがおばちゃんだってー？"; he corrects to "お姉さん！". STYLE non-relative rule gives "ma'am" / "miss", which keeps the age gag. English: "Ma'am!" / "Who're you calling ma'am?" / "Miss!"? DECISIONS row needed.	Age-flattery gag	"Ma'am, another one!" / "Who're you calling ma'am?" / "I mean, miss!"	med	open 		7	|	00000818:11:187	
149	V145	00000846:11:0	"祀耀800年四月。もうすぐ栄一郎の三回忌だ。" The death is 祀耀788 (0000082F:11:2); a 三回忌 falls in 790; the same file says the desk has been empty "2年近く" (11:51) and Natsumi (4 in 788) starts elementary school. 800 looks like an error for 790. CALENDAR keeps dates as written.	A wrong year breaks the timeline the reader is building	read as 祀耀790 ("Shiyo 790"); owner confirms	med	resolved	000008E8:8:304 ("三回忌"), 8:348 ("2年も遅れて"), 000008D0:33:58 ("祀耀800年四月八日" = ten years on, the parents' 命日), 00000916:31:13-14 (ten years of neighbours after two away): the story year of 00000846-000008E8 is 790; 00000846:11:0 is a source slip (typo reading stands; owner still confirms)	8		00000846:11:0	
150	V146	0000085D:11:35-38	良治 finds ザッハ hard to say: 促音 (っ) followed by a は-row sound, like スタッフ, ゴッホ, ビュッフェ. The V013 rendering of ザッハ must let this passage make sense in English ("Zahha" keeps a doubled h; "Sacher" does not).	Constrains V013	keep "Zahha"; render the examples as "staff, Gogh, buffet" with the passage explaining the small っ plainly; or TN case 4	low	open 		7	|	0000085D:11:35	
151	V147	0000088B:35:52	茜's father: "ええがだええがだ。だっだどいぎゃ！" and 良治: "お義父さんの方言は相変わらず聞き取れないが、歓迎はしてくれているようだ". The dialect is not named; the narrator cannot understand it. DIALECT POLICY: plain English plus a TN naming the dialect. Translate the meaning (welcome) or keep it unintelligible?	The narration says it cannot be understood	owner decides; best guess: a garbled but English-shaped welcome is not allowed (eye-dialect ban), so plain "Good, good, come on in!" plus TN "[TN: a heavy regional dialect]"	low	owner 		7	|	0000088B:35:52	
152	V148	0000082F:11:24, 11:46, 11:100, 15:0; 00000801:8:139, 8:163	The small girls say パパ / ママ (Haruka to Eiichiro, Natsumi to 良治 and 茜; the toddler まま); at 6 Natsumi says お父さん / お母さん (00000846). STYLE maps お父さん / お母さん to Dad / Mom; パパ / ママ need their own English. "Daddy" / "Mommy"?	Two words, two renderings; the change with age should show	"Daddy" / "Mommy"	med	open 		7	|	00000801:8:139	
153	V149	00000779:8:37, 8:43	小面 (a named Noh mask of a young woman) vs 老女の能面 (an old woman's mask); 大魔女 / 大魔女様 (title of the settlement head). English: "a young woman's Noh mask", or romanize "koomote" + TN? "Grand Witch" keeps "witch" = 魔女; address "Grand Witch-sama" or "Lady Grand Witch"?	The mask contrast carries the disguise; 大魔女 recurs (000007A5, 00000801, 000008A2)	"a young woman's Noh mask" / "an old woman's Noh mask"; "the Grand Witch"; address "Grand Witch-sama" (suffix on a title used as a name)	low	open 		7	|	00000779:8:37	
154	V150	00000874:11:98	外崎家 (茜's parents' family, her maiden name): reading とのさき / とざき / そとざき?	Name	"the Tonosaki family"	low	open 		7	|	00000874:11:98	
155	V151	0000088B:35:41-55; 000008A2:8:129	お義父さん / お義母さん (in-laws) in 良治's narration and Mifuyu's speech. STYLE kinship rule covers the speaker's own relative and non-relatives, not in-laws. "my father-in-law" / "my mother-in-law" in narration; Mifuyu's お義母さん for the 大魔女 = "my mother-in-law"?	Kinship rendering	narration "my father-in-law" / "my mother-in-law"; in speech the same	med	open 		7	|	0000088B:35:41	
156	V152	000008B9:8:4, 8:11 vs 22:3, 22:10, 22:22	Route variants: Natsumi's "絵梨奈ちゃん" (kanji) in block 8 is "えりなちゃん" (hiragana) in block 22, while the sister's "絵梨奈" is kanji in both. English cannot show the script. Identical "Erina-chan" in both, plus a DECISIONS row?	TN IN ROUTE VARIANTS; identical-line rule	identical "Erina-chan"; DECISIONS row naming the script difference	med	open 		7	|	000008B9:8:4	
157	V153	000008B9:36:11-12	Natsumi orders in Chinese characters: "芥 末 餡 包 子(からし入り肉まん)" and "花 椒(山椒の実)": ruby-residue spaces plus ASCII-parenthesis glosses in the source; 36:14 "どうしてなつみはこういう時だけ高度な漢字が読めるんだ" is the joke (a 6-year-old reading hard characters). English: romanized Chinese with the English gloss in the same parentheses ("jiemo baozi (mustard-filled buns)"), or English only?	The joke needs a word a child should not be able to read	pinyin + the gloss in ASCII parentheses as in the source; no TN	low	open 		7	|	000008B9:36:11	
158	V154	000008D0:33:0	"離せ……!" ends in a half-width ASCII "!" where the source elsewhere uses ！. Slip?	Read as intended	"Let go...!"	high	typo 		7	|	000008D0:33:0	
159	V155	000008D0:46:143-145	Mifuyu's breakdown laughter mixes へ into ははは ("へははははははへあはあは！") and runs a 150-character あっはは cell: the same device as Haruka's laugh in 000004E3 (V061). The English device must match V061's so the echo between mother and daughter survives.	Cross-file device echo	same device as V061; keep the long run at similar length	med	open 		7	|	000008D0:46:143	
160	V156	000008E8:8:226-237, 8:274-277	Memory replays inside a 良治-narrated scene: 8:228-230 unquoted first-person cells in Mifuyu's voice (私, 栄一郎さん), 8:233-236 Eiichiro's quoted "美冬さんを笑顔にするためには、まずは僕が笑顔にならないと……！", 8:274-277 "世界一の旦那様です！" / "世界一の奥さんだよ！" / "私、やっぱりまだ、幸せをあきらめたくない……！" (00000818). Their sources in 000007EA / 00000818 must be located and the English reused; 8:274 may differ in wording from its source.	CORE B2 replays; unmarked voice switch	reuse the source English byte for byte where the JP matches; carry wording differences	med	open 		7	|	000008E8:8:226	
161	V157	000008E8:8:254	茜's refrain "ちゃ・ん・と、ご検討ください！　以上！" (000007BC:8:311-315, 00000818:11:235-239) returns unsplit and softened: "ちゃんと、ご検討下さい" (no ・ cells, no 以上). Same lexical English without the cell split?	CORE B3 refrain inflects for its slot	same words as the refrain, one cell, no "That is all"	med	resolved	resolved_by=000008E8:000008F2.lns:727 | shipped the refrain's words in one cell without "That is all", as the query proposed 	8	|	000008E8:8:254	
162	V158	00000900:11:7	"感無量であります" in Goto's formal entrance speech: であります is also her mock-military tic (GLOSSARY であります, TBD "Sir!" register). Here it is the ordinary formal-speech copula. Must the English avoid the tic's rendering?	Function-per-row rule (STYLE interjections)	plain formal English here ("I am deeply moved"); the tic rendering only where she plays soldier	med	open 		7	|	00000900:11:7	
163	V159	00000916:31:87	"ああ、そりゃ辛いっすね……。だったら、受験シーズンが本格化する前に行ったらどうかな？": っす (Goto's casual-polite ending) in a turn that by alternation is Natsumi's, answering Haruka. Natsumi joking in Goto's manner, or a speaker slip?	Speaker attribution; register	Natsumi, playful; render as a light mock-polite aside	low	open 		7	|	00000916:31:87	
164	V160	0000092D:11:128-133	Haruka's refusal "お・／こ・／と・／わ・／り・／だ！" spreads お断りだ over six cells with ・. CELL-SPLIT WORDS: English over six cells	Cell parity, DECISIONS row	"No・ / way・ / in・ / a・ / mil・ / lion!"	low	open 		7	|	0000092D:11:128	
165	V161	00000944:8:241	"卍 の字のような体勢で" (ruby-residue spaces; the manji sign as a sprawled body shape). "swastika" carries a meaning the JP does not; "manji" needs a TN. English?	Image with a loaded English name	"sprawled like a pinwheel", no TN; owner may prefer "the manji sign" + TN	low	owner 		7	|	00000944:8:241	
166	V162	00000944:8:44	Natsumi's "いつも春花さんにはお世話になられております" is deliberately wrong keigo (respect form on her own being-cared-for); 8:45 "妙な敬語で挨拶をしてしまった". English needs a visibly botched formal greeting	The next line names the error	a garbled over-formal sentence, e.g. "Haruka-san is always so kind as to be looked after by me."	med	open 		7	|	00000944:8:44	
167	V163	00000944:8:120	"後部差席" = 後部座席 (wrong kanji)	Read as intended	"the back seat"	high	typo 		7	|	00000944:8:120	
168	V164	00000944:8:121	"チガ姉はどんなに人に見える？" = どんな人に見える	Read as intended	"What do you make of Chiga-nee?"	high	typo 		7	|	00000944:8:121	
169	V165	0000095B:35:21-22	新村幸太郎 says "俺は新村幸太郎って言って…" and in the next cell "僕まで驚いちゃったよ": 俺 and 僕 in one turn. Not remarked by the text. TN or plain?	STYLE pronoun rule: TN only when the text treats it as an event	translate plainly, no TN; log in CAST	med	resolved	resolved_by=0000095B:line35:112-114 | 俺 / 僕 translated plainly, no TN 	8	|	0000095B:35:21	
170	V166	0000095B:35:86	夏菜 asks Goto "『月がきれいですね』って言われて引くタイプ！？": a line every Japanese reader knows as a coded "I love you" (Soseki legend). No character reasons on it, so TN case 6 does not apply. Literal with no note, losing the point?	TN rules; the gag is in a list of rapid questions	literal "'The moon is beautiful, isn't it?'" in single quotes, no TN	low	resolved	resolved_by=0000095B:line35:306 | 'The moon is beautiful, isn't it?' literal, single quotes, no TN 	8	|	0000095B:35:86	
171	V167	00000972:11:44-46	Chigaya (drunk) "だー／かー／らー！" spreads だから over three cells, the same device as Goto's "だ・／か・／らー！" (V104), without ・. Same English as V104?	Device consistency across speakers	same three-cell English as V104 minus the ・ marks	low	open 		7	|	00000972:11:44	
172	V168	00000972:11:72-75, 11:104-109	Goto's catatonic lists of near-synonyms, one per cell: 操 / 純潔 / 貞操 / 恥じらい, then 操 / 恥じらい / 貞淑 / 貞節 / 節操. English needs six distinct words with repeats matching (操 and 恥じらい recur).	Repeated items must reuse their English	操 virtue, 純潔 purity, 貞操 chastity, 恥じらい modesty, 貞淑 decency, 貞節 faithfulness, 節操 principles (GLOSSARY rows)	low	open 		7	|	00000972:11:72	
173	V169	00000972:11:120-126	Goto's censored words as cells "××××", "○○○○", "△△△△" (each its own cell between words). ○ (0x819B) and △ (0x81A2) are CP932 but not in the allowed English set. Keep the glyphs byte-identical as masks (cf. V040)?	Mask device; qa_check	keep all three mask runs byte-identical	med	open 		7	|	00000972:11:120	
174	V170	00000972:11:160, 11:175	Brand and dish names built on the key terms: spring water 『魔女』, shochu 『死神』, dish シニガミトカゲ (katakana 死神). The English must reuse the WITCH and 死神 renderings so the joke reads (the 荒田 senses of both words, 000008A2).	Depends on V014 / V124	'Witch' water, 'Shinigami' / 'Death' shochu per the 死神 ruling; lizard named on the same word	med	resolved	resolved_by=00000972:0000097D:529,574 | 'Shinigami' shochu, 'Witch' water, "shinigami lizard" (死神 lock) 	8	|	00000972:11:160	
175	V171	00000972:11:223	"『いただきます』という食材の命に感謝する挨拶の意味を、真に理解できた": the text itself explains the word. Romanize "itadakimasu" (TN case 1 is then unnecessary, the sentence glosses it) or translate ("'Thank you for this food'")?	TN case 1 vs in-text gloss	romanize in single quotes; no TN (the line explains it)	med	resolved	resolved_by=00000972:0000097D:759 | 'itadakimasu' romanized in single quotes, no TN (the sentence glosses it) 	8	|	00000972:11:223	
176	V172	000009A0:11:98, 11:246; 000009CF:11:2; 000009E6:11:3, 19:18, 19:20	The name on each drawn paper doll is shown as a bare cell (五島エリカ, 五島絵梨奈, 新村春花, 新村美冬, 古郡なつみ). Name order: STYLE given-name-first ("Erina Goto"), even for a name written on a doll? 19:20 "私だけ横書きだった" (only Natsumi wrote hers horizontally) cannot be seen in English.	Name order rule; a visual device	given name first as STYLE; translate 19:20 literally ("Mine was the only one written sideways"), no TN	med	open 		7	|	000009A0:11:98	
177	V173	000009A0:11:77-78	Haruka's scream "ひゃあああああああっ／ぷょ！" ends in a lone "ぷょ！" on the next line, the same device as Natsumi's "ぽ" (V118). Same English device?	Device consistency	long scream + a one-syllable pop on the second line, as V118	low	open 		7	|	000009A0:11:77	
178	V174	000009A0:11:247 vs 000009B7:11:0	The grandmother's "次は五島ちゃんだね。飛び切りのやつを頼むよ" ends one file and "次は五島ちゃんだ。飛び切りのやつを頼むよ" opens the next (ね dropped). Identical English, or carry the particle difference?	Cross-file replay; STYLE punctuation / particle rule	identical English (the particle difference does not change how it is spoken)	med	open 		7	|	000009A0:11:247	
179	V175	000009CF:11:31-35; 00000656:11:175	Haruka's childhood dream of a "女神さま" who tells her to help her best friend; the 00000656 phone speaker quotes "女神様の預言". Same figure? The English word must be one (GLOSSARY 女神様 / 女神さま).	Possible link; withheld	one English word for both ("the Goddess"); no link asserted	med	open 		7	|	00000656:11:175	
180	V176	000009CF:11:48	"なつみがあの時私のところに来てくれたのおかげで" = 来てくれたおかげで (stray の)	Read as intended	"thanks to you coming to me back then"	high	typo 		7	|	000009CF:11:48	
181	V177	0000095B:11:1	Chigaya calls Mifuyu 叔母さん (her real aunt by marriage): STYLE kinship gives "Auntie". Natsumi calls the same woman おばさん as a non-relative (V007, best guess also "Auntie"). If both become "Auntie", the relative / non-relative difference the JP marks by kanji and context disappears.	Two address forms, one English	Chigaya "Auntie"; settle V007 so Natsumi's form differs if the owner wants the difference kept	med	resolved	resolved_by=0000095B:00000967:40 | Chigaya 叔母さん = "Auntie"; Natsumi's おばさん = "Obasan" (O-57), so the two forms stay distinct 	8	|	0000095B:11:1	
182	V178	000008B9:29:10; 000008D0:46:120; 000008E8:8:90, 8:95	Natsumi at 6 calls Mifuyu "おばちゃん" and Eiichiro "おじちゃん" (child forms of おばさん / おじさん, non-relatives). STYLE non-relative rule: what an English-speaking child says ("Auntie" / "Uncle" for a family friend, or "Mrs. / Mr. Niimura")? Must stay distinct from the teen "おばさん" (V007) if that differs.	Address forms with age	"Auntie" / "Uncle" for the child forms (family friends), pending V007	low	open 		7	|	000008B9:29:10	
183	V179	000008B9:29:70, 29:73	久慈浩二, 畑中ここな: readings not given (くじ こうじ, はたなか ここな assumed).	Names	"Koji Kuji", "Kokona Hatanaka"	low	open 		7	|	000008B9:29:70	
184	V180	000008B9:29:76-77	『メガモール』 (a shopping mall) and 『プリガールショー』 (a girls' show; プリ as in "Pretty"): romanize as names, keep the single quotes?	Brand / show names	'Megamall', 'Pri-Girl Show'	low	open 		7	|	000008B9:29:76	
185	V181	000009E6:19:13	『モトキザクラ様』: a 元木町 legend (元木 + 桜 + 様), told in the next file. Romanize ("Motokizakura-sama") or translate ("the Lady of the Motoki Cherry")?	Title of a legend that the next file tells	romanize with -sama and one TN at first occurrence per file (case 1)	low	open 		7	|	000009E6:19:13	
186	V182	000009A0:11:111	山籠 (the one-year survival test for outside brides): reading やまごもり assumed; "mountain seclusion" or romanized "yamagomori"?	In-world term	"the mountain seclusion", no TN	low	resolved	resolved_by=000009A0:000009A0-000009AA.lns:431 | the ruby on 山籠 is さんろう, not やまごもり; English stays "the mountain seclusion", no TN (ruby is a reading aid, dropped in build) 	8	|	000009A0:11:111	
187	V183	000009FE:11:76, 27:1-2	The family's chant "タレサロ・コニラク・サハン・イウユ・キンケ" read backwards is "ケンキユウインハサクラニコロサレタ" = 研究員はサクラに殺された ("the researcher was killed by Sakura"). The text never remarks on it. A romanized chant ("Taresaro Konirak...") keeps the Japanese reversal; an English rendering loses it. Keep the kana-based romanization, or build an English reversible chant?	Hidden message; possibly a plot clue planted for re-readers	romanize the kana exactly, one TN? (no TN: the text does not remark on it)	low	owner 		7	|	000009FE:11:76	
188	V184	000009FE:39:0-16	The signboard rule "登った階段、決して降りるべからず。" is spread one character per cell over 17 cells (the climax), repeating 11:106. CELL-SPLIT WORDS: English over 17 cells, one word or a few letters per cell, same wording as 11:106's EN?	Cell parity; DECISIONS row	same EN as 11:106 split word by word, padding cells with single letters where needed	med	resolved	resolved_by=000009FE:line39.lns | cell-split wording fixed as above, same words as 00000A07:397 	8	|	000009FE:39:0	
189	V185	00000A18:11:72, 11:103, 11:164, 11:168, 11:185, 11:289, 11:295	詩林館 (building name, "poetry grove hall") and 死隣館 ("hall of the dead neighbour") are homophones (しりんかん); 11:168 names the pun and 11:295 explains 死隣館 ("隣人が隣人に死をもたらす"). English: romanize both "Shirinkan" and add a TN (case 4) at 11:164, or translate both names ("Poetry Grove Hall" / "Death Next Door Hall") and lose the sound?	The pun is the story's hook	romanize "Shirinkan" for both, TN at 11:164 naming the two meanings	low	open 		7	|	00000A18:11:72	
190	V186	00000A62:19:51, 19:55, 19:61	Erika's rite lines are Latin-script Portuguese in straight double quotes: "Bem-vindo, novo bruxa." / "Vamos, Destrua a bruxa morta." / "Return, novo bruxa." (masculine novo with feminine bruxa, a capital after a comma, English "Return"). Goto names the language (19:77); Erika glosses it (19:80). Keep byte-identical (errors included), no TN?	Source text already in Latin script; correcting it would change the source	keep byte-identical, straight quotes, no TN	med	open 		7	|	00000A62:19:51	
191	V187	00000A62:11:70 and later	サクラ (katakana given name of 幸太郎's wife) sounds like 桜 (cherry, the central motif); "サクラの呪い" (00000A94:11:150), the one cherry tree of 荒田, モトキザクラ様. English "Sakura" (romanized) keeps the name but an English reader may not link it to "cherry". TN (case 4 / case 6) at first occurrence, or nothing?	Motif link	"Sakura", no TN unless a later line turns on the sound	low	resolved	000010DD:11:367-368 (栄一郎: "桜がきれいな場所に行きたい。／サクラと同じ名の花に囲まれて。" turns on the sound; per this row's own best guess the TN falls there, not at the first occurrence)	8		00000A62:11:70	
192	V188	00000A94:11:35; 00000AAC:11:16	住民簿 entries shown as documents: rows joined by ⏎, U+3000 as column spacing, kanji numerals ("新村茅萱　祀耀七七九年　五月一八日生"; "祀耀七三五年　二月　一日　死亡　病死"). STYLE: digits for dates read off a document; U+3000 as layout is a kept device only where CORE A names it. Keep the U+3000 columns and the ⏎ rows, digits for dates ("Shiyo 779　May 18　born")?	Document layout; qa_check	digits, keep ⏎ rows and U+3000 separators	med	open 		7	|	00000A94:11:35	
193	V189	00000AAC:11:8	Goto's formula "祀耀785年－75歳=祀耀710年" uses full-width minus － (U+FF0D, not in the allowed set) and ASCII =. English: "Shiyo 785 − 75 = Shiyo 710" with − (U+2212, allowed)?	Character set	U+2212 minus, ASCII =, spaces around both	high	open 		7	|	00000AAC:11:8	
194	V190	00000AC4:11:17-11:67; 00000ADE:11:18-48	起承転結 (the four-part story structure) and its parts 『起』『承』『転』『結』 are quoted as words and argued over at length; 00000ADE:11:47 adds 序破急 and 序論本論結論. English: romanize (kishotenketsu, ki / sho / ten / ketsu) with one TN, or translate the parts (setup / development / twist / conclusion) with the whole term romanized once? The dialogue defines each part itself (00000AC4:11:20, 11:56).	Terms carry a long reasoning scene; one fixed EN each	translate the four parts as fixed words in single quotes ('Setup', 'Development', 'Twist', 'Conclusion'); romanize 起承転結 once with a TN (case 1); 序破急 romanized + TN	low	open 		7	|	00000AC4:11:17	
195	V191	00000ADE:11:83-97, 11:161-164	Natsumi parses 幸太郎's "た、確かに死んでいる……": 確かに is usually followed by a "but"; 死んでいる (state) is said with a body present or just after death, versus 死んだ (event). English must keep both points: "She's dead. Y-yes, she's definitely dead..." and 『She died』 vs 『is dead』; the replay at 11:161-164 identical.	The reasoning only works if the English grammar carries it	"definitely" + "is dead" / "died", quoted words kept in single quotes	med	open 		7	|	00000ADE:11:83	
196	V192	00000A62:11:2; 00000AF7:11:1	"明日、祀耀800年の四月八日は満月です。今日もそれに劣らぬ明るさですね" has no speaker cue (です・ます; Goto by register, or another). The second printing adds 、 ("劣らぬ、明るさ"). Speaker? Identical EN in both.	Speaker attribution	Goto (inferred); identical EN	low	open 		7	|	00000A62:11:2	
197	V193	00000B27:11:148; 00000B3F:11:3	城崎 reading: しろさき / きのさき / しろざき / じょうざき? Surname of a 荒田 villager, 城崎家.	Name	"Shirosaki"	low	open 		7	|	00000B27:11:148	
198	V194	00000B27:11:116	知花 (in "知花の仇……！", shouted by an attacker): reading (ちか / ちはな / ともか) and who (a 荒田 person avenged; not identified).	Name; identity withheld	"Chika" (reading guess), no gloss	low	resolved	resolved_by=00000B27:00000B27-00000B3D.lns:327 | reading settled by the in-file ruby ちばな = "Chibana"; who it is stays withheld 	8	|	00000B27:11:116	
199	V195	00000AAC:11:16	新村桔梗 reading ききょう assumed (the bellflower; other 荒田 women carry plant names: 茅萱, サクラ, エリカ). Romanize "Kikyo" only?	Name	"Kikyo Niimura", no gloss	med	open 		7	|	00000AAC:11:16	
200	V196	00000B3F:11:0	Narration switches from Natsumi (00000B27) to Haruka at the file start with no marker ("なつみは、布団に寝かせた"; "私のお母さん"). Confirm the narrator is Haruka for the whole file.	Voice and pronouns in EN	Haruka throughout	high	resolved	resolved_by=00000B3F:00000B3F-00000B55.lns:33 | narrator Haruka throughout (私のお母さん = "my mom", Mifuyu = "Mom" in narration) 	8	|	00000B3F:11:0	
201	V197	00000A30:11:1-180, 11:15; 0000095B onward	Natsumi calls Haruka's grandmother (not her relative) おばあさん in address ("おばあさん！　勝者なしってどういうことですか？" 11:15) and in narration, until switching to エリカちゃん (11:190, narration from 11:219). STYLE non-relative rule: what does English say? Address "ma'am", narration "the grandmother" / "Haruka's grandmother"?	Kinship rule; the later name switch is an event	address "ma'am"; narration "Haruka's grandmother" / "the grandmother"	med	resolved	resolved_by=00000A30:00000A30-00000A39.lns:35 | settled by the part-8 lock おばあさん (non-relative) = "Obaasan"; narration switches to "Erika-chan" at 667 as the JP does 	8	|	0000095B	
202	V198	00000A7C:11:123; 00000B3F:11:21	"おっちゃん！　ばあちゃんとお母さんは！？": speaker inferred Haruka (7), addressee inferred 幸太郎 (her uncle): kinship rule for her own relative → "Uncle"? And 00000B3F:11:21 "人のいいおっちゃん" for 城崎 (non-relative, 3p) → "a nice old guy"?	Speaker and kinship rendering	"Uncle!" (00000A7C); "a good-natured old guy" (00000B3F)	med	open 		7	|	00000A7C:11:123	
203	V199	00000AF7:11:22-23	夏菜: "くノ一、くノ一！　あーれー！　おやめになってー！": くノ一 (a female ninja) and the stock period-drama maiden's cry. English: "Kunoichi" + TN (case 1), or "Lady ninja!"; the cry as a stock English damsel line ("Oh no, unhand me, sir!")?	Joke must survive	"Lady ninja, lady ninja! Ah, no, please, unhand me!"	low	open 		7	|	00000AF7:11:22	
204	V200	00000AC4:19:18	「　くそ……！」 opens with U+3000 inside the quote on a fresh turn (not a continued cell). Layout device or stray?	CORE A device list; qa_check	stray; drop	low	open 		7	|	00000AC4:19:18	
205	V201	00000A18:11:96	"変な人はいるんだなあとと思い" = なあと思い (doubled と)	Read as intended	"thinking there really are strange people in Tokyo"	high	typo 		7	|	00000A18:11:96	
206	V202	00000A30:11:125	"みんなを問い詰めたたって" = 問い詰めたって	Read as intended	"even if I questioned everyone"	high	typo 		7	|	00000A30:11:125	
207	V203	00000A7C:11:53	"夏菜をは優しい目で見つめている" = 夏菜を (stray は)	Read as intended	"watching 夏菜 tenderly"	high	typo 		7	|	00000A7C:11:53	
208	V204	00000A7C:11:68	"赤ちゃんの抱っこの仕方が知らなかった" = 仕方を知らなかった	Read as intended	"I didn't know how to hold a baby"	high	typo 		7	|	00000A7C:11:68	
209	V205	00000A94:11:100	"私にもよく分かるわ。……。" = stray "……。" after 。	Read as intended	one full stop (or "...")	med	typo 		7	|	00000A94:11:100	
210	V206	00000A94:11:187	"10年以上の前の分" = 10年以上前の分 (stray の)	Read as intended	"the entries from more than ten years ago"	high	typo 		7	|	00000A94:11:187	
211	V207	00000AC4:11:85	"考えてもらいんだ" = 考えてもらいたいんだ	Read as intended	"I want you to think it through"	high	typo 		7	|	00000AC4:11:85	
212	V208	00000AF7:11:125	"みんな明後日には帰っちゃんだよね" = 帰っちゃうんだよね	Read as intended	"you're all going home the day after tomorrow, right?"	high	typo 		7	|	00000AF7:11:125	
213	V209	00000AF7:11:134	"チガ姉みたいに美人じゃなし" = 美人じゃないし	Read as intended	"I'm not pretty like Chiga-nee"	high	typo 		7	|	00000AF7:11:134	
214	V210	00000AF7:11:148	"妄想にふけていた" = ふけっていた	Read as intended	"lost in daydreams"	high	typo 		7	|	00000AF7:11:148	
215	V211	00000B27:11:113	"鉈やドンキで" = 鈍器 written in katakana (misconversion, or the word as heard)	Read as intended	"hatchets and blunt weapons"	med	typo 		7	|	00000B27:11:113	
216	V212	00000B3F:11:28	"私たちが『犯人』と呼んでいたのやつは" = 呼んでいたやつは (stray の)	Read as intended	"the one we've been calling 'the culprit'"	high	typo 		7	|	00000B3F:11:28	
217	V213	00000B0F:11:76	The slogan appears as "1人はみんなのために、みんな1人のために。" (は missing in the second half; elsewhere "みんなは1人のために", 00000A30:11:103, 00000A7C:11:131). Slip; use the refrain's fixed EN?	Refrain identity (GLOSSARY row)	slip; the fixed refrain EN	med	typo 		7	|	00000B0F:11:76	
218	V214	00000A48:11:3-4; 00000ADE:11:135	In 荒田 魔女 is an office ("集落の神官みたいなもの"; Chigaya becomes one at the 継承の儀), the same word as Haruka's curse-witch, Mifuyu's "魔女" accusation and the attackers' "呪いを持ち込む魔女". Keep GLOSSARY "witch" everywhere so the links survive?	Motif consistency	yes, "witch" everywhere	med	open 		7	|	00000A48:11:3	
219	V215	00000A18:11:69-70, 11:77, 11:262-263	Chigaya lives in 205; on moving day she knocks at 204 (206 is empty); in the loop she knocks at 206, "the end room", and her other self answers. The room numbers do not line up with a simple loop. Keep as written?	Consistency; no fix by the translator	keep as written	med	open 		7	|	00000A18:11:69	
220	V216	00000A94:11:40-43; 00000656:11:186	呪殺 is defined as 荒田 slang (隠語) for murder by another (他殺), while the word itself means "death by curse" and the villagers half believe it; also the volume title 呪殺編 (V029). GLOSSARY 呪殺 = TBD "curse-killing". One English word that works as both the slang and the literal sense?	Key term across files and a title	"curse-killing" everywhere, no TN (11:42 explains it)	med	open 		7	|	00000656:11:186	
221	V217	00000A48:26:0-58 vs 32:0-21 vs 38:0-6	Route variants: blocks 26 and 32 share many lines with small differences (26:44 bath / 32:16 kitchen; 26:58 one cell / 32:19-20 two cells for "よし、行くぞ！すでに儀式は始まってるんだ！"); block 38 replays 11:27-34 with 11:30-31 merged into 38:3. Identical EN for shared lines, split to each variant's cells?	Variant consistency	identical EN, re-split per cell	high	resolved	resolved_by=00000A48:26/32/38 | shared lines given identical EN; 32's two-cell "Alright, let's go! " / "　The rite's already started!" re-split; 38:3 merged cell = "Nnyaah... Don't wanna..." 	8	|	00000A48:26:0	
222	V218	00000B57:11:113	In Mifuyu's account (unquoted first person) she "reported to お母さん" that four would attend from 元木町; everywhere else in the same account she calls her mother-in-law お義母さん (11:57, 11:66). Who is お母さん here: the grandmother (a slip or a variant form), or does the line shift to Haruka's voice?	Kinship word and narrator; KINSHIP TERMS IN NARRATION	the grandmother, rendered as in the rest of the account ("my mother-in-law")	low	open 		7	|	00000B57:11:113	
223	V219	00000B57:11:89	"荒田へ行かななければならない" = 行かなければ (doubled な)	Read as intended	"must go to Arata too"	high	typo 		7	|	00000B57:11:89	
224	V220	00000B57:11:119	"何としかして" = 何とかして	Read as intended	"Isn't there some way..."	high	typo 		7	|	00000B57:11:119	
225	V221	00000B87:11:51	"幸太郎さんとしかいない" = 幸太郎さんしかいない (stray と)	Read as intended	"it could only have been 幸太郎"	high	typo 		7	|	00000B87:11:51	
226	V222	00000B6F:11:68	"推理に重ねるのだ" = 推理を重ねる (particle slip)	Read as intended	"keep building the reasoning"	med	typo 		7	|	00000B6F:11:68	
227	V223	00000C38:11:88	"もし他にやつに知られたら" = 他のやつに	Read as intended	"if anyone else found out"	high	typo 		7	|	00000C38:11:88	
228	V224	00000B9F:11:317; 00000BB7:15:33, 15:41	神使 (しんし, a god's messenger; in Shinto often an animal) is 幸太郎's word for Natsumi beside 魔女, and the woman's word for what Goto qualifies as ("神使の資格"). One fixed EN: "divine messenger", "messenger of the gods", or romanized "shinshi" + TN case 1?	Key term; recurs across routes; must not be glossed beyond what the text says	"divine messenger", no TN	low	open 		7	|	00000B9F:11:317	
229	V225	00000BD6:11:15-22, 11:51; 00000C21:11:85	"Que droga" is printed in Latin script (11:15 with a full-width ！); Haruka echoes it in katakana "ク・ドローガ" (11:16) as a word she cannot parse; Goto glosses it as Portuguese "なんてこったい" and says ドローガ means drugs. English: keep "Que droga" as printed, and render Haruka's echo as a mangled "Ke Droga?"; Goto's gloss translated plainly. ！ after Latin text -> ASCII !.	Latin-script device (CORE A family), link to ドローガ	keep "Que droga!"; echo "Ke-droga? What's that?"; no TN (Goto explains it)	med	open 		7	|	00000BD6:11:15	
230	V226	00000BD6:11:22	Goto: "英語のDragとよく似てるぜ" writes the English word as "Drag" (drug = "Drug"). Author's slip, or Goto's deliberate or accidental error (she is the genius girl; nobody remarks on it)? English: "Drug", or keep "Drag"?	A Latin-script word in the source; owner call	read as intended: "drug"	med	owner 		7	|	00000BD6:11:22	
231	V227	00000BD6:11:0-22; 00000C50:11:106-107	Goto's mock-retainer register: 小生 (a man's humble "I", remarked on by Haruka 11:19 "小生ってのは男が使う言葉だ"), 古郡様 / 新村様, 貴女, 御尊母様 / 御尊父様 ("your honoured mother/father"), 五臓六腑, 日の本, 御一統様, then a mock-rough だぜ register (新村氏). Later 良治 repeats "ごそんぷさま……？" not understanding. English: 小生 -> "this humble one"/"yours truly" + TN case 3 (the text treats it as an event)? 御尊父様 -> a word 良治 can plausibly fail to parse ("your esteemed sire")? -様 on names stays "-sama" (V082 family).	Pronoun event; echo must fail in EN too	小生 "this humble servant" with TN "[TN: 小生, a man's humble 'I']"; 御尊父様 "your most esteemed sire", 良治 "Esteemed... sire?"	low	open 		7	|	00000BD6:11:0	
232	V228	00000BD6:11:46	"と゛い゛う゛わ゛け゛で゛、本゛当゛に゛す゛み゛ま゛せ゛ん゛で゛し゛た゛……！": a voiced mark ゛ (U+309B) on every kana = a choked, blubbering voice. ゛ is CP932 (0x814A) but not in the allowed English set. English device: plain words with a blubbering spelling ("Sho, I'm weawwy sowwy") is banned eye-dialect? Or a stage cue?	Visual device; STYLE bans eye-dialect for dialect, silent on crying voice	plain apology with sobbing punctuation ("And so... I'm... truly... sorry...!"), no ゛ glyphs	low	open 		7	|	00000BD6:11:46	
233	V229	00000C08:11:64	The film title "Fascination" is in ASCII straight double quotes inside a spoken 「」 line. QUOTE WRAPPERS maps source straight quotes to curly (unspoken text), but this is a title in speech. Keep straight ASCII, curly, or single quotes like 『』?	Quote-wrapper rule gap	curly “Fascination” (mirrors the source's straight-quote marking)	low	open 		7	|	00000C08:11:64	
234	V230	00000B9F:11:187-192	Natsumi is taken from Chigaya's grip in an instant ("何かが通り抜けた気がした"); "よし、よくやってくれた" has no speaker cue (幸太郎 by context) and the taker is never seen. Keep the agent unstated and the thanks unattributed?	Withheld actor	keep "something" / no subject; the thanks as a bare line	med	open 		7	|	00000B9F:11:187	
235	V231	00000C81:15:0-15:1	A title card: a cell of two U+3000 then "ここまでのあらすじ" ("the story so far"), in a mid-route file that opens as a mock recap. Keep the blank-space cell as layout (CORE A device list is silent on title cards)?	Layout device	keep the U+3000 cell; title "The Story So Far"	low	resolved	resolved_by=00000C81:00000C81-line15.lns:15-18 | shipped the pack's best guess (U+3000 cell kept, "The Story So Far"); orchestrator to confirm 	8	|	00000C81:15:0	
236	V232	00000BB7:11:119-122	夏菜's last word "だ／い／す／き" (大好き) one mora per cell, completed. CELL-SPLIT WORDS: English over four cells, chosen for the count ("I / lo / ve / you"? "Lo / ve / you / ..."?). Goto answers "夏菜ちゃんが大好きだよ" (11:146), which should echo it.	Cell parity; DECISIONS row required	"I... / love... / you... / so much..." or "Lo / ve / you / ...", owner taste	low	open 		7	|	00000BB7:11:119	
237	V233	00000BB7:15:21-22	狂い咲き is defined by the narration as a 冬の季語 (a winter season word in haiku) for cherries blooming in mild late autumn. The text explains itself; English keeps the explanation ("a season word for winter") with no TN?	TN scope	no TN; "out-of-season blooming", "a winter season word in haiku"	med	open 		7	|	00000BB7:15:21	
238	V234	00000B6F:11:126	『未必の故意』 (criminal-law term: acting while accepting that harm may follow; dolus eventualis). English: "willful negligence", "reckless intent", "conscious disregard"?	Legal term quoted as a word	"reckless intent"	low	resolved	P9PRER 2026-10-02: drafter choice stands (rv-log-P9PRER.md)	8		00000B6F:11:126	
239	V235	00000B57:15:0; 00000B87:15:0, 23:0; 00000C08:15:0; 00000BD6:15:0	Lines by a present speaker set as bare cells without 「」 in their own block (Chigaya "殺人の訓練をさせられていたの", 夏菜 "鉈とメイスだよ。", "　　　絶対に殺す。", Goto "どうしてチガ姉はそこまで詳しいんですか？", the wind voice "　夏菜についていきなさい"), a dramatic device; cf. V060 (open). Same treatment: bare, no quotes, indent kept?	Quote-wrapper and layout device	bare, no quotes, leading U+3000 kept	med	open 		7	|	00000B57:15:0	
240	V236	00000C81:19:46	"五島、別に負けたっていいじゃん。　そこそこにして帰ってきなよ……": a U+3000 after 。 inside one spoken cell. Stray or a pause?	CP932 layout rule	stray; drop	low	resolved	resolved_by=00000C81:00000C81-line19.lns:185 | ASCII space after the period; no U+3000 	8	|	00000C81:19:46	
241	V237	00000CB3:11:10	"あら？ 美冬たちは……？": half-width space after ？ (V127 family)	Stray layout	drop	low	open 		7	|	00000CB3:11:10	
242	V238	00000B9F:11:228	"「夏菜……！　" ends in a U+3000 before the cell break (the next cell 11:229 has no indent). Stray?	Stray layout	drop	low	open 		7	|	00000B9F:11:228	
243	V239	00000B57-00000BB7 vs 00000BD6-00000C81	Two routes of the same visit: in 00000B57 the parents were to hide at the 荒田駅 shed (and did, 00000B3F); in 00000C21 the plan was cancelled because the girls' late train was the last one (Goto late, 00000BD6); 夏菜 is met at the Niimura house in 0000095B but at 豊岳駅 in 00000BD6. No marker names the branch. Notes only; do translators need a route map?	Route consistency; identical lines across variants	treat as separate routes; shared lines get identical EN	med	open 		7	|	00000B57	
244	V240	00000B6F:11:173-177	Goto's imagined dialogue between 幸太郎 and サクラ is set in ordinary 「」 like real speech. Straight quotes as spoken (QUOTE WRAPPERS), with nothing marking it as imagined beyond 11:172 "例えば…このような会話があったとすれば"?	Quote wrapper for hypothetical speech	straight quotes, as the JP	high	resolved	P9PRER 2026-10-02: drafter choice stands (rv-log-P9PRER.md)	8		00000B6F:11:173	
245	V241	00000CCA:15:0	七海町2丁目区画 (caption): 七海町 reading (ななみちょう / ななみまち?), cf. 七海荘 (V108); 2丁目 and 区画 as an address ("Nanami-cho 2-chome, block" / "Block 2, Nanami Town")?	Place name; address format	"Nanami Town, 2-chome block"	low	open 		7	|	00000CCA:15:0	
246	V242	00000CE3:11:68-74	良治 and 近藤 address each other by surname + 課長 (section chief): "近藤課長", "古郡課長". STYLE keeps suffixes after titles used as names (先輩, 先生, 部長) but says nothing about rank titles after a surname. "Section Chief Kondo" / "Chief Kogori", or "Kondo-kacho"?	Recurring address form for company titles	"Section Chief Kondo", "Section Chief Kogori"	low	resolved	P9PRER 2026-10-02: drafter choice stands (rv-log-P9PRER.md)	8		00000CE3:11:68	
247	V243	00000CE3:11:160	"バッテリーが急に古くなるんてことあり得ないですし" = 古くなるなんてこと	Read as intended	"a battery can't suddenly get old"	high	typo 		7	|	00000CE3:11:160	
248	V244	00000CE3:11:153-185	A Haruka/Goto exchange (Goto weighs the phone, 160 g, "盗聴器ですね") sits in ordinary 「」 inside 良治's narration with no scene marker; 11:186 repeats 11:147 and returns to his plan. Is it his imagined scenario (V240 family) or a real later scene shown out of order? Quote wrapper and tense of the frame depend on it.	Quote wrapper; the reader must not take it as a scene 良治 witnessed	imagined; straight quotes as the JP, no marker added	med	resolved	P9PRER 2026-10-02: drafter choice stands (rv-log-P9PRER.md)	8		00000CE3:11:153	
249	V245	00000D11:11:47	"私はナイフに抑えたまま" = ナイフを押さえたまま (particle slip)	Read as intended	"holding the knife in place"	med	typo 		7	|	00000D11:11:47	
250	V246	00000D29:19:34	"早くしないと……!" ends in a half-width ASCII "!" (V154 family)	Read as intended	"If you don't hurry...!"	high	typo 		7	|	00000D29:19:34	
251	V247	00000D29:19:58	城崎's turn "呪殺の犯人候補を殺すか、自分がやられるか……" has no closing 」; the next cell opens Natsumi's 「	Read as intended	close the quote	high	typo 		7	|	00000D29:19:58	
252	V248	00000D29:19:113	城崎 cheers Natsumi (not a relative) "あいよ、お姉ちゃん！　頼りにしてるよ！". STYLE non-relative rule covers お姉さん ("miss"); お姉ちゃん to an unrelated girl is not listed, and CORE C3 forbids merging お姉さん and お姉ちゃん. English?	Non-relative kinship word; the お姉ちゃん row is "Sis" for own sisters only	"Okay, missy! I'm counting on you!"	low	open 		7	|	00000D29:19:113	
253	V249	00000D41:11:25	Natsumi's narration writes Mifuyu as "叔母さん" (the relative's kanji, as Chigaya and 夏菜 use it); everywhere else Natsumi writes おばさん (11:49, 11:52). Slip, or a meaning?	Natsumi is not Mifuyu's niece; the V007 rendering applies to her おばさん	same English as Natsumi's おばさん (V007)	med	open 		7	|	00000D41:11:25	
254	V250	00000D41:11:187-189	Chigaya is absent (at the rite), yet her line "ん……それに、お父さんを四月に、集会所でみんなで監視したことがあったの。…" appears in 「」 right after Goto's "山小屋の中で、チガ姉が言ってましたよね？": a replay of the hut conversation. The original cell was not seen in chunk 09 notes; if it exists, reuse its English byte for byte (CORE B2).	Replay identity	treat as a replay; reuse the source line's EN	med	open 		7	|	00000D41:11:187	
255	V251	00000D71:11:52	"800年も誰もここに気づかないなんてないだろうし": "800年" as a length of time (800 years), in the year 祀耀800. The settlement's age is not stated elsewhere in these notes (500 years for ドローガ, 00000C21). Keep "800 years"?	Number that could be misread as the era year	"for 800 years"	low	resolved	resolved_by=00000D71:00000D71-00000D7D.lns:212 | "800年" taken as a duration: "for 800 years" as the pack proposed 	8	|	00000D71:11:52	
256	V252	00000D89:11:25	Narration glosses a loanword in full-width parentheses: "グレーチング（排水溝用の金網）". CORE A allows full-width parentheses only for listed devices. English: "a grating (a drain grid)" with ASCII parentheses, or fold the gloss into the sentence?	CP932 allowed-set rule; the gloss exists because the katakana word is obscure in JP	"a grating (a metal drain grid)", ASCII parentheses	low	resolved	resolved_by=00000D89:00000D89-00000D95.lns:157 | ASCII parentheses, gloss kept: "(a metal drain grid)" 	8	|	00000D89:11:25	
257	V253	00000DA1:11:77	"自分の力を抑えることができずに大けが負ってしまった" = 大けがを負って (dropped を)	Read as intended	"got badly hurt"	high	typo 		7	|	00000DA1:11:77	
258	V254	00000DA1:11:142-144	Three reaction cells "…………？", "…………？？", "…………？？？": the ？ count grows by one each time (a graduated device). STYLE ELLIPSIS + MARK keeps the … count; doubled ！！ is preserved, but ？？ / ？？？ are not listed. Keep "??" and "???"?	Device across three cells	"............?", "............??", "............???"	med	open 		7	|	00000DA1:11:142	
259	V255	00000DB9:11:36	"まだ子供だったってものあるし" = ってのもあるし	Read as intended	"partly because they were still kids"	high	typo 		7	|	00000DB9:11:36	
260	V256	00000DD1:11:39-40	"…………／ぷぽ！": a lone burst of laughter at Goto in the 般若 mask, no speaker cue (Haruka laughs next, 11:43; Natsumi narrates). Same device as the lone "ぽ" / "ぷょ" (V118, V173). Speaker, and English sound?	Speaker assignment; SFX rule	Haruka; a snort-laugh sound, "Pfft!" family	low	resolved	resolved_by=00000DD1:00000DDD.lns:176-178 | speaker = Natsumi by text color (STYLE ID 2); rendered "Pfft!" 	8	|	00000DD1:11:39	
261	V257	00000DD1:11:152-162	Goto replays her own question and Chigaya's answers from the hut (00000C08:15:0 "どうしてチガ姉はそこまで詳しいんですか？" was a bare cell there, 00000C08:19:11-12 "ん……ごめん、事件当初から聞いていたっていうのは嘘"). Here in 「」, with 11:159-160 lines not in the chunk-09 notes. Identical English for the matching lines (CORE B2), different wrapper?	Replay identity	reuse the 00000C08 English; wrapper as each file prints it	med	resolved	resolved_by=00000DD1:00000DDD.lns:480-506 | 00000C08 English reused verbatim for every matching cell; wrapper as this file prints it 	8	|	00000DD1:11:152	
262	V258	00000DE9:11:43, 11:167, 11:172	The 法要 lines are Latin-script Portuguese in straight double quotes with non-Portuguese inside: "Todo mundo vai Shibaro o Grim Reaper." (Shibaro = Japanese 縛ろう romanized; "Grim Reaper" English), "A morte foi amarrado" (gender slip), "esta", "Vamos la" without accents. V186 family: keep byte-identical, errors included, no TN?	Source text already in the target script	keep as printed, no TN (as V186)	med	open 		7	|	00000DE9:11:43	
263	V259	00000DE9:11:140-152, 11:199-200	ファルシフィカソ (the flask liquid; 城崎, Chigaya) is a katakana Portuguese word; Goto spells it "falsificacao" (ASCII, no ç/ã) and glosses 『偽物』. English for the katakana word: romanize as heard ("falsificaso"), or use Goto's spelling everywhere? Her gloss line must still read as a gloss.	Term recurs; the Latin spelling is a reveal Goto makes	katakana -> "falsificaso"; Goto's spelled line keeps "falsificacao"	low	open 		7	|	00000DE9:11:140	
264	V260	00000DE9:11:231, 11:236	The blood-written note "スグニゲロ" is katakana (telegram / alarm style), read out by Natsumi's narration as 『すぐ逃げろ』 (11:232). English: capitals ("RUN NOW"), or plain? The narration's gloss line then needs a form that differs from the note.	Visual device; STYLE silent on katakana-for-alarm	note "RUN NOW"; 11:232 'Run away now'	low	resolved	resolved_by=00000DE9:00000DF5.lns:894 | CORE A Q197 row applied: "RUNNOW" 	8	|	00000DE9:11:231	
265	V261	00000DE9:11:188, 11:219	Trailing half-width space after 。 / 」 at cell end (V127 family)	Stray layout	drop	low	resolved	resolved_by=00000DE9:00000DF5.lns:736,851 | stray trailing spaces dropped 	8	|	00000DE9:11:188	
266	V262	00000DD1:11:68-98, 11:161; 00000DE9:11:0, 11:17, 11:174	The hall where 幸太郎 was watched is 集会所 in one file and 集会場 in the next (and 集会場 in the GLOSSARY from 00000AAC). Same building, one English?	Term consistency	one English, "the meeting hall"	high	open 		7	|	00000DD1:11:68	
267	V263	00000E01:11:124	夏菜 answers Chigaya "あいよ、お姉ちゃん！", byte-identical with the line V248 records as 城崎's cheer to Natsumi (00000D29:19:113). Recheck that attribution; either way the two lines get identical English.	Speaker attribution; identical JP = identical EN	"You got it, Sis!" in both; recheck the 00000D29 speaker	low	open 		7	|	00000E01:11:124	
268	V264	00000E01:15:0-19:2; 00000E19:11:0	A bare cell "おいで" in its own block, then Natsumi hears a voice on the wind and guesses "春花のお父さんが、呼んでいる……？"; the next file opens "桜の声に背く――それは選択肢としてあり得るものではなかった", as if a choice was offered. No speaker cue: keep bare (V235 family) and do not name the voice.	Speaker withheld; possible choice point	"Come here." bare, unattributed	med	open 		7	|	00000E01:15:0	
269	V265	00000E19:11:77	幸太郎's low laugh "くっふふふ……。" is the laugh the text gives Mifuyu (000008D0:33:6; 00000CFA:11:244). One English for both speakers?	Identical laugh across speakers may be deliberate	same rendering (GLOSSARY くっふふふ)	med	open 		7	|	00000E19:11:77	
270	V266	00000E19:11:140	"目の間に幸太郎さんが瞬間移動した" = 目の前に	Read as intended	"幸太郎 was suddenly right in front of my eyes"	high	typo 		7	|	00000E19:11:140	
271	V267	00000E19:11:183, 11:200; 00000E31:11:44-65; 00000E49:11:133-136; 00000E61:11:33	The sister payoff: Natsumi says お姉さん of Haruka (reference; 00000E49:11:136 also as a teasing address that Haruka has just forbidden) and wants to call her 『お姉ちゃん』 just once (00000E31:11:54-60, 11:65). STYLE: the two words are never merged; the GLOSSARY お姉さん row names Goto's sister only. Which English pair?	STYLE requires distinct English; the payoff scene	お姉さん = "big sister" (reference and the teasing address), お姉ちゃん = "Sis" (GLOSSARY)	med	open 		7	|	00000E19:11:183	
272	V268	00000E49:11:30-117; 00000E61 (whole)	Unmarked narrator switches: Haruka narrates her account inside Natsumi's file 00000E49 from 11:30 (cue only "うん、あの時さ……" 11:29; dialogue again at 11:118, Natsumi's narration from 11:121), and the whole of 00000E61 (V196, V130 family).	Narrator voice	Haruka in both spans	high	open 		7	|	00000E49:11:30	
273	V269	00000E7B:11:56-63, 48:232, 82:119	桃子's narration quotes English words in ASCII double quotes: "helpless" (11:56, 11:59, 11:84, 48:232, 82:119), "A little baby is helpless." (11:57), "more helpless" (11:61), and glosses them in JP ("赤ちゃんは1人で生きられない、という意味です" 11:58; 『非力』 82:121). In English the foreign-word effect and the gloss both collapse. Keep the English words verbatim; wrapper straight, curly or none; and how to render the JP gloss cell (11:58) and "確か英語では…という1単語で表される概念です" (11:56)?	QUOTE WRAPPERS maps source straight quotes to curly only for unspoken text; this is a mention of a word; CORE A Latin-script cases may govern	keep the words, curly quotes; 11:56 "In English, I believe, it's the single word "helpless.""; 11:58 translated plainly ("It means a baby can't live on its own."); no TN	low	resolved	resolved_by=00000E7B:00000E7B-00000E87.lns:11:56-61,84 | settled by rulings-P12: English words kept in straight ASCII double quotes; 11:58 gloss translated plainly ("It means that a baby cannot live on its own."); one TN at 11:56 per CORE A 	8	|	00000E7B:11:56	
274	V270	00000E7B:82:0-296 (e.g. 82:0, 82:12, 82:19-20, 82:46-47, 82:120, 82:130, 82:284)	Block 82 writes the dash as "──" (U+2500 box-drawing, CP932 0x849F) where every other block uses ―― (U+2015). Same dash (render ―) or a device?	Dash rule counts ―― only; qa_check dash parity	same dash: ― (U+2015), one mark at the JP position	med	resolved	resolved_by=00000E7B:00000FF5 (all ── cells) | ── (U+2500) printed as ― (U+2015) at the JP position, per rulings-P12; dash counts match line for line 	8	|	00000E7B:82:0	
275	V271	00000E7B:104:0-9	「殺したい」 repeated in cells that shrink (14, 7, 4, 2, 2 repetitions, then 「殺し」, 「殺」), then three bare cells 殺. English device for the truncation ("I want to kill" repeated, then "I want to ki", "I—", then "Kill" / "K")? CELL-SPLIT / SYLLABLE-SPLIT rules do not cover a shrinking repetition.	Visual device; the English must shrink the same way	repeat "Kill" per 殺したい (one word keeps the lengths comparable), then "Ki" for 「殺し」, "K" for 「殺」, and bare "Kill" x3	low	open 		7	|	00000E7B:104:0	
276	V272	00000E7B:60:106, 60:108, 60:117, 104:18; 00000E95:11:31	Three eye words: 緑の目 / 緑目 (サクラ, 桃子: the 掟's "green-eyed child"), 翠眼 (the villagers' shout "この女、翠眼だ！"), オッドアイ (odd eyes, GLOSSARY). Separate English for 翠眼 ("jade-eyed") or the same "green-eyed"?	Term consistency; the villagers' word may be the 掟's own term	緑目 = "green-eyed"; 翠眼 = "green-eyed" too (the shout names the same sign) unless a later file uses 翠眼 as a term	low	open 		7	|	00000E7B:60:106	
277	V273	00000E7B:82:163-168	桃子 recalls "岡山県…津山三十人殺しっていう事件" (a real 1938 mass killing; the killer shot himself) to decide her own end. Name only ("the Tsuyama massacre"), a TN (case 6: her reasoning turns on it), or both?	TN policy; the parallel (30 killed, gun, suicide) is spelled out in the next cells	"the Tsuyama massacre" plus no TN: 82:166-168 already give the parallel	low	open 		7	|	00000E7B:82:163	
278	V274	00000E7B:180:36, 180:38	"あの格好は、死神の装。" and "何よ、死神の装って！": 装 alone where 装束 is usual (赤装束 180:22, 180:90). Dropped 束 (typo) or a deliberate term? Repeated in 桃子's echo, so possibly intended.	Term; GLOSSARY row 死神の装 is TBD	intended term; "the 死神 garb" (the 死神 word per V014)	low	open 		7	|	00000E7B:180:36	
279	V275	00000E7B:11:9	"大の字倒れていて" = 大の字に倒れていて (dropped に)	Read as intended	"lying spread-eagled"	high	typo 		7	|	00000E7B:11:9	
280	V276	00000E7B:34:272	"おばあちゃんは亡くなっし" = 亡くなったし (dropped た)	Read as intended	"Grandma passed away"	high	typo 		7	|	00000E7B:34:272	
281	V277	00000E7B:54:116	"でも、そこ15分以上留まると" = そこに (dropped に)	Read as intended	"if I stay there more than 15 minutes"	high	typo 		7	|	00000E7B:54:116	
282	V278	00000E7B:60:80	"そのちょうど時期" = ちょうどその時期 (word order slip)	Read as intended	"right at that time"	med	typo 		7	|	00000E7B:60:80	
283	V279	00000E7B:34:102	"腹を減らせた熊" = 腹を減らした熊	Read as intended	"a hungry bear just out of hibernation"	med	typo 		7	|	00000E7B:34:102	
284	V280	00000E7B:34:29-30, 34:57	"初めましてお客さん。…珍しいこともあるもんだな！" has no speaker cue (幸太郎 or 城崎; both stand at the gate). "ああごめんよ藤野さん" (34:57): the buggy exhaust hits her after 幸太郎 and サクラ have left, so 城崎 by inference. Confirm.	Speaker assignment; voice of each	34:29-30 幸太郎 (host of the house; 城崎 is introduced next as "もう1人の男性"); 34:57 城崎	low	open 		7	|	00000E7B:34:29	
285	V281	00000E7B:215:0-227:20	The last blocks replay earlier lines (Goto telling Haruka the 中央公園 body was flayed and is "古郡先輩のお父さん"; Goto's resolve and Haruka's "手伝うよ！"; Goto's run with a punctured bike and "私、こんなところで死ぬの……？"; board posts dated 祀耀800 April 8 23:50 / April 9 0:05). Source files not checked in this pass (earlier chunks not reopened). The comparison step should find the originals; byte-identical cells reuse their English.	CORE B2 replay rule	reuse the original English wherever byte-identical	med	resolved	resolved_by=00000E7B:line219:19-35, line223:14, line227:21-87 | replayed cells pasted from the shipped English: 000001E3-line16:23/30/36 (219:19, 22, 28; the source ruby on 剥 is absent here so no tag), 000001E7-000003EC:350 (219:35), 000001E7-line15:14 (223:14), 0000020B-000002D4:262/268/271 (227:21, 27, 30), 0000020B-0000031C:26-34 (227:34 joins the two shipped cells into the one JP cell; 227:37-39), 0000020D-000002E3:292-366 (227:47-81), 0000020D-000002E3:387 (227:88 board body). 215:18 has no earlier English: see QP12C-01. 	8	|	00000E7B:215:0	
286	V282	00000E95:11:157, 11:170-176	Sister banter: Natsumi "お姉ちゃんの真似！", "分かったよ、お姉ちゃん！"; Haruka "お姉ちゃんって言うな！", "バカ妹！", "分かったよ、妹よ！" (妹よ = GLOSSARY "little sister"); narration "この人が私のお姉さん。" In 00000E31 Natsumi grieved she would never call Haruka お姉ちゃん, and 00000E49:11:136 had "お姉さん" as the teasing address. GLOSSARY: お姉ちゃん = "Sis" (P), お姉さん row reads "older sister (Goto's)". The payoff needs お姉ちゃん and お姉さん kept apart and the お姉ちゃん here to land as the word she thought she would never say.	Cross-file payoff (V267 family)	お姉ちゃん = "Sis" in all three files; お姉さん as address = "big sister"; narration お姉さん = "my older sister"	low	resolved	resolved_by=00000E95:00000E95-00000EA1.lns:543,580-586 | applied the task lock: お姉ちゃん address "Sis", reference "my big sister"; お姉さん reference "older sister"; never "Big Sis" 	8	|	00000E95:11:157	
287	V283	00000E95:11:40-41	"いきなり髪が金髪になって逆立った気分だぞ？" / "どこの戦闘民族よ……": an unnamed allusion to a famous manga's golden-haired transformation. Literal ("warrior race"), no name, no TN?	Knowledge fence and TN rules; zero localization	literal, no TN (the JP names nothing either)	med	open 		7	|	00000E95:11:40	
288	V284	00000E7B:180:109	サクラ, imitating a village woman, calls 夏菜 "カナカナ" (a doubled nickname). Its romanization depends on the reading of 夏菜 (V107).	Name form	follow V107 ("Kana-Kana" if 夏菜 = Kana)	low	resolved	00000F0D:26:181-184 (夏菜 = かな per V107, so "Kana-Kana") 	8	|	00000E7B:180:109	
289	V285	00000E7B:180:47	"消音機" where 68:61 has 消音器 (silencer)	Read as intended	"silencer"	med	typo 		7	|	00000E7B:180:47	
290	V286	000001DB:15:131; 00000550:11:115; 0000034C:11:137	Stray spaces around one kanji (「 苛 まれる」, 「 絆 」, 「古郡 茜 」): ruby (furigana) residue from the extract, not spacing? (from pass-1 Q010; merged by MERGE1, verified 2026-09-26)	A translator may read the spaces as a pause or emphasis	ignore the spaces; they mark stripped ruby on hard readings	med	open 		7	|	000001DB:15:131	
291	V287	000001E1:33:73 and every dated line	祀耀 era reading and form: fictional era in place of 平成/令和? (from pass-1 Q014; merged by MERGE1, verified 2026-09-26)	Every date carries it	"Shiyo": lns/0000020D-000002E3.lns prints RUBY="しよう" on 祀耀 twice	high	resolved	source ruby lns/0000020D-000002E3.lns (RUBY="しよう" x2)	8		000001E1:33:73	
292	V288	0000020B:12:33	「お父さん＝皮剥ぎ死体」 is a bare equation cell, not a sentence. Keep the ＝ form? (from pass-1 Q022; merged by MERGE1, verified 2026-09-26)	Formatting of a thought line; a full sentence changes its force	keep it an equation ("Dad = the flayed body")	low	open 		7	|	0000020B:12:33	
293	V289	00000024:16/67, 47/51; 000001DB:15/21/30; 000001E1:21/27/33/40; 000001E5:23/29/35/41; 0000020B:12/18/25/31/38; 0000034C:11/17/23; 000004CF:19/25; 000004BB:16 vs 00000595	Many row-blocks are byte-identical or near-identical route variants of one scene (e.g. 0000020B:18:0-10 = 31:0-10). (from pass-1 Q025; merged by MERGE1, verified 2026-09-26)	Identical JP must get identical EN; near-identical JP must keep only its own small differences	diff each pair before drafting; reuse EN for byte-identical cells; never smooth a variant	high	open 		7	|	00000024:16	
294	V290	000001E5:23:9; 000001DB:15:36	春花 uses 私 and 「怖いわ」 (23:9) inside an otherwise blunt, boyish register (だろ, だよ, かよ). Characterisation or plant? (from pass-1 Q026; merged by MERGE1, verified 2026-09-26)	English cannot show a pronoun choice; わ could read as feminine	rough-emphatic わ, not feminine; no TN unless the text later makes 私 a point	med	open 		7	|	000001DB:15:36	
295	V291	000001E3:8:221→12:0, 16:11→20:0; 000004E3:11:92-93, 27:109-110; 00000550:11:83-84; 000002F8:12:36-37	Reveals split so the key noun lands alone in the next cell, noun last in JP. (from pass-1 Q028; merged by MERGE1, verified 2026-09-26)	English word order can leak the payload into the set-up cell	restructure each pair so the payload noun falls only in the second cell	high	open 		7	|	000001E3:8:221	
296	V292	000001E3:8:20	「ちなみに古郡というのは私の名字、新村は春花のそれだ」: the narrator explains the surnames. (from pass-1 Q029; merged by MERGE1, verified 2026-09-26)	Parses only with family names kept as names	translate as it stands ("Kogori is my family name, and Niimura is Haruka's"); no TN	med	open 		7	|	000001E3:8:20	
297	V293	00000024:51:9-13	Five untagged alternating lines; attribution rests only on ～よね / ～よな register. (from pass-1 Q033; merged by MERGE1, verified 2026-09-26)	If the speakers flip, both voices are wrong for the scene	51:9 なつみ, 51:10 春花, 51:11 なつみ, 51:12 春花, 51:13 なつみ; no tags added in EN	med	resolved	color (51:9/11/13 #FFAAFF = なつみ, 51:10/12 #AAAAFF = 春花; SPEAKER-COLORS.md)	8		00000024:51:9	
298	V294	000002FA:11:10, 19:4 onward; 00000473; 00000564:11:31	Text messages and the caller-ID string are set in straight double quotes in the source, speech in 「」. (from pass-1 Q036; merged by MERGE1, verified 2026-09-26)	Three scenes are carried by messages; EN must keep them apart from speech	STYLE Quotes rule: source straight quotes = curly “...”, 「」 = straight "..."	high	resolved	notes/v2/STYLE.md Quotes rule (line 73)	8		000002FA:11:10	
299	V295	000002F6:11:49-51, 11:60-61	The backstory turns on being called 「絵梨奈ちゃん」 and never 呼び捨て; 11:61 names 呼び捨て as a term. (from pass-1 Q037; merged by MERGE1, verified 2026-09-26)	English has no word for 呼び捨て; the explaining sentence loses its point	keep honorifics; TN defining 呼び捨て (bare name, no honorific) at 11:50 first use	high	open 		7	|	000002F6:11:49	
300	V296	0000034C blocks [11], [17], [23]	Three route variants of one scene with unique beats in each. (from pass-1 Q041; merged by MERGE1, verified 2026-09-26)	Under V289 the shared spine gets identical EN, but no unique beat may leak into another variant	diff the three blocks; translate the spine once; write each unique beat separately	high	open 		7	|	0000034C	
301	V297	0000034C:11:166-174	「吐き出したもの」 holds a double meaning (speak out / throw up) until 吐瀉物 at 11:174. (from pass-1 Q042; merged by MERGE1, verified 2026-09-26)	Choosing "vomit" at 11:166 collapses the passage	"brought up" at 11:166, held through 11:169-171, "vomit" at 11:174; same words in [17] / [23]	high	open 		7	|	0000034C:11:166	
302	V298	000002F6:11:35-38; 0000057B:11:42, 11:47	The ニカッと grin gets an origin (a habit she formed on purpose, 11:37-38); later used to deliver a lie and dropped at once. (from pass-1 Q058; merged by MERGE1, verified 2026-09-26)	One fixed EN phrase must work for the origin, the habit and the mask	one phrase from GLOSSARY ニカッと throughout; no TN	med	open 		7	|	000002F6:11:35	
303	V299	000004A7:11:64, 11:68	伊勢 blurts 「元木美少女同好会の人気No.1」, then covers it with 「元木高校No.1の天才」. (from pass-1 Q059; merged by MERGE1, verified 2026-09-26)	The joke is the self-correction; the two must sound close enough to be a plausible mishearing (11:66)	keep both; first version lands whole; second begins with the same words ("Motoki ... No. 1")	med	open 		7	|	000004A7:11:64	
304	V300	000004E3:27:131	「鉈とメイス、つまり金属の棍棒」: the JP glosses メイス because it is a loanword; English "mace" needs no gloss. (from pass-1 Q067; merged by MERGE1, verified 2026-09-26)	A redundant appositive stumbles; dropping it changes the cell rhythm	keep a short appositive ("a hatchet and a mace, a metal club")	med	open 		7	|	000004E3:27:131	
305	V301	00000538:11:85-87; 00000538:11:57	A three-cell 『』 block that is hypothetical interior speech (what she would feel if it were a stranger), not a quotation; 11:57 『何か』 uses 『』 for a word she will not commit to. (from pass-1 Q068; merged by MERGE1, verified 2026-09-26)	STYLE maps 『』 to single quotes, which read as a quotation or title	keep 『』 = '...' in both places; no variation	med	open 		7	|	00000538:11:57	
306	V302	00000564:11:97-120	古郡良治's letter: 24 bare cells (茜へ ... 古郡良治), no 「」, no quote marks, no indent; a third text format beside speech and messages. (from pass-1 Q071; merged by MERGE1, verified 2026-09-26)	Visually indistinguishable from narration in the script	STYLE: bare cells stay bare; signature alone on its line	high	open 		7	|	00000564:11:97	
307	V303	00000EAF:16:0, 22:2, 22:60, 34:143, 40:125, 97:230	大食祭804: reading (たいしょくさい?) and EN form. Translate ("the Great Eating Festival 804", "Big Eat Fest 804") or romanize ("Taishokusai 804")? The 804 is the era year (祀耀804).	Contest title used about 10 times, on TV, in a board post and the Nobel speech	"the Big Eaters' Festival 804" (translated, number kept)	low	resolved	resolved_by=00000EAF:00001D87:48, 94, 235; 00001D82:25 | applied rulings-P13 lock "Big Eating Festival 804" (ruby tag on "Big Eating Festival") 	8	|	00000EAF:16:0	
308	V304	00000EAF:22:73-76	The backdrop reads 『食祝』 and Goto wonders "しょくしゅく、と読むのかな？" (a reading she is unsure of; the word is not standard). The English needs a sign whose reading can be doubted.	Joke turns on a kanji reading	'Eat-ebration' with Goto unsure how to say it; or romanize 'Shokushuku' + TN case 4	low	resolved	resolved_by=00000EAF:00001D87:276, 279 | applied the locked kanji sign + TN 	8	|	00000EAF:22:73	
309	V305	00000EAF (throughout, e.g. 28:167, 28:224, 34:269, 40:36-37, 40:93-95, 91:10, 91:130)	Goto is mute; her sign-language and written lines are in ASCII straight double quotes. QUOTE WRAPPERS names "a mute character's written words" as curly. Sign language is not written: same curly quotes?	One device for all her non-voice lines keeps her voice distinct from her first spoken words (97:163, 97:186)	curly “...” for all signed and written lines; straight "..." only when she speaks aloud	med	resolved	resolved_by=00000EAF:00001D82:32-34, 46-52 | the employer's email and Goto's typed reply in curly quotes; all block-16 「」 in straight quotes 	8	|	00000EAF	
310	V306	00000EAF:22:89-117, 22:161-165	The menu list uses full-width digits and full stops ("１．トンカツ" ... "２９．エビチリ"); the second printing joins the items with ⏎. CORE A does not name this device. ASCII "1." or keep full-width?	CP932 allows full-width digits; STYLE allows them only as named devices	ASCII "1. Pork cutlet", one item per ⏎ line as in the JP	med	resolved	resolved_by=00000EAF:00001D87:339-417, 554-582 | ASCII "1." ... "29." 	8	|	00000EAF:22:89	
311	V307	00000EAF:22:7, 22:10, 28:76, 28:200, 28:244-245	Readings not given: 南崎しのり (みなみざき / なんざき), 新橋ゆき乃 (しんばし), 鵜飼 (うかい), 中嶋長司 (なかじま ちょうじ / ながし), 高野 (たかの / こうの), 藤代 (ふじしろ / ふじよ).	Names recur across the file	as in GLOSSARY	med	open 		7	|	00000EAF:22:7	
312	V308	00000EAF:34:12, 34:17, 34:22	『謝肉館』 (steak house) echoes 謝肉祭 (carnival); Goto: "『謝肉館』という漢字が似合わないたたずまい". Translate ("the Carnival Meat House") or romanize ("Shanikukan")?	Her remark needs a name whose look can clash with a rowdy bar	"Carnival Hall" style translation; the remark then reads as the name not matching	low	resolved	resolved_by=00000EAF:00000EAF-00001D8D.lns:60,77,101,105,842 | 'Shanikukan' romanized per rulings-P13; quotes only where the JP has 『』 	8	|	00000EAF:34:12	
313	V309	00000EAF:34:24-26, 34:29, 34:46-47, 34:55, 34:65-66, 34:84, 34:105-106, 34:122, 34:185, 34:212, 34:238-239, 97:134, 97:286	The waiter's gag is stretched vowels on polite endings and on content words ("いぃぃぃ…らっしゃいますぇー", "ごあんなぁぁぁ…い", "むぁぁぁす", "おっっっっまたせ"). STRETCHED ENDINGS drops a stretch on a grammatical ending, but here the stretch is the character.	Dropping it deletes the character's only trait	carry the stretch on the English content word or the whole phrase ("Welcoooome!", "Right this waaay!")	med	resolved	resolved_by=00000EAF:00000EAF-00001D8D.lns:103-714 | stretches carried on English content words per rulings-P13 	8	|	00000EAF:34:24	
314	V310	00000EAF:46:47, 46:50, 52:0-1, 52:101, 97:159	唖者 (a dated, blunt word for a mute person) is Goto's word for herself, glossed at 52:0-1. "mute" or a harsher older word?	Register of her self-image	"mute"	med	resolved	resolved_by=00000EAF:00000EAF-00001D9D.lns:27-29 | 唖者 = "A mute― / Someone who, for some reason, can no longer speak." per rulings-P13 	8	|	00000EAF:46:47	
315	V311	00000EAF:22:138-141, 22:175	Rice measured in 升 ("ご飯、5升勝負です！"; narration "ご飯1升は約3.3キロ"). "5 sho of rice" (romanized unit, glossed by the next line) or convert ("about 16.5 kilos of rice")?	Announcer's reveal line and Goto's arithmetic	keep "5 sho" in the announcement; the narration's own 3.3 kg line carries the gloss; no TN	med	resolved	resolved_by=00000EAF:00001D87:485-492 | "Rice, a 5-sho battle!" / "5 sho of rice!?" / "One sho of rice is about 3.3 kilos." no TN 	8	|	00000EAF:22:138	
316	V312	00000EAF:97:250-254	The winning total is read out one group per cell: "1／0／2／10グラム！" (10,210 g). English over the same four cells?	CELL-SPLIT rule; digits in English read differently ("ten thousand...")	"1..." / "0..." / "2..." / "10 grams!" digits as in the JP	med	resolved	resolved_by=00000EAF:00001DD6:730-738 | locked cells "...Erina Goto!" / "　1" / "0" / "2" / "10 grams!"" (U+3000 of the "1" cell kept) 	8	|	00000EAF:97:250	
317	V313	00000EAF:97:275-276	"「では、一気に結果をお見せします！" is followed by "「チャンピオン南崎選手、9801グラム！": a second 「 opens inside the same turn with no 」 before it	Read as intended	one quoted turn	high	typo 		7	|	00000EAF:97:275	
318	V314	00000EAF:28:70	"決して悪いくないはず" = 悪くないはず	Read as intended	"It can't be bad at all."	high	typo 		7	|	00000EAF:28:70	
319	V315	00000EAF:40:109	"緊張の高まってきた" = 緊張が高まってきた	Read as intended	"the nerves were building"	high	typo 		7	|	00000EAF:40:109	
320	V316	00000EAF:40:123	"緊張を解くの方法" = 緊張を解く方法 (stray の)	Read as intended	"ways to ease my nerves"	high	typo 		7	|	00000EAF:40:123	
321	V317	00000EAF:22:34	"東京の煌々とした明かり中に" = 明かりの中に	Read as intended	"in the blazing lights of Tokyo"	high	typo 		7	|	00000EAF:22:34	
322	V318	00000EAF:97:92	"チャンピオン箸を止まってしまった" = 箸が止まってしまった	Read as intended	"the champion's chopsticks have stopped"	high	typo 		7	|	00000EAF:97:92	
323	V319	00000EAF:97:97	"600グラムを詰めるられるか" = 詰められるか	Read as intended	"can I close 600 grams"	high	typo 		7	|	00000EAF:97:97	
324	V320	00000EAF:97:176	"その程度で根を上げる気？" = 音を上げる (misconversion)	Read as intended	"Giving up over that?"	high	typo 		7	|	00000EAF:97:176	
325	V321	00000EAF:97:134	The waiter's "見せってくださぁぁぁ…い" = 見せてください; a slip, or part of his stretched gag (V309)?	Read as intended	typo; his stretch kept per V309	low	typo 		7	|	00000EAF:97:134	
326	V322	00000EC7:11:143-170; 00000A18:11:14-42	The inn woman (about 50, fortune-teller, lives by it, visits every Golden Week) says she once told a young un-Japanese-looking person in Tokyo "『身近に騙す人がいるから気をつけなさい』"; the fortune-teller of Chigaya's story said "くれぐれも、身近な人に騙されないようにね". Treat them as one character (one CAST block, matched voice and EN for the advice)?	Consistency of a recurring voice; the text never names her	same person by her own account; keep two blocks cross-referenced until a later file names her; render the two advice lines as close English	med	open 		7	|	00000A18:11:14	
327	V323	00000EAF:74:35-37	After the replays, three cells of third-person narration ("全ての結末を目撃した少女、五島絵梨奈――。／彼女は…／そして、何年もの月日が流れ――。") inside Goto's first-person file (cf. 00000E7B:227:19-20). Same narrator voice as 00000E7B's closing cells?	Unmarked narrator switch (V268 family)	a neutral story-narrator voice, plain past, matching 00000E7B:227	med	resolved	resolved_by=00000EAF:00000EAF-line74.lns:138-142 | neutral third-person story narrator, plain past, matching 00000E7B-line227 closing cells 	8	|	00000EAF:74:35	
328	V324	00000EAF:16:52-55	The Nobel presenter says "私は、10年前の大会で実況を務めておりました" (the 804 contest's play-by-play was 新橋ゆき乃's, 22:7, 91:165). Unnamed here: keep unnamed, no gender?	Speaker attribution	keep unnamed and ungendered	med	resolved	resolved_by=00000EAF:00001D82:185-191 | presenter kept unnamed and ungendered (first person only) 	8	|	00000EAF:16:52	
329	V325	00000EDF:47:4, 53:125, 53:143, 89:130, 89:134, 89:143	The eyeless woman calls Goto "サード・ジェネレーション" (katakana English; Goto: "その中二臭い変なあだ名" 89:143), while the book and Goto's reasoning use 第三世代 (47:7-11, 59:31-41). English: "Third Generation" as a name (capitalised) for the katakana form and "the third generation" for 第三世代?	The text notices the katakana form as a nickname; the two forms must stay apart	"Third Generation" (name) vs "the third generation" (term)	med	resolved	resolved_by=00000EDF:00001DB6:89:130, 89:134, 89:142-143, 89:216, 89:302 | "Third Generation" capitalized, no article, as the double's name for Goto, per rulings-P14; 第三世代 at 47:7-11 = "the third generation" 	8	|	00000EDF:47:4	
330	V326	00000EDF:47:6-7, 59:7, 83:122-127	翠眼呪殺 is a book heading Goto reads aloud and guesses at: "『すいがんじゅさつ』と読むのだろうか" (83:123). EN follows 翠眼 (TBD) and 呪殺 (TBD); does the guessed reading need a romanisation + TN (case 1 or 6)?	Compound term plus a reading doubt voiced in the text	build from the two locked rows; romanise the guessed reading in 83:123 with one TN	low	resolved	resolved_by=00000EDF:00001DB5:380, 383 | heading “Green-Eye Curse-Killing” (curly); reading line "Read 'suigan jusatsu,' I suppose?" with no TN, per rulings-P14 	8	|	00000EDF:47:6	
331	V327	00000EDF:37:239-280, 47:63, 47:71, 53:51, 117:307, 202:270	Chest-size words form a graded series: バインバイン, パインパイン ("バインバインよりも若干控えめな表現" 37:271), バルンバルン ("バインバインの上位系。／more バインバインって意味" 37:279-280, Latin "more" inside JP), ボヨンボヨン (47:71). SFX rule: an English sound-word a reader can hear; the series must keep its ranking and the one-letter バ→パ step	Running gag across the file and the epilogue	one graded set fixed in DECISIONS (e.g. "boing-boing" / "boink-boink" / "ba-boing-ba-boing" / "bouncy-bouncy")	low	resolved	resolved_by=00000EDF:00001DAF:47:63, 47:71 | "boing-boing" / "boingy-boingy" per rulings-P14 	8	|	00000EDF:37:239	
332	V328	00000EDF:192:102-111, 117:214-216	The basement lock opens with "なつみ（0／7／2／3）" by 語呂合わせ (な=7, つ=2, み=3); Goto then supposes 7/23 is someone's birthday (192:111) and later reads the code as a clue to how Natsumi and Haruka are related (117:214-216). English cannot hear the digits in the name. TN (case 4 or 6) on 192:103?	Goto's reasoning turns on the pun	one TN on 192:103: "[TN: na-tsu-mi can be read as the digits 7-2-3.]"	med	resolved	resolved_by=00000EDF:00001DDC:364 | ruled TN placed at 192:102 (the "ごろ合わせ" cell), digits one per cell 192:103-107 as "Natsumi（ / 0 / 7 / 2 / 3）, then." 	8	|	00000EDF:192:102	
333	V329	00000EDF:59:48-51	"Aエフェドリン――／転じて α エフェドリン" uses Greek α (CP932 0x83BF, outside the STYLE allowed set) with spaces around it at 59:49 (ruby residue or layout), then "αエフェドリン" at 59:50-51. Spell "alpha" or keep α?	Character-set rule; the A-to-α step is the point of the line	"A-ephedrine... hence alpha-ephedrine"	med	open 		7	|	00000EDF:59:48	
334	V330	00000EDF:83:83-84	Narration glosses 偃息図 with readings in full-width parentheses: "偃息図（えんそくず、おそくず）", "おそくずの絵（おそくづのゑ）" (historical kana づ, ゑ). Romanise once and drop the readings, or keep them as romanisations in ASCII parentheses? V252 family	Full-width parentheses are allowed only where CORE A names the device	"ensokuzu (or osokuzu), also osokuzu no e" in ASCII parentheses	low	resolved	resolved_by=00000EDF:00001DB5:271, 273 | "ensokuzu（ensokuzu, osokuzu）," / "or osokuzu no e（osokuzu no we）." with the JP full-width parentheses, per rulings-P14 	8	|	00000EDF:83:83	
335	V331	00000EDF:117:246-270	Epilogue banter (祀耀800 August 1) has few speaker cues: who calls 桃子 "師匠" (117:254, polite), who says "桃ちんは超炭酸ボンバーのプロだって聞いたよ？" (117:256) and "んま！　ロシアンたこ焼きで負けたのは…" (117:258), who is the "貧相ちゃん" 桃子 addresses (117:261; her word for Natsumi at 37:314), and who says "っていうか私ウエストだけは自信あるし！" (117:268; 桃子's own boast at 37:261, 37:265)?	Attribution decides name forms and register in English	117:254-258, 117:262, 117:264 Natsumi; 117:246, 117:248, 117:250, 117:253, 117:255, 117:257, 117:261, 117:263, 117:265-268 桃子; 117:269-270 Haruka	low	open 		7	|	00000EDF:117:246	
336	V332	00000EDF:117:98-105, 117:112-132, 117:141-153	Inside the collapsing vision, lines with no speaker cue: "私は味方なの", "助けたいの", "何のつもりよ……", "現実を見ないと……", "このままだと、あんた死ぬよ？", "そろそろ起きないと、五島が危ないよ？", "私だよ、五島。私はまだ、生きてるの"; Goto names the voice 古郡先輩 only at 117:154. Keep every one unattributed and ungendered in English up to 117:154?	The merging of voices (the eyeless woman, 桃子, Haruka, Natsumi) is the device	keep unattributed; add no names	med	open 		7	|	00000EDF:117:98	
337	V333	00000EDF:202:216	A message cell that is only "　　　　　　　　　　" (ten U+3000) in ASCII straight double quotes: a message with no text, a photo only (202:218). Keep the U+3000 run inside curly quotes (CORE A layout device) or render an empty pair?	Blank-cell device	keep the ten U+3000 inside curly quotes	med	resolved	resolved_by=00000EDF:00001DDF:664 | ten U+3000 kept inside curly quotes 	8	|	00000EDF:202:216	
338	V334	00000EDF:77:140	夏菜 says "住民帳" where 00000A94:11:35 has 住民簿 (the residents' register). Same object (a child's word) or a slip?	Glossary identity	same object; render as the 住民簿 row	med	resolved	resolved_by=00000EDF:00001DB4:410 | 住民帳 rendered "the residents' register" (same object as 住民簿) 	8	|	00000EDF:77:140	
339	V335	00000EDF:47:12	"落ちつている" = 落ち着いている	Read as intended	"has settled down"	high	typo 		7	|	00000EDF:47:12	
340	V336	00000EDF:37:117	"あの子が妹だったよかったのに" = 妹だったらよかったのに	Read as intended	"I wish that kid were my sister"	high	typo 		7	|	00000EDF:37:117	
341	V337	00000EDF:53:67	"そんなに知られたまずいことしたの？" = 知られたらまずい (V095 family)	Read as intended	"Did you do something that bad to have found out?"	high	typo 		7	|	00000EDF:53:67	
342	V338	00000EDF:59:51	"胞子からを分泌される" = 胞子から分泌される (stray を)	Read as intended	"is secreted by the spores"	high	typo 		7	|	00000EDF:59:51	
343	V339	00000EDF:71:100	"あのような施しているのだろう" = あのような施しをしているのだろう (dropped をし)	Read as intended	"that's why it's covered like that"	high	typo 		7	|	00000EDF:71:100	
344	V340	00000EDF:83:38	"結晶に上に" = 結晶の上に	Read as intended	"onto the crystal"	high	typo 		7	|	00000EDF:83:38	
345	V341	00000EDF:202:181	"何言ってんのか分かんないだけど" = 分かんないんだけど	Read as intended	"I don't get what you're saying"	high	typo 		7	|	00000EDF:202:181	
346	V342	00000EDF:65:120	"妙な妄想にふけていた" = ふけっていた (V210 family)	Read as intended	"lost in a strange fantasy"	high	typo 		7	|	00000EDF:65:120	
347	V343	00000EDF:202:34	"シーツを変え" = 替え (misconversion)	Read as intended	"changed the sheets"	med	typo 		7	|	00000EDF:202:34	
348	V344	00000EDF:186:38, 186:47	Mouth-full speech: 夏菜 "えっふぉ、これがあははふーはくのふぉふぁふぇで、ふぉっふぃふぁ――" and Goto "ふぉふぇふぁふごふおいひい！" (V017, V119 family). 186:47 reads as これはすごくおいしい; 186:38 is not recoverable	Device consistency	garbled English of "This is really good!" for 186:47; garble of "Well, this is... and that's..." for 186:38	low	resolved	resolved_by=00000EDF:00001DDA.lns:160, 186 | mouth-full garble per rulings-P14 FOOD: Kana's line mushed and cut at ―, Goto's "Ish really goo' an' delishush!" 	8	|	00000EDF:186:38	
349	V345	00000EDF:202:270	夏菜 "すげえ……バインバインしとる……" uses ～とる (a western-Japan form; V137 family) once, as a gag. DIALECT POLICY: plain English, no TN?	One-off dialect form in a non-dialect speaker	plain English, no TN	med	resolved	resolved_by=00000EDF:00001DDF:843 | plain English, no TN 	8	|	00000EDF:202:270	
350	V346	00000EDF:83:8	"荒田桜の根を100 匁 （約375グラム）と水": ruby-residue spaces around 匁 (monme, an old weight unit) and the JP's own gloss in full-width parentheses. "100 monme (about 375 grams)" with ASCII parentheses, no TN?	Unit rendering; the gloss is the text's own	"100 monme (about 375 grams)"	med	resolved	resolved_by=00000EDF:00001DB5:59 | "100 monme（about 375 grams）", residue spaces dropped, no TN, per rulings-P14 	8	|	00000EDF:83:8	
351	V347	00000EF6:140:178-263, 134:102-187, 67:65-128, 67:237-269 (vs 61:104-133)	Haruka's turns in these blocks are ordinary 「」 speech drawn in 春花's colour; at 61:104-133 Goto says Haruka has not woken once in two years and Natsumi has been talking with no one. Any English tell (italics are banned; a different quote mark; a TN) before the reveal?	The file's central twist; a wrong tell spoils it	none: plain straight quotes exactly like every other speech line	high	open 		7	|	00000EF6:140:178	
352	V348	00000EF6:61:106-121 vs 67:237-246, 67:264-269	In-file replay: 61:106 "「なつみは何しに来たんだよ……」" is 67:237-238 ("「ああ。／なつみは何しに来たんだよ……」") with "ああ。" and the cell split dropped; 61:107-114 = 67:239-246 byte for byte; 61:116-121 = 67:264-269, but their colours are ? in 61 and 春花 / 五島 in 67. Reuse the 67 English byte for byte (61:106 minus the "Yeah.")?	Replay identity inside one file	reuse; 61:106 = the 67:238 English alone	high	resolved	resolved_by=00000EF6:00001DEF:236-248, 264-269 | the rulings-P15 fixed strings pasted; lane C pastes the same in 61. 	8	|	00000EF6:61:106	
353	V349	00000EF6:146:0-30	Block 146 replays lines of the 祀耀800 April 8 route: 146:0 is the text of 000004CF:12:36 (V076); the quarrel (146:10-20), "3分で戻ってくる" / "命に代えても、守ってみせる" (146:22-24) and "う……ぐ……／な……つみ……／無事……か……？" (146:26-28) come from earlier files not in this chunk (probably 000004E3 and 0000050E; not checked). Match the earlier English byte for byte once located.	Replay identity across files	reuse the earlier English	med	resolved	resolved_by=00000EF6:00001DFF:22-163 | the TSV rows (lines 22, 25, 31, 39, 47, 58, 60, 63, 66, 76, 82, 85, 96, 99, 108, 161, 163) pasted word for word into this file's tag sequence; the rest is QP15A-02 	8	|	00000EF6:146:0	
354	V350	00000EF6:26:92-96	Replayed fight lines, colour 春花 for all five: "「やめろお父さん！　私だ！　春花だ！／　頼むからなつみには手を出さないでくれ！」", "「くそお！　であああ！」", "「お父さん、やめろ……！」", "「くそ……！　何なんだよ、この馬鹿力は……！」"; source file not identified in this chunk (an earlier 死神 fight in this route). Reuse the earlier English.	Replay identity	reuse	med	resolved	resolved_by=00000EF6:00001DE9.lns:310-336 | source located: 000004F9-00000502.lns:360-403; 318, 328, 336 pasted from the TSV, 310-312 from the shipped cell 360 	8	|	00000EF6:26:92	
355	V351	00000EF6:146:26-28	One quoted turn over three cells "「う……ぐ……／な……つみ……／無事……か……？」" is coloured 春花 / なつみ / 春花; the middle cell's colour names Natsumi although its words call her name. A colour artefact (the name drawn in her colour) or a real cut-in?	Speaker by colour conflicts with the one-turn shape	Haruka speaks all three cells	med	open 		7	|	00000EF6:146:26	
356	V352	00000EF6:8:209-211	Natsumi calls Haruka "…………／お姉ちゃん" once (after the register showed they are sisters, 26:140-154); Haruka: "はは、やめろよ……". Same payoff family as V267 / V282 in another route.	The お姉ちゃん English must match the V267 / V282 ruling	follow V282	med	resolved	resolved_by=00000EF6:00001DE3.lns:690-695 | "............" / "Sis." / "Ha ha, knock it off..." per rulings-P15 	8	|	00000EF6:8:209	
357	V353	00000EF6:8:191-197, 61:82-91, 61:152-162, 67:36-42, 110:42-100	肉付きの面 (a Fukui folk tale; a mask that grows into the wearer's face) is told in full by Goto and is the file's central metaphor ("私の肉付きの面", "早くお面を取ってください"). Title in English: descriptive ("the flesh-bound mask"), or romanized "Nikuzuki no Men" with a TN?	Recurring motif; one English for title and metaphor	descriptive "the flesh-bound mask", no TN (the text tells the tale)	low	resolved	resolved_by=00000EF6:00001DE3.lns:649-655 | "The flesh-bound mask―" / "I, too, had had this flesh-bound mask on." per rulings-P15 	8	|	00000EF6:8:191	
358	V354	00000EF6:26:45-67, 110:159-310	The izakaya people: regulars 長さん (ちょう / おさ?) and 山さん (reading not given); the manager addressed and referred to as 店長 (title as address). English: "Cho-san" / "Yama-san"; 店長 as address = "Boss" / "Manager"?	Names and a title-as-address with no STYLE line	"Cho-san", "Yama-san"; 店長 = "Boss" in address, "the manager" in narration	low	open 		7	|	00000EF6:26:45	
359	V355	00000EF6:110:159 onward	Natsumi's nickname なっちゃん (店長 and regulars). "Nat-chan"?	Nickname; suffix kept on a nickname used as a name	"Nat-chan"	med	open 		7	|	00000EF6:110:159	
360	V356	00000EF6:14:245, 20:291, 110:277	Captions "祀耀802年四月七日　20：00――。" and "祀耀802年四月六日　20：00――。" use a full-width colon ： where the other captions use ASCII (6:00, 15:00, 18:00); 110:277 "0.03％" uses full-width ％ (20:225 has ASCII 50%). Both glyphs are outside the allowed set.	Captions must be consistent; qa_check	ASCII ":" and "%"	high	typo 		7	|	00000EF6:14:245	
361	V357	00000EF6:36:128	"無表情のまま狂喜的に身を乗り出す": 狂喜 (wild joy) where 狂気的 (crazed) fits a blank face; a misconversion?	Read as intended	"lunged forward like a madwoman, her face blank"	med	typo 		7	|	00000EF6:36:128	
362	V358	00000EF6:36:255	Narration pun "まあロリコンでもシリコンでも、助けてくれるのであれば心強い" (ロリコン / シリコン rhyme, no meaning). Keep the surface ("lolicon or silicone") with a TN (case 4), or an English rhyme?	Pun; TN rules	surface words, no TN (the rhyme survives in English)	low	resolved	resolved_by=00000EF6:00001DEB:750 | "Well, lolicon or silicon, if he'll help us, that's reassuring." no TN, per ruling 	8	|	00000EF6:36:255	
363	V359	00000EF6:42:53	"手伝ってくれるみたいし" = みたいだし (dropped だ)	Read as intended	"it looks like she'll help"	high	typo 		7	|	00000EF6:42:53	
364	V360	00000EF6:14:254	"2年前いつもしていたようなような" = ような doubled	Read as intended	"the kind we always had two years ago"	high	typo 		7	|	00000EF6:14:254	
365	V361	00000EF6:14:271	"私の心を安らぎを与え" = 私の心に安らぎを与え (particle slip)	Read as intended	"gives my heart peace"	high	typo 		7	|	00000EF6:14:271	
366	V362	00000EF6:26:132	"元の子もないし" = 元も子もないし (misconversion)	Read as intended	"there'd be no point"	high	typo 		7	|	00000EF6:26:132	
367	V363	00000EF6:36:244	"そうことです" = そういうことです (dropped いう)	Read as intended	"That's what I mean."	high	typo 		7	|	00000EF6:36:244	
368	V364	00000EF6:20:267	"ボンベイ型というものありますが" = というものがありますが (dropped が)	Read as intended	"there's one called the Bombay type"	high	typo 		7	|	00000EF6:20:267	
369	V365	00000EF6:20:172	"私の直感がなくなればいいので？" = いいのでは？ (dropped は)	Read as intended	"so what if my intuition went away?"	med	typo 		7	|	00000EF6:20:172	
370	V366	00000EF6:36:140	Narration glosses a medical term in ASCII parentheses: "下顎呼吸(死亡直前に発生する胸郭呼吸)". Keep the parenthesis gloss as printed?	Layout inside narration	keep, ASCII parentheses	med	resolved	resolved_by=00000EF6:00001DEB:466 | ASCII-parenthesis gloss kept: "mandibular breathing (the chest breathing that occurs just before death)" 	8	|	00000EF6:36:140	
371	V367	00000F0D:8:131-133, 8:134, 14:25-26, 38:147	夏菜's false name 古村秋菜 is built from her own (新 "new" -> 古 "old", 夏 "summer" -> 秋 "autumn"); the narration says so ("新村夏菜だから古村秋菜ってちょっと安易だったかな……" 8:133). Reading not given (こむら あきな assumed). Romanize ("Akina Komura") and add a TN (case 4) naming the mechanism, or leave the narration to carry it?	The joke and the alias recur through the file	romanize "Akina Komura" + one TN at 8:133: "新/古 = new/old, 夏/秋 = summer/autumn"	med	resolved	resolved_by=00000F0D:00000F19.lns:417 | romanized "Akina Komura" + one TN at 8:133 per rulings-P16 	8	|	00000F0D:8:131	
372	V368	00000F0D:14:118-127	夏菜 asks "高速には乗らないんですか？" (expressway); Ise hears 拘束 (restraint) and scolds her; she rephrases "ハイウェイ". A homophone pun: TN case 4, or an English near-pun?	Untranslatable gag; the scene depends on the mishearing	keep "expressway", TN "こうそく = expressway / tying up"	med	resolved	resolved_by=00000F0D:0000100C.lns:376 | "expressway" / "restraints" + ruled TN 	8	|	00000F0D:14:118	
373	V369	00000F0D:14:133-134	Ise's bitten line "きんりょうなろ、しれいない……！" (= 緊張などしていない) after "緊張などしていない！"; narration "ついに噛み始めた". English garble of "I'm not nervous" of similar length?	Stammer device	"I'm nod nerbous, nod ad all...!" style garble, no TN	low	resolved	resolved_by=00000F0D:0000100C.lns:410 | "I ab nod nerbous...!" per rulings-P16, no TN 	8	|	00000F0D:14:133	
374	V370	00000F0D:56:2 (to 56:264); 62:12; 173:7-9, 173:26-37	Unmarked narrator switches: 夏菜 (私) -> 伊勢 (俺) at 56:2 ("俺は彼女の宿から出て"), back to 夏菜 at 62:12; in 173 replayed Natsumi narration (173:7-9, 173:26-31) then 夏菜 (173:32-37). JP marks 俺 / 私; English "I" does not. Any cue beyond voice? (V089, V196, V268 family)	Readers must know who "I" is	voice only, no added label; keep Ise's narration in his clipped register	med	resolved	resolved_by=00000F0D:00001029.lns:43 | narrator switch to Ise carried by voice only (俺 narration in plain short declaratives), no label added; switch back to Kana at 0000102A carried the same way 	8	|	00000F0D:56:2	
375	V371	00000F0D:173:0-31	Block 173 replays lines of 00000538, 00000550, 00000564 and 0000057B but some cells are joined or cut: 173:10 joins 00000550:11:84-85; 173:12 is only the second half of 00000550:11:88; 173:21 joins 00000564:11:203-204 ("「五島……春花が……消えちゃった……」"). Reuse the source English word for word and adjust only the cell joins?	CORE B2 replay identity vs changed cells	reuse the source English, re-split to the 173 cells	med	resolved	resolved_by=00000F0D:00002056.lns:27-145 | shipped English pasted and re-split to the block-173 cells; the five unshipped cells use the rulings-P16 strings 	8	|	00000F0D:173:0	
376	V372	00000F0D:179:73-75 vs 32:97-99	179:73-75 repeat Papa's lines of 32:97-99 byte for byte ("お前にはママのような予知能力が備わっているはずだ。…") as Kana recalls the call; read/speakers colours them 伊勢 in 179 (幸太郎 in 32). A colour-table slip, or deliberate (the words as Ise overheard them on the bug)?	Speaker attribution fact vs sense	speaker is 幸太郎 (quoted memory); keep identical English; no label	low	resolved	resolved_by=00000F0D:000021E0.lns:232-236 | Papa's quoted call shipped with the exact rulings-P16 strings for 32:97-99 (speaker = Papa as quoted memory, no label) 	8	|	00000F0D:179:73	
377	V373	00000F0D:44:68-71; 44:199-238	Lines Kana foresees (Goto's four unspoken follow-up questions 44:68-71; the vision of the arrest 44:199-238) are set in ordinary 「」 and drawn in the characters' colours (五島, なつみ, 春花). Keep as ordinary quotes? (V240 family)	The narration frames them (44:66-67, 44:187, 50:0); English must not add marks	ordinary straight quotes, no italics, no added framing	med	resolved	resolved_by=00000F0D:0000101D:254-263, 638-741 (44:68-71, 44:199-238) | foreseen lines kept in ordinary straight quotes, no italics, no added framing 	8	|	00000F0D:44:68	
378	V374	00000F0D:14:56	"名前を教えてもらますか！？" = もらえますか	Read as intended	"Could you tell me your name?!"	high	typo 		7	|	00000F0D:14:56	
379	V375	00000F0D:26:149	"ずっと私のそばに下さい" = そばにいて下さい (dropped いて); Ise reacts as if to a proposal	Read as intended	"Then please stay by my side the whole time."	med	typo 		7	|	00000F0D:26:149	
380	V376	00000F0D:26:114	"ママに替ろうか？" = 替わろうか / 代わろうか (okurigana dropped)	Read as intended	"Want me to put Mama on?"	high	typo 		7	|	00000F0D:26:114	
381	V377	00000F0D:44:151	"どうやってそんな失踪が可能になったのが" = なったのか	Read as intended	"How they managed to vanish like that"	high	typo 		7	|	00000F0D:44:151	
382	V378	00000F0D:20:157	"どんな方法で治すだろうか" = 治すのだろうか (dropped の)	Read as intended	"How would he cure it, anyway?"	med	typo 		7	|	00000F0D:20:157	
383	V379	00000F0D:26:160	"幼気な少女と手を出すことなど" = 少女に手を出す (particle slip)	Read as intended	"laying a hand on an innocent girl"	high	typo 		7	|	00000F0D:26:160	
384	V380	00000F0D:8:163, 68:0	Full-width parentheses: "秋菜ちゃん（仮）" in narration (仮 = provisional, i.e. "the alias") and the caption "祀耀805年八月一日（元木駅集団発狂殺人事件から1年4か月後）". CORE A allows （） only where it names the device (V252 family). ASCII or keep?	CP932 layout rule	ASCII parentheses in both; "Akina-chan (alias)"	low	resolved	resolved_by=00000F0D:00000F19.lns:489 | "Akina-chan（provisional）" with the JP full-width parentheses (rulings-P16) 	8	|	00000F0D:8:163	
385	V381	00000F0D:20:80-98, 20:136, 38:89-113, 50:0-139, 56:36-129, 68:34, 74:23-43, 74:108-110, 74:200	居場所 is the file's refrain word (Ise's creed on runaways; Kana's home; 元木町; Ise himself); 38:91 quotes Ise in 『』 ("道を踏み外す少年少女は、居場所がないから") though his actual words at 20:80 differ. One fixed English ("a place to belong") everywhere?	CORE B3 refrain consistency	"a place to belong" throughout, inflected; the 『』 quote uses the same noun	med	open 		7	|	00000F0D:20:80	
386	V382	00000F0D:8:143-147	"秋菜ちゃんはハーフなの！？" / Kana's invented ancestry (8:145) / "私は純日本人である" (8:147). ハーフ: "half", "mixed", "biracial", "half-Japanese"?	Zero localization vs natural English; a sensitive word	"Are you mixed?" / "fully Japanese"	low	resolved	resolved_by=00000F0D:00000F19.lns:439 | "are you half-Japanese!?" / "fully Japanese" 	8	|	00000F0D:8:143	
387	V383	00000F0D:68:239; 00000EDF:192:103-111	Goto: "3日前の七月二九日は古郡先輩の誕生日" (this route). In 00000EDF the basement code 0723 is read as なつみ by number pun and "七月二三日" is someone's birthday, unsaid whose (V328). Keep both as written, no harmonising?	Consistency across routes; the owner reads blind	keep both as written	low	open 		7	|	00000EDF:192:103	
388	V384	00000F0D:74:168-174	Ise mouths "2文字の言葉" (two characters: 夏菜), then "夏菜って". English "a two-character word" would point at kanji; "a two-syllable word" fits "Kana". Which?	The payoff line	"a very short word, two syllables" -> "Kana."	med	resolved	resolved_by=00000F0D:00000F0D-0000102C.lns:527 | 2文字の言葉 = "a two-syllable word" per rulings-P16 NUMBER RULE 	8	|	00000F0D:74:168	
389	V385	00000F0D:44:46	Goto on 祀耀804 April 7: "本当は今日がお父さんの命日でしたけど" (Natsumi's father's death anniversary is today, April 7); elsewhere the case day is April 8. Translate as written?	Date fact the translator must not "fix"	as written	low	open 		7	|	00000F0D:44:46	
390	V386	00000F24:100:77, 100:102, 100:117, 100:126, 100:153-154	Goto reads: ヴェルジ (トミ) "祀耀352年――450年前に生まれ、14歳で亡くなった"; but トミ was 2 at the 祀耀340 April events, died 12 years later, and the book was written 祀耀354 June "トミが死亡してから2年2か月後": by the file's own sums 352 is her death year (and 450 years before 802). Chigaya says "400年以上前に亡くなった" (124:217). Translate 100:77 as written ("born in Shiyo 352") or as the sums require ("died")?	Date the reader can check against the file	as written; the slip is the source's (or Goto's reading of a rough book, 100:76)	med	open 		7	|	00000F24:100:77	
391	V387	00000F24:100:148-149, 106:92, 118:251	ヴェルジ is glossed in the text as Portuguese for "green" (verde, Brazilian pronunciation); ブルーシャ (サクラ's goddess name) is unglossed (Portuguese bruxa = witch; cf. "novo bruxa" in the rite lines, V186). Romanize by the katakana ("Verji", "Brusha") or restore the Portuguese spelling ("Verde", "Bruxa")?	Two names; the Portuguese link is a device (cf. ファルシフィカソ / falsificacao, V259)	"Verji" and "Brusha" by the katakana, the text's own gloss carries "green"	low	open 		7	|	00000F24:100:148	
392	V388	00000F24:64:136 onward (88:47-329, 94:150, 100:29-40, 106:279-302, 142:125-138)	The 白般若 (a white 般若 mask, white robe) is Haruka's mother, revealed at 142:138-139 "おかあ……さん……？". Before that the narration uses 白般若, こいつ, あいつ, やつ, あの人 and describes the mask as a woman's vengeful spirit (88:48). English name ("the White Hannya") and pronoun: "it" / "the figure", never he or she, until 142:139?	Withheld identity across 9 blocks	"the White Hannya"; no gendered pronoun before 142:139	med	resolved	resolved_by=00000F24:00001E82, 00001E88 | the White Hannya ungendered throughout both files ("it", "its", "this thing", "that person" in Goto's mouth) 	8	|	00000F24:64:136	
393	V389	00000F24:70:19	糸姫山 (the 山籠 mountain) and 糸姫温泉: reading not given (いとひめやま assumed). Romanize ("Mount Itohime") or translate 糸姫 ("Thread Princess")?	Place name, several files may use it	"Mount Itohime", "Itohime Hot Spring"	low	resolved	0000107B:11:73, 11:239-241 (named for the girl 糸 called 糸姫; rendering of 姫 moved to V408)	8		00000F24:70:19	
394	V390	00000F24:118:259-275	セレジェイラ聖教: a 女ケ沢市 faith founded by people from 荒田, ドローガ as its sacred object, collapsed about 70 years ago; セレジェイラ is unglossed Portuguese (cerejeira = cherry tree). Haruka: her bullied classmate came from such a family (the 邪教 of 00000682:11:41, 御子神, V109). English form: "the Holy Cerejeira Church" / "Serejeira" / translate?	Org name tied to earlier files	"the Holy Cerejeira Church" (Portuguese spelling, as for the other Portuguese words)	low	open 		7	|	00000F24:118:259	
395	V391	00000F24:118:272	篠崎ハジメ: reading of 篠崎 not given (しのざき assumed); ハジメ in katakana.	Name	"Hajime Shinozaki"	low	open 		7	|	00000F24:118:272	
396	V392	00000F24:112:31	"森という擬態語がぴったりな静寂の音": 森 (forest) is read as the mimetic しん / しーん (silence); a kanji-reading joke English cannot show. Drop the joke, keep "forest" literally, or TN case 4?	Untranslatable pun in narration	render the sense ("a silence you could almost hear") and add no TN	low	owner 		7	|	00000F24:112:31	
397	V393	00000F24:64:87-88, 64:107, 112:222-224, 142:185-186	神使 is defined in the text: Goto "日本神道で、神の使いを意味します" and "女神のしもべ" (servant of the goddess); Natsumi and Mifuyu use it of themselves. Bears on V224's fixed English ("divine messenger"): the text's own gloss is "messenger of a god" / "servant of the goddess".	Key term; the file glosses it	keep V224's "divine messenger"; the gloss lines translate plainly	low	open 		7	|	00000F24:64:87	
398	V394	00000F24:100:83-116, 118:289, 142:168	The book uses 緑の目 / 緑目 for the green eyes and "生まれながらの翠眼" (100:116) for トミ; 翠眼呪殺 is a named term (118:289; 142:168; 00000EDF V326). Bears on V272 (one English for 翠眼 and 緑目?).	Term consistency	V272's best guess stands ("green-eyed" for both); 翠眼呪殺 per V326	low	open 		7	|	00000F24:100:83	
399	V395	00000F24:142:205-252, 187:0-38	The man coloured 春花の父 tells what happened on 祀耀800 April 8 as an enacted scene: bare 「」 dialogue drawn in Mifuyu's and 茜's own colours (142:206-252), then his own unquoted first-person cells (僕) between quoted lines (187:11-38), framed by "教えてあげよう" and "これが真実". Ordinary straight quotes as spoken (like V240 / V244), with no added "he said"?	Format of an embedded account	straight quotes as spoken; no framing words added	low	resolved	resolved_by=00000F24:00001E8F:672-832; 00000F24:00001E99:72-176 | enacted account in plain straight quotes with the speakers' own colours, no added attributions; his 僕 narration as bare past-tense cells 	8	|	00000F24:142:205	
400	V396	00000F24:118:275	"クライスメイト" = クラスメイト	Read as intended	"classmate"	high	typo 		7	|	00000F24:118:275	
401	V397	00000F24:118:379	"私には、対になつみと五島が絶必要なのだ。" = 絶対になつみと五島が必要 (two kana swapped)	Read as intended	"I absolutely need Natsumi and Goto."	high	typo 		7	|	00000F24:118:379	
402	V398	00000F24:64:109	"死んだ人のしもべになるってってことは……" doubled って	Read as intended	"becoming the servant of a dead person means..."	high	typo 		7	|	00000F24:64:109	
403	V399	00000F24:64:153, 136:100	"呪いでもかけようってのか？。" and "旧友とか？。": ？ followed by 。 (V133 family)	Read as intended	one question mark	high	typo 		7	|	00000F24:64:153	
404	V400	00000F24:100:6	"１分で戻って来るから": full-width digit where 64:13 has "1分"	Read as intended	"I'll be back in a minute"	high	typo 		7	|	00000F24:100:6	
405	V401	00000F24:142:150	"何が何だから分からないが" = 何が何だか	Read as intended	"I didn't know what was going on"	high	typo 		7	|	00000F24:142:150	
406	V402	00000F24:124:105	"ドキッと心臓が跳ね上げる。" = 跳ね上がる (transitive for intransitive)	Read as intended	"my heart jumped"	med	typo 		7	|	00000F24:124:105	
407	V403	00000F24:118:359	"この電車の中には、私1人しかない。" = 1人しかいない (dropped い)	Read as intended	"there was no one on the train but me"	high	typo 		7	|	00000F24:118:359	
408	V404	00000F24:142:47	"元木町に呼んだらいいじゃないかな？" = いいんじゃないかな	Read as intended	"Why not bring her to Motoki?"	med	typo 		7	|	00000F24:142:47	
409	V405	00000F24:94:136	"ドローガってのは発明されてから500年しかも経てないんだろ？" = 500年しか経ってない (garbled)	Read as intended	"Droga's only been around 500 years, right?"	med	typo 		7	|	00000F24:94:136	
410	V406	00000F24:130:17	"逆に私も集落に人間を警戒している。" = 集落の人間を (particle slip)	Read as intended	"and I was wary of the villagers in turn"	high	typo 		7	|	00000F24:130:17	
411	V407	00000F24:88:83	"私が怪我しない程度での力でだ。" = 程度の力で (stray で)	Read as intended	"with just enough force not to hurt me"	med	typo 		7	|	00000F24:88:83	
412	V408	0000107B:11:53-75, 11:239-241; 00000F24:70:19	糸姫 is the girl 糸 with 『姫』 added as a title to cheer her (11:73, "糸に…『姫』をつけて呼ぶことにした"); the mountain 糸姫山 is named for her. English: one name "Itohime", or "Ito-hime" / "Princess Ito" so the added title shows? STYLE's suffix list has no 姫.	The tale explains the name; the mountain recurs (V389)	"Itohime" as her name, "Mount Itohime"; carry the 11:73 explanation in the line's own words	low	open 		7	|	00000F24:70:19	
413	V409	0000107B:11:214-228	Naming pun: 綱宗 proposes 天田 ("天の田", heaven's field), the 皇子 picks 荒田 ("荒れた田", ruined field), "天田も荒田も語感は似ている". Readings not given (V043). English: romanized names plus the text's own glosses, or translated field names?	Explains the settlement's name	romanize both (reading of 天田 unknown: "Amata" if あまた) with the glosses the JP already gives in the same lines	low	open 		7	|	0000107B:11:214	
414	V410	0000107B, 00001092, 000010AA, 000010C3	The four historical files use altered names that parody Japanese history: 太良聖守 / 太良氏, 湊氏, 湊朝寄, the 皇子, 麻生田延永, 藤吉郎 / 殿下 / 藤家, 間川基義, 樽狭間, 平松泰基 / 戸川保家 / 内府, 理性寺の変, 蛙吉, 吾大寺, 竹田, 南条. Readings not given. TN rules allow no note for an allusion a Japanese reader gets from the name. Romanize as written with guessed readings, no TN?	Many names; recognizability of the parody	romanize the altered names, no TN; readings need a ruling	low	open 		7	|	0000107B	
415	V411	00001092:11:116	"きっと今川も足を止めて休憩するだろう": 今川 where every other line has 間川 (the parody name)	Read as intended	"Magawa" (the file's name; reading of 間川 per V410)	high	typo 		7	|	00001092:11:116	
416	V412	0000107B:11:83	"従者は残り6名、そして私と宗綱の計8人だ": 宗綱 = 綱宗 (characters swapped)	Read as intended	"Tsunamune"	high	typo 		7	|	0000107B:11:83	
417	V413	00000F57:11:79	"そういう親子がいるってもの聞いたことあるし" = ってのも	Read as intended	"I've heard there are families like that"	high	typo 		7	|	00000F57:11:79	
418	V414	00000F6F:11:144	"私はお姉ちゃんから袖をつかんだ" = お姉ちゃんの袖を	Read as intended	"I grabbed my sister's sleeve"	high	typo 		7	|	00000F6F:11:144	
419	V415	00000F87:11:50	"荒田でのことを思い返される" = ことが思い返される (particle slip)	Read as intended	"I thought back on what happened at Arata"	high	typo 		7	|	00000F87:11:50	
420	V416	00000F87:11:115	half-width "｡" (U+FF61) ends the cell where 。 is meant	Read as intended	a full stop	high	typo 		7	|	00000F87:11:115	
421	V417	00000FB7:11:42	"明日、ここにばあちゃんを土葬される" = ばあちゃんが土葬される (particle slip)	Read as intended	"Tomorrow Grandma would be buried here"	high	typo 		7	|	00000FB7:11:42	
422	V418	00000F9F:11:89	"五島は私の意図を汲んでくれたようだ" lacks the final 。	Read as intended	full stop added	high	typo 		7	|	00000F9F:11:89	
423	V419	000010AA:11:29, 11:131	Latin-script Portuguese in ASCII straight double quotes, spoken by a present speaker (新村儀之助): "Clientes para trazer uma refeicao." (ungrammatical; roughly 'a meal for the guest') and "Traga as drogas." ('Bring the drugs'); 藤吉郎 cannot understand it (11:30). Keep byte for byte, and which wrapper (QUOTE WRAPPERS maps source straight quotes to curly, but this is live speech)?	V186 / V258 family	keep the Portuguese as in source; wrapper as ruled for V186	med	resolved	resolved_by=000010AA:000010AA-000010B6.lns:126, 386 | the two Portuguese lines kept exactly as printed, same ASCII quotes (rulings-P18 QUOTE WRAPPERS); qa_check reports them soft (「 count 0 vs 2) 	8	|	000010AA:11:29	
424	V420	00000F40 (whole); 00000F57:11:160-163; 00000F6F:11:54, 11:78-93	Cross-file replays with changes: 00000F40 retells 00000E95's inn scene from Haruka's side (many cells byte-identical; 11:25 "旅館の中、探検" vs "旅館の中探検"; 11:116-117 two cells vs one; 11:122 "「なななつみ！？　ああ、いや、まあ、な」" vs 00000E95:11:127; 11:146 joins 11:249-250); 00000F57:11:160 adds "結局、" to 00000EC7:11:271 and 11:162 is only the first part of 00000EC7:11:273; 00000F6F:11:78-93 = 00000E95:11:206-221 split differently. Reuse the English cell by cell, re-joining or re-splitting at the new breaks, and write only the changed words fresh?	CORE B2 replays	yes	med	resolved	resolved_by=00000F6F:00000F6F-00000F7B.lns:191,282-317 | replay cells pasted from the shipped English (00000F40:291, 00000E95:686-724) into this file's own tag sequence; cells not byte-identical (287/289 split, 298 「。」 ending, 317 「ぎゅー！」<PG>) reuse the shipped words ("Actually, that's some noise... / Is the amusement park crowded after all?", "There's nothing on screen but people.", "Squeeeze!") 	8	|	00000F40	
425	V421	00000F9F:11:136-140	The fortune-teller's advice replays 00000EC7:11:182-183 without the opening "だから、" and with 追究 for 追及; Natsumi's answer 11:138-139 joins 00000EC7:11:190-192 into two cells; 11:140 = 00000EC7:11:193. Same English, minus "So," / re-split?	Replay	same English minus the dropped word	med	resolved	resolved_by=00000F9F:00000F9F-00000FAB.lns:479-487 | replay pasted from 00000EC7: 479 = shipped 11:182 minus "So" (the dropped だから); 481 and 487 = TSV rows; 482-484 = the shipped 11:190-192 words re-split into two cells ("I... " / "No, I understand. It's better not to know the truth, right?") 	8	|	00000F9F:11:136	
426	V422	00000FB7:11:108-122	Childhood memory replaying 00000682:11:57-72: identical cells except 11:109-110 (one cell split in two) and 11:114-115 "…………。／うん、楽しいよ！」" where 00000682:11:64-65 has "うん……楽しいよ……」". Reuse identical cells' English; the changed answer gets a brighter English?	Replay; the change is the point of the scene (Haruka's lie)	yes	med	resolved	resolved_by=00000FB7:00000FB7-00000FC3.lns:345-347 | identical cells pasted from the shipped rows; the changed answer rendered "Yeah, it is fun!" (see DECISION) 	8	|	00000FB7:11:108	
427	V423	0000107B:11:9, 11:48, 11:2	"湊　綱　宗――御年28歳。" has U+3000 between the name's characters (11:8 "皇子――御年29歳。" has none); 11:48 "湊 朝 寄" ASCII spaces; 11:2 " 理 ". Ruby residue (RUBY-RESIDUE SPACING: drop) or a caption layout device to keep?	Layout	ruby residue at all three; drop	low	resolved	resolved_by=0000107B:11:2, 11:9, 11:48 | ruby residue spaces dropped (rulings-P18 RUBY) 	8	|	0000107B:11:9	
428	V424	0000107B, 00001092, 000010AA, 000010C3	Colour casting: the historical roles are drawn in the main cast's colours (the 皇子 春花, 湊綱宗 なつみ, 糸姫 五島; 藤吉郎 and the 殿下 なつみの父; the 内府 春花の母), while the text never links them. Translate each role in its own period register with no hint of the colour owners?	Speaker and register; a link the text does not state	roles as written, own registers, no link	med	open 		7	|	0000107B	
429	V425	00000FCF:15:0, 23:0-3, 31:0-4, 39:0, 47:0-2	Bare unquoted cells in their own blocks, no colour: the grandmother's voice on the wind (identified only by Haruka, 19:4-5), Haruka's shout (39:0, named by narration 43:0), and two closing voices named only by address (47:0 "さあ栄一郎、行こうか。…", 47:1 "そうだね母さん。…", 47:2 "もう、僕たちがでしゃばる必要はない。"). Keep bare, no speaker tags?	Speaker identities withheld by form	keep bare (V235 / V264 family)	med	resolved	resolved_by=00000FCF:15:0, 23:0-3, 31:0-4, 39:0, 47:0-2 | bare cells kept bare, no quote marks, no attribution (rulings-P18 lane A) 	8	|	00000FCF:15:0	
430	V426	00001073:8:0-5	The field reporter is called ゆきちゃん by the studio host; 00000EAF's Japonica TV announcer is 新橋ゆき乃 ("ゆきぴん"). Same person? Not stated; different channel not named either.	Identity link	do not link; "Yuki-chan"	low	resolved	00001A4E:8:1-2, 8:3, 8:50 (the same morning show; ゆきちゃん = 新橋ゆき乃; link allowed, no TN) 	8	|	00001073:8:0	
431	V427	00000F57:11:139	Haruka's narration "本当に警察呼んだろか！？" (呼んだろか = 呼んでやろうか, a western-Japan form), a one-off comic aside (V137, V345 family)	DIALECT POLICY	plain English ("Maybe I should call the cops for real!?")	med	resolved	resolved_by=00000F57:00000F57-00000F63.lns:495 | 呼んだろか shipped plain per DIALECT POLICY: "Maybe I should call the cops for real!?"; no TN (a one-off narration aside, not a sustained dialect speaker) 	8	|	00000F57:11:139	
432	V428	00000F87:11:265-274; 00000801:8:163-177	桃子's toddler request for a sister is told twice with different wording: 00000F87 "ねえねえ、まま！　わたし、いもうとがほちい！" / "えりなっておなまえ！"; 00000801 "まま！　いもうと、ほちい！　ももこ、いもうと、ほちいの！" / "おなまえ、えりな！". Same baby-talk device (ほちい) in English both times?	Consistency of a cross-file motif	same device (e.g. "wan'" for "want") in both	med	open 		7	|	00000801:8:163	
433	V429	000010C3:11:235	"この衣装代だけでも莫大な費用（現代の金額換算で39億円）がかかっている。": a modern authorial aside in full-width parentheses inside the period narration (V252 family); 39億円 = 3.9 billion yen	Parentheses device; numerals	keep the aside in ASCII parentheses per V252 ruling; "3.9 billion yen"	low	resolved	resolved_by=000010C3:000010C3-000010CF.lns:11:235 | full-width parentheses rendered as ASCII per the ruling: "The costumes alone cost an enormous sum (3.9 billion yen in today's money)." 	8	|	000010C3:11:235	
434	V430	0000107B:11:0, 11:12, 11:259; 00001092:11:22, 11:82; 000010AA:11:252; 000010C3:11:8, 11:75, 11:206	Era dates in the historical files: "祀耀の元号が始まる1年前の五月二六日", "祀耀元年四月八日" (元年 = year 1), "祀耀309年の一二月", "祀耀310年初春", "祀耀340年四月五日". CALENDAR rule gives "Shiyo 340, April 5"; is 元年 "Shiyo 1"?	Date form	"Shiyo 1, April 8"; "the year before the Shiyo era began, May 26"	med	open 		7	|	0000107B:11:0	
435	V431	000010AA:11:69	"オレは早く力のつく食い物を手に入れて尾張に帰らなくてはならない": 尾張 is a real province name (Owari) where the tale otherwise alters names (V410); 000010C3:11:175 "京" likewise real. Keep "Owari" and "Kyoto"?	Allusion consistency	keep as written: "Owari", "the capital" for 京	low	resolved	resolved_by=000010AA:000010AA-000010B6.lns:232 | 尾張 = "Owari" (rulings-P18 NAMES) 	8	|	000010AA:11:69	
436	V432	00001124:8:149-151	"ん……／えっと……／どっちなんだろう……" is coloured 春花 in read/speakers, but 春花 is absent (a Tokyo café, 茅萱 and 美冬 only); the lines open with 茅萱's "ん……" and answer 美冬's question to 茅萱 (8:147-148). Colour-table slip, or something the text intends?	The brief treats colour as fact; the English attribution follows it	茅萱's lines; a colour slip in the source	med	resolved	resolved_by=00001124:00001124-00001130.lns:8:149-151 | coloured 春花 (STYLE ID 8) by a source slip: the three tags kept as printed, Chigaya's words pasted as ruled: "Mm..." / "Um..." / "Which is it, I wonder..." 	8	|	00001124:8:149	
437	V433	0000110D:12:0, 20:0; 00001184:12:0	An unseen voice in 「」, each line alone in its block, colour ?: "あっちの方にいるよ" / "ほら、あっちの方だよ" leads 茅萱 to the cliff; no one is present and baby 夏菜 sleeps (16:0-4); 00001184:12:0 replays it. Later 五島 theorises a 『何者か』 who sends the seers their voices (0000119C:8:216-236). Speaker?	Must stay unattributed and ungendered (no he / she, no "the woman's voice")	keep as bare quoted lines; identical English at the replay	med	open 		7	|	0000110D:12:0	
438	V434	000010DD:11:268-279, 11:283	栄一郎's first person switches 僕 -> 俺 as the ドローガ takes hold ("今の僕なら――／俺なら――。" 11:268-269; 俺 in narration to 11:279), then 僕 again at 11:283. STYLE first-person rule: TN case 3. Wording and position?	The text marks the switch itself; English "I" cannot	TN at 11:269, e.g. "[TN: he switches from the mild "boku" to the rough "ore."]"	med	resolved	resolved_by=000010DD:000010DD-000010E9.lns:861-897 | ruled: no TN (O-70); carried by register, DECISIONS row above 	8	|	000010DD:11:268	
439	V435	000010DD:11:76, 11:161, 11:331	雷怨猫達: a biker-gang name in yankee ateji (雷 thunder, 怨 grudge, 猫達 cats; らいおん = "lion"?); no reading given. Romanize, or an English gang name?	Name, three occurrences	"the Lion Cats" if らいおん is meant; else romanize	low	resolved	resolved_by=000010DD:000010DD-000010E9.lns:277,297,542,1061 | "the Lion Cats" by the source ruby, no TN; ruby tags kept on "Lion Cats" 	8	|	000010DD:11:76	
440	V436	000010DD:11:120, 11:126, 11:128-129	セレ, the Westerner who took the name 新村儀之助: romanization? セレ is also the head of セレジェイラ聖教 (V390; cerejeira = cherry tree in Portuguese).	Name; the link to the church name	"Cere" keeps the visible link to "Cerejeira"; "Sere" is plain Hepburn	low	open 		7	|	000010DD:11:120	
441	V437	0000110D:24:124, 24:129	The TV weather says "東京市" (Tokyo as a city) twice; elsewhere the text says 東京. In-world naming or a slip?	Place name form	carry the JP: "Tokyo City"	med	resolved	resolved_by=0000110D:0000110D-line24.lns:498,510 | 東京市 = "Tokyo City" in the two TV cells only (ruled), carried as written 	8	|	0000110D:24:124	
442	V438	0000113D:8:99	"エンマ鹿と獄卒イノシシのミックスカレー": 荒田 game named for hell (閻魔 = King Yama; 獄卒 = hell's jailers), like シニガミトカゲ (V170) and 化け物鹿. Romanize ("Enma deer") or translate ("King Yama deer", "hell-warden boar")?	Food names; the hell theme should stay visible	translate: "King Yama deer and hell-warden boar curry"	low	resolved	resolved_by=0000113D:0000113D-00001149.lns:8:99 | "Enma deer and hell-warden boar" as ruled, no note 	8	|	0000113D:8:99	
443	V439	00001184:24:5-14	茅萱's guilt as a scale (天秤) on her back speaks in 「」 (colour ?) with 僕 and 君, mocking her. English self-reference ("I") and the narration's pronoun for the scale ("it")?	Personified object; no gender in the JP	"I" / "you" in its lines, "it" in narration, no TN	med	resolved	resolved_by=00001184:24:5-14 | ruled: the scales say "I" / "you" in their lines, "it" / "the scales" in narration (24:4 "The scales whispered to me on the sly."; 24:8 "it whispered to me"), no TN, no gender. 	8	|	00001184:24:5	
444	V440	000011B4:8:71; 0000110D:24:103	五島 groans "うぎゅう……" (Mifuyu's named tic うぎゅ, V143) when she cannot see over the crowd; baby 夏菜 cries "うう……／うぎゅううう……". Reuse the うぎゅ English (an echo) or a plain groan?	Tic identity across speakers	reuse the うぎゅ row's English, stretched	low	resolved	resolved_by=000011B4:000011B4-000011C0.lns:249 | the ruled "Uuugh... at my height I can't see a thing..." (the うぎゅ English stretched) 	8	|	0000110D:24:103	
445	V441	00001154:8:72	美冬's text message in ASCII straight double quotes ends with the emoticon "(^-^)" (all ASCII). QUOTE WRAPPERS: curly; keep the emoticon as is? (V117 family)	Emoticon in a message	curly wrapper, emoticon copied byte for byte	high	resolved	resolved_by=00001154:8:72 | ruled (rulings-P20 VOICES MIFUYU): the message keeps the source's straight ASCII double quotes and "(^-^)" byte for byte, inside the original four STYLE spans. 	8	|	00001154:8:72	
446	V442	000010DD:11:126	"その桜の根からある薬を作り上げる" ends without 。 (V418 family)	Read as intended	full stop added	high	typo 		7	|	000010DD:11:126	
447	V443	000010DD:11:173	"それを聞けただけも嬉しいから" = 聞けただけでも (dropped で)	Read as intended	"Just hearing that makes me happy"	high	typo 		7	|	000010DD:11:173	
448	V444	000010DD:11:194	"僕みたいが出来そこないが" = 僕みたいな出来そこないが	Read as intended	"a failure like me"	high	typo 		7	|	000010DD:11:194	
449	V445	000010DD:11:202	"どんでもないこと" = とんでもないこと	Read as intended	"something outrageous"	high	typo 		7	|	000010DD:11:202	
450	V446	000010DD:11:267	"鬱状態は真逆の" = 鬱状態とは真逆の (dropped と)	Read as intended	"the very opposite of depression"	high	typo 		7	|	000010DD:11:267	
451	V447	000010F5:8:227	"当然は、誰も私の予知のことなんて信じてくれなかった" = 当初は (misconversion)	Read as intended	"At first, nobody believed in my foresight"	med	typo 		7	|	000010F5:8:227	
452	V448	000010F5:8:230	"私の予知の的中させれば" = 予知を的中させれば (particle slip)	Read as intended	"if my foresight hits the mark"	high	typo 		7	|	000010F5:8:230	
453	V449	000010F5:8:321	"茅萱は死ぬかもしれない！。" ！ followed by 。 (V133 family)	Read as intended	"Chigaya might die!"	high	typo 		7	|	000010F5:8:321	
454	V450	00001124:8:50	"途中から楽しくてなって" = 楽しくなって	Read as intended	"partway through I start having fun"	high	typo 		7	|	00001124:8:50	
455	V451	00001124:8:222	"それもどうしからねー！" = どうかしらねー	Read as intended	"I don't know about that!"	high	typo 		7	|	00001124:8:222	
456	V452	00001154:8:21	"ここでだけで解決しようとしてる" = ここだけで (stray で)	Read as intended	"trying to settle it only here"	med	typo 		7	|	00001154:8:21	
457	V453	0000116C:8:61	"お茶をご用致しますね" = ご用意致します (dropped 意)	Read as intended	"I'll bring you some tea"	high	typo 		7	|	0000116C:8:61	
458	V454	0000119C:8:32	"お茶を飲んでいるだけようだが" = だけのようだが (dropped の)	Read as intended	"she only seemed to be drinking tea"	high	typo 		7	|	0000119C:8:32	
459	V455	000011B4:8:139	"5W1H(What/Who/H o w/When/Where⏎/Why)": stray spaces inside "H o w" (ruby-residue style, V286 family) and a ⏎ before "/Why"	Read as intended; keep the ⏎ (cell layout)	"How"; ⏎ kept	high	typo 		7	|	000011B4:8:139	
460	V456	000011B4:8:186	"古い蔵書とかがあれば、それを調べ下さい" = 調べて下さい (dropped て)	Read as intended	"look through them"	high	typo 		7	|	000011B4:8:186	
461	V457	00001214:8:147, 8:163; 00001247:8:129, 8:136; 000012C5; 000012DE:8:51	The organism's name 『死月妖花』 is the game's own title (死月妖花～四月八日～), and its reading しがつようか is also 四月八日 (April 8). English: translate the kanji, romanize ("Shigatsu Youka") with a TN on the April-8 reading (case 4), or use whatever English the owner fixes for the title?	The title word enters the story as a name; the pun cannot be heard in English	owner decides; one English for title and name, romanized, one TN on the reading	low	owner 		7	|	00001214:8:147	
462	V458	000011E3:8:28-31	五島 coins 『ネクロ』 from ネクロマンサー and explains "英語で呪術師のことをネクロマンサーと言います". In English she explains an English word to English readers. Keep the explanation as said ("In English a sorcerer is called a necromancer")?	Only-in-Japanese logic; no localization	"Necro"; keep her explanation plainly	med	resolved	resolved_by=000011E3:000011E3-000011EF.lns:126-128 | Goto's explanation kept as said: "In English, a sorcerer is called a necromancer. / Shorten that, and you get Necro." (ruled) 	8	|	000011E3:8:28	
463	V459	00001214:8:128-159; 00001247:8:136-143	チガ姉's memo prints illegible characters as × (1 to 6 in a run). 00001247:8:142-143 restores one masked line in full. English: mask letters inside the English words at about the same proportion with × (V040 glyph), and make 8:143 the exact unmasked form of 8:142?	The device shows a scrawl; the restoration must match	× inside English words; 00001247:8:142 identical to the memo line, 8:143 its full form	med	open 		7	|	00001214:8:128	
464	V460	00001214:8:141-156	The memo calls 死月妖花 『彼女』 in 『』 ("she", a fungus); later narration uses 彼女 and 死月妖花 without quotes. English 'she' in single quotes where the JP has 『彼女』?	A pronoun choice the text makes on purpose	'she' in single quotes as the JP; plain "she" where unquoted	med	resolved	resolved_by=00001214:00001214-00001220.lns:476-523 | 『彼女』 = 'she' in single quotes; bare 彼女 = she / her 	8	|	00001214:8:141	
465	V461	00001214:8:227	On the recording "「茅萱……」" is coloured ? ; 茅萱 answers "おかあ……さん……？" and 8:238-240, 8:247 are coloured サクラ. Speaker of 8:227?	Colour-as-fact rule leaves it open	サクラ's voice by context; no label in the English	med	resolved	0000136D:8:104 (the same line from 茅萱's side is coloured サクラ) 	8	|	00001214:8:227	
466	V462	00001214:8:133	"「おい五島、このメモ……！」" is coloured 茅萱 in read/speakers, but 茅萱 is absent and the line is 春花's (addressing 五島 about the memo she found). Colour slip (V432 family)?	Colour-as-fact rule	春花's line; a colour slip	med	resolved	resolved_by=00001214:00001214-00001220.lns:443 | Chigaya-coloured 「おい五島、このメモ……！」 = Haruka's words, tags as printed 	8	|	00001214:8:133	
467	V463	0000127A:8:116	"「ん……春花？」" is coloured ? while 茅萱's lines at 8:131-132 on are coloured 茅萱; narration names チガ姉 (8:125).	Attribution	茅萱's line	high	resolved	000013CD:8:168 (the same line from 茅萱's side is coloured 茅萱) 	8	|	0000127A:8:116	
468	V464	000011CC:8:29, 8:47, 8:52; 0000130D:8:1-69	茅萱 on the phone and at home drops the ん…… opener on some fresh turns (000011CC:8:29 "あら、五島ちゃんに…", 8:47, 8:52) and keeps it on others; her card: every sober line opens ん…… (GLOSSARY ん……). Follow the JP line by line?	Tic consistency	follow the JP: no "Mm..." where the JP has none	med	resolved	resolved_by=000011CC:000011CC-000011D8.lns:129,171,191 | the dropped opener kept as printed (DECISION above); every other Chigaya turn opens "Mm..." with a capital after it 	8	|	000011CC:8:29	
469	V465	000011CC:8:181-182; 00001247:8:80, 8:92-94, 8:125-127; 0000127A:8:0-1	One sound, three names: アポカリプティックサウンド and ストレンジサウンド (katakana English, 五島), 猛き音 (the scripture, in 『』). English: "the apocalyptic sound" / "strange sounds" plain, 猛き音 a distinct archaic name ("the Mighty Sound")?	Recurring term; the scripture's word must stay distinct	as proposed	low	resolved	resolved_by=000011CC:000011CC-000011D8.lns:583-585 | ストレンジサウンド……／アポカリプティックサウンド…… = "Strange sounds... / Apocalyptic sounds..." (ruled); GLOSSARY TBD row can be closed 	8	|	000011CC:8:181	
470	V466	000012AD:16:0-2	Block 16 repeats 夏菜's 12:62-63 as bare katakana cells "ハルカチャンハネ／ミイラサガシニイッタヨ／チカノドウクツニ" (no colour, no 「」). English device for a katakana echo?	Who or what repeats it is withheld; the device must be visible	ALL CAPS, bare, the same words as 12:62-63	med	open 		7	|	000012AD:16:0	
471	V467	000011CC:8:22-54; 0000110D-000011B4	Route: 茜 and 良治 were asked, なつみ's foresight called it dangerous, so なつみ and 五島 come (8:52-54); in 00000B57 the parents come. Chunk-19 SUMMARY blocks label 茅萱's Tokyo files "route of 00000B57". Is 000011CC-0000130D a separate route continuing 0000110D-000011B4?	Route labels guide drafters' continuity	a separate route continuing 0000110D-000011B4	med	open 		7	|	0000110D	
472	V468	000011FA:8:6	"『喪』や『忌』の字がふさわしい空気": two kanji named as characters. English names the words ("the words 'mourning' and 'death'")?	Kanji-as-glyph reference	name the words, no glyph talk	low	open 		7	|	000011FA:8:6	
473	V469	00001247:8:110, 8:114	The scripture: "神使と呼ばれる4人の死の軍勢の将" — 神使 names four generals of the army of the dead (with the demon king アバドン), unlike the Shinto gloss in 00000F24 (V393). Bears on V224's fixed English.	Key term; one English across uses	keep V224 "divine messenger"	low	open 		7	|	00001247:8:110	
474	V470	000012F5:8:142	"レポドパ" = レボドパ (levodopa), ポ for ボ	Read as intended	"levodopa"	high	typo 		7	|	000012F5:8:142	
475	V471	000012AD:12:15	"敬語使うの忘れちゃてて" = 忘れちゃってて	Read as intended	"I forgot to talk politely"	high	typo 		7	|	000012AD:12:15	
476	V472	00001247:8:19	"いるだろうに。。" doubled 。	Read as intended	one full stop	high	typo 		7	|	00001247:8:19	
477	V473	00001247:8:70	"少なくとも400年のものと推測される" = 400年前のもの (dropped 前)	Read as intended	"at least 400 years old"	med	typo 		7	|	00001247:8:70	
478	V474	00001247:8:114	"我々を殺すどころから" = どころか	Read as intended	"far from just killing us"	high	typo 		7	|	00001247:8:114	
479	V475	000012C5:8:95	"私とあろう者が" = 私ともあろう者が	Read as intended	"I, of all people,"	high	typo 		7	|	000012C5:8:95	
480	V476	000012C5:8:173	"何なんのだろうか" = 何なのだろうか	Read as intended	"what is this"	high	typo 		7	|	000012C5:8:173	
481	V477	0000130D:8:5	"いずれも400程前のものらしく" = 400年程前 (dropped 年)	Read as intended	"about 400 years old"	high	typo 		7	|	0000130D:8:5	
482	V478	0000130D:8:95	"義之助" = 儀之助 (wrong first kanji)	Read as intended	"Ginosuke"	high	typo 		7	|	0000130D:8:95	
483	V479	0000122E:11:85	"…いるんじゃないかって思うの" ends without 。 before the next cell of the same turn (V418 family)	Read as intended	full stop added	high	typo 		7	|	0000122E:11:85	
484	V480	00001295:8:102	"家には私しかないよ" = 私しかいない (V403 family)	Read as intended	"it's just me in the house"	high	typo 		7	|	00001295:8:102	
485	V481	000011E3:8:137	"なんで政府の極秘がなんでネットに載ってるんだよ" doubled なんで: a speech stumble or a slip?	One or two "why" in English	a slip; one "why"	med	typo 		7	|	000011E3:8:137	
486	V482	00001247:8:65	"それは、日本語で書かれた教典のようなものがある。" mixes それは…である with …がある	Read as intended	"It was a scripture of sorts, written in Japanese."	med	typo 		7	|	00001247:8:65	
487	V483	000012F5:8:171	"その菌 床の大きさ" stray space inside 菌床 (V286 family)	Ignore the space	"the mycelium"	med	resolved	resolved_by=000012F5:000012F5-00001301.lns:489 | 菌 床 stray space ignored: "mycelial mat" (ruby span kept) 	8	|	000012F5:8:171	
488	V484	000012F5:8:122	"1000℃": ℃ (U+2103, CP932 0x818E) is outside the allowed set for text the translator writes (STYLE CHARACTER SET). "1,000 degrees C" / "1,000 degrees Celsius"?	CP932 allowed-set rule	"1,000 degrees Celsius"	med	resolved	resolved_by=000012F5:000012F5-00001301.lns:394 | 1000℃ = "1,000 degrees Celsius" (no ℃ glyph) 	8	|	000012F5:8:122	
489	V485	00001325:8:195; 0000133D:8:88	Two one-off Kansai-style lines: 茅萱's tsukkomi "はよ読めや" (colour 茅萱; はよ = 早く, や copula) and 夏菜's "はいはい、なんでっしゃろ？" (colour 夏菜); V137 / V345 / V427 family. DIALECT POLICY forbids regional English and puts a TN at a character's first dialect line; these are gags, not the speakers' dialect.	Register; no regional English	blunt, clipped English for 茅萱 ("Read it already."), a playful stock phrase for 夏菜 ("Yes, yes, what can I do for you?"); no TN	med	open 		7	|	00001325:8:195	
490	V486	00001325:8:143-231	夏菜's exchange diary is written in a child's spelling (kana for kanji: 交かん日記, けっこん, いっしょ, ひなだん, おひな様) and she reads the boy 大翔's entries (which she wrote herself) aloud in a boy's voice (おれ, だぞ, よな, "お前"). English device? Eye-dialect and respellings are banned.	Device of a comic scene	plain, simple English with a child's vocabulary, no misspellings; the boy's voice by word choice only	med	open 		7	|	00001325:8:143	
491	V487	00001325:8:145-152	"大翔ってなんて読むのかしら？" / "ひろと……" / "最近の子は読みにくい名前ばっかね" / "お姉ちゃんの名前だって、読みにくいじゃん……" / "は？": a kanji-reading joke (modern names with odd readings; 茅萱 is hard to read too). English has no reading problem.	Only-in-Japanese logic; the exchange turns on it	translate plainly ("How do you say this boy's name?" / "Hiroto..." / "Kids these days all have names you can't read." / "Your name's hard to read too..."); one TN (case 6) at 8:145, e.g. "[TN: the kanji of both names have unusual readings]"	low	open 		7	|	00001325:8:145	
492	V488	00001325:8:182-199, 8:205-213	Cell-split stammers of words completed in the file: "ほ、" in twelve cells plus "ほほ、" and "ほほほ、", then a cell that is only "」" (8:194), then 8:196-199 "ほ、／ほ、／ほんとに……／好きなの……？"; "だ、／だ、／だ、／大好き……"; "けけ、／っこん……／けっこんしたい……の". CELL-SPLIT WORDS: English over the same cells?	Cell parity; the lone closing-quote cell	stammer on the first letters of the completed English word, one per cell ("R-," ... "Really..."); keep the lone closing quote as its own cell	med	open 		7	|	00001325:8:182	
493	V489	00001325:8:200, 8:214-215	茅萱's inner shrieks as bare narration cells: "キエエエ…エ！！" with 69 エ (8:200), then 9 エ twice (8:214-215). SFX rule (a sound the reader can hear); keep the length?	Stretch as a device	an English shriek of similar length ("Kyeeeee...!!", the e count matching the エ count)	low	open 		7	|	00001325:8:200	
494	V490	00001325:8:236-237	"昨日夏菜はずっと家にいたはず。／だって、私におはぎを持ってきてくれたじゃない。": the おはぎ was brought in 0000130D:8:0-18, which by 0000130D:8:2, 8:168 and 0000133D:8:28 / 0000139D:8:6 is the same day (April 6). A slip for 今日, or does "昨日" follow the diary's last page ("ついに、昨日" 8:228)?	Continuity; English "yesterday" states a date	translate as written ("yesterday")	low	open 		7	|	00001325:8:236	
495	V491	00001355:8:147-166	Subject labels 第一世代（壱）, 第二世代（弐）, 第三世代（参） and then （壱）, （弐）, （参）, 遺体（参）: formal kanji numerals in full-width parentheses; 8:166 prints "遺体(参)" with ASCII parentheses. English label form? Full-width parentheses are ASCII unless CORE A names the device.	Labels in a report; CP932	"(I)", "(II)", "(III)" with ASCII parentheses throughout; 8:166 the same	low	resolved	resolved_by=00001355:00001355-00001361.lns:482-532 (8:147-166) | the labels "First Generation (I)" / "(I)" / "Corpse (III)" with ASCII parentheses throughout, 8:166's 遺体(参) included, as ruled 	8	|	00001355:8:147	
496	V492	00001355:8:253-257; 0000136D:8:59; 00001385:8:88; 000013B5:8:74	『盗感』 is the report's own coinage ("うまい言い回しが見つからないので、ここでは『盗感』と命名する", 盗 steal + 感 sense), later used as a verb (盗感する, 盗感出来ない) by 茅萱 and the dead. One English coinage for noun and verb?	Coined key term	"sense-theft" (noun), "steal (someone's) senses" (verb), in single quotes where the JP has 『』	med	open 		7	|	00001355:8:253	
497	V493	0000136D:8:27-51 vs 00001214:8:128-159	The memo's intended text is given clean here ("――字を確認することはできないが、こう書いたつもりだ。" 8:52); the scrawled copy in 00001214 differs at 8:156 ("何らかの方法で" where 8:48 has "死体を使って") and splits 8:146-147 where 8:39 is one cell. Bears on V459 (restoring the × cells).	Two printings of one memo	translate each file from its own JP; where the JP matches, the 00001214 English is this English with × masking	med	open 		7	|	00001214:8:128	
498	V494	0000136D:8:104-113, 8:152-153 vs 00001214:8:227-248	REPLAY of the recording scene from 茅萱's side: 8:111 "帰ってこれたの" where 00001214:8:240 has "帰ってこられたの" (ら抜き), and 8:110-111 split over two cells where 00001214:8:238-240 has three. Same English?	Replay consistency	identical English words; cells follow each file	med	open 		7	|	00001214:8:227	
499	V495	000013CD:8:241-277, 8:171-190; 000013E6:8:4-18 vs 000012DE:8:78-96; 0000127A:8:129-160	One scene told from three sides with cell and word differences: the villager's line in one cell (000012DE:8:78) vs two (000013CD:8:241-242); 茅萱's "叔母さんと春花は…避難して！" two cells (000013CD:8:267-268) vs one (000013E6:8:4); "夏菜！　2人をお願い！" (000013CD:8:270) vs "夏菜！　2人を案内して！" (000013E6:8:6); 000013CD:8:171, 8:177, 8:179 join cells split in 0000127A:8:129-130, 8:133-134, 8:137-138.	Replay consistency	identical English where the JP words match, cells per file; 8:6 and 8:270 differ as the JP does ("take them" / "look after them")	med	open 		7	|	0000127A:8:129	
500	V496	000013CD:8:357-358	栄一郎's last lines as heard while 茅萱 blacks out, with runs of U+3000 inside ("でも、茅萱ちゃんが女神様の弱点　気づいた　　ちょっと焦　　よ。／念のため、も　君の血　　　　　てもらう　　　"). English: the full sentence with the gaps at matching points (CORE A gap device, U+3000 kept)? Cf. V459 (× masking).	Device; CP932	English of the intended sentence with words dropped at the gap points and U+3000 runs of the same length kept	med	resolved	resolved_by=000013CD:000013CD-000013D9.lns:1159-1161 | the gap device pasted as ruled by rulings-P22 THE GAP CELLS (Q555) 	8	|	000013CD:8:357	
501	V497	000013FD:8:196-197 vs 00001355:8:92-93	The grandmother's oral lore "死者黄泉出で尋常ならざる妖花立ち並ぶ。" lacks the て of the written verse "死者黄泉出でて…"; the second line is identical. Same English?	Replay of a verse (oral vs written)	identical English for both lines	low	resolved	resolved_by=000013FD:000013FD-00001409.lns:610-612 | identical English to the shipped verse / 00002026 rows (rulings-P22 THE ORAL LORE) 	8	|	00001355:8:92	
502	V498	000013FD:8:241-253 vs 00001247:8:100-115	五島 recalls 『セレジェイラの教え』 abridged: drops 8:104 and 8:111-113, drops "おぞましいラッパの音" from 8:105 and "さらに" from 8:114, splits 8:110 over two cells ("…魔王――／アバドンが現れた。"); typos V508, V509.	Replay consistency	reuse the 00001247 English sentence by sentence, following the cuts	med	resolved	resolved_by=000013FD:000013FD-00001409.lns:725-756 | the shipped 00001247 sentences reused following the cuts (8:243 see QP22E-01) 	8	|	00001247:8:100	
503	V499	000013FD:8:227-230	The 大魔女's oral lore: "死神は、アバドンに従いし4人の神使。" identifies the 死神 with the four 神使 of the scripture (00001247:8:110, V469). Bears on V224 / V393 ("divine messenger") and V014 (死神).	Term consistency	keep the fixed renderings; the line states the identity itself	low	resolved	resolved_by=000013FD:000013FD-00001409.lns:688 | fixed renderings kept: "shinigami", "the four divine messengers who serve Abaddon" 	8	|	000013FD:8:227	
504	V500	00001355:8:83	" 椿 " (ruby-residue spaces), the young 大魔女 sacrificed in 482: reading つばき assumed; 荒田 women carry plant names (桔梗, 茅萱, サクラ, エリカ; V195).	Name	"Tsubaki"	low	resolved	resolved_by=00001355:00001355-00001361.lns:300 (8:83) | " 椿 " = "Tsubaki" (ruby つばき on the name), residue spaces dropped, as ruled 	8	|	00001355:8:83	
505	V501	0000133D:8:146, 8:171-174; 00001355:8:64-65	New facts for V457: 茅萱 voices the reading as a guess ("しがつようかって読むのかしら？"); the old book explains 死月 as the month of death (荒田 people die in April: "だから、死月だ"); the 482 text: "死の月に降臨する妖花――／死月妖花。" The English of 0000133D:8:146 must carry a reading.	Title word; a reading spoken in the text	per V457 (owner): romanize with one TN on the reading	low	owner 		7	|	0000133D:8:146	
506	V502	00001355:8:109	"ドローガを科学的に仕組みを解明しようとした" = ドローガの仕組みを科学的に (doubled を)	Read as intended	"tried to work out scientifically how Droga works"	med	typo 		7	|	00001355:8:109	
507	V503	00001355:8:152	"第三世代（参）が第二世代（弐）殺意に駆られた" = 第二世代（弐）に殺意 (dropped に)	Read as intended	"(III) was seized by the urge to kill (II)"	high	typo 		7	|	00001355:8:152	
508	V504	00001355:8:169	"大きさ3メートルほど桜の木" = 3メートルほどの桜の木 (dropped の)	Read as intended	"a cherry tree about 3 meters tall"	med	typo 		7	|	00001355:8:169	
509	V505	0000136D:8:50	"携帯の音声の聞いてください" = 音声を聞いて (の for を)	Read as intended	"listen to the audio on my phone"	high	typo 		7	|	0000136D:8:50	
510	V506	0000136D:8:59	"手の動きだけで当たられる" = 当てられる	Read as intended	"if it can guess what I wrote from my hand movements alone"	high	typo 		7	|	0000136D:8:59	
511	V507	0000139D:8:170	"ろくなことでは起こらないだろう" = ろくなことは起こらない	Read as intended	"nothing good will come of it"	med	typo 		7	|	0000139D:8:170	
512	V508	000013FD:8:242	"薔薇や 李 にもにも似ている" doubled にも (00001247:8:101 has one)	Read as intended	"also like roses and plums"	high	typo 		7	|	000013FD:8:242	
513	V509	000013FD:8:252	"我々を殺すどころから" = どころか; the V474 typo replayed	Read as intended	as V474	high	typo 		7	|	000013FD:8:252	
514	V510	00001385:8:152	"ポンチョブラケット" = ポンチョブランケット (dropped ン)	Read as intended	"poncho blanket"	high	typo 		7	|	00001385:8:152	
515	V511	00001442:11:196	"「あ……会いました……」" is coloured 茅萱 in read/speakers, but 茅萱 is absent: it is 春花 answering サクラ's "茅萱には会った？" (11:195), and サクラ answers "敬語なんて使わなくていいのに" (11:197). A colour-table slip (V462 / V432 family)?	Speaker attribution; the polite form is 春花's register event	春花's line; draft as hers	high	resolved	resolved_by=00001442:00001442-0000144E.lns:609 (11:196) | Haruka's line, untagged as printed (Chigaya's colour slip): `"I... I did meet her..."`, no tags added 	8	|	00001442:11:196	
516	V512	00001459:8:170	"「ばあちゃん、もしかしてサクラさんの首を切ったのって……」" is coloured エリカ, but it addresses ばあちゃん and the grandmother answers "春花……。" (8:173): 春花's line. Colour slip?	Speaker attribution	春花's line	high	resolved	resolved_by=00001459:00001459-00001465.lns:518 | 8:170 written as Haruka's words in the Erika-coloured tags as printed: "Grandma, don't tell me the one who cut off <8>Sakura-san's</> head was..."; no tag added or removed 	8	|	00001459:8:170	
517	V513	000014BC:8:249	Inside なつみ's turn 8:246-250 ("春花……／五島が危ない！／チガ姉と……／春花のお父さんが……／五島を……！") the cell 8:249 is coloured 春花の父 while the cells around it are なつみ. Colour slip, or deliberate (her mind invaded mid-sentence)?	Whether the English must mark a voice change inside the turn	slip; one continuous なつみ turn	med	resolved	resolved_by=000014BC:000014BC-000014C8.lns:832 | one continuous Natsumi turn; the style-12 span on "your dad" 	8	|	000014BC:8:249	
518	V514	000014D7:8:278	Inside 栄一郎's turn 8:277-280 the cell "さあ、なつみちゃん――" is coloured なつみ; she is the one addressed. Colour slip?	Speaker attribution	栄一郎's cell	high	resolved	resolved_by=000014D7:000014D7-000014E3.lns:978 | Eiichiro's words "Come, Natsumi-chan―", the style-7 span on the vocative as printed, tags unchanged 	8	|	000014D7:8:278	
519	V515	000014BC:8:230	In なつみ's telepathic vision "「お疲れ様五島ちゃん、ようやく着いた」" (colour ?) precedes 茅萱's "やっとね、女神様のところについたわ。／五島ちゃん、よく頑張ったわね" (8:231-232, colour 茅萱). Speaker of 8:230: 茅萱 (a first cell of her turn), 栄一郎, or someone else?	Attribution and gender in English (no pronoun needed if kept as a bare line)	茅萱, same turn split by the colour table	low	resolved	resolved_by=000014BC:000014BC-000014C8.lns:780 | Chigaya's first cell of 8:230-232, white tags as printed, no "Mm..." 	8	|	000014BC:8:230	
520	V516	0000110D:24:69-87; 000014D7:8:126-130, 8:206-211; 00001459:8:178-180	栄一郎 (dead) claims he beheaded サクラ and at times passed himself off as his twin ("兄貴のモノマネ", "僕が兄貴のふりをしてただけ"). The cliff lines of 0000110D:24:69-87 ("母さん、俺は見てたよ…") are coloured 幸太郎 and spoken as 幸太郎 with 俺. Were they the impersonator? The colour table says 幸太郎; the text leaves the scene unsettled.	CAST attribution and any TN; the English follows the text either way	keep the 0000110D lines as 幸太郎's (colour), no TN; note the claim in CAST	low	open 		7	|	0000110D:24:69	
521	V517	000014D7:8:459-461; 0000107B:11:50-244 (V408)	The girl who speaks for 死月妖花 (the 女神; "少女の声" 000014BC:8:291, 000014D7:8:452) names herself "糸姫と申します". 0000107B's 糸姫 is the founder's child attendant; the link is not stated in this chunk. English name must match V408's form; no gloss.	Name consistency; spoiler fence	"Itohime", as V408 decides, no TN	med	resolved	00001505:8:69-521 (糸姫's own memory of the 皇子, 綱宗 and 荒田: the same girl; one English name, per V408) 	8	|	0000107B:11:50	
522	V518	000014BC:8:11, 8:14-21	なつみ recalls hearing 五島's entrance speech "今朝" and a morning send-off by her parents ("茜、なつみだっていつまでも子供じゃないんだ"), lunch for three; the route (000011CC-, V467) had them travel to 荒田 on April 5/6, and 00001385:8:112 has 茅萱 expect the 元木町 group "明日の19時". Is "今朝" literal (the day of the entrance ceremony), a slip, or does the route have another day count? The morning scene is not found in earlier chunks.	Time words in English ("this morning") and route dating	translate literally "this morning"; log	low	resolved	resolved_by=000014BC:000014BC-000014C8.lns:66,79-107 | "this morning" literal, no repair (ruled device (a)); the send-off and the train lunch translated as printed 	8	|	000014BC:8:11	
523	V519	00001414:8:210-214; 000014D7:8:377 vs 00001355:8:92-96 and 000013FD:8:196-197	The oral lore here: 8:210 one 『』 cell "死者黄泉出で…黄泉出でる" (as 000013FD, without て); 8:212-214 "ただ翠眼のみが打ち勝つ。／翠眼となりし人々、妖花を枯らし死者を黄泉に返す。／子孫は必ず面と血色の装束をまとい抗うべし" (the written verse has no 、 after 人々 and no 面); 五島 quotes 8:212-213 as one 『』 cell (000014D7:8:377). Same English for the shared lines, with 面 ("masks") added where the JP adds it?	Replay identity (CORE B2) vs real wording change	shared lines identical; add "masks and" only where 面 appears	med	resolved	resolved_by=00001414:00001414-00001420.lns:655-662 | 8:210 the 000013FD 8:196-197 oral lore as ONE cell in single quotes (the shipped verse words); 8:212-214 the shipped 000021BD verse forms with "masks" added, 8:213 the 00002026 replay with its trailing space, no single quotes (plain speech) 	8	|	00001355:8:92	
524	V520	000014D7:8:239-243 vs 000013FD:8:227-230	栄一郎 recites the 大魔女 lore as "死神は、アバドンに従いし4人の神使の使い魔。／彼らは硫黄の火山から現れる。" where the grandmother said "死神は、アバドンに従いし4人の神使。／アバドンは硫黄の火山から現れる。" The difference changes the meaning (the 死神 become the familiars; 彼ら emerge). Keep the two versions distinct in English. Bears on V499.	Lore consistency; the variant may be deliberate	two distinct English lines, shared words identical	med	resolved	resolved_by=000014D7:000014D7-000014E3.lns:883-891 | the two lore versions kept distinct exactly where the JP differs ("the familiars of", "They"), shipped words elsewhere 	8	|	000013FD:8:227	
525	V521	00001459:8:200-235	The grandmother's account of 790 is unquoted first-person narration (私, 美冬さん, "でもね…大魔女として甘いと思われるかもしれないけどね" 8:233-235) inside 春花's file, with 春花's 「」 interjection (8:201) and the remembered dialogue in 「」. No switch sprite. How does the English show the narrator change? (V218 / V268 family)	Unmarked narrator switch	plain first person as in the JP; no added tag	low	resolved	resolved_by=00001459:00001459-00001465.lns:596-682 | plain first person as the JP, no added tag, no label (DECISION row above) 	8	|	00001459:8:200	
526	V522	0000148E:8:231-236, 8:242-243	夏菜's account of the morning is told as bare first-person cells ("私が今朝、1人で廃屋の辺りを探していた時、血の臭いがしたの。") inside なつみ's narration, her speech register (の), no 「」, no colour. Same device as V521.	Unmarked narrator switch	bare cells in 夏菜's voice	low	resolved	resolved_by=0000148E:0000148E-0000149A.lns:765-803 | bare first-person cells in Kana's voice, as ruled (KANA'S ACCOUNT) 	8	|	0000148E:8:231	
527	V523	00001477:8:134-136, 8:156-158	なつみ reconstructs her mother's sentence in ASCII straight double quotes spread over three cells, the middle one a narration placeholder "（ここに何かが入る）。" with full-width parentheses, later filled by a plain sentence (8:157). QUOTE WRAPPERS maps source straight quotes to curly; CORE A allows full-width parentheses only for named devices. Keep curly quotes and the full-width parentheses here?	Device glyphs; not a message on screen	curly quotes; ASCII parentheses unless CORE A names this device	low	resolved	resolved_by=00001477:00001477-00001483.lns:448-452, 512-516 | ASCII quotes byte for byte; （ここに何かが入る）。 = "(Something goes here)." with ASCII parentheses (ruled) 	8	|	00001477:8:134	
528	V524	00001477:8:5-41 vs 000012C5:8:22-40; 0000148E:8:32-175 vs 000012DE:8:38-96, 000013CD:8:241-277, 000013E6:8:4-87; 0000148E:8:237-241 vs 0000139D:8:26-46	The same scenes from なつみ's side: most lines byte-identical; differences: 0000148E:8:100 "…………誰？" one cell (000012DE:8:95-96 two cells); 8:108-109 split where 000013E6:8:4 is one cell; 8:111 "2人をお願い！" (000013E6:8:6 "2人を案内して！"); 8:175 "ちょ、五島！" (000013E6:8:87 "ちょ、五島！？"); 茅萱's muttering 8:237-241 is new wording of what 0000139D planned. Identical English for identical JP, varied only where the JP varies (V495 family).	CORE B2 replays	as stated	med	resolved	resolved_by=0000148E:0000148E-0000149A.lns:351,376-378,387,602 | the replay variants pasted as ruled (see DECISION REPLAYS) 	8	|	000012C5:8:22	
529	V525	000014D7:8:165	新村 晃 (桔梗's husband, who took ドローガ to 東京市 about 120 years ago), printed with ruby-residue spaces " 晃 ": reading not given (あきら assumed; also ひかる, こう).	Name	"Akira Niimura"	low	resolved	resolved_by=000014D7:000014D7-000014E3.lns:685 | 新村 晃 = "Akira Niimura" (given name first; the ruby span on "Akira"; residue spaces dropped) 	8	|	000014D7:8:165	
530	V526	00001414:8:20	"この違和感は考え過ぎないのかも" = 考え過ぎなのかも (stray い)	Read as intended	"maybe I'm overthinking this"	high	typo 		7	|	00001414:8:20	
531	V527	00001477:8:4	"そしてその空に下には" = 空の下には	Read as intended	"and under that sky"	high	typo 		7	|	00001477:8:4	
532	V528	0000148E:8:299	"1番の良作なのだ" = 良策 (misconversion; 良作 = a good work)	Read as intended	"the best plan"	high	typo 		7	|	0000148E:8:299	
533	V529	000014BC:8:4	"私たち祀耀800度県立元木高等学校新入生" = 祀耀800年度 (dropped 年); 00000900:11:1 has no year at all	Read as intended	"we, the Shiyo 800 new students of Motoki Prefectural High School"	high	typo 		7	|	000014BC:8:4	
534	V530	000014D7:8:177	"ドローガが世界的に使われることなれば" = ことになれば (dropped に)	Read as intended	"if Droga came into use worldwide"	high	typo 		7	|	000014D7:8:177	
535	V531	000014EE:8:17-18 vs 0000082F:11:130-132	REPLAY of the tree scene: 8:18 drops the climbing grunts "よ！" and "ほ！" and joins 0000082F:11:131-132 into one cell ("「僕はこれでも、荒田集落の山育ちなんだ！　木登りくらいどうってことないよ！」"); 8:17 is byte-identical with 11:130. Reuse the 0000082F English without the grunts, in one cell?	CORE B2 replay identity	8:17 byte-identical EN; 8:18 = 0000082F's words minus the grunts, one cell	high	resolved	resolved_by=000014EE:000014EE-000014FA.lns:98-101 | 8:17 = the shipped 0000082F line word for word in this file's tags; 8:18 = the shipped 11:131-132 words minus "Hup!" / "Hah!", joined in one cell 	8	|	0000082F:11:130	
536	V532	000014EE:16:120	"「茅萱さん、" is coloured 茅萱 in read/speakers, but it is 糸姫 addressing 茅萱 (16:121 "失礼します」" colour ?; 16:122 "と、糸姫は注射器を握りチガ姉に向かって走り出した"). Colour slip (V511 / V512 family)?	Speaker attribution	糸姫's line	high	resolved	resolved_by=000014EE:000014EE-line16.lns:375 | 16:120 「茅萱さん、 = Itohime's words (her quote opened at 16:118 and closes at 16:121 "excuse me."), tags as printed (the Chigaya-colour span on the name) 	8	|	000014EE:16:120	
537	V533	000014EE:16:161	"あんたのわがままで何でも許されると思っ？" = 思ってるの？ (kana dropped)	Read as intended	"You think your selfishness makes anything okay?"	high	typo 		7	|	000014EE:16:161	
538	V534	000014EE:16:324	"私、女ケ沢で茜に同じことを言ったことがあるの？" ends in ？ though 美冬 is confessing (16:326-332); a slip for "あるの。", or a halting tone?	Punctuation	a statement: "I... once said the same thing to Akane, in Megasawa."	med	typo 		7	|	000014EE:16:324	
539	V535	00001505:8:69-8:521	Unmarked narrator switch: なつみ (8:0-68) to 糸姫 (私) from 8:69 ("荒田と名づけられた地に根を下ろし、私たちは開墾のために" 8:70; "当時11歳だった私" 8:97), no switch sprite; the memory runs to the file's end. No marker added in EN?	Narrator identity	糸姫's memory, no label; the text makes it clear	high	open 		7	|	00001505:8:69	
540	V536	00001505:8:6-68; 0000151C:8:0-34	The voice from 糸姫's body, "わたし　　は　　死月妖　　花　と　呼ばれる　　者　だ", repeats with U+3000 gaps of varying length, some inside words (死月妖　　花, 呼ば　れる), until 糸姫's own words break in. STYLE keeps a full-width gap inside a word as layout; how are the gaps placed in "I am the one called Shigatsu Youka" (V457 for the name)?	CORE A layout device	same number of U+3000 runs, same run lengths, at the nearest syllable or word boundary in the English, inside the name where the JP splits it	med	open 		7	|	00001505:8:6	
541	V537	00001505:8:89-92	糸姫 names the 皇子 "ニイ様" from 新村 (にいむら); he hears 兄様 ("big brother") and she corrects "新村のニイ様です". The pun is the exchange; ニイ様 recurs (0000151C:8:6-13, 8:180-185; 0000151C:8:481; 00001533:8:94-98). "Nii-sama" + TN (case 4), or an English nickname from "Niimura" with the brother echo lost?	Pun kept at its surface; recurring name	"Nii-sama" with one TN at 8:89 ("from Niimura; also sounds like 'big brother'")	med	open 		7	|	00001505:8:89	
542	V538	00001505:8:101	"「はい！　　私はいつまでも" has two U+3000 after ！ (one elsewhere). Stray?	Layout	one (the second stray)	med	open 		7	|	00001505:8:101	
543	V539	00001505:8:492	"平氏の残党" names a real clan (Heike / Taira), while 0000107B's history uses the altered 太良氏 / 太良聖守 (V410). A slip for 太良氏, or the text's own choice?	Name consistency with V410	render by whatever V410 decides for 太良氏 if it is the same clan; else "the remnants of the Heike"	low	open 		7	|	00001505:8:492	
544	V540	0000151C:8:17-21, 8:23-29	"わ　　たし　を／こ／ろ／し／て" and "わた　　し　　を／ほ――／ろ――／ぼ――／し――／て――／滅ぼして": 殺して (4 cells) and 滅ぼして (5 cells, then completed whole). CELL-SPLIT WORDS: English words chosen for the counts, logged in DECISIONS.	Cell-split device	"k-／i-／l-／l me" type spread; "de――／s――／t――／r――／oy――／destroy me"	med	open 		7	|	0000151C:8:17	
545	V541	0000151C:8:105-106	"「待たせたね」" and "「いやー疲れた疲れた」" (colour ?) come from behind; 8:113 names the voices of 8:109-112 (colours エリカ / 幸太郎) as エリカ's and 幸太郎's. Are 8:105-106 the same two?	Speaker attribution	エリカ, then 幸太郎, by register; unconfirmed	med	open 		7	|	0000151C:8:105	
546	V542	0000151C:8:37	"想像以上に厚い桜のおかげて" = おかげで	Read as intended	"thanks to the petals being thicker than I'd thought"	high	typo 		7	|	0000151C:8:37	
547	V543	00001533:8:239	The hedging run 多分／きっと／おそらく／十中八九 ends in Latin-script "Maybe。" in the JP narration, a gag of switching to English. In English the switch cannot show. Plain "Maybe."?	Device lost	"Maybe." plain, no note	low	open 		7	|	00001533:8:239	
548	V544	00001533:8:171-8:250, 27:0-61; 8:197	後白河糸織 speaks Kansai (Osaka) dialect (ほんま, しんどい, やなあ, ねん, せや, ほな, 思うた, しいひん, 住んどる), and the text names it ("生まれも育ちも大阪" 8:173; "大阪のノリ" 8:204). なつみ's "なんでやねん！" (8:197) is the stock Osaka tsukkomi and the gag's key. DIALECT POLICY: TN at her first dialect line; English for なんでやねん, and does it need its own TN?	Dialect policy; a gag turning on a set phrase	糸織: TN at 8:179 ("[TN: she speaks Osaka dialect]"); なんでやねん -> "Oh, come on!" style comeback, the TN on 8:179 carrying the Osaka frame	med	open 		7	|	00001533:8:171	
549	V545	00001533:27:72	"糸姫が言っていた。／「私は周りの人を幸せにできる」と。" puts 糸姫's words (0000151C:8:244 "あなたにはいかなる時も、みんなが幸せになれる選択をできる") into なつみ's first person, in 「」 (colour ?). Keep the shift as written?	Quote fidelity	keep as written	med	open 		7	|	00001533:27:72	
550	V546	0000154E:8:139-8:228	Unmarked narrator switch: 茅萱 (私) to 幸太郎 (俺) at 8:139 ("10年前、俺は茅萱の翠眼呪殺の治療のため"), no switch sprite; his account runs to the file's end with enacted 「」 dialogue (colours 幸太郎 / サクラ). No marker added in EN?	Narrator identity	幸太郎's account, no label	high	open 		7	|	0000154E:8:139	
551	V547	0000154E:8:15	"これもすぐ良くなるだろうだろう" doubled だろう	Read as intended	"these will soon heal too"	high	typo 		7	|	0000154E:8:15	
552	V548	0000154E:8:32	"本気で助けてようとしてくれたり" = 助けようと	Read as intended	"really tried to save me"	high	typo 		7	|	0000154E:8:32	
553	V549	00001533:8:171, 8:176, 27:19	後白河糸織: reading of 糸織 not given (しおり assumed); 後白河 (ごしらかわ) is also a historical emperor's name. 糸織 shares 糸 with 糸姫; no link stated. Romanize "Shiori Goshirakawa"?	Name	"Shiori Goshirakawa", no note	low	open 		7	|	00001533:8:171	
554	V550	000014EE:12:0	"元木町すべての人間の命をもらいます。" is a bare cell alone in its block, no 「」, no colour, answering なつみ's "そうすると、何が起こるの……？" (8:83-84); 糸姫's words by context (V235 family).	Speaker; bare-cell device	糸姫, kept bare	high	resolved	resolved_by=000014EE:000014EE-line12.lns:14 | 12:0 kept bare (no quotes added), Itohime's words in the red base colour: "I will take the lives of every human in Motoki-cho." 	8	|	000014EE:12:0	
555	V551	000014EE:24:37-41, 24:53-54; 00001505:8:41-42; 0000151C:8:77-99, 8:122-152, 8:215-216	Lines coloured サクラ / 春花の父 come from the dead embedded in the cherries; the narration says they are 死月妖花's words through their tongues and vocal cords, in a voice and manner unlike theirs (000014EE:24:42-44); later chanted and stammered. Their own voices return only after 死月妖花's death (0000151C:8:340-409). EN register for these lines: alien, not サクラ's or 栄一郎's usual voice?	Voice	flat, alien, first person as written (僕 24:38, 私 24:37); their own warm voices from 0000151C:8:346	med	open 		7	|	000014EE:24:37	
556	V552	00001533:8:162	"周囲に「キラキラ」という擬態語が浮かびそうだ": the narration quotes a mimetic word and names it a 擬態語. SFX rule: romanize a sound the text quotes as a sound, with a gloss; this is a visual mimetic word. "kira-kira" + gloss, or "the word 'sparkle'"?	SFX / mimetic rule	"the word 'sparkle-sparkle' seemed to float around her", no romanization	low	open 		7	|	00001533:8:162	
557	V553	0000151C:8:256	"元木公園の御神木" where the 御神木 stands in 中央公園 elsewhere (00001533:8:67, 8:85; V010). Another name for the same park, or a slip?	Place name consistency	the same park; render as V010 decides for 中央公園 unless the owner rules otherwise	low	open 		7	|	0000151C:8:256	
558	V554	0000156A:143:0-37	Block 143 replays 00000538:11:34 (143:0) and 00000F0D:173:0-31 with cells joined (143:2 = 173:0-1; 143:4 = 173:3-4) and re-split (143:16-17 vs 173:16-17), なつみ narrating 143:7-31; from 143:32 ("私はもう迷わなかった。…私は逮捕され、裁判にかけられ――。…凶悪殺人犯として") the narrator is 茜, no switch sprite (00000F0D:173:32-37 were 夏菜's). Reuse the source English per V371 and read 143:32-37 as 茜's first person?	Narrator identity inside a replay; cell joins	reuse the source English re-split to 143's cells; 143:32-37 茜	med	resolved	resolved_by=0000156A:00001E75.lns:28-163 | 143:0-31 pasted from shipped 00000F0D:173 (143:0 from 00000538), joins and the 143:16-17 re-split per rulings-P19 REPLAYS (a); 143:32-37 Akane, ruling wording 	8	|	0000156A:143:0	
559	V555	0000156A:8:20, 14:36, 28:0, 34:15, 58:4, 64:85 and throughout	五島 addresses なつみ's mother, not her relative, as お母さん (in other routes おばさん, 00000522). STYLE non-relative rule: what a native speaker says. "Mom" (borrowing なつみ's word, as the JP does), "Mrs. Kogori", or "ma'am"?	Warmth of the 五島-茜 bond; recurring address	"Mom", no TN; else "Mrs. Kogori"	low	resolved	resolved_by=0000156A:00001E62:46 and throughout both files | Goto's お母さん for Akane = "Mom" per rulings-P19 (Q19-1 stays with the owner) 	8	|	0000156A:8:20	
560	V556	0000156A:8:28, 8:71, 193:125-126, 201:7, 201:53	春花 calls 茜 (her birth mother) おばさん, then corrects herself "おばさん……／ううん、本物のお母さん" and says お母さん after. English pair for the switch (V007 / V177 family)?	A name-form change that is an event	"Auntie" -> "my real mom" / "Mom"	low	resolved	resolved_by=0000156A:8:28, 8:71 | Haruka's おばさん to Akane = "Auntie" per ruling 	8	|	0000156A:8:28	
561	V557	0000156A:14:30, 8:219, 14:46, 14:56, 14:81, 14:115, 14:125, 14:128, 28:110, 28:192	"747年事件" is also called "ナナシナ事件": 7-4-7 read na-na-shi-na (a number pun, cf. 0723 = なつみ, V328). "the 747 Incident" loses the name; "the Nanashina Incident" + TN case 4?	Recurring name; a pun the reader cannot recover	"the Nanashina Incident" + TN "(7-4-7 read as na-na-shi-na)" once per file	med	resolved	resolved_by=0000156A:14:30 | ruling applied: "the Nanashina Incident" with the one in-text gloss; plain "the Nanashina Incident" at 14:46, 14:56-64, 14:81, 14:115, 14:125, 14:128, 8:219 	8	|	0000156A:14:30	
562	V558	0000156A:40:256, 40:267; 34:8-12, 34:48-51	A woman's voice (colour ?) at the convenience store: "すみません、救助に来ましたが、誰かいませんか？" / "ここだと思ったのに、気のせいかしら……". 茜 finds it familiar and not 春花's; 五島's video then shows 美冬 in the white robe. The colour names nobody. Attribute or keep open?	The author withholds; speaker tag	keep unattributed; feminine only as the JP gives it (女の声)	med	open 		7	|	0000156A:40:256	
563	V559	0000156A:8:6, 8:145-150, 14:153, 92:96-98 and throughout	In this route 元木町 became 元木市 about ten years before 815 (8:147-148); 春花 (out since 802) still says 元木町; 茜 corrects herself "元木町か。…再び元木町――／いや、元木市" (92:96-98). The 町/市 contrast is plot here (V009). EN "Motoki Town" / "Motoki City"?	V009 family; the contrast must survive	"Motoki Town" / "Motoki City"	med	resolved	resolved_by=0000156A:00001E6C.lns:327-332 | per rulings-P19 GLOSSARY: "Motoki-cho, huh. / Fifteen years on, and I'm setting foot in Motoki-cho again― / no, in Motoki City." 	8	|	0000156A:8:6	
564	V560	0000156A:8:172-173	春花: "チビのままオバハンになった" / "チビのオバハン": オバハン is a western-Japan-flavoured, rude word for a middle-aged woman. DIALECT POLICY: plain rude English, no regional colour?	Word choice in a gag the others react to	"a pint-sized old lady"	low	resolved	resolved_by=0000156A:8:172-173 | オバハン = "old lady", チビ = "shrimp" per ruling 	8	|	0000156A:8:172	
565	V561	0000156A:28:192-195 vs 14:120-122, 14:130-131	茜 recalls 五島's words with changes: 28:192 adds "ナナシナ事件のことを考えたら、" and drops 14:120; 28:195 "毒ガスの効かない人間として発見されると" for 14:131 "毒ガスの効かない人間だと知れたら". Keep the shared words' English identical and carry only the changes?	In-file memory replay	yes	med	resolved	resolved_by=0000156A:line28:28:192-195 | the ruled drift wordings pasted (28:192 with the added clause, 28:195 "If you're discovered as people..."); 28:193-194 identical to 14:122 / 14:130 	8	|	0000156A:28:192	
566	V562	0000156A:14:30	"ここでおかしいのナナシナ事件とは違い" = おかしいのは、ナナシナ事件とは違い (dropped は)	Read as intended	"what's odd here is that, unlike the Nanashina Incident, ..."	high	typo 		7	|	0000156A:14:30	
567	V563	0000156A:28:108	"…私も釈放されるかもしれない" lacks the final 。 (V418 family)	Read as intended	full stop added	high	typo 		7	|	0000156A:28:108	
568	V564	0000156A:40:271	"私もそれに従い、身を縮こめる" lacks the final 。 (V418 family)	Read as intended	full stop added	high	typo 		7	|	0000156A:40:271	
569	V565	0000156A:58:42	"空気中に荒田桜の胞子にどんな効果があるのか" = 空気中の荒田桜の胞子に (particle slip)	Read as intended	"what the Arata-cherry spores in the air do"	high	typo 		7	|	0000156A:58:42	
570	V566	0000156A:58:96	"人手があった方いいでしょ？" = あった方がいい (dropped が)	Read as intended	"More hands will help, right?"	high	typo 		7	|	0000156A:58:96	
571	V567	0000156A:70:40	"取り残されたのと思ったの" = 取り残されたと思ったの (stray の)	Read as intended	"I thought I'd been left all alone"	high	typo 		7	|	0000156A:70:40	
572	V568	0000156A:70:85	"まだ動くいいけど" = まだ動くといいけど (dropped と)	Read as intended	"I hope it still works"	high	typo 		7	|	0000156A:70:85	
573	V569	0000156A:82:68	"収監されて10以上経つが" = 10年以上 (dropped 年)	Read as intended	"more than 10 years since I was locked up"	high	typo 		7	|	0000156A:82:68	
574	V570	0000156A:92:76	"他の刑務官は一切に反応を示さない" = 一切反応を示さない (stray に)	Read as intended	"the other officers showed no reaction at all"	high	typo 		7	|	0000156A:92:76	
575	V571	0000156A:201:150	"どうがご安心を" = どうかご安心を	Read as intended	"so please rest assured"	high	typo 		7	|	0000156A:201:150	
576	V572	000016AE:11:38	"聞き覚えるある女性の声" = 聞き覚えのある (る for の)	Read as intended	"a woman's voice I knew"	high	typo 		7	|	000016AE:11:38	
577	V573	000015C2:81:2, 48:17; 00001792:83:11	The guide's name 立木三日: reading not given (たちき みか / たちき みっか / たつき みか?). STYLE name order: given name first.	Name recurs in every guide file and in UI text ("立木三日呼び出し")	"Mika Tachiki"	low	open 		7	|	000015C2:81:2	
578	V574	00001729:8:0-1, 8:3-4, 8:5	The 荒田 供養 chant is katakana Portuguese ("クリアンサス・ダ・アルマ・ボルタ・パラ・ウ・セウ。／ダンベン・ダウン・テンポ・デ・デスカンス・エン・クリアンサス", roughly "crianças da alma volta para o céu / também um tempo de descanso em crianças"?) and 美冬 answers "オブリガーダ" (obrigada). The rite lines elsewhere are Latin-script Portuguese (V186, V258). English: romanize the katakana as sounds, or restore Portuguese spelling (which would guess at words)?	The JP gives sound, not spelling; Latin Portuguese would add knowledge the line does not show	romanize as heard, one TN on the first cell ("[TN: Portuguese, as the villagers pronounce it]"); "Obrigada" for オブリガーダ	low	open 		7	|	00001729:8:0	
579	V575	00001741:8:8	TV show title 『飯沢いいジャン♪』: a pun on 飯沢 (いいざわ, the prefecture) + いいじゃん ("isn't it great?"); ♪ (CP932 0x81F4) is not in the STYLE allowed set. English title, and keep or drop ♪?	Pun in a title; glyph check	'Iizawa, Isn't It Great!' without ♪	low	open 		7	|	00001741:8:8	
580	V576	00001755:8:10	"お姉ちゃん、どこ？" is coloured 桃子 in read/speakers, but 桃子 is absent until 8:37; 8:9 and 8:11 (the same turn) are coloured 五島. Colour slip	Attribution	small 絵梨奈's line	high	open 		7	|	00001755:8:10	
581	V577	000017A5:102:1	"主観的な視点ga⏎ありませんものね" = 視点が (Latin "ga" for が, plus a stray ⏎)	Read as intended	"there is no subjective view of hers"	high	typo 		7	|	000017A5:102:1	
582	V578	0000181F:8:11-13, 8:42-44 vs 8:36-38	The countdowns are full-width "３、／２、／１、" twice and ASCII "3、／2、／1……。" once. Full-width digits cannot appear in English. Carry the difference?	Glyph rule; a possible nervous-countdown device at 8:36-38 ("1……。")	ASCII in all three; carry only the "1..." hesitation	med	open 		7	|	0000181F:8:11	
583	V579	00001A52:8:30-35; 00001835:8:38-40; 000017FA:8:10, 8:19; 0000172F:8:24-30; 000017E2:8:7; 00001A74:8:25-29	春花's hospital visits: "あっちの方はどうなの？" / "まだです。やっぱり、病気ですかね……", 美冬's "デリケートな悩み", なつみ's joking guess 産婦人科. The matter is never named. English must stay as vague as the JP (no "period", "cycle", "pregnancy").	Withheld content; a medical word would say more than the JP	"How about that other thing?" / "Not yet."	med	open 		7	|	0000172F:8:24	
584	V580	00001878:1235:2, 1322:1	"閲覧できる人物の人数を増えてまいります" = 人数が増えて (particle slip), twice	Read as intended	"the number of people you can view will grow"	high	typo 		7	|	00001878:1235:2	
585	V581	000019E9:26:11, 26:28; 26:12	Full-width ＝ as the separator in a foreign name "ケビン＝ホワイト" and in "文化＝宗教". ＝ is not in the allowed set (V129 family).	Glyph rule	"Kevin White"; "culture equals religion"	med	open 		7	|	000019E9:26:11	
586	V582	00001A65:8:13-15	Board pun: "俺も古郡なつみに一票。父なしだけど" / "え？親父いないの？" / "間違えた、乳なしな": 父なし (fatherless) and 乳なし (flat-chested) are both ちちなし. English needs a slip between two near-identical words, or the surface meaning plus TN case 4.	Pun the next post depends on	a near-homophone pair, else surface + TN ("[TN: 'no father' and 'no chest' sound alike]")	low	open 		7	|	00001A65:8:13	
587	V583	00001A6B:8:1-8:47, 8:53	谷崎's lines after the BDDP takoyaki are in katakana ("BDDPに……／ヤラレタ……", "コレ、食ベタ者ニシカワカラナイ"), the stunned-voice device of V079; 8:53 "フフフ、BDDP、オソルベシ" (colour ?) follows the doctor's scream: 谷崎's, or the doctor's?	Device; attribution	same device as V079; 8:53 left unattributed	low	open 		7	|	00001A6B:8:1	
588	V584	00001AAE:8:27-28; 00001755:8:6	Japanese followed by its English original in Latin script: "得やすいものは去りやすい。／Easy come, easy go.ですね" (the waitress); "フラミンゴ(Flamingo)" (small 絵梨奈). In English the gloss repeats itself. (V543 family)	Latin script in speech; no added words allowed	8:27 the English proverb, 8:28 an echo such as "Easy come, easy go, right?"; drop "(Flamingo)"	low	open 		7	|	00001755:8:6	
589	V585	00001AC1:8:0	"祀耀800年五月一日。俺たちは再び女ケ沢へ来た。" is followed by "そして10年の月日が流れ――。／祀耀800年四月七日" (8:43-44): the first date must be 祀耀790 (the move after the 790 reconciliation, 000008E8)	Read as intended	"Shiyo 790, May 1"	high	typo 		7	|	00001AC1:8:0	
590	V586	00001818:8:4-28; 00001A5C:8:4-68; 00001A4E:8:0-51; 00001A97:8:0-20; 00001AA5, 00001AAE; 00001A6B:8:0-52, 22:47-84	Present speakers set as ――-led bare cells beside a 「」 speaker (a second classmate, a studio host, mourners, a café master, a doctor, street men). QUOTE WRAPPERS covers 「」, straight quotes and the 「――」 prefix, not ――-led bare speech of a present speaker. (V046 family)	Two voices must stay distinct	keep bare, "―" + text, no quote marks	med	open 		7	|	00001818:8:4	
591	V587	000015C2:48:4-5	The guide says "祀耀800年が…西暦2020年頃と思っていただいて差し支えございません". STYLE CALENDAR forbids a TN equating the calendars; here the text itself makes the equation. Translate as written?	Calendar rule	translate as written; no TN	low	open 		7	|	000015C2:48:4	
592	V588	00001741:8:19, 8:23, 8:27 vs 8:31, 8:34	Interview captions "Q:" (ASCII colon) and "Q：" (full-width colon). Full-width ： cannot appear in English.	Glyph rule	"Q:" in all five	high	typo 		7	|	00001741:8:19	
593	V589	00001A6B:22:63	"おいまさかお前、動画撮ってのか？" = 撮ってたのか / 撮ってんのか (dropped kana)	Read as intended	"Wait, you were filming?"	high	typo 		7	|	00001A6B:22:63	
594	V590	00001A6B:22:33	"凶悪なチンピラどもを懲らしめやるんだ" = 懲らしめてやる (dropped て)	Read as intended	"I'm gonna teach the thugs a lesson"	high	typo 		7	|	00001A6B:22:33	
595	V591	00001AE8:8:16	"今日は茅萱ちゃんの姿を見えませんけど" = 姿が見えません (particle slip)	Read as intended	"I don't see Chigaya-chan today"	high	typo 		7	|	00001AE8:8:16	
596	V592	00001755:8:4	"β-カロテン" uses Greek β (CP932 0x83C0), outside the allowed set (V329 family)	Glyph rule	"beta-carotene"	med	open 		7	|	00001755:8:4	
597	V593	00001BCE:8:51	The cell "でも夏菜ちゃんにだけ言ったのだったら『今のままではお父さんが犯人にされてしまう。だから、一緒に無実を証明しよう』。" is coloured 茅萱, but sits inside 美冬's turn (8:50, 8:52 colour 春花の母; 8:51 says 夏菜ちゃん, 美冬's form) and 茅萱 is downstairs. Colour for the quoted part, or a colour slip?	Attribution	美冬 speaks, quoting 茅萱's imagined words	med	open 		7	|	00001BCE:8:51	
598	V594	00001C5D:15:0	"私もお母さんを殺したかった" is alone in block 15 with colour ?, between 茅萱's turn (11:164-169) and 春花's call (19:0). Speaker 茅萱 by context, or another voice?	Attribution	茅萱	med	open 		7	|	00001C5D:15:0	
599	V595	00001C1D:8:0-37	The visitor 城崎 addresses as 幸太郎君 has colour ? on every line (幸太郎 is coloured elsewhere in this chunk), says 俺 (8:6) then "僕の妻" (8:22), and 城崎 asks "君は誰だ？" (8:34). Keep the visitor's lines free of anything that settles who he is; is the 俺 -> 僕 switch a TN case 3 event?	Pronoun switch the text may be marking	plain "I" both times, no TN; the question stays open	low	open 		7	|	00001C1D:8:0	
600	V596	00001BA2:8:0-6; 00001D34:8:0-5; 00001EC0:32:4-5; 00001C4D:96:0-3; 00001FF5:12:0	Speakers open (colour ? or bare): a man with flowers and a ――-led woman's voice; two voices at 00001D34; the 僕 voice in the trailer; the voice asking "それでも防ぐかい？"; the bare "誰かに押されて落ちたって" (桃子's answer by context).	Attribution; keep unmarked	leave unmarked; 12:0 = 桃子 reporting 五島's words	med	open 		7	|	00001BA2:8:0	
601	V597	00002019:8:16	"新村夏菜のドッキリ☆歓迎計画" uses ☆ (CP932 0x819A), not in the allowed set (V575 family).	Glyph rule	"Kana Niimura's Prank Welcome Plan" with a CP932-safe mark or none	med	open 		7	|	00002019:8:16	
602	V598	00001D17:8:14	"どころで春花！" = ところで (drunk サクラ; misprint)	Read as intended	"By the way, Haruka!"	high	typo 		7	|	00001D17:8:14	
603	V599	00001C5D:11:105	"いえ、自殺だったしても" = 自殺だったとしても (dropped と)	Read as intended	"even if it was suicide"	high	typo 		7	|	00001C5D:11:105	
604	V600	00002013:8:8	"髪の気とかの細かい動き" = 髪の毛 (misconversion)	Read as intended	"little movements of my hair"	high	typo 		7	|	00002013:8:8	
605	V601	00001C12:8:9	"ナイフ裁き" = ナイフ捌き (misconversion; 00001BB4:8:26 has 捌き)	Read as intended	"knife work"	high	typo 		7	|	00001C12:8:9	
606	V602	00001B70:11:135	"死んだママまでそうに思われたら" = そう思われたら (stray に; a child speaking)	Read as intended	"if people think that of Mom too"	med	typo 		7	|	00001B70:11:135	
607	V603	00001CA0:1059:0-1; 00001EB4:71:5-6	"全体進行率" / "全体達成率" then a number slot, then "％……。". Two labels for one figure? The slot is a number, not a name.	UI text; cell split fixed	"Overall progress" / "overall completion", slot kept	med	open 		7	|	00001CA0:1059:0	
608	V604	0000200D:8:2, 8:5, 8:8, 8:10	なつみ's grandfather (colour ?) in a northern dialect: "じゃじゃじゃ、ごの絵本どだ？", "じっちゃんと入るが！", "桜っこ咲いでるが？", "んが……". DIALECT POLICY: TN naming the dialect (V147 family). Which name?	TN wording	"[TN: he speaks a Tohoku dialect]"	low	open 		7	|	0000200D:8:2	
609	V605	00002001:8:54-57, 8:66	茜 speaks to "あなた" and proposes "この子を養子に出す"; the child is not named or gendered in the file.	Knowledge fence	"you" / "this baby"; no gender, no name	high	open 		7	|	00002001:8:54	
610	V606	00001D0E:8:19	"ステラ優子": a stage name. STYLE: given name first. "Yuko Stella" or "Stella Yuko"?	Name order	"Stella Yuko" as a stage name	low	open 		7	|	00001D0E:8:19	
611	V607	00001C7B:66:0	"何度も言っているでしょう？　" ends in U+3000 before the name-slot cell 66:1. Keep it?	Glyph / layout	keep	low	resolved	resolved_by=00001C7B:00001C7B-00001C81.lns:12 | ASCII space after the question mark (see DECISION) 	8	|	00001C7B:66:0	
612	V608	0000205F:8:38-47; 0000210E:8:1-5	The woman who talks to 絵梨奈 about her sister (colour ?) is Goto's mother by context ("お姉ちゃん" as 3p for 桃子; "絵梨奈"; reminds her to greet her hosts). The colour names nobody.	Attribution	Goto's mother	high	open 		7	|	0000205F:8:38	
613	V609	00002066:8:11-20	春花's "心配事が1つ減りました" / the doctor's "ああ、あの件ね" / "一昨日、ギリギリ18歳前に" / "追いついた" / "個人差" / "うっとうしい…大して痛くもない": the matter is never named. English keeps it unnamed ("that matter", "it")?	The author withholds; any English noun would name it	keep unnamed, "it" / "that thing"	high	open 		7	|	00002066:8:11	
614	V610	00002066:8:19	"うっというしい" = うっとうしい (extra い)	Read as intended	"annoying"	high	typo 		7	|	00002066:8:19	
615	V611	0000206C:8:0	One cell holds 五島's cut-off "「ただい――」" and, after ⏎, 桃子's "「あははは！　そうだよねえ！" (her turn continues 8:1-2, colour 桃子); the cell is coloured 五島. Keep both quotes in the one cell?	Cell layout; attribution	keep both in one cell as printed; 五島 then 桃子	high	open 		7	|	0000206C:8:0	
616	V612	00002072:8:0-46	The villager who questions 幸太郎 (colour ?, 俺, "俺のひい爺さん", 幸太郎君, "我々") is not named. 城崎 uses 幸太郎君 elsewhere, but nothing here names him.	Attribution	keep unnamed	med	open 		7	|	00002072:8:0	
617	V613	00002096:8:9, 8:13	8:9 ends without 。; 8:13 "そのような考えるようになりました" = そのように考えるようになりました	Read as intended	"That is how I came to think."	high	typo 		7	|	00002096:8:9	
618	V614	0000209C:8:10-14	Mock-Portuguese coffee sizes ペキーノ / メージュ / グレンジ / オーバサイゼド, which 五島 glosses as small / medium / large / extra-large. Romanize the katakana as printed ("Pekino, Meju, Grenji, Obasaizedo") or use the Portuguese-looking spellings?	A parody of a chain's size names; the gloss follows	romanize as printed; her gloss translated	low	resolved	resolved_by=0000209C:0000209E:54-64 | the mock-Portuguese sizes: "Pequeno / Medio / Grande / Oversized" and the gloss line as written, per rulings-P18 REF2 BODIES 	8	|	0000209C:8:10	
619	V615	000020A8:8:18	"望んている" = 望んでいる	Read as intended	"what I want"	high	typo 		7	|	000020A8:8:18	
620	V616	000020D8:8:22, 8:24-26	なつみ stammers "でも、ででで」" then "で、／で、／で」" one mora per cell; the word is never completed. Apply the Q1123 unfinished-word ruling (romanize "de... de... de" with a TN) or render as an English stammer?	Device; cell count	an English stammer on the same cell count, no TN (the mora is not a word start that later completes)	low	open 		7	|	000020D8:8:22	
621	V617	000020FC:8:45, 8:57-58, 8:61-62	The chat masks a word with × ("私、／×／だけどいい？") and ×× ("××／の壁", "×／はちょっとさ"); 00002108:8:59-61 ("性別の壁", "女以上に女らしい") bears on it. Keep × and ×× as printed, bare on their own lines?	The author withholds the word; the English must not supply it	keep × and ×× exactly, no gloss	high	open 		7	|	000020FC:8:45	
622	V618	0000212D-000021C9	Colour casting in 桔梗's story: 桔梗 in なつみ's colour, 晃 in 春花's (also the 女神 speaking through dead 晃, 000021C3-000021C9), 篠崎ハジメ in 五島's; 桔梗's father, her child and villagers colour ?. The text never links them (V424 family).	Speaker and register	roles as written, own registers, no link	med	open 		7	|	0000212D	
623	V619	0000212D:8:0-10	The file opens in an essayist frame ("才媛、という言葉をご存じだろうか", "現代の祀耀800年からさらに昔の祀耀678年", "あくまでも、表の世間では――") before 桔梗's 私 narration starts. Who speaks the frame is not said. Keep it unattributed, addressing the reader ("Do you know the word...")?	Narrator identity	unattributed frame, direct address	med	open 		7	|	0000212D:8:0	
624	V620	00002137:8:21, 8:25; 00002143:15:79; 0000214F:8:18; 0000217A:8:56	The running gag "ものっっっっすごく" / "ものすっっっっっっごく" / "すっっっっっっごく" / "すっっっっっごく" 暇: the っ count varies (4, 4, 6, 6, 5). STRETCHED ENDINGS: stretch the English word. Match the stretch length to the っ count each time?	Gag identity across five files	one English word ("sooo"), letters scaled to the っ count	low	open 		7	|	00002137:8:21	
625	V621	000021BD:8:0-33; 21:0-49	Two blocks of the same file open with the same rewriting cell and note; block 8 is signed "祀耀735年　大魔女　新村桔梗", block 21 "1942年　大魔女　新村桔梗" (Gregorian). No cell is marked unreachable. Two live variants? Keep each date as printed (CALENDAR rule)?	Dates; variant parity	keep each as printed; no conversion, no TN	med	open 		7	|	000021BD:8:0	
626	V622	000021C9:12:0	"この集落の全ての人間を殺す" is a bare cell alone in block 12, no 「」, no colour, completing the 女神's "それは……" (8:20-21) (V550 family).	Speaker; bare-cell device	the 女神's words, kept bare	high	open 		7	|	000021C9:12:0	
627	V623	000021C3:8:37-000021C9:16:14	Living 晃 says 俺 throughout (00002137-00002193); the dead 晃 moved by the 女神 says 私 ("私はいつからここにいると思う？" 16:3; "私は何千年も…" 16:5) and calls 桔梗 君 (16:11). Is the switch a TN case 3 event? English "I" cannot show it.	Pronoun switch the text uses as a tell	no TN; carry it by register (cold, contemptuous)	low	open 		7	|	000021C3:8:37	
628	V624	0000219F:8:25	"晃さんとお母さんの亡骸": 桔梗's narration calls her mother-in-law お母さん here, お義母さん elsewhere (00002199:8:3, 8:10; 0000219F:8:4, 8:6). Slip or plain usage?	Kinship rendering in narration (Q1561)	"his mother" / "Mother" as for お義母さん	low	resolved	resolved_by=0000219F:0000219F-000021A1.lns:8:25 | shipped "Mother" (the packet's suggested rendering); the narration's お母さん / お義母さん difference is not carried 	8	|	0000219F:8:25	
629	V625	000021BD:21:17	"失った彼女の分身を太閤殿下に持ち去られ": 太閤殿下 (a retired regent's title) in the 482 text. GLOSSARY has 殿下 = His Highness. The text does not link him to 藤吉郎 / the 殿下 of 000010C3. English: "the Taiko" or "His Highness the Regent"?	Title; a link the text does not state	"His Highness the Taiko", no TN	low	open 		7	|	000021BD:21:17	
630	V626	000020FC:8:0-66	A private group chat (TT, けん, 佐藤さん, しま; "name⏎text" posts, ｗ). STYLE's BOARD VOICE (all-lowercase, Q2122) is ruled for the anonymous message-board posts only. Does it extend to this chat, or normal capitalisation?	Register of a whole file	normal capitalisation; BOARD VOICE stays board-only	low	open 		7	|	000020FC:8:0	
631	V627	000021CF:8:325	"しかし所詮、だたの噂。" = ただの (swapped kana)	Read as intended	"But in the end it was only a rumor."	high	typo 		7	|	000021CF:8:325	
632	V628	000021CF:8:230	"私服を肥やしている" = 私腹を肥やす (misconversion)	Read as intended	"lining your own pockets"	high	typo 		7	|	000021CF:8:230	
633	V629	000021CF:8:69	『金崎 勉』 has an ASCII space between the names; no reading is given (かねさき or かなざき).	Name reading and order; the space is how the new name is announced	"Tsutomu Kanesaki" (given name first, no space issue in EN)	low	resolved	resolved_by=000021CF:000021CF-000021D1.lns:249 | reading settled by the source ruby (kanezaki tsutomu); see QSIDE3B-01 	8	|	000021CF:8:69	
634	V630	000021CF:8:348-393	The young woman who asks 篠崎 for train fare is drawn in エリカ's colour and is unnamed in this file; 000009A0:11:154-201 tells the same scene in the grandmother's own 私 narration (she carried a 鉈 and meant to kill him). Keep her unnamed here, as the JP does?	Knowledge fence; attribution	"a young woman", unnamed; no link added in the English	high	resolved	resolved_by=000021CF:000021CF-000021D1.lns:970-1096 | the young woman stays unnamed ("a young woman", "the woman from before"); no link added 	8	|	000021CF:8:348	
635	V631	00002317:61:4, 71:3; 00002325:37:3, 47:0	Mojibake cells (UTF-8 bytes shown as CP932) are an in-story glitch the guide names 干渉ノイズ (00002330:77:2) and the player sees as "お化け" (00002317:77:0). STYLE MOJIBAKE CELLS (Q872) says translate the decoded Japanese. Here the garble is the device, and English ASCII run through the same mis-decoding comes out unchanged, so the device would vanish. How should the English show it?	A device, not a typo; the rule gives the wrong result	keep a visible garble made of CP932-legal glyphs; exact method is an owner call	med	owner 		7	|	00002317:61:4	
636	V632	000021E2:117:0-268:1, 425:0, 431:0, 521:0-4, 901:*	Colour 春花 is used for the visiting 春花 of another dimension AND for the guide (after the merge, and in 425-521 and 901); the guide is colour ? elsewhere (437-474, 576, 616-628, 1025). Attribution is by context per block.	Two speakers share one colour	visiting 春花 = 53:9-36, 576:0-9 (rough), 734:5-14; the guide = the rest; carry each by register	med	open 		7	|	000021E2:117:0	
637	V633	000021E2:256:1-2, 576:13-14, 622:0-1, 628:1-2, 628:6-7, 628:12-13, 628:15-16, 1025:1-2, 1025:11-12, 1025:18-19	The guide drops 様 from the player's name slot (bare name, then あんた / あなた / お前) once she speaks as 春花; in 211:17-18 she says "<name>さん" to others. A suffix drop is an event (STYLE). English "-sama" disappears with it; is a TN needed?	Honorific event on the player's name	no TN; the loss of "-sama" and the rough register carry it	med	open 		7	|	000021E2:256:1	
638	V634	0000235A:12:0	"「血まみれだった」" is alone in block 12, colour ?, answering なつみ's "どんな？" (8:52) about the other 春花 in 春花's dream (V622 family).	Speaker; bare-block device	春花, kept alone in its block	high	open 		7	|	0000235A:12:0	
639	V635	000023AB:8:19	"『なつみの前じゃ言えない』なんて五島が言ったら、なつみに気を遣わせるもんな" is coloured 五島 but continues 春花's 8:18 ("なるほどな。") and names 五島 in the third person. Colour slip?	Attribution	春花 speaks	high	open 		7	|	000023AB:8:19	
640	V636	00002427:11:184	"お母さん？" is coloured なつみの母 inside なつみ's turn (11:183-185, colour なつみ). Colour slip?	Attribution	なつみ speaks	high	resolved	resolved_by=00002427:00002427-0000242A.lns:613 | the お母さん colour is the referent-name highlight (Akane's colour), not a speaker change; Natsumi speaks the whole turn 	8	|	00002427:11:184	
641	V637	00002427:11:334	"「こうすれば、もう誰も殺さずに済む」」" doubled closing bracket	Read as intended	one closing quote	high	typo 		7	|	00002427:11:334	
642	V638	0000242E:11:62	"今朝の事件の犯人が私の家自宅にっている" garbled; intended 私の家に向かっている (cf. 11:64 "私の妹のところに向かっている")	Read as intended	"the killer from this morning was heading for my house"	med	typo 		7	|	0000242E:11:62	
643	V639	0000242E:11:238	"呆然と、そして闇然と" = 暗然と (闇然 is not a word); or a coinage?	Read as intended	"dazed, and darkly" / "and gloomily"	med	typo 		7	|	0000242E:11:238	
644	V640	00002433:11:95	"もしおばさんがその時ここに住むっていたら" = 住むって言っていたら (dropped 言)	Read as intended	"if Auntie had said she'd live here then"	high	typo 		7	|	00002433:11:95	
645	V641	0000242E:11:105-197	The masked figure (能面, red cloth) that hugs 桃子 speaks in なつみの母's colour ("お願いだから、道をあけて……" 11:147; "どうか娘たちを……／お願い……" 11:188-189, 11:222). 桃子's narration calls it 怪人 / 彼女 / こいつ and never learns who it is. The English must not name it.	Knowledge fence; the colour alone identifies	怪人 per GLOSSARY, 彼女 kept as "she" where 桃子 says it; no name	high	resolved	resolved_by=0000242E:00002431:381-845 | the figure is never named: "the strange figure" at every 怪人 site, "her" only at the JP's 彼女, "it" elsewhere 	8	|	0000242E:11:105	
646	V642	00002268:8:1, 8:66	The afterword prints the author's circle name (spaced letters) and pen name, and the date "2024年　四月　八日". Project rule: real personal names never go into project files. How is this afterword handled in the translation (carry the names as printed, or leave the cells for the owner)?	Owner-only: outward-facing names	leave both cells for the owner; translate the rest	high	owner 		7	|	00002268:8:1	
647	V643	00002340:11:112, 11:114	Revived なつみ's "あ　　　が　　がが　　　ああ　　　" / "うう　　　あ　　　ぐがががが　　　が": sounds separated by runs of U+3000 (V536 family).	Device; SFX rule	keep the U+3000 runs; romanize the sounds as heard ("a   ga  gaga   aah")	med	open 		7	|	00002340:11:112	
648	V644	00002450:18:77	"まあざっくりと覚せい剤みたいなもんだ" is coloured 春花の父 inside the 伊勢 / subordinate exchange; it answers the subordinate's "エフェドリン……？" (18:76) and explains, as 伊勢 does throughout. Colour slip?	Attribution	伊勢 speaks	high	open 		7	|	00002450:18:77	
649	V645	00002444:14:72	"などど今考えても意味はない" = などと (doubled/garbled kana)	Read as intended	"Thinking about it now got me nowhere."	high	typo 		7	|	00002444:14:72	
650	V646	00002444:20:257	"ふもとまでお送ります" = お送りします (dropped り)	Read as intended	"I will take you down to the foot of the mountain."	high	typo 		7	|	00002444:20:257	
651	V647	00002444:26:387	"今はある人物に核になっています" = ある人物が核に (particle slip)	Read as intended	"now a certain person has become the core"	high	typo 		7	|	00002444:26:387	
652	V648	00002444:26:392	"死月妖花と核の違いが一致すればいいのです" — 違い ("difference") cannot "agree"; likely 意思 or 願い. Meaning: it only needs the will of the fungus and of the core to match?	Meaning of a rule line	"as long as the will of the 死月妖花 and of the core agree"	med	open 		7	|	00002444:26:392	
653	V649	00002444:26:398	"核になった人が死月妖花の取り込まれたのはいつか" = 死月妖花に取り込まれた (particle slip)	Read as intended	"when the person who became the core was taken in by the 死月妖花"	high	typo 		7	|	00002444:26:398	
654	V650	00002444:32:80	"塊を覆いていた髪" = 覆っていた	Read as intended	"the hair that had covered the mass"	high	typo 		7	|	00002444:32:80	
655	V651	00002444:32:79	"それに反応するかのように、私も足も1歩下がる" = 私の足も (particle slip)	Read as intended	"my feet took a step back as if in answer"	med	typo 		7	|	00002444:32:79	
656	V652	00002450:18:59	"神隠し的手口を可能するものだったら？" = 可能にする (dropped に)	Read as intended	"if this is what makes the spirited-away method possible?"	high	typo 		7	|	00002450:18:59	
657	V653	00002444:14:148	城崎 says 僕 once in panic ("違うんだ！　僕は最後まで反対して――！"); everywhere else 俺 (0000243F narration; 14:116, 14:122, 14:160). A switch the text does not remark on. TN case 3 does not apply?	Pronoun signal English cannot carry	no TN; plain "I", flustered diction	med	open 		7	|	00002444:14:148	
658	V654	00002444:32:74, 32:76, 32:84, 32:87, 32:89, 32:91, 32:93	The 女神's silent turns are "「　　　　　　　　」" (8 x U+3000 inside 「」), colour 女神様, a blank-turn device. Keep the 8 U+3000 inside straight quotes as in CORE A's blank turn?	Device; CP932 layout	keep "　　　　　　　　" inside "..." byte for byte	med	open 		7	|	00002444:32:74	
659	V655	00002444:32:168-169	"お前の……／君の名前は……？": 春花 corrects お前 to 君 mid-question, softening for the childlike 女神. English "you" twice. Carry by a restart and softer words, or TN case 3?	Register switch the text shows	restart in English ("Your... what's your name?"), no TN	low	open 		7	|	00002444:32:168	
660	V656	0000243F:11:40	"もちろんだ……。サクラちゃんの次に呪殺されたの、誰だか分かっているよな？" is byte-identical to 00001BA8:8:19 (same speaker 城崎, same scene seen from his side). Identical English required (CORE B2 replay)?	Replay identity	yes, reuse the 00001BA8:8:19 English verbatim	high	open 		7	|	0000243F:11:40	
661	V657	00002444:32:27-29	春花 tells the voices apart by the suffix: "幸太郎さんは春花『ちゃん』と呼ぶ。／だからこれは……お父さんか." English keeps "-chan", in single quotes per 『』: "Haruka-'chan'". Is a TN needed?	Honorific the reasoning turns on	keep "Haruka-'chan'", no TN	med	open 		7	|	00002444:32:27	
662	V658	00002450:12:250; 18:20	This file dates itself in Gregorian years ("――時刻　2020年五月五日　23:05"; "2035年には人口が15万人") where the story elsewhere uses 祀耀; 五島 was 3 when 栄一郎 died "12年前". CALENDAR says keep dates as written, no conversion, no TN. Confirm: no link to 祀耀800 in the English?	Calendar; knowledge fence	keep "May 5, 2020, 23:05" and "2035" as printed; no TN	high	open 		7	|	00002450:12:250	
663	V659	00002450:12:39	"私はあの時、人が死ぬ瞬間を見ちゃったから気分悪くて……。" is a bare cell (speaker column empty) inside 五島's narration, but its 私 is 桃子 (her account of 12 years ago, leading into the remembered exchange 12:40-52). Render as 桃子's unquoted recollection, bare?	Attribution; bare-cell device	桃子's words, kept bare, no quotes	med	open 		7	|	00002450:12:39	
664	V660	0000243F:11:99, 11:109, 11:112, 11:125	Readings not given: 瀬 (せ?), 瀬正照 (まさてる; 香織 calls him マーくん), 新島 (にいじま / しんじま / にいしま?), 香織 (かおり).	Names	"Masateru Se", "Kaori Niijima"	low	open 		7	|	0000243F:11:99	
665	V661	0000246E:11:57, 11:62; 00002473:11:275	幸太郎 uses 僕 twice to 城崎 ("いえ、少なくとも僕は……", "少なくとも僕は見ていない") and 俺 in every other line; the 00001C1D visitor taken for 幸太郎 also went from 俺 to 僕, and the dead 栄一郎 (self 僕) says 俺 once at 00002473:11:275. English "I" cannot carry this. Is it a plot signal (twin identities) that needs a TN, or ordinary politeness?	Pronoun switch the text may treat as a clue	translate plainly; no TN unless the owner reads it as a clue	low	open 		7	|	0000246E:11:57	
666	V662	0000246E:11:370	"これがお前が望んていたことなのか？": 望んていた for 望んでいた (dropped dakuten).	Source typo	read as 望んでいた: "Is this what you wanted?"	high	typo 		7	|	0000246E:11:370	
667	V663	00002473:11:40-246	幸太郎's side of the 00000E19 / 00000E31 cave scene replays their lines, but cells are merged (11:84 vs E19:11:141-142; 11:91 vs 11:150-151; 11:161-162 vs 11:182-183; 11:179 vs 11:184-186; 11:246 vs E31:11:71-72) and one word is added: 11:89 "まるで人形のように軽いぞ" vs E19:11:147 "人形のように軽いぞ". Same English with this file's cell layout, and "まるで" carried only here?	Replay identity (CORE B2)	identical English per sentence, split to this file's cells; add "just" for まるで here only	med	open 		7	|	00002473:11:40	
668	V664	00002473:11:128, 11:131, 11:145-152	サクラ's voice heard inside 幸太郎's head: ――-prefixed bare cells, no 「」, speaker column empty; later in-head voices (11:321-333) use 「」 in colour. Keep the ― prefix bare per the 「――」 rule, no quotes?	Wrapper device	keep "―..." bare, as printed	med	open 		7	|	00002473:11:128	
669	V665	0000246E:11:342	エリカ reports the words of the person in 幸太郎's shape: "私がサクラを突き落した。…首を切った。" 幸太郎 says 俺; 栄一郎 says 僕. Is 私 her paraphrase or a tell? English "I" either way.	Pronoun as a possible clue	plain "I"; no TN	low	open 		7	|	0000246E:11:342	
670	V666	00002478:11:129-130	Closing "のだが――。／それはまた――別の世界での話。" Is 別の世界 a fixed term tied to the game's structure (another route), so its English must match other uses of 別の世界 (read/chunk24.txt line 70:42 "1人だけ別の世界に飛ばされちゃった", read/chunk28.txt line 901:114 "別の世界の人")?	Recurring phrase with structural weight	"But that is a story from another world." ; one rendering for every 別の世界	low	owner 		7	|	00002478:11:129	
671	V667	0000246E:11:185	"きっと母さんは、俺がサクラの首を切ったと思っている" has no final 。 (all neighbouring narration cells have one).	Source punctuation drop	add the period in English	high	typo 		7	|	0000246E:11:185	
