row	from	to	calls_them	speech_level	as_of_file	changed_from	why	first_id	superseded_id
1	なつみ	春花	春花 (bare given name)	タメ口	00000024		best friends from early childhood, next-door neighbours; 3p 春花; Haruka one year older (00000024:67:39)	00000024	
2	春花	なつみ	なつみ (bare given name)	タメ口 (boyish: だぞ, だろ, だな, くそ)	00000024		protective; 3p なつみ; お前 appears as a teasing/affectionate spike (000001E3:8:178, 000001E5:35:32)	00000024	
3	unnamed visitor (called おとうさん by Haruka)	春花	春花 (bare)	タメ口 (gentle: やあ…久しぶりだね)	00000024		one line only (00000024:51:42)	00000024	
4	春花	unnamed visitor (called おとうさん by Haruka)	おとうさん (split one mora per cell)	タメ口	00000024		00000024:51:43-47; 3p in narration お父さん (00000024:47:17)	00000024	
5	unnamed guide	player	<player name>様	敬語	000000F2		system voice; わたくし; 0000001E / 000000F2	000000F2	
6	お母さん (茜)	なつみ	なつみ	タメ口 (わよ, なさい, のよ, わね)	000001DB		Natsumi's mother; 3p for Haruka 春花ちゃん (000001DB:15:111)	000001DB	
7	なつみ	お母さん (茜)	お母さん	タメ口	000001DB		3p お母さん / うちのお母さん; calls father お父さん (not present)	000001DB	
8	お母さん (茜)	春花	春花ちゃん (3p)	タメ口	000001DB		3p only in this chunk: 隣の春花ちゃん (000001DD:11:44)	000001DB	
9	おばさん (Haruka's mother)	なつみ	なつみちゃん	タメ口 (stretched ねー, わー, よー; かしらー)	000001DD		3p her daughter: うちの春花, あの子; 3p Natsumi's mother: 茜	000001DD	
10	なつみ	おばさん (Haruka's mother)	おばさん	タメ口	000001DD		address and 3p おばさん; narration also 春花のお母さん (000001DD:11:89); not a relative (V007)	000001DD	
11	おばさん (Haruka's mother)	お母さん (茜)	茜 (3p)	タメ口	000001DD		childhood friends "生まれた時から一心同体" (000001DD:11:102)	000001DD	
12	向井	2年2組 students	2年2組のみなさん	丁寧	000001DD		school mail; self-reference 担任の向井です	000001DD	
13	春花	おばさん (Haruka's mother)	お母さん / うちのお母さん (3p)	n/a	000001DF		3p only (000001DF:11:28, 11:99)	000001DF	
14	なつみ	unnamed red person	none (大丈夫ですか)	丁寧	000001E1		dream; stranger	000001E1	
15	五島	なつみ	古郡先輩 / 先輩	丁寧 (です・ます) with playful registers	000001E3		stretched 古郡せんぱーい (8:12), せーんぱい (000001E5:41:13); 3p in her narration 古郡先輩 / 先輩 (0000020B)	000001E3	
16	五島	春花	新村先輩 / 先輩; 旦那 (mock)	丁寧 (です・ます); mock-lackey (でゲスよ, ですぜ, でんなあ, 御意)	000001E3		旦那 only in playacting about food/money (8:30, 8:35, 8:53, 8:59); 3p in her narration 新村先輩 / 先輩 (0000020B)	000001E3	
17	なつみ	五島	五島 (bare surname)	タメ口	000001E3		Goto is one year her junior (000001E3:8:21); known three years (0000020B:12:6)	000001E3	
18	春花	五島	五島 (bare surname); お前	タメ口	000001E3		"お前も来てたのか" (8:16); "お前なあ" (000001E5:23:103)	000001E3	
19	春花	なつみ	お前 (spike)	タメ口	000001E3	なつみ (bare)	"お前本当にファザコンだよなあ" (8:178); teasing, not a lasting change; なつみ resumes next line	000001E3	
20	春花	五島	こいつ (3p, first meeting); お前; 五島; 五島様 (mock, 000002F6:11:78 inferred)	タメ口 (rough-teasing)	000002F6		first-meeting flashback "こいつが天才少女五島か！" (11:67); お前 is her steady address to Goto from here (0000033D, 0000034C, 00000366)	000002F6	
21	なつみ	五島	五島 (bare surname)	タメ口	000002F6		the first person ever to call Goto by bare surname (000002F6:11:61); "五島ってば" and 3p descriptor "かわいい後輩" (00000473:11:33)	000002F6	
22	Goto's mother	五島	絵梨奈	タメ口 (わよ, soft questions)	000002F6		"絵梨奈、どうしたの？" (000002F6:11:30); calls her elder daughter 桃子 (0000037D:11:74)	000002F6	
23	五島	Goto's mother	お母さん	タメ口	000002F8		phone "あ、もしもしお母さん？" (000002F8:12:7)	000002F8	
24	Goto's father	五島	絵梨奈 / 絵梨奈ちゃーん; お前	タメ口 (drunk, lecturing)	000002F8		self-reference おとーさん (12:15); 3p elder daughter 桃子 (12:17)	000002F8	
25	五島	桃子	お姉ちゃん	タメ口 (sulky: 何さ, じゃん)	0000034C		3p in narration お姉ちゃん throughout (000002F8:12:2); see V055	0000034C	
26	桃子	五島	あんた	タメ口 (blunt, curt)	0000034C		3p to her mother 絵梨奈 (0000037D:11:5); "あんたの大好きな先輩" (0000037D:11:30)	0000034C	0000057B
27	桃子	春花	none (すみません)	丁寧 (switches instantly to a polite voice)	0000034C		"あーすみません、こんな格好で。…ゆっくりしていって下さいね" (0000034C:11:33-34)	0000034C	
28	春花	桃子	none (すみません)	丁寧	0000034C		"あの……すみません、お邪魔します" (0000034C:11:30)	0000034C	
29	お母さん (茜)	五島	五島ちゃん	タメ口 (おいでなさいな)	0000034C		phone on speaker (0000034C:11:302)	0000034C	
30	五島	春花	新村先輩 / 先輩	タメ口 (plain, in text messages)	000002FA	丁寧 (です・ます)	speech-level break (SPEECH-LEVEL BREAKS rule): "待って！　勘違いだから！　先輩！" (27:8), "先輩、つらいよね？　苦しいよね？ 話して。全部聞くから。私、味方だから。" (27:11); back to です・ます in speech (0000033D)	000002FA	
31	桃子	Goto's mother	おかあさーん	タメ口	0000037D		"おかあさーん！　絵梨奈が目開けたよー！" (0000037D:11:5)	0000037D	
32	Goto's mother	桃子	桃子	タメ口	0000037D		"桃子……もうやめなさいよ" (0000037D:11:74)	0000037D	
33	unnamed old detective	五島	五島絵梨奈さん; 君	タメ口 gentle, polite formulae ("失礼しました")	0000037D		0000037D:11:43, 11:50, 11:67	0000037D	
34	unnamed examiner (先生)	unnamed patient (××××)	none	タメ口 (gentle: ごめんね, いいんだよ)	000003AE		000003AE:8:24-25	000003AE	
35	unnamed patient (××××)	unnamed examiner (先生)	先生	丁寧, drops to plain in the outburst ("もうやめてよ！" 8:22)	000003AE		000003AE:8:40	000003AE	
36	伊勢	subordinate officers	君; 巡査部長 (title as address); おい	タメ口 (brusque; くそ)	000003B4		000003B4:8:26; 000003BC; 000004A7:11:102	000003B4	
37	subordinate officers	伊勢	伊勢警部補 / 警部補	丁寧 (overdone: お疲れ様でございますでございます)	000003B4		3p among themselves also 伊勢警部補 / 警部補 (000003B4:8:14-20)	000003B4	
38	伊勢	五島	君; 五島絵梨奈さん	タメ口 with stiff official lines (いかにも, 断じて); flustered	000004A7		000004A7:11:33, 11:59, 11:94	000004A7	000004BB
39	五島	伊勢	警部補殿 (mock-military, with salute); 伊勢さん	丁寧 + mock-soldier であります	000004A7		narration 3p 伊勢さん (000004A7:11:42)	000004A7	
40	伊勢	五島	五島ちゃん; 君 (earlier)	タメ口 (gentle, flustered)	000004BB	君; 五島絵梨奈さん	"ご、五島ちゃん……" (000004BB:8:42); Goto notes the change (8:43); formal "五島絵梨奈" no longer used	000004BB	
41	五島	伊勢	おじさん (teasing); 伊勢さん; 伊勢警部補 (formal thanks)	丁寧 with plain slips ("伊勢さん大丈夫？" 000004BB:8:38)	000004BB	警部補殿; 伊勢さん	おじさん from 000004BB:16:37 (Ise: "お、おじさん……？"), steady after (000004CF:12:82, 00000522:11:46, 00000564:11:60); "伊勢警部補。…本当にありがとうございました！" (00000522:11:77); "お手数おかけします" noted by Natsumi as unusually polite (00000550:11:13); see V059	000004BB	
42	unnamed waitress (ザッハ)	伊勢	お客様	敬語	000004BB		"な、なんでしょうかお客様……" (8:14), "あ、あのお客様、分かりましたから、ご注文を……" (8:24)	000004BB	
43	伊勢	unnamed waitress (ザッハ)	君	タメ口 (flustered, official)	000004BB		"き、君！" (8:12)	000004BB	
44	春花	なつみ	お前 (steady in the crisis); なつみ	タメ口 (rough, manic, then pleading)	000004E3	なつみ (bare) with お前 spikes	"お前ほんとバカだよなあ" (27:9), "もうお前なんか友達じゃない！" (27:57); pleading "なつみぃ……。死んじゃやだよ" (27:35); お前ら to Natsumi + Goto (00000564:11:48)	000004E3	
45	なつみ	春花	春花 (bare)	タメ口 (sharp: demands, "何よ！", "バカにしないで")	000004E3	タメ口 (soft)	slap (27:58); "もう一度言えって言ってるでしょ！" (27:67); returns to soft by 000004F9	000004E3	00000E49
46	伊勢	なつみ	古郡なつみさん; 古郡さん; 君	タメ口 (gentle, hesitant)	00000538		00000538:11:25 (speaker per V072), 11:151; "君が飛ばした風船" (00000550:11:44)	00000538	
47	なつみ	伊勢	伊勢さん	丁寧	00000538		"お父さんに会わせてくれるってことですよね？" (00000538:11:42); "伊勢さん、古郡です" (00000564:11:80); 3p 伊勢さん	00000538	
48	伊勢	春花	新村春花さん; 新村さん	タメ口 (gentle)	00000550		"新村さん、1つ聞きたい" (00000550:11:73); 3p 新村さん	00000550	
49	春花	伊勢	伊勢さん	タメ口	00000550		"ありがとう、伊勢さん！" (00000550:11:130, speaker inferred V066); 3p "伊勢さんって……かっこいいな！" (11:139-140)	00000550	
50	伊勢	おばさん (新村美冬)	新村美冬 (bare full name)	タメ口 (arrest formula)	00000564		"新村美冬！　殺人および死体遺棄の容疑で緊急逮捕する！" (00000564:11:182); 3p 新村美冬 / 美冬さん (00000522:11:54, 00000550:11:72)	00000564	
51	五島	お母さん (茜)	おばさん; あなた (in anger)	丁寧	00000522		"あ、おばさん！" (00000522:11:86); "だから私はあなたを許せません" (11:121); "自首して下さい" (11:128); 3p in narration おばさん; 0000057B:11:39 おばさん	00000522	
52	お母さん (茜)	五島	五島ちゃん	タメ口 (soft, resigned)	00000522		"さすが……五島ちゃんね" (00000522:11:113), "ごめんね、五島ちゃん" (11:139); 3p Natsumi あの子 (11:138), 3p Haruka's mother 美冬 (11:92)	00000522	
53	なつみ	おばさん (新村美冬)	おばさん; あなた	丁寧 (kneeling apology)	00000564	タメ口	"あなた……本当におばさんなの……？" (00000564:11:165-166); "本当に……すみませんでした" (11:172); speech-level change is an event	00000564	
54	春花	おばさん (新村美冬)	お母さん	タメ口 (rough)	00000564		direct address "お母さん……何してんだよ……" (00000564:11:175)	00000564	
55	おばさん (新村美冬)	春花	春花 (bare)	タメ口 (flat)	00000564		"行くわよ、春花……" (00000564:11:191)	00000564	
56	おばさん (新村美冬)	なつみ	なつみちゃん	タメ口 (flat, no stretched endings)	00000564	タメ口 (stretched ねー, わー)	"なつみちゃん……。もう……そういう問題じゃないのよ……" (00000564:11:179-180); the cheerful register is gone	00000564	
57	古郡良治	なつみ	なつみ	タメ口 (cheerful, fatherly)	00000538		memory "なつみ、進級おめでとう" (00000538:11:105); 3p 春花ちゃん, 五島ちゃん, 茜, 美冬さん (11:109-111)	00000538	
58	なつみ	古郡良治	お父さん	タメ口	00000538		"うわーありがとうお父さん！" (00000538:11:107); to the body "ごめんねお父さん、遅くなって……" (11:102)	00000538	
59	古郡良治	お母さん (茜)	茜; お前	written plain (だ/である)	00000564		letter "茜へ" (00000564:11:97), "お前にはもう言ってあるが" (11:109); self 俺; 3p 美冬さん, 春花ちゃん, なつみ	00000564	
60	桃子	五島	絵梨奈	タメ口 (gruff, fond)	0000057B	あんた	"絵梨奈……！" (0000057B:11:89); "ったく……いつまでたってもガキなんだから……" (11:96)	0000057B	
61	五島	桃子	お姉ちゃん; おねえちゃーん	タメ口 (crying)	0000057B		0000057B:11:90, 11:94; Natsumi 3p お姉さん (11:91)	0000057B	
62	桃子	五島	五島様 (service address), then none	敬語 (service: わたくし, 誠にありがとうございます), then plain タメ口 whispered	000005C1	あんた (0000034C)	as the café waitress: "いらっしゃいませ、五島様" (000005C1:11:289), then "早く行きなさいよ" (11:304-305); Goto's reply "う、うん……"	000005C1	
63	桃子	なつみ + 春花	お三方 (service)	敬語	000005C1		"今回はわたくしの方で、お三方分をサービスいたします" (000005C1:11:300); 3p to Goto "この2人" (11:304)	000005C1	
64	unnamed madam	unnamed madam	奥様	丁寧 genteel (ざます / ですわ)	000005C1		000005C1:11:40-50, 21:33-42; 3p 主人 (husband) 11:46; see V078	000005C1	
65	春花	なつみ	お前 (spike); なつみ	タメ口	000005C1		"今日のお前めんどくさいな……" (000005C1:11:106), "きっと、中学時代のお前のしつけが悪かったからだ" (11:104, speaker inferred)	000005C1	
66	伊勢	五島	五島さん; 君; 天才少女 (3p descriptor)	タメ口 with stiff official lines; stammering	000005D6		route of 000005C1-00000656: "五島さん……し／し／し……！" (000005D6:11:130), "君の写真を撮らせてほしい！" (11:135), "さすがは天才少女だ！" (11:107); in his note 五島さん (0000062C:11:66)	000005D6	
67	五島	伊勢	伊勢さん; おじさん (teasing)	丁寧 (playing dumb), mock-military "お疲れ様です！"	000005D6		"だって伊勢さん、でしたっけ？" (000005D6:11:94); "ねえおじさん！" (11:116), Ise: "お、おじさん……？" (11:117); 3p to the girls "あのおじさん" (11:140, 00000600:11:6, 0000062C:11:53); see V059	000005D6	
68	春花	なつみ	ナツミ様 (mock, katakana)	mock-servile katakana 丁寧	00000600		"ナツミ様、申シ訳アリマセンデシタ" (00000600:19:34); one line (V086)	00000600	
69	五島	なつみ	古郡様 (mock, katakana)	mock-servile katakana 丁寧	00000600		"古郡様、ワタクシガ、悪カッタデス" (00000600:19:35); one line (V086)	00000600	
70	なつみ	春花 + 五島	2人とも; ～ども (villain insult)	archaic-villain タメ口 (わ, かしら, がいいわ)	00000600		possessed tirade "ふははははは！　どうしたの2人とも！" (00000600:19:16-21); one scene (V087)	00000600	
71	unnamed coach (顧問の先生)	なつみ	古郡 (bare surname)	タメ口 (coach: どうした, もういい, よし、いいぞ)	00000617		flashback, middle school (00000617:8:46, 8:52, 8:178, 8:218)	00000617	
72	なつみ	unnamed coach (顧問の先生)	none (先生 in 3p)	丁寧 ("待って下さい……！", "大丈夫……です……")	00000617		flashback (00000617:8:53-54, 8:219-221)	00000617	
73	五島	なつみ	先輩; 古郡先輩; あなた (narration, once)	丁寧	00000617		Goto's flashback narration ends "私は、先輩を……／あなたを心から尊敬します。" (00000617:8:251-252); V089	00000617	00000E31
74	なつみ	五島	五島 (bare, from the first talk)	タメ口	00000617		flashback "そうなんだ……五島って変わってるね……" (00000617:8:100); "私のかわいい後輩！" (8:241); Goto on the name forms 8:102-108	00000617	
75	伊勢	なつみ	古郡なつみさん; 古郡さん; 君	タメ口 (orders)	0000062C		"古郡なつみさん！　私は元木警察署の伊勢だ！　君を保護しに来た！" (0000062C:19:18); "古郡さん何してる！" (19:55); note 3p 古郡さん (11:61)	0000062C	
76	伊勢	the 死神	お前	タメ口 (arrest)	00000641		"お前は防弾チョッキを着ているな？" (00000641:11:106); names it 死神, then 新村美冬 (11:113-115)	00000641	
77	伊勢	お母さん (茜)	古郡さん	タメ口 (urgent)	00000641		"お、おい古郡さん！　どうしたんだ！" (00000641:11:129), "古郡さん、もうしゃべるな！" (11:146)	00000641	
78	お母さん (茜)	伊勢	伊勢さん	タメ口 (dying)	00000641		"い……伊勢さん……。私はもう……ダメだから……" (00000641:11:147-149)	00000641	
79	お母さん (茜)	古郡良治	良治君 (3p)	n/a	00000641		"良治君は……お父さんはね……" (00000641:11:123-124); self-correction to お父さん for Natsumi	00000641	
80	お母さん (茜)	おばさん (新村美冬)	美冬; あの子 (3p)	n/a	00000641		"美冬は……あの子は……" (00000641:11:138)	00000641	
81	なつみ	the 死神	あなた	タメ口 (accusing)	00000641		"あなたがお父さんを殺したのね……" (00000641:11:95), "あなた、誰なの……？" (11:100); unmasked as お母さん (茜) at 11:118	00000641	
82	古郡良治	なつみ	なつみ (one mora per cell)	タメ口 (broken, gentle imperative なさい)	00000641		flayed red figure: "な／つ／み" (00000641:11:32-34), "信じ……なさい……。春花ちゃんを……" (11:54-56); 3p 春花ちゃん	00000641	
83	春花	なつみ	親友 (as address); なつみ	タメ口	00000656		"ああ！　もちろんだ親友！" (00000656:11:34); "私との約束、忘れたのか？" (11:60)	00000656	
84	五島	春花	新村先輩; 先輩	丁寧 (tearful, "本気で愛してまーす！")	00000656		parting (00000656:11:29, 11:78); 3p "新村先輩" to Natsumi	00000656	
85	unnamed phone speaker (00000656)	お姉ちゃん (unheard)	お姉ちゃん	タメ口	00000656		"もしもし、お姉ちゃん？" (00000656:11:172); 3p 春花ちゃん (11:178); V091	00000656	
86	五島	unnamed stall vendor	お兄さん	丁寧 (wheedling, だ・か・らー)	0000066B		"ねえねえお兄さん！　私、今日から高校生なんですよ！" (0000066B:11:9)	0000066B	
87	春花	おばさん (新村美冬)	お母さん	タメ口 (child: soft, "ねえねえお母さん！")	00000682		memory, elementary school (00000682:11:57, 11:81-82, 11:91-93); as a teen rough-worried, see next row	00000682	
88	おばさん (新村美冬)	春花	春花	タメ口 (gentle, praising: "いい子ね, 春花は")	00000682		memory (00000682:11:60, 11:76-77, 11:83); gives her 『のろいのせかい』; self-reference お母さん	00000682	
89	unnamed bullies (女ケ沢市, elementary and middle school)	春花	新村 (bare); お前; こいつ	乱暴	00000682		"新村、お前あの邪教徒なんだってな！？" (00000682:11:154); 3p for Natsumi (letter) こいつ (11:161)	00000682	
90	unnamed bullies (女ケ沢市, elementary)	御子神	御子神 (bare surname)	乱暴	00000682		"おい御子神！　お前、変な神様に祈ってるんだろ！？" (00000682:11:41)	00000682	
91	春花	御子神	御子神さん (3p, to the bullies)	タメ口, timid ("ね、ねえ")	00000682		"ね、ねえ。御子神さんをいじめるのはダメだよ……" (00000682:11:44)	00000682	
92	春花	新村栄一郎	お父さん	丁寧 (です・ます, prayer to the memorial photo)	00000682		"お父さん、今年は行けなくてごめんなさい。いつも私はお父さんのことを思っています。" (00000682:11:217-218); 3p お父さん; in prayer 死神――お父さん (11:170)	00000682	
93	おばさん (新村美冬)	春花	春花	タメ口 (cheerful, stretched ー; flat at the door)	00000697	タメ口 (flat, 00000564 route)	this route, April 8 morning: "春花ー！　せっかく起きたのに2度寝しちゃダメよー！" (00000697:8:30); flat "今日はなつみちゃんと……仲良くね" (8:197-198); 3p なつみちゃん (8:162)	00000697	
94	春花	おばさん (新村美冬)	お母さん	タメ口 (rough, worried, pleading: "なあ", "頼むよ")	00000697		"なあ待ってくれよ、お母さん明らかに働き過ぎだって。頼むよ、もう少し仕事減らしてくれよ" (00000697:8:190); 3p うちのお母さん	00000697	
95	unnamed phone caller (00000697)	春花	春花	タメ口 (soft; every line opens "ん……")	00000697		"ん……春花、久しぶりね" (00000697:8:61); 3p おばあちゃん, 夏菜; V106	00000697	
96	春花	unnamed phone caller (00000697)	none	タメ口 (casual)	00000697		"何だよ、誰かと思ったぞ……" (00000697:8:63); 3p ばあちゃん, 夏菜 (あいつ, 8:78)	00000697	
97	谷崎	3年1組 students	3年1組のみなさん	丁寧 (odd)	00000697		school mail (00000697:8:46-50); self-reference 担任の谷崎です; V105	00000697	
98	春花	五島	五島 (bare); お前	タメ口	000006C9		"五島……。お前は私が怖くないのか？" (000006C9:8:36); "五島、助けてくれよ……！" (8:76)	000006C9	
99	五島	春花	新村先輩; 先輩	丁寧, smile dropped (analytic)	000006C9		"さて、先輩" (000006C9:8:0); "あり得ません" (8:41); っす register only in the groping bit (000006E0:16:105-115, V114)	000006C9	
100	春花	古郡良治	なつみのお父さん (3p)	n/a	000006C9		"私、なつみのお父さん殺しちゃった……" (000006C9:8:75)	000006C9	
101	春花	お母さん (茜)	おばさん (3p); なつみのお母さん (3p)	n/a	000006C9		"今度はなつみと、おばさんも……" (000006C9:8:75); なつみのお母さん (00000697:8:136, 00000731:8:50)	000006C9	
102	五島	お母さん (茜)	先輩のお母さん	丁寧 (cheerful, phone)	00000731		"ああ、先輩のお母さん！？　古郡先輩は今、ザッハのトイレで思いっきり踏ん張ってますよー！" (00000731:8:119)	00000731	
103	五島	おばさん (新村美冬)	新村先輩のお母さん (3p)	n/a	00000716		never named in Goto's reasoning; "今回の死神＝新村先輩のお母さん" (00000731:8:13)	00000716	
104	なつみ	春花	春花; 親友; 戦友 (mock)	mock-villain タメ口 (わ, かしら, のよ, "残念だったわね！")	000006F9		takoyaki duel (000006F9:17:202-293); "ゃぁ……戦友……" (00000761:8:15); old-man role voice (8:20-21, V122)	000006F9	
105	なつみ	五島	五島; チビ; ちんちくりん (3p)	タメ口 (angry)	000006E0		"このチビの幼児体型がよくまあそんなことを！" (000006E0:16:129); 3p "あのちんちくりん" (000006F9:17:244)	000006E0	
106	五島	なつみ	古郡先輩	posh-lady 丁寧 (ですわよ, わたくし, でしてよ)	00000761		"ほっほっほ！　もちろんですわよ！　わたくしは、必ず約束を守る女でしてよ！？" (00000761:8:34); "何ならメジャーで測ってもよろしいですわよ？" (8:76)	00000761	
107	春花	なつみ	なつみ; お前 (steady in the plea)	タメ口 (earnest)	00000761		"なつみ、お前に言うことがある。今朝の事件のことだ" (00000761:8:130); "このままだと、私が殺されるんだよ！" (8:148)	00000761	
108	unnamed waitress (ザッハ)	五島 + 春花 + なつみ	none	敬語 (service)	000006E0		"お待たせしました。追加オーダーですか？" (000006E0:16:150); "ロシアンたこ焼き12個、はずれ2つです" (000006F9:17:4, V116)	000006E0	
109	おばさん (新村美冬)	大魔女 (Haruka in disguise)	大魔女様	敬語 proper (謙譲語: お詫びいたします, お越し下さった, ご存じ)	00000779		kneeling: "お久しぶりです。大魔女様" (00000779:8:43), "深くお詫びいたします" (8:45); believes she is addressing her mother-in-law; 3p for the real one 大魔女様 / 栄一郎さんのお母さん / お義母さん (000008A2:8:127-129)	00000779	
110	大魔女 (Haruka in disguise)	おばさん (新村美冬)	美冬さん	丁寧, commanding (なさい, 答えなさい; "顔を上げろと言うことは")	00000779		Haruka's impression of her grandmother, hoarse (00000779:8:31-97); 3p 古郡良治, 古郡なつみ, 五島絵梨奈, "孫の春花"; the voice must not read as Haruka's	00000779	
111	春花	おばさん (新村美冬)	お母さん	タメ口 (casual after the unmasking: "お母さんごめん……"), then rough-pleading at the visit (ふざけんじゃねえよ, 頼むから, バカかよ)	00000779	タメ口 (rough, worried: 00000697)	"お母さんごめん……。ばあちゃんのモノマネ、前よりうまくなってたでしょ？" (00000779:8:102); visit 000007A5:8:62-121	00000779	
112	伊勢	おばさん (新村美冬)	新村美冬 (arrest); 美冬さん (3p)	タメ口 (arrest formula)	00000779		"新村美冬！　殺人および死体遺棄、殺人教唆の疑いで逮捕する！" (00000779:8:105); "美冬さんは移送した" (8:124)	00000779	
113	五島	伊勢	おじさん	丁寧 with plain slips ("ほっぺにちゅーしようか！？")	00000779		"ねえ、おじさん！　先輩たち、どうなっちゃうんですか！？" (00000779:8:125); Ise: "お、おじさん……？" (8:126); "ありがとうおじさん！" (8:133)	00000779	
114	伊勢	五島	none; flustered refusals	タメ口 (stammering: のののおお, ぜぜぜぜ; ならんのだ)	00000779		"ぜぜぜぜ絶対だめだ！　美少女は愛でるものであって、絶対に手を出してはならんのだ！" (00000779:8:135-136)	00000779	
115	伊勢	春花 + なつみ	新村さん; 古郡さん	タメ口 (gentle, official)	00000779		"新村さんも古郡さんも、色々と大変だろうが、話を聞きたい。一緒に来てもらえるか？" (00000779:8:138)	00000779	
116	おばさん (新村美冬)	春花	春花	タメ口 (soft, broken; わ, の)	000007A5	春花 (cheerful / flat, 00000697)	visit: "春花は何よりも大事" (000007A5:8:82); "春花が20歳になったら、話すわね" (8:130); 3p "なつみちゃん", "茜"	000007A5	
117	五島	春花	旦那 (mock); 新村先輩	丁寧 with mock-Kansai でんなあ; っす once	000007A5		"ほほー！　今日も旦那は太っ腹でんなあ！" (000007A5:8:32); "お釣り返してもらわないといけないっすねえ" (8:44)	000007A5	
118	春花	五島 + なつみ	お前ら; こいつら (3p)	タメ口 (rough)	000007A5		"お前ら、掲示板には書き込んだのか？" (000007A5:8:37); "お前ら人の話を聞け！" (8:54)	000007A5	
119	おばさん (新村美冬)	お母さん (茜)	茜	タメ口 (soft, whiny, うぎゅ; young)	000007BC		from childhood (000007BC:8:13); "私も茜みたいになれるように頑張る！" (8:75); letter 00000874 in です・ます (see row below)	000007BC	
120	お母さん (茜)	おばさん (新村美冬)	美冬; あんた	タメ口 (cool, teasing, bossy: なさい, "あんたねえ……")	000007BC		"美冬、早く早く！" (000007BC:8:14); "あんたねえ……" (8:101, 8:134); "ちゃ・ん・と、ご検討ください！　以上！" (8:311-315)	000007BC	
121	お母さん (茜)	古郡良治	良治君	タメ口	000007BC		3p "良治君のこと？" (000007BC:8:80); address "良治君、ごゆっっっっっっっくり、どうぞ" (0000082F:11:96-97); "良治君、読んでくれた？" (00000874:11:71)	000007BC	
122	おばさん (新村美冬)	古郡良治	良治さん	タメ口 (to him directly from 000008A2: cold, threatening)	000007BC		3p "良治さん振っちゃうの！？" (000007BC:8:281); "私が良治さんと殴り合いのけんかをしたところで" (000008A2:8:75); letter 3p 良治さん (00000874:11:51)	000007BC	
123	古郡良治	新村栄一郎	栄一郎; お前; こいつ / あいつ (3p)	タメ口	000007D3		"ほら栄一郎、座れって" (000007D3:11:51); "おい、目つきが鋭すぎるぞ" (11:96); narration 0000082F	000007D3	
124	新村栄一郎	古郡良治	良治	タメ口 (勘弁してくれよ; 僕)	000007D3		"おい良治……！　勘弁してくれよ……！" (000007D3:11:86); "僕と良治の仲だ" (0000082F:11:78)	000007D3	
125	新村栄一郎	おばさん (新村美冬)	美冬さん; 美冬、金井さん (reversed, once)	丁寧 (nervous, stammering)	000007D3		"美冬、金井さん！" (000007D3:11:111, V136); "美冬さん、ごめんなさい……" (11:199); proposal "びょ僕と、家族になってください！" (000007EA:11:248)	000007D3	
126	おばさん (新村美冬)	新村栄一郎	栄一郎さん	丁寧	000007D3		"栄一郎さん、大丈夫ですか？" (000007D3:11:188); "私は栄一郎さんと歩きたいんです" (000007EA:11:122)	000007D3	00000818
127	新村栄一郎	お母さん (茜)	茜ちゃん	タメ口	000007D3		"良治と茜ちゃん……結婚するんだろ？" (000007D3:11:67); "茜ちゃんから聞いたでしょ？" (00000818:11:108)	000007D3	
128	古郡良治	おばさん (新村美冬)	美冬さん	タメ口	000007D3		"美冬さん、気に入らないか？" (000007D3:11:87, 3p); "おい美冬さん！　落ち着け！" (0000082F:27:4); "美冬さん、こんなのどうやって手に入れたんだ？" (000008A2:8:50)	000007D3	
129	unnamed café staff (プリマベラ)	おばさん (新村美冬)	金井様; later 古郡様、新村様 (to both women)	敬語 (service)	000007EA		"いらっしゃいませ、金井様" (000007EA:11:169); "古郡様、新村様、この度はおめでとうございます" (00000801:8:145); V082 for the suffix	000007EA	
130	新村栄一郎	おばさん (新村美冬)	美冬ちゃん	タメ口 (warm)	00000801	美冬さん; 丁寧	after marriage: "本当かい！？　やったね美冬ちゃん！" (00000801:8:128); "僕の妻" (3p, 00000818:11:189)	00000801	
131	おばさん (新村美冬)	新村栄一郎	栄一郎さん	タメ口 (married; angry once)	00000818	丁寧	"どうして……どうしてそんな、のんきなこと言えるの！？" (00000818:11:34-35); "栄一郎さん、私、茜に連絡してみる" (11:209)	00000818	
132	新村栄一郎	unnamed sweet-potato vendor	おばちゃん, then お姉さん	丁寧 (cheerful)	00000818		"おばちゃん！　焼き芋もう1つ下さい！" -> "だーれがおばちゃんだってー？" -> "あーいやいや、お姉さん！" (00000818:11:187-189); V144	00000818	
133	古郡良治	お母さん (茜)	茜; お前	タメ口	0000082F		"なあ茜、さっきなつみに100円渡したんだ。100円くれよ" (0000082F:11:85); "お前の両親のところで預かってもらってくれ" (00000874:11:98)	0000082F	
134	古郡良治	なつみ	なつみ; お前	タメ口 (fatherly)	0000082F		"なつみ！　そこをどきなさい！" (0000082F:11:141); "なつみ……。どうしたんだお前……" (19:3); "よしよし、偉いぞなつみ" (0000085D:11:9)	0000082F	
135	なつみ	古郡良治	パパ (age 4)	タメ口 (child)	0000082F		"ねえパパ、危ないよ" (0000082F:15:0), "あ、パパ、これ持ってて！" (11:50); V148	0000082F	00000846
136	なつみ	お母さん (茜)	ママ (age 4)	タメ口 (child)	0000082F		"ママー！　見て見て！　風船だよ！" (0000082F:11:100); V148	0000082F	000008D0
137	春花	新村栄一郎	パパ (age 4)	タメ口 (child)	0000082F		"ねえねえパパ！　ジュースちょうだい！" (0000082F:11:24); "パパ！　100円ちょうだい！" (11:46)	0000082F	
138	なつみ	新村栄一郎	おじさん (age 4)	タメ口 (child)	0000082F		"おじさん、私も！" (0000082F:11:26); not a relative (STYLE non-relative)	0000082F	
139	新村栄一郎	なつみ	なつみちゃん	タメ口 (gentle)	0000082F		"なつみちゃん、泣かないでよ。ほら、おじさんがとってきてあげるから" (0000082F:11:123); self おじさん	0000082F	
140	新村栄一郎	春花	春花	タメ口 (fatherly)	0000082F		"こらこら春花、そんな泣くことないだろ" (0000082F:11:37)	0000082F	
141	おばさん (新村美冬)	なつみ	あの子 (3p, hostile); なつみちゃん	タメ口	0000082F	なつみちゃん (cheerful, 000001DD)	"あの子が栄一郎さんを！　何なのあの子！　あの子、魔女なの！？" (0000082F:27:5-6); "なつみちゃんも、来たんだ……" (0000088B:16:38); "なつみちゃんは魔女よ！" (000008A2:16:1)	0000082F	
142	春花	なつみ	なつみ (age 4)	タメ口 (child)	0000082F		"なつみ！　蝶 々あっちに行ったよ！" (0000082F:11:1); "なつみ、行こう！" (11:49); "なつみー！" (27:45)	0000082F	
143	なつみ	春花	春花ちゃん (age 4-6)	タメ口 (child)	0000082F	春花 (bare, as teens)	"あはは！　待ってよ春花ちゃーん！" (0000082F:11:0); "やだ！　春花ちゃん行っちゃやだ！" (27:44); "春花ちゃんに会わせて……！" (0000088B:28:4)	0000082F	
144	なつみ	古郡良治	お父さん (age 6)	タメ口 (child)	00000846	パパ (age 4)	"お父さん、今日は会社の車に乗らないでね" (00000846:11:37); "お父さんお帰りー！" (0000085D:11:1)	00000846	
145	unnamed junior colleague (後輩)	古郡良治	古郡さん	丁寧 with っす	00000846		"古郡さん、そろそろ出る時間っすよ" (00000846:11:55); "古郡さんさすがっすね！" (11:88)	00000846	
146	古郡良治	unnamed junior colleague (後輩)	お前	タメ口 (senior, encouraging)	00000846		"何言ってんだ！　基本設計を作ったのはお前だろ？" (00000846:11:122); "自信を持て！" (0000088B:35:6)	00000846	
147	古郡良治	unnamed client (先方)	none	丁寧 (business: お持ちできます, 参ります, お任せください)	00000846		"じゃあ明後日の四月八日、木曜にまた参りますので" (00000846:11:87)	00000846	
148	古郡良治	五島 (child)	君	タメ口 (anxious)	0000085D		"2人とも、分かってるか……？" (0000085D:11:148); 3p この子, 天才少女	0000085D	
149	五島 (child)	なつみ	なつみちゃん; 君 (first question)	丁寧 (です・ます at 5-ish)	0000085D		"君はどれ食べるの？" (0000085D:11:140); "さよならなつみちゃん！" (00000874:11:3); 3p 桃子 お姉ちゃん (0000085D:11:151)	0000085D	
150	なつみ	五島 (child)	絵梨奈ちゃん	タメ口 (child)	00000874		"絵梨奈ちゃん！　桃子ちゃん！　ばいばーい！" (00000874:11:4); as teens bare 五島 (from 00000617)	00000874	
151	桃子	五島	絵梨奈 (child era)	タメ口 (big-sister)	00000874	あんた (teen era rows are later in the story, earlier in file order)	"さあ、絵梨奈、帰るわよ" (00000874:11:2)	00000874	
152	桃子	古郡良治	none	丁寧 (polite child)	00000874		"ごめんなさい、この子がお邪魔しちゃって……" (00000874:11:0)	00000874	
153	桃子	her mother	まま (toddler)	タメ口 (toddler)	00000801		"まま！　いもうと、ほちい！" (00000801:8:163); names the sister-to-be "えりな" (8:170)	00000801	
154	おばさん (新村美冬)	お母さん (茜)	茜 (letter)	written です・ます	00000874		"茜、お久しぶりです。…ターゲットは同封している写真2人です。" (00000874:11:31-57); signed 新村美冬; 3p 良治さん, 春花	00000874	
155	お母さん (茜)	おばさん (新村美冬)	美冬	タメ口 (flat, businesslike in the plot talk)	000008A2		"いじめている2人の顔と住所は覚えた。時間と実行場所、方法を教えて" (000008A2:8:15-16); "美冬、そうよ、そうしましょう！" (8:142)	000008A2	
156	古郡良治	お義父さん + お義母さん (茜's parents)	none (お義父さん / お義母さん 3p)	丁寧	0000088B		"いえ、すぐに行かないといけないので" (0000088B:35:50); "じゃあ、よろしくお願いします" (35:56); V151	0000088B	
157	お義母さん (茜's mother)	古郡良治	良治さん	タメ口 (warm)	0000088B		"良治さん、茜、お疲れ様。少し休んでいく？" (0000088B:35:42)	0000088B	
158	なつみ	おばさん (新村美冬)	おばちゃん (age 6)	タメ口 (child)	000008B9	おばさん (teen era rows are later in the story)	"おばちゃん久しぶり！" (000008B9:29:10); "やめておばちゃん！" (000008D0:46:120); "おばちゃんはもうそんなこと絶対しない！" (000008E8:8:119); V178	000008B9	
159	おばさん (新村美冬)	なつみ	なつみちゃん (warm)	タメ口	000008B9	あの子 / なつみちゃん (hostile, 000008A2)	"そう……。私もなつみちゃんに会えて嬉しいよ" (000008B9:29:18); flustered at her own warmth (29:43)	000008B9	
160	五島 (child)	古郡良治	おじ… corrected to お兄さん	丁寧	000008B9		"えっと、おじ……／お兄さん、先日もたこ焼きごちそうさまでした。ありがとうございます！" (000008B9:22:25-26); non-relative (STYLE)	000008B9	
161	古郡良治	五島 (child)	この子; 疫病神 / 天才少女 (3p, narration)	n/a	000008B9		"この子はあの疫病神……／いや天才少女！" (000008B9:8:2-3); 22:2 "あの天才少女"	000008B9	
162	なつみ	五島 (child)	えりなちゃん / 絵梨奈ちゃん	タメ口 (child)	000008B9		"あー絵梨奈ちゃん！" (8:4) / "あーえりなちゃん！" (22:3); script differs by variant (V152)	000008B9	
163	unnamed Chinese-restaurant staff	なつみ	お嬢ちゃん	タメ口 with ～アル (STYLE Q149: plain English + TN)	000008B9		"ありゃーお嬢ちゃん！　中国語上手アルねー！" (000008B9:36:13); お嬢ちゃん to a child = "little miss" by STYLE non-relative rule	000008B9	
164	古郡良治	お母さん (茜)	茜	タメ口 (decided, calm)	000008B9		"茜、今日はずっとここにいる。あれは使わない" (000008B9:29:95); "茜、分かるよな？" (29:101)	000008B9	
165	お母さん (茜)	古郡良治	良治君	タメ口	000008B9		"分かった……良治君を信じる" (000008B9:29:96); "良治君、一緒に助けようね" (29:107)	000008B9	
166	おばさん (新村美冬)	なつみ	お前; あんた; その魔女 / 魔女 (hostile)	タメ口 (murderous)	000008D0	なつみちゃん (warm, 000008B9)	"お前から死ね！" (000008D0:39:3, 46:149); "あんたもすぐに……" (33:23); "その魔女にまでこっちに来られると迷惑だから" (33:36); "さすがなつみちゃん……。魔女ともなると" (39:0-1)	000008D0	
167	おばさん (新村美冬)	お母さん (茜)	茜; あんたたち (with 良治)	タメ口 (enraged, then mocking)	000008D0	茜 (soft, 000007BC)	"茜！　これはどういうこと！？" (000008D0:46:110); "あんたたち……！　分かってるんでしょうね……！" (46:114); "茜はどうしてほしい？" (33:33)	000008D0	
168	おばさん (新村美冬)	古郡良治	良治さん; あなた / あなたたち	タメ口 (cold, then mocking)	000008D0	良治さん (000008A2)	"良治さん、うまくやったの？" (000008D0:46:15); "ねえ良治さん、聞こえる？" (33:45); "あなたたちを殺したって" (33:47)	000008D0	
169	お母さん (茜)	おばさん (新村美冬)	美冬	タメ口 (pleading)	000008D0		"目を覚まして美冬……！" (000008D0:33:2); "ごめんね、美冬……。私たち、何もできなかった" (46:112)	000008D0	
170	なつみ	お母さん (茜)	お母さん (age 6)	タメ口 (child)	000008D0	ママ (age 4)	"お母さん……！" (000008D0:33:4)	000008D0	
171	unnamed carers (000008D0:33)	なつみ	古郡さん	丁寧 / soft タメ口 (わ, よね)	000008D0		"古郡さーん、おはようございまーす" (000008D0:33:59); "古郡さん、今日はお出かけよね？" (33:62); 祀耀800, Natsumi 16	000008D0	
172	なつみ	unnamed carers (000008D0:33)	あなた	丁寧	000008D0		"私、桜が嫌いなんです" (000008D0:33:66); "あの……気を付けてください" (33:71-72); "あなた――" (33:74)	000008D0	
173	春花	おばさん (新村美冬)	お母さん	タメ口 (child, frightened, pleading)	000008D0		"お母さん……怖いよ……何してるの……？" (000008D0:33:15-16); "お母さん、本で読んだ魔女みたい……" (46:126-127); "もとのお母さんに戻って！" (000008E8:8:138)	000008D0	
174	なつみ	新村栄一郎	おじちゃん (3p, age 6)	n/a	000008E8	おじさん (age 4, 0000082F)	"私のせいで、おじちゃん死んだんだよね？" (000008E8:8:90); "おじちゃんの声が聞こえたの！" (8:95); V178	000008E8	
175	古郡良治	春花	春花ちゃん	タメ口 (gentle)	000008E8		"春花ちゃん、聞こえるか？　見えるか？" (000008E8:8:14); "春花ちゃん、あんまり歩き回ったらダメだぞ？" (8:309)	000008E8	
176	春花	古郡良治	おじさん	タメ口 (child)	000008E8		"おじさん！" (000008E8:8:308); as a teen "おじさん、こんちわー！" (00000916:31:70); not a relative in her knowledge (STYLE non-relative)	000008E8	
177	古郡良治	unnamed doctor (000008E8)	none; self 私	丁寧	000008E8	俺 (narration)	"あの、私は……" (000008E8:8:57); "そうですか、ありがとうございます" (8:55)	000008E8	
178	お母さん (茜)	おばさん (新村美冬)	美冬; あんた	タメ口 (warm, firm, teasing again)	000008E8	美冬 (flat, 000008A2)	"美冬……あんたは昔から……" (000008E8:8:207-208); "ちゃんと、ご検討下さい" (8:254); "あんたねえ……" (8:261)	000008E8	
179	おばさん (新村美冬)	お母さん (茜)	茜	タメ口 (soft, うぎゅ again)	000008E8	茜; あんたたち (hostile, 000008D0)	"茜まで……！" (000008E8:8:205); "ねえ、茜……" (8:314); "やっぱり私たち、親友だよ" (8:349)	000008E8	
180	おばさん (新村美冬)	なつみ	なつみちゃん	タメ口 (cold, then grateful)	000008E8	お前 / 魔女 (000008D0)	"なつみちゃんに何ができるって言うのよ……" (000008E8:8:101); "ありがとうね、なつみちゃん" (8:291)	000008E8	
181	五島	新入生 assembly	皆様 / みなさん	formal speech 敬語 (御礼申し上げます, 感無量であります), then 丁寧	00000900		read speech 00000900:11:1-20 (bare cells); free speech 11:21-37 ("みなさんもそうですよね？")	00000900	
182	春花	なつみ	妹よ (mock address); なつみ	タメ口	0000092D		"はは、まあなつみとは家族同然かもな。これからも頼むぞ、妹よ！" (0000092D:11:119-120)	0000092D	
183	春花	新村茅萱	チガ姉	タメ口	00000944		"あれ？　チガ姉？" (00000944:8:21); "チガ姉、大学はどう？" (8:154)	00000944	
184	新村茅萱	春花	春花	タメ口 (soft, every line opens ん……)	00000944		"ん……春花ったら、やっと気づいてくれたのね" (00000944:8:23); = the 00000697 caller (V106)	00000944	
185	新村茅萱	なつみ	なつみちゃん	タメ口 (soft, insistent)	00000944		"ん……なつみちゃん、『茅萱さん』だなんて、他人行儀な呼び方は嫌よ" (00000944:8:161); "敬語も嫌よ" (8:173)	00000944	
186	なつみ	新村茅萱	茅萱さん	丁寧 (garbled keigo at first)	00000944		"いつも春花さんにはお世話になられております" (00000944:8:44, V162); "茅萱さんって、コンパとか行くんですね" (8:160)	00000944	
187	なつみ	新村茅萱	チガ姉	タメ口	00000944	茅萱さん; 丁寧	at Chigaya's request: "そ、そうです……いや、そうだね……" (00000944:8:174); "チ、チガ姉って…" (8:177); a name-form and speech-level change (event)	00000944	
188	新村茅萱	五島	五島ちゃん; この子	タメ口 (fawning)	00000944		"ん……この子が、あの五島ちゃんね" (00000944:8:47); "ん……一緒に行きましょう、五島ちゃん" (8:68)	00000944	
189	五島	新村茅萱	あの人 (3p); あれ	丁寧 (frightened)	00000944		"なななななな、何者ですか！？" (00000944:8:55); "私……／あの人嫌いです……" (8:81-82)	00000944	
190	おばさん (新村美冬)	新村茅萱	茅萱ちゃん	タメ口 (stretched)	00000944		"はいはい茅萱ちゃんも五島ちゃんも、シートベルト締めて！" (00000944:8:136)	00000944	
191	おばさん (新村美冬)	五島	五島ちゃん	タメ口 (stretched)	00000944		"五島ちゃん、私の隣に乗って！" (00000944:8:118)	00000944	
192	新村茅萱	おばさん (新村美冬)	叔母さん	タメ口 (soft)	0000095B		"ん……叔母さん、ずいぶん運転がうまくなったのね" (0000095B:11:1); her own aunt (V177)	0000095B	
193	おばさん (新村美冬)	ばあちゃん (新村エリカ)	お義母さん (address)	丁寧 / stretched	0000095B		"お義母さん、戻りましたー！" (0000095B:11:49); "お義母さん、その話は……" (000009A0:11:104); V151	0000095B	
194	ばあちゃん (新村エリカ)	なつみ	お前 (in Haruka impression); なつみちゃん	Haruka-style rough タメ口 (impression); own voice plain, kind	0000095B		"はは！　お前がなつみか！" (0000095B:11:84); "なつみちゃんと春花の仲は、昔からよく聞いていたよ" (000009CF:11:58)	0000095B	
195	なつみ	ばあちゃん (新村エリカ)	none; 3p おばあさん	丁寧	0000095B		"あ、あの、古郡なつみです！　今回は、よろしくお願いします！" (0000095B:11:83)	0000095B	
196	春花	ばあちゃん (新村エリカ)	ばあちゃん; このコスプレババア	タメ口 (rough)	0000095B		"ば、ばあちゃん、久しぶり" (0000095B:11:77); "このコスプレババア！" (11:93, 11:135); "ばばばばあちゃん！　これ、ダメだよな！？" (000009B7:19:76)	0000095B	
197	ばあちゃん (新村エリカ)	春花	お前 (impression); 春花	タメ口	0000095B		"周りから見たらお前なんてこんなもんだ！" (0000095B:11:91); "春花、夏菜、まだ怪談の途中。静かにしな" (000009B7:19:79)	0000095B	
198	春花	新村幸太郎	幸太郎伯父さん; 幸太郎さん	タメ口 (rough)	0000095B		"幸太郎伯父さん、何してんだ？" (0000095B:35:14); "幸太郎さん、早く夏菜を何とかしろよ！" (35:97)	0000095B	
199	なつみ	新村幸太郎	幸太郎さん; あのデブ (narration, 3p)	丁寧	0000095B		"えっと、さっきの女の子の声も、幸太郎さんが……？" (0000095B:35:29); "あのデブ、逃げたな！" (00000989:11:104)	0000095B	
200	新村幸太郎	新村夏菜	夏菜	タメ口	0000095B		"おい、夏菜……。いるんだろ？" (0000095B:35:35)	0000095B	
201	新村夏菜	新村幸太郎	パパ	タメ口	0000095B		"さっすがパパ！" (0000095B:35:37); V148	0000095B	
202	新村夏菜	なつみ	なつみちゃん	タメ口 (pushy)	0000095B		"なつみちゃん初めまして！" (0000095B:35:39)	0000095B	
203	新村夏菜	春花	春花ちゃん	タメ口 (cheeky)	0000095B		"春花ちゃんずるい！" (0000095B:35:51); "春花ちゃん口悪ーい！" (35:53)	0000095B	
204	春花	新村夏菜	夏菜; ガキ; このクソガキ; こいつら (3p, with 幸太郎)	乱暴	0000095B		"ガキが生意気なこと言ってんじゃねーよ！" (0000095B:35:52); "うっせえ！　黙ってろこのクソガキ！" (35:55); "おい夏菜、いいかげんしろ！" (35:96)	0000095B	
205	新村夏菜	五島	五島ちゃん	mixed 丁寧 / タメ口 (fawning, crude)	0000095B		"春花ちゃんの従妹の新村夏菜です！" (0000095B:35:66); "やっぱり五島ちゃんおっぱいでけえ！" (35:91)	0000095B	00000AF7
206	新村夏菜	新村茅萱	お姉ちゃん	タメ口	0000095B		"お姉ちゃん！　私今日は五島ちゃんと一緒に寝るの！" (0000095B:35:103)	0000095B	
207	新村茅萱	新村夏菜	夏菜	タメ口	0000095B		"ん……あ！　夏菜ずるい！" (0000095B:35:102)	0000095B	
208	春花	新村茅萱 + 新村夏菜	バカ姉妹	乱暴	00000972		"おい、そこのバカ姉妹！　五島に何したんだよ！" (00000972:11:77)	00000972	
209	ばあちゃん (新村エリカ)	おばさん (新村美冬)	美冬さん	丁寧, commanding (after dropping the impression)	00000989		"美冬さん、今からやること、分かりますね？" (00000989:11:98); "美冬さん、電気を" (11:133); "これ美冬さん、大丈夫かい？" (000009B7:19:117)	00000989	
210	五島	新村茅萱	チガ姉	丁寧 (needling)	00000989	あの人 (3p)	"なんですかチガ姉！" (00000989:11:56)	00000989	
211	新村茅萱	五島	五島; このチビ; このお下品ちびっ子	タメ口 (angry)	00000989	五島ちゃん (fawning)	"な……！　何よこのチビ！" (00000989:11:59); "五島、その言葉は聞き捨てならないわね" (11:78)	00000989	
212	五島	ばあちゃん (新村エリカ)	五島エリカ (mock)	丁寧 (Goto role-play)	00000989		"ここにおわすは五島エリカじゃないですか！" (00000989:11:33)	00000989	
213	桃子	五島	あんた	タメ口 (curt; in Goto's story, three months before 00000900)	000009B7		"ねえ、あんた今から出かけるの？" (000009B7:11:13); "あんた誰とも電話しないでよ" (11:18)	000009B7	00000EDF
214	新村エリカ (ばあちゃん)	新村茅萱	茅萱 (bare)	タメ口 (commanding: な-imperatives)	00000A18		"まあ、当然最後は茅萱だね" (00000A18:11:2); "茅萱、そろそろ準備しな" (00000A48:11:0); "茅萱、美冬さん、今から言うことは…決して口外しないこと" (00000B0F:11:117)	00000A18	
215	unnamed fortune-teller (Chigaya's story)	新村茅萱	お姉さん (non-relative: "miss")	タメ口 (brisk, older woman: ちょいと, おや, どれ)	00000A18		"ちょいと、そこのオッドアイのお姉さん" (00000A18:11:14); "くれぐれも、身近な人に騙されないようにね……。以上！" (11:41-42)	00000A18	
216	新村茅萱	unnamed fortune-teller / estate agent / neighbour (her story)	none	丁寧 (every line opens ん……)	00000A18		"ん……私ですか？" (00000A18:11:18); "ん……じゃあ、見学させてもらえますか？" (11:54); "ん……に、新村茅萱と言います。今度、隣に引っ越してきました……" (11:90)	00000A18	
217	五島	新村エリカ (ばあちゃん)	エリカちゃん	タメ口 at Erika's request (was 丁寧)	00000A30	五島エリカ (mock, 00000989); 丁寧	"えっと……／エリカちゃん！" (00000A30:11:159-160); "じゃあ、エリカちゃん！　私たちは友達、よろしくね！" (11:182); name-form and speech-level change (event); in detective talk still partly 丁寧 ("エリカちゃん、分からないかな？" 00000AAC:11:27)	00000A30	
218	新村エリカ (ばあちゃん)	五島	絵梨奈ちゃん (Goto allows only her); 五島ちゃん before	タメ口 (warm)	00000A30	五島ちゃん	"私も絵梨奈ちゃんって呼ぼうかしら？" (00000A30:11:162); "はい、よろしく絵梨奈ちゃん" (11:183); 3p 絵梨奈ちゃん (00000A94:11:66; 00000B0F:11:162)	00000A30	
219	なつみ	新村エリカ (ばあちゃん)	エリカちゃん; 3p in narration おばあさん -> エリカちゃん	タメ口 at Erika's request (was 丁寧)	00000A30	none / おばあさん; 丁寧	"おばあさん！　勝者なしってどういうことですか？" (00000A30:11:15); "わ……わかりました、／いや、わかったよ！　よろしくね、エリカちゃん！" (11:189-190); narration switches to エリカちゃん from 11:219; event; V197	00000A30	
220	新村エリカ (ばあちゃん)	なつみ	なつみちゃん	タメ口 (warm, confiding: かね, かい, さ)	00000A30	お前 (Haruka impression, 0000095B)	"なつみちゃん……／呪いを信じるかね？" (00000A30:11:211-212); "なつみちゃんもちょっと付き合っておくれ" (11:221)	00000A30	
221	新村茅萱	新村エリカ (ばあちゃん)	おばあちゃん	タメ口	00000A30		"ん……私は参加しようかしら。おばあちゃんは？" (00000A30:11:36); 3p おばあちゃん (00000A48:26:20)	00000A30	
222	五島	新村夏菜	夏菜ちゃん	タメ口 (big-sister, gentle)	00000A48		"夏菜ちゃん、もう10時だから、寝た方がいいんじゃない？" (00000A48:26:0); narration "お姉さんのような口調" (26:1, 32:1); "今だけ、私がお姉ちゃんになってあげようか？" (00000AF7:11:132)	00000A48	
223	新村幸太郎	新村エリカ (ばあちゃん)	母さん	タメ口	00000A7C		"母さん！　サクラが飛び出していった！" (00000A7C:11:127); 3p 母さん (00000AC4:11:3, 19:28)	00000A7C	00000B9F
224	新村幸太郎	サクラ	サクラ (bare)	タメ口	00000A7C		"サクラ、体調は大丈夫か？" (00000A7C:11:14); "ふざけたこと言うな！" (00000AC4:19:28); 3p サクラ	00000A7C	
225	サクラ	新村幸太郎	幸太郎 (bare)	タメ口 (soft)	00000A7C		"あ、幸太郎。うん、もうだいぶ平気。" (00000A7C:11:15); "幸太郎来ないで！" (00000AC4:19:26)	00000A7C	
226	サクラ	春花	春花 (bare)	タメ口 (gentle)	00000A7C		"春花、こんにちは。頭の怪我はどう？" (00000A7C:11:4); "春花みたいに元気で明るい子になってくれたら、嬉しいなあ" (11:56)	00000A7C	
227	春花	サクラ	サクラさん	タメ口 (child, shy stammer)	00000A7C		"さ、サクラさん……／こここ、こんにちは……" (00000A7C:11:5-6); "サクラさんどうしたの？" (11:95); 3p サクラさん as a teen	00000A7C	
228	サクラ	おばさん (新村美冬)	美冬ちゃん (3p; letter address)	written です・ます (letter)	00000A7C		"そう言えば美冬ちゃんどこかしら？" (00000A7C:11:59); letter "美冬ちゃん。…どうかこれをうまく役立てて下さい。" (00000A94:11:110-113, per Mifuyu)	00000A7C	
229	おばさん (新村美冬)	サクラ	サクラさん	丁寧	00000A94		"サクラさんには、一切迷惑かけません。ただ、物を準備してくれるだけでいいんです。" (00000A94:11:102); 3p サクラさん	00000A94	
230	春花	新村幸太郎	おっちゃん (age 7, inferred); 幸太郎さん (teen); こいつ (3p, in rage)	タメ口	00000A7C	幸太郎伯父さん / 幸太郎さん (0000095B)	"おっちゃん！　ばあちゃんとお母さんは！？" (00000A7C:11:123, V198); "ごめんな幸太郎さん！" (00000AC4:11:0); "だってどう考えても止めをさせるのはこいつだけだろ！" (19:11)	00000A7C	
231	新村幸太郎	春花	春花ちゃん	タメ口	00000AC4		"春花ちゃん、推理は終わりかい？" (00000AC4:19:7); narration "春花ちゃんは知っているだろうが" (19:40)	00000AC4	
232	新村幸太郎	なつみ	なつみちゃん	タメ口 (teacherly)	00000AC4		"なつみちゃんはどう思うかな？" (00000AC4:11:36); "なつみちゃん、おめでとう！" (11:43)	00000AC4	
233	新村幸太郎	五島	五島ちゃん; 君たち (the group)	タメ口 (teacherly)	00000AC4		"なるほどね。五島ちゃんはどう思う？" (00000AC4:11:29); "あーあ……母さんは君たちまで巻き込んだのか……" (11:3)	00000AC4	
234	五島	新村幸太郎	幸太郎さん	丁寧	00000AC4		"私は『承』だと思います。" (00000AC4:11:32); "じゃあ、あの……幸太郎さんが犯人とすると…" (11:77)	00000AC4	
235	新村幸太郎	おばさん (新村美冬)	美冬ちゃん (3p)	n/a	00000AC4		"母さんは美冬ちゃんと話していたんだ！" (00000AC4:19:30, his account)	00000AC4	
236	新村エリカ (ばあちゃん)	新村幸太郎	幸太郎 (bare, 3p)	n/a	00000A94		"それに、幸太郎がサクラの首を切ったとでも言うのかい？" (00000A94:11:156); "幸太郎も、色々と知恵を絞ってくれたんだけどね" (00000B0F:11:69)	00000A94	
237	新村エリカ (ばあちゃん)	サクラ	サクラ (bare, 3p)	n/a	00000A94		"じゃあ、サクラの命日は？" (00000A94:11:16); "サクラは集落の掟に殺されたようなもの" (11:151)	00000A94	
238	新村夏菜	五島	エリ姉	タメ口	00000AF7	五島ちゃん	"やったあ！　本物のお姉ちゃんも好きだけど、エリ姉も大好き！" (00000AF7:11:137); nickname change (event)	00000AF7	
239	新村夏菜	サクラ	ママ (3p)	n/a	00000AF7		"ママが子供の頃に使っていた場所を、お姉ちゃんに教えたんだって" (00000AF7:11:93); V148	00000AF7	
240	新村夏菜	新村エリカ (ばあちゃん)	おばあちゃん	タメ口	00000AF7		"春花ちゃんまでおばあちゃんみたいなこと言わないでよー！" (00000AF7:11:82); "夜は静かにしないとおばあちゃんに怒られるよ？" (00000B27:11:135)	00000AF7	
241	城崎	新村エリカ (ばあちゃん)	大魔女様	丁寧 (report)	00000B27		"大魔女様。呪殺事件の犯人を始末できました" (00000B27:11:137, speaker identified by voice at 11:148)	00000B27	
242	伊勢	春花	新村さん	丁寧 (phone, official: と申します, 我々)	00000B3F	新村春花さん / 新村さん, タメ口 (00000550, other routes)	"あー新村さん。私は元木警察署の伊勢と申します。" (00000B3F:11:35); no sign in this route that he knows her	00000B3F	
243	春花	伊勢	none	丁寧	00000B3F		"もしもし！？　新村です！" (00000B3F:11:34); "本当に、感謝します" (11:67)	00000B3F	
244	春花	城崎	城崎さん; あいつ (3p)	n/a	00000B3F		"城崎さんは、酒好きな人のいいおっちゃんだよ……" (00000B3F:11:21); "本当にあいつがやったのか！？" (11:79)	00000B3F	
245	春花	新村茅萱	人殺し; こいつ (3p to her mother)	タメ口 (hostile, shouting)	00000B57	チガ姉 (タメ口)	"く、来るな……！　人殺し！" (00000B57:19:6); "お母さん、早く逃げろよ！　こいつに殺されるぞ！" (19:15); back to チガ姉 by 00000B9F:11:296	00000B57	
246	新村茅萱	春花	春花	タメ口 (every line opens ん……; urgent)	00000B57		"ん……春花……本当は今日の継承の儀式で……" (00000B57:11:176); "ん……だから春花……！　それは違うの！" (19:11)	00000B57	
247	新村茅萱	おばさん (新村美冬)	叔母さん	タメ口 (soft, urgent)	00000B57		"ん……叔母さん！　やっぱり、捕まえよう！" (00000B57:11:167); "叔母さん、早く車に！" (00000B9F:11:53)	00000B57	
248	おばさん (新村美冬)	新村茅萱	茅萱ちゃん	タメ口	00000B57		"茅萱ちゃん……いいの？" (00000B57:11:168); "茅萱ちゃん、夏菜ちゃん！　2人を助けてあげて！" (00000B9F:11:168)	00000B57	
249	お母さん (茜)	おばさん (新村美冬)	美冬	タメ口 (firm, trusting)	00000B57		Mifuyu's account, ten days before: "美冬、いまさら何言ってるのよ……" (00000B57:11:64); "美冬……絶対に、3人とも守ってちょうだいね？" (11:142)	00000B57	
250	古郡良治	おばさん (新村美冬)	美冬さん	タメ口 (practical)	00000B57		Mifuyu's account: "美冬さん、俺たちが今度の十三回忌に参列することはできないか？" (00000B57:11:60); "美冬さん、例の薬はまだ持っているか？" (11:137)	00000B57	
251	おばさん (新村美冬)	新村エリカ (ばあちゃん)	お義母さん (3p); お母さん (3p, once, V218)	n/a	00000B57		"お義母さんは荒田の中でだけ解決しようと言っていたけど" (00000B57:11:57); "その旨をお母さんに報告した" (11:113, referent open)	00000B57	
252	おばさん (新村美冬)	春花	春花	タメ口 (firm; a slap, then a hug)	00000B9F		"春花、待ちなさい！" (00000B9F:11:9); slaps her, Haruka's first time (11:18-25); "春花……！" (11:30); "春花、戻りなさい！" (11:128)	00000B9F	
253	春花	おばさん (新村美冬)	お母さん	タメ口 (apologetic after the slap)	00000B9F		"お母さん……ごめん……" (00000B9F:11:35); "お母さん大丈夫だって！" (00000C81:19:36)	00000B9F	
254	新村幸太郎	なつみ	なつみちゃん; 魔女 / 本物の魔女; 神使 (hostile)	タメ口 (flat, then pleading-cold)	00000B9F	なつみちゃん (teacherly, 00000AC4)	"なつみちゃんは……／本物の魔女だ……" (00000B9F:11:103-104); "この魔女……／神使は……！" (11:316-317); earlier this route warm "なつみちゃんの超能力？…" (00000C68:11:25)	00000B9F	
255	新村幸太郎	新村茅萱	茅萱; お前	タメ口 (sorrowful, accusing)	00000B9F		"茅萱……。／お前まで……／お前まで、魔女に洗脳されてしまったのか……？" (00000B9F:11:112-114)	00000B9F	
256	新村茅萱	新村幸太郎	お父さん	タメ口 (defiant)	00000B9F		"お父さん！　もうやめて！／私は……／お父さんの操り人形じゃない！" (00000B9F:11:108-110); 3p お父さん (00000C21:11:8, 11:38)	00000B9F	
257	新村幸太郎	新村夏菜	夏菜; お前	タメ口 (fatherly, commanding)	00000B9F		"夏菜、こっちに来なさい。お前はまだ子供だ。パパのそばにいなさい" (00000B9F:11:195); self パパ; "こら夏菜！" (00000C38:11:17)	00000B9F	
258	新村夏菜	新村幸太郎	パパ	タメ口 (sweet, then accusing)	00000B9F	パパ (fond)	"パパ、いつも言ってたよね……" (00000B9F:11:231); "1番間違えてるのはパパだよ。" (11:262); "やっぱりパパが悪い人だったんだね" (11:237)	00000B9F	
259	新村夏菜	五島	エリ姉; 偽者のお姉ちゃん	タメ口	00000B9F	エリ姉 (00000AF7)	"やっぱり、エリ姉は……／偽者のお姉ちゃんだもん。" (00000B9F:11:208-210), a ruse; "エリ姉……ずっとそばに……いてくれたの？" (00000BB7:11:79)	00000B9F	
260	春花	新村幸太郎	幸太郎さん; このデブ; この野郎; こいつ (3p)	乱暴 (rage)	00000B9F	幸太郎さん (タメ口)	"幸太郎さん。なつみは見逃してやってくれよ……" (00000B9F:11:132); "くたばれ、このデブ！" (11:311); "離せこの野郎！" (11:313)	00000B9F	
261	新村エリカ (ばあちゃん)	新村幸太郎	幸太郎; お前たち	タメ口 (grim)	00000B9F		"幸太郎……。／まったく、お前たちってやつは……" (00000B9F:11:326-327)	00000B9F	
262	新村幸太郎	新村エリカ (ばあちゃん)	かあさん	タメ口 (dying)	00000B9F	母さん	"か……あさん……。／俺は……" (00000B9F:11:328-329)	00000B9F	
263	お母さん (茜)	おばさん (新村美冬)	美冬	タメ口 (pleading)	00000B9F		"美冬……！／お願い……／みんなを……連れて逃げて……！" (00000B9F:11:164-166)	00000B9F	
264	お母さん (茜)	春花	春花ちゃん	タメ口 (weak)	00000B9F		"春花ちゃん……" (00000B9F:11:155)	00000B9F	
265	五島	新村夏菜	夏菜ちゃん; self お姉ちゃん / お姉さん	タメ口 (tender)	00000BB7		"だって私、夏菜ちゃんのお姉さんでしょ！？" (00000BB7:11:80); "こんな頼りないお姉ちゃんで……" (11:91)	00000BB7	
266	春花	五島	五島; お前	タメ口 (tender)	00000BB7		"五島……少し休めよ……" (00000BB7:11:57); "お前もチガ姉も……夏菜にとって最高のお姉さんだよ……" (11:131)	00000BB7	
267	五島	新村茅萱	チガ姉; 私のお姉さん (to the dead)	タメ口	00000BB7		"チガ姉……夏菜ちゃんが私の妹なら、チガ姉も私のお姉さんだよね" (00000BB7:11:161)	00000BB7	
268	unnamed woman taken for サクラ	五島	五島絵梨奈さん	丁寧 (soft, feminine: ね, の)	00000BB7		"あなたが五島絵梨奈さんね。生前の夏菜がとてもお世話になったそうで" (00000BB7:15:30); "あなたには神使の資格があるの" (15:33)	00000BB7	
269	五島	春花 + なつみ	新村様 / 古郡様; 新村氏; 貴女 (mock)	mock-retainer 敬語 (小生, 御意, 誠に申し訳ございません), then mock-rough だぜ	00000BD6		"古郡様！　新村様！　小生の不手際の数々…" (00000BD6:11:0); "はは！　さすが新村氏！…じゃあ普通に戻すぜ！" (11:20); V227	00000BD6	
270	新村夏菜	五島	五島ちゃん, then エリ姉 (this route)	タメ口 (fawning)	00000BD6		first meeting at 豊岳駅 "小さい方が五島ちゃんで" (00000BD6:11:101); "ダメ！　エリ姉は私のものなの！" (00000BED:11:121)	00000BD6	
271	新村夏菜	なつみ	なつみちゃん	タメ口	00000BD6		"大きい方がなつみちゃんだったかな！？" (00000BD6:11:101); "なつみちゃん、ごめんなさい！" (00000B87:27:65)	00000BD6	
272	新村茅萱	五島	五島ちゃん; 私の妹 (tease)	タメ口 (fawning)	00000BED		"じゃあ、五島ちゃんは私の妹でもあるのね" (00000BED:11:118); "五島ちゃん、おんぶしてあげようか？" (11:124)	00000BED	
273	五島	新村茅萱	チガ姉	丁寧 (friendly, then probing)	00000C08	あの人 (3p, frightened; 00000944 route)	"チガ姉はどこで服を買ってるんですか？" (00000C08:11:43); "どうしてチガ姉はそこまで詳しいんですか？" (15:0)	00000C08	
274	なつみ	新村茅萱	チガ姉	タメ口 (warm; 同志)	00000C08		"チガ姉！　私、その気持ち分かる！" (00000C08:11:94); "チガ姉、城崎さんの家って、どこかな？" (00000C81:19:68)	00000C08	
275	城崎	なつみ	なつみちゃん	タメ口 (hearty, then grave)	00000C38		"えっと、なつみちゃんって言ったかな！？" (00000C38:11:25); "なつみちゃん……今のことが本当かどうかは分からない。" (11:82)	00000C38	
276	なつみ	城崎	城崎さん	丁寧	00000C38		"狩りってどうやってやるんですか！？" (00000C38:11:41); 3p 城崎さん	00000C38	
277	城崎	新村エリカ (ばあちゃん)	大魔女様 (3p), corrected to ここの長老	n/a	00000C38		"でも、大魔女様――／えっと、ここの長老が色々と変えていってるんだよ！" (00000C38:11:33-34)	00000C38	
278	城崎	おばさん (新村美冬)	美冬ちゃん (3p)	n/a	00000C38		"美冬ちゃんに教えたことがあるんだ！" (00000C38:11:53); 3p 夏菜ちゃん, 茅萱ちゃん (11:46, 11:52)	00000C38	
279	新村幸太郎	五島 + なつみ + 春花	みんな; 3p うちの夏菜	タメ口 (hearty host)	00000C38		"いやいや、みんな大変だったね。うちの夏菜が巻き込んでしまって申し訳ない" (00000C38:11:2)	00000C38	
280	五島	古郡良治	none; 御尊父様 (mock)	丁寧 (phone)	00000C50		"確か2箱だったな" answers her (00000C50:11:78); "了解であります！　この天才少女、御尊父様のお申し付け、しかと受け止めました！" (11:106)	00000C50	
281	古郡良治	五島	五島ちゃん	タメ口 (phone)	00000C50		"うん、五島ちゃんの言うとおりだ。" (00000C50:11:82); "ごそんぷさま……？" (11:107)	00000C50	
282	新村エリカ (ばあちゃん)	おばさん (新村美冬)	none (a glare, "ん゛！？")	impression of Mifuyu (stretched ねー, おほほ)	00000C68		"おーっほっほっほ！　新村美冬、久しぶりに荒田集落に来たわよー！" (00000C68:11:87); forces Mifuyu to copy her pose (11:100-104)	00000C68	
283	おばさん (新村美冬)	新村エリカ (ばあちゃん)	お義母さん	丁寧 / stretched (cowed)	00000C68		"お、お義母さん！　私、そんなポーズしたことないですよ……！" (00000C68:11:100)	00000C68	
284	五島	新村夏菜	妹よ (mock-epic)	タメ口 (role-play)	00000C68		"よ、よし妹よ！　この荒田集落に巣食う悪霊を退治しようぞ！" (00000C68:11:153); "そうっすね……" (00000C81:19:20)	00000C68	
285	新村茅萱	城崎	城崎さん; あのおっさん (3p, drunk)	タメ口 (drunk)	00000C81		"城崎さーん？／あのおっさんの家はー……" (00000C81:19:69-70)	00000C81	
286	お母さん (茜)	古郡良治	良治君	タメ口 (resolute)	00000CB3		790 route: "良治君はここにいて。1人で何とかしてくるから" (00000CB3:11:16); "私は女の子の方をやるわ。／良治君はもう1人の方を" (11:74-75)	00000CB3	
287	古郡良治	お母さん (茜)	茜; お前	タメ口	00000CB3		"おい茜！" (00000CB3:11:30); "お前だけに罪を背負わせるわけにはいかない。" (11:67)	00000CB3	
288	おばさん (新村美冬)	古郡良治 + お母さん (茜)	none	タメ口 (cold)	00000CB3		"来てくれたってことは、それなりの覚悟があるってことよね？" (00000CB3:11:0)	00000CB3	
289	古郡良治	近藤	近藤課長	タメ口 (colleague of equal rank: なあ, だよな)	00000CE3		"――なあ、近藤課長" (00000CE3:11:68); "は……ははは……／だよな……" (11:79-80); V242	00000CE3	
290	近藤	古郡良治	古郡課長	丁寧 (hearty: ですな, はっはっは)	00000CE3		"どうしました？　古郡課長" (00000CE3:11:69); "古郡課長、またまた面白い企画ですな！" (11:74)	00000CE3	
291	古郡良治	お母さん (茜)	茜; お前	タメ口 (tender, drunk)	00000CE3		"茜……やっぱりお前もそう考えていたのか" (00000CE3:11:129); "お前は俺にとって、最高の妻だよ" (11:203)	00000CE3	
292	おばさん (新村美冬)	古郡良治	良治さん; あなた; イタチさん (mock); この男 (narration)	タメ口 (mocking, murderous: かしら, わよ, あっはは)	00000CFA	良治さん (cold, 00000CB3)	"で、どういうつもりかしら？　デートのお誘い？" (00000CFA:11:3); "最後に言い残すことはあるかしら？　イタチさん" (11:299); narration "まずはこの男を消す" (11:104); in 00000CE3 (same route) business-cold "さすが良治さんね" (00000CE3:11:94)	00000CFA	
293	古郡良治	おばさん (新村美冬)	美冬さん; この魔女め	タメ口 (negotiating, then defiant)	00000CFA	美冬さん (タメ口)	"美冬さん、春花ちゃんを返してくれないか？" (00000CFA:11:15); "だまれ……！　この魔女め……！" (11:239)	00000CFA	
294	おばさん (新村美冬)	お母さん (茜)	茜 (3p); 温室育ちのお嬢ちゃま (3p, contempt)	n/a	00000CFA		"今でこそ、私から見れば茜は温室育ちのお嬢ちゃま" (00000CFA:11:246)	00000CFA	
295	古郡良治	なつみ	お前	タメ口 (phone, worried)	00000D11		"お前、今荒田の外だろ？　どうだ？　何か分かるか？" (00000D11:11:86); message "お前に危険は及ばないはずだ。" (00000D29:19:106)	00000D11	
296	城崎	なつみ	なつみちゃん; 君; お姉ちゃん (cheer, once)	タメ口 (terse, then grave; hearty at the end)	00000D11	なつみちゃん (hearty, 00000C38)	"これが君を『コンビニ』まで乗せていく条件だ" (00000D11:11:32); "あいよ、お姉ちゃん！　頼りにしてるよ！" (00000D29:19:113, non-relative, V248)	00000D11	
297	なつみ	城崎	城崎さん	丁寧, breaking to plain commands at knifepoint	00000D29	城崎さん (丁寧, 00000C38)	"降ろして！" (00000D29:19:30); "早くしないと……!／本当に刺す！" (19:34-35); back to 丁寧 "城崎さん……／集落までお願いします……" (19:110-111); speech-level break (event)	00000D29	
298	なつみ	新村エリカ (ばあちゃん)	おばあさん (3p) -> エリカちゃん	丁寧 -> タメ口 at the "friends" talk	00000D59	丁寧 (this route)	route of 00000BD6-: "今からでも……／友達になろう？" (00000D59:11:130-131); "はい。／いや……分かったよ！　エリカちゃん！" (11:160-161); narration おばあさん to 11:136, エリカちゃん from 11:192; event (cf. 00000A30 in the other route)	00000D59	
299	新村エリカ (ばあちゃん)	城崎	城崎 (bare, 3p)	n/a	00000D59		"ふむ……城崎から、色々聞いたみたいだね" (00000D59:11:21)	00000D59	
300	新村夏菜	おばさん (新村美冬)	叔母さん	タメ口	00000D89		"ねえねえ、叔母さん！　ここも私の秘密基地にしていいの！？" (00000D89:11:76); her own aunt (STYLE kinship: "Auntie", V177)	00000D89	
301	おばさん (新村美冬)	新村夏菜	夏菜ちゃん	タメ口 (stretched ー)	00000D89		"特別なのは今日だけよー！　夏菜ちゃんが20歳になって魔女になれたら入れるわよー！" (00000D89:11:77)	00000D89	
302	新村幸太郎	五島	天才少女 (in address)	タメ口 (cornered)	00000DB9	五島ちゃん	"さすが、天才少女だね……" (00000DB9:11:31)	00000DB9	
303	城崎	五島 + なつみ	君たち	タメ口 (kind)	00000DE9		"君たち大丈夫？" (00000DE9:11:130)	00000DE9	
304	新村幸太郎	なつみ	なつみちゃん	タメ口 (cold, predatory)	00000E19	なつみちゃん (hearty / teacherly)	"どうって……／必要なんだよ、なつみちゃんがね" (00000E19:11:83-84); after the blow "君が死んだらダメじゃないか！" (00000E49:11:36)	00000E19	
305	新村幸太郎	春花	春花ちゃん; かわいい姪っ子 (mock); ガキ; うっとうしいガキ	タメ口 (mocking, cruel)	00000E19	春花ちゃん (タメ口)	"さあそろそろ死んでくれよ！　かわいい姪っ子よ！" (00000E19:11:164); "まったく、うっとうしいガキだ！" (11:187); "このガキ！" (00000E49:11:45)	00000E19	
306	新村幸太郎	五島	五島ちゃん; 天才少女; 頭でっかち (insult); 君ら (the girls)	タメ口 (condescending)	00000E19	天才少女 (cornered, 00000DB9)	"さすが天才少女、ってとこかな？" (00000E19:11:78); "五島ちゃん……君の頭は認めるよ？" (11:105); "はあ……これだから頭でっかちは……" (11:115)	00000E19	
307	新村幸太郎	新村夏菜	夏菜; お前; self パパ	タメ口 (mocking, then cold)	00000E19	夏菜 (fatherly)	"おいおい夏菜……。パパに何をする気だ？" (00000E19:11:90); "夏菜……お前は確かに強いよ。" (11:126); "夏菜は少し、お昼寝してなさいね" (11:142)	00000E19	
308	新村夏菜	新村幸太郎	パパ	タメ口 (accusing, defiant)	00000E19	パパ (fond, this route)	"パパがママを殺したの……？" (00000E19:11:91); "パパ！　エリ姉たちを殺すなら、私がパパを止める！" (11:124); after: "パパはママを殺してないと思うよ？" (00000E49:11:171)	00000E19	
309	五島	新村夏菜	夏菜ちゃん	タメ口 (firm, restraining)	00000E19	夏菜ちゃん (tender)	"夏菜ちゃん、こう言うことはやっちゃダメなんだよ" (00000E19:11:95); "私と約束したでしょ？　殺さないって" (11:97)	00000E19	
310	五島	新村幸太郎	幸太郎さん; あなた (accusing)	丁寧 (interrogating)	00000E19	幸太郎さん (丁寧)	"幸太郎さん……／あなた……／誰をかばっているんですか？" (00000E19:11:108-110); あなた in anger is an event (cf. Goto to 茜, 00000522)	00000E19	
311	春花	新村幸太郎	幸太郎さん; このクソブタ野郎; この野郎; あいつ (3p)	乱暴 (fight)	00000E19	幸太郎さん (タメ口)	"幸太郎さん……どういうことだよ" (00000E19:11:81); "食らえ！　このクソブタ野郎！" (11:148); "あいつの狙いはお前みたいだ！" (11:174)	00000E19	
312	新村栄一郎	なつみ	なつみちゃん	タメ口 (gentle; 僕; はは)	00000E31	なつみちゃん (0000082F, Natsumi aged 4)	dream voice: "――なつみちゃん……／聞こえる？" (00000E31:11:9-10); "その手、握ってごらん" (11:77)	00000E31	
313	なつみ	新村栄一郎	おじさん	タメ口 (soft)	00000E31	おじちゃん (age 6); おじさん (age 4)	"おじさん、私……／ずっと謝りたかった。" (00000E31:11:25-26); "おじさん、今までありがとう！" (11:118)	00000E31	
314	新村栄一郎	新村幸太郎	兄貴 (3p)	n/a	00000E31		"兄貴は、僕が押さえつけた。" (00000E31:11:34); "どうか兄貴を責めないでやってほしい" (11:93)	00000E31	
315	五島	なつみ	先輩	タメ口 (one cell, pleading)	00000E31	丁寧	speech-level break, heard in Natsumi's dream: "先輩死んじゃだめだよ！　みんな待ってるんだから！" (00000E31:11:82); 丁寧 again on waking (00000E49:11:6)	00000E31	
316	なつみ	春花	春花; お姉さん (teasing address, once)	タメ口	00000E49	春花 (bare)	"分かったよお姉さん！" (00000E49:11:136), right after Haruka forbids it (11:135); 3p "この人がお姉さんだったら" (00000E61:11:33); V267	00000E49	
317	春花	なつみ	なつみ; お前; 妹 (hypothetical)	タメ口 (grateful, teasing)	00000E49		"お前がかばってくれなかったら、私は間違いなく死んでいた" (00000E49:11:125); "なつみ！　お前が本当に妹なら、絶対にこれを好きになってもらうからな！" (00000E61:11:66)	00000E49	
318	五島	新村夏菜	妹よ; self 天才少女のお姉ちゃん	タメ口 (cheering)	00000E49	夏菜ちゃん (firm)	"おー妹よ！　無事で何よりだぞ！" (00000E49:11:164); "この天才少女のお姉ちゃんが犯人を捕まえて見せるから！" (11:180)	00000E49	
319	新村エリカ (ばあちゃん)	春花 + 五島 + なつみ	お前たち	タメ口 (commanding)	00000E49		"お前たち、聞こえるか！？　もう大丈夫だ！" (00000E49:11:47, Haruka's account); to 幸太郎 "幸太郎！　早くお前も地下に行くんだ！" (00000E01:11:163)	00000E49	
320	新村幸太郎	サクラ	サクラ; お前 (to the dead, raving)	乱暴 (deranged)	00000E49		"サクラ！　お前、裏切ったのか！／俺はお前のために、ずっとずっとお前のために……！" (00000E49:11:112-113)	00000E49	
321	新村幸太郎	新村栄一郎	栄一郎 (to the roots, raving)	乱暴	00000E49		"やめろ栄一郎！　離せ……！" (00000E49:11:63); "栄一郎が……栄一郎が……" (11:108)	00000E49	
322	お母さん (茜)	春花 + 五島	春花ちゃん; 2人とも	タメ口 (warm, grave)	00000E61		"じゃあ春花ちゃん、悪いけど、お願いね" (00000E61:11:6); "2人とも、聞いたのね……" (11:13)	00000E61	
323	古郡良治	春花 + 五島 + なつみ	お前たち	タメ口 (cheerful)	00000E61		"お前たちの携帯でもタイマー撮影できるぞ！" (00000E61:11:123); "すまんな……" to Haruka (11:7)	00000E61	
324	おばさん (新村美冬)	お母さん (茜)	茜	タメ口 (stretched, cheerful)	00000E61	茜 (soft, うぎゅ)	"大丈夫よー茜！　私に任せなさいなー！" (00000E61:11:75)	00000E61	
325	お母さん (茜)	おばさん (新村美冬)	美冬	タメ口 (fond, teasing)	00000E61	美冬 (pleading, 00000B9F route)	"じゃあ美冬、くれぐれも、安全運転でね" (00000E61:11:74); "美冬、何そのポーズ？" (11:129)	00000E61	
326	おばさん (新村美冬)	春花	春花	タメ口 (tearful, grateful; then closed)	00000E61	春花 (firm, 00000B9F route)	"私と栄一郎さんの世界一の娘だわ" (00000E61:11:103); "2人とも、もうやめておきなさい。" (45:9)	00000E61	
327	春花	おばさん (新村美冬)	お母さん	タメ口 (embarrassed, tender)	00000E61		"いや……ずっと私のお母さんでいてくれよな？" (00000E61:11:91); "お母さん、本当は何か知ってるんじゃないのか？" (45:14)	00000E61	
328	桃子	新村夏菜	夏菜ちゃん	タメ口 (soft, big-sister; なさい once when scolding)	00000E7B		route of 00000E7B (祀耀804): "え？　うん、大丈夫……。ちょっと驚いたけど" (34:140); "夏菜ちゃん……／私ね……／妹がいたの。" (48:118-120); "お菓子のゴミくらい、持ち帰りなさい！" (48:309); "夏菜ちゃん、やめなさい！" (54:278)	00000E7B	
329	新村夏菜	桃子	桃子さん	丁寧 (です・ます); commanding plain in the dare	00000E7B		"桃子さん、私、もうすぐママを殺すんです" (00000E7B:48:10); "撃ちなさいよ……！" (48:199), "早く撃て！" (48:205), "妹さんへの思い、その程度？" (48:203); back to 丁寧 (48:212); in the frenzy "もも……こ……さん！" (54:295)	00000E7B	
330	桃子	サクラ	サクラさん	丁寧	00000E7B		"でもサクラさんはきっと嘘をつくような人じゃないですよね？" (00000E7B:28:163); "絵梨奈は、私の妹です。" (54:215); "サクラさんは、絶対に私から離れないで下さい。" (68:23); "サクラさんはどうするの！？" (180:118, plain in the crisis)	00000E7B	
331	サクラ	桃子	桃子さん	丁寧 mixed with soft タメ口	00000E7B		"ご親切に、ありがとうございます" (00000E7B:28:57); "桃子さん……優しいんですね" (28:165); "未来なんて大げさよ。" (54:108); "はあ……はあ……桃子さん、こっちの道からふもとに降りられるから！" (180:117)	00000E7B	
332	桃子	城崎	城崎さん	丁寧, breaking into a protest	00000E7B		"城崎さん！　殺す必要なんてなかったんじゃないですか！？…" (00000E7B:34:161-163); "と、停まって！" (34:91, at gunpoint, not heard as such)	00000E7B	
333	城崎	桃子	藤野さん	タメ口 (hearty, then lecturing)	00000E7B		"藤野さん！" (00000E7B:34:76); "藤野さん、熊っていうのはね、とても執念深い動物なんだ。" (34:201); "ああごめんよ藤野さん" (34:57, speaker inferred, V280)	00000E7B	
334	新村幸太郎	桃子	藤野さん; お客さん	タメ口 (urgent)	00000E7B		"藤野さん！　夏菜は！？" (00000E7B:54:310); "くそ！　遅かったか！　藤野さん！　サクラを頼む！" (54:312)	00000E7B	
335	桃子	春花	春花さん; あなた (dying monologue)	丁寧	00000E7B		"春花さん、その話は後にしましょう。ここにも火が回ってきます" (00000E7B:88:216); monologue "あなたは、絵梨奈といて幸せでしたか？" (82:213); 3p 春花さん, 新村春花	00000E7B	
336	春花	桃子	桃子さん	丁寧 (apologetic)	00000E7B		"もしかして、五島のお姉さんですか？" (00000E7B:88:192); "母が、本当にすみませんでした……" (88:201); "桃子さんは、サクラさんと墓地に向かってください" (88:237)	00000E7B	
337	桃子	五島	絵梨奈 (bare); あんた (monologue); 3p 妹	タメ口 (monologue to the dead)	00000E7B		"ねえ絵梨奈、見てる？／あんたを殺した集落に復讐したよ！" (00000E7B:82:97-98); "絵梨奈、ごめんね。" (82:224); "絵梨奈……／大好きだよ。" (82:295-296)	00000E7B	
338	桃子	おばさん (新村美冬)	新村美冬 (bare full name, 3p); 彼女	n/a	00000E7B		"新村美冬――。／絵梨奈を殺した張本人だ。" (00000E7B:28:228-229); 3p only	00000E7B	
339	桃子	なつみ	古郡なつみ (3p, full name); 絵梨奈の先輩	n/a	00000E7B		"古郡なつみという絵梨奈の先輩。" (00000E7B:28:13)	00000E7B	
340	新村夏菜	サクラ	ママ	タメ口	00000E7B		"頑張ってママ！　もうちょっとでベンチに着くから！" (00000E7B:28:37); frenzy "ママ……／死ね……" (54:274-275); "ママ……／ごめんなさい……" (68:175-176)	00000E7B	
341	サクラ	新村夏菜	夏菜	タメ口	00000E7B		"夏菜、5分や10分くらいなら大丈夫。" (00000E7B:54:121); "夏菜！" (68:163); "夏菜……！／早く逃げて……！" (180:8-9)	00000E7B	
342	サクラ	新村幸太郎	幸太郎 (bare)	タメ口 (tender)	00000E7B		"うん、ごめんね幸太郎" (00000E7B:34:14); "幸太郎！　早くそこから逃げて！" (68:88); "幸太郎……／ありがとうね。／愛してるわ" (88:249-251)	00000E7B	
343	新村幸太郎	サクラ	サクラ; お前	タメ口	00000E7B		"サクラ、体調は大丈夫か？" (00000E7B:34:13, byte-identical with 00000A7C:11:14); "サ、サクラ……！　お前……！" (88:31)	00000E7B	
344	新村幸太郎	新村夏菜	夏菜; お前たち (with サクラ)	タメ口 (dying)	00000E7B		"夏菜、バギーが1台壊れてしまってな……" (00000E7B:34:18); "その声は夏菜か……？…逃げろって言っただろ……" (88:24-26); "夏菜……／ママと……／茅萱と……／仲良く……／な……" (88:77-81)	00000E7B	
345	新村夏菜	新村幸太郎	パパ	タメ口	00000E7B		"パパ、よかった！　生きてたんだ！" (00000E7B:88:23); "パパ……！　何で死ぬのよ……！" (88:87)	00000E7B	
346	unnamed masked villagers	サクラ	大魔女様	丁寧 formal (お渡しください, お退きください, ご覚悟)	00000E7B		route of 00000E7B: "さあ大魔女様、夏菜をお渡しください。" (00000E7B:88:120); "大魔女様、お退きください。我々の目的は夏菜1人。" (180:67)	00000E7B	
347	unnamed masked villagers	桃子	お客人; この女; 客人	丁寧, then 乱暴	00000E7B		"大魔女様とお客人に危害は加えません" (00000E7B:88:121); "仕方ありませんね。大魔女様、お客人、ご覚悟" (88:142); "この女、翠眼だ！" / "客人を殺せ！" (104:18, 104:20)	00000E7B	
348	春花	unnamed masked villagers	none; こんな胸クソ悪いやつら (3p)	乱暴	00000E7B		"誰がこんな胸クソ悪いやつらの味方するかよ！" (00000E7B:88:175); "へ！　どうだかな！" (88:181); "おい、動けるやつはいないか！？" (88:227)	00000E7B	
349	unnamed masked villagers	春花	春花 (bare)	乱暴	00000E7B		"春花……！　なぜ俺たちの方を……！　やるべきは夏菜の方だ！" (00000E7B:88:173)	00000E7B	
350	春花	新村夏菜	夏菜 (bare)	タメ口 (rough, commanding)	00000E7B		"よう夏菜！　助けに来たぜ！" (00000E7B:88:167); "夏菜、手伝え！" (88:233)	00000E7B	
351	新村夏菜	春花	春花ちゃん	タメ口	00000E7B		"春花ちゃん……？" (00000E7B:88:168); "春花ちゃん、叔母さんは？" (88:184)	00000E7B	
352	春花	サクラ	サクラさん	タメ口	00000E7B		"サクラさん、立てる？" (00000E7B:88:221); "おい、サクラさん！" (88:258)	00000E7B	
353	春花	おばさん (新村美冬)	母; お母さん; あの人 (3p, to 桃子)	n/a	00000E7B		"母のことをどう思ってるかは…でも、やっぱり私のお母さんは、あの人しかないから……" (00000E7B:88:206-207); "お母さんは集落の様子を見に行っている。" (88:185)	00000E7B	
354	サクラ	おばさん (新村美冬)	美冬ちゃん (3p)	n/a	00000E7B		"ええ、確かに美冬ちゃんが手を下したことも知っています。" (00000E7B:54:232); 3p 春花ちゃん, 茅萱, 義母の新村エリカ (68:11)	00000E7B	
355	新村夏菜	おばさん (新村美冬)	叔母さん (3p)	n/a	00000E7B		"春花ちゃんは叔母さんについてもらって" (00000E7B:34:314); "叔母さんのことを知っている桃子さんは" (48:79)	00000E7B	
356	城崎	新村夏菜	夏菜ちゃん	タメ口	00000E7B		"ああ夏菜ちゃん、ちょうどよかった。" (00000E7B:34:133); "あいよ" (34:189)	00000E7B	
357	新村夏菜	城崎	城崎さん	丁寧 / plain request	00000E7B		"城崎さん、その鉈、貸してください" (00000E7B:34:178); "城崎さん、この子もお願い" (34:188)	00000E7B	
358	春花	古郡良治 + お母さん (茜)	お父さん、お母さん (attempt, once)	タメ口	00000E95	おじさん (to 良治, 000008E8 / 00000916); none observed to 茜	"さて、これからどうしようか。／ええっと……お父さん、お母さん……" (00000E95:11:63-64); declined by both (11:65-66); event	00000E95	
359	お母さん (茜)	春花	none (declines the new address); 3p 春花ちゃん	タメ口 (gentle)	00000E95		"そんな、お母さんだなんて……。今まで通りでいいのよ？" (00000E95:11:65); 3p "春花ちゃん、やっぱり困るわよね……" (11:71)	00000E95	
360	古郡良治	春花	none; お前ら (with Natsumi)	タメ口	00000E95		"そうそう、今まで通りな" (00000E95:11:66); "お前ら、何かいるか？" (11:75)	00000E95	
361	なつみ	春花	お姉ちゃん (teasing); 春花	タメ口	00000E95	春花; お姉さん (teasing, 00000E49)	"姉妹だもん！　お姉ちゃんの真似！" (00000E95:11:170); "分かったよ、お姉ちゃん！" (11:172); narration "この人が私のお姉さん。" (11:157); V282	00000E95	
362	春花	なつみ	バカ妹; 妹よ (mock); お前; なつみ	タメ口 (teasing)	00000E95	なつみ; 妹 (hypothetical, 00000E61)	"お姉ちゃんって言うな！" (00000E95:11:171); "バカ妹！" (11:173); "分かったよ、妹よ！" (11:175); "ははーん。私には分かるぞ！　お前も迷子だろ" (11:133)	00000E95	
363	春花	おばさん (新村美冬)	うちのお母さん; お母さん (3p)	n/a	00000E95		"いやいや、うちのお母さんは結構こだわりがあるみたいでな。" (00000E95:11:8); "私も10年前のこと、お母さんから聞いたよ。" (11:181)	00000E95	
364	なつみ	おばさん (新村美冬)	おばさん (3p, speech); 春花のお母さん (narration)	n/a	00000E95		"おばさんなら、やっぱり化粧品とかかな？" (00000E95:11:7); narration "春花のお母さん" (11:12) and おばさん (11:14)	00000E95	
365	五島	春花 + なつみ	お2人さん	丁寧 (cheerful, video call)	00000E95		"はーいお2人さん！　家族水入らず楽しんでますかー？" (00000E95:11:206); "すごいですよー！　ほら見てくださいよ！" (11:210)	00000E95	
366	春花	五島	お前	タメ口	00000E95		"お前身長低すぎて、人しか映ってないぞ……。" (00000E95:11:213)	00000E95	
367	五島	古郡なつみ's parents (3p)	お父さん / お母さん (narration); 先輩のお父さん (speech to 春花)	n/a (not addressed)	0000020B		merged from pass 1, verified 2026-09-26: narration 0000020B:12:22-30 bare お父さん / お母さん for なつみ's parents; speech 12:74 「先輩のお父さんを殺した犯人を……」	0000020B	
368	unnamed examiner (先生)	unnamed patient (××××) (3p, on the phone)	××さん	丁寧 to the listener (すみませんが, ～してください)	000003AE	000003AE row "none" (direct address)	merged from pass 1, verified 2026-09-26: 000003AE:8:52-54 「――もしもし。すみませんが、」「××さん」「は常時監視してください。」 name slot blanked in the text	000003AE	
369	佐波放送 reporter (unnamed)	bystanders	すみません	丁寧 broadcast register	000003A8		merged from pass 1, verified 2026-09-26: 000003A8:8:5 「――すみません、こちら佐波放送の者ですが……。」; register holds while the sentences break off (8:9-19)	000003A8	
370	unnamed 西佐波警察 radio operator	伊勢	none	丁寧 radio procedure (了解しました, どうぞ)	000004F9		merged from pass 1, verified 2026-09-26: 000004F9:11:136-143; the 「――」 inside these lines are radio dropouts, not speaker markers	000004F9	
371	unnamed ザッハ high-school customers	each other	none; the girls are あの子 / あの3年	タメ口 whispering, ～だって hearsay	00000564		merged from pass 1, verified 2026-09-26: 00000564:11:3-5	00000564	
372	新村茅萱	五島	五島さん; あなた	タメ口 (soft; every line opens ん……; わ, わね, かしら)	00000EAF	五島ちゃん (other routes)	route of 00000EAF (祀耀804, Goto 19-20): they meet as strangers on the bus: "ん……こんにちは" (00000EAF:40:84); "ん……五島さん、すごかったわね" (34:246); "ごめんなさいね、どうしてもあなたの実力が知りたくて、後をつけてたの" (34:264); letter 3p 五島 (bare), 彼女 (16:135-143)	00000EAF	
373	五島	新村茅萱	茅萱さん	丁寧 (signed and written: "ありがとうございます。いただきます。")	00000EAF	チガ姉 (other routes)	route of 00000EAF: "茅萱さんは、新村春花って人、知っていますか？" (91:130, signed); "ありがとうございます。でも、明日は絶対に負けません！" (34:278); narration 茅萱さん throughout; speech "お久しぶりです、茅萱さん" (16:15, spoken, a year later)	00000EAF	
374	新村茅萱	春花	私の従妹 (3p)	n/a	00000EAF		"ん……知っているわ。／私の従妹。4年前に亡くなったけど……" (00000EAF:91:134-135)	00000EAF	
375	南崎しのり	五島	五島さん; あなた	丁寧 mixed with soft タメ口 (ね, の)	00000EAF		"やっぱり、あなたは4年前に元木町で戦ったイカ焼き少女ね" (00000EAF:22:47); "私はこの4年間、あなたに勝つことだけを目標にチャンピオンを防衛し続けたの" (22:53); "五島さん、本当におめでとう。…私の、完敗……" (97:320-323)	00000EAF	
376	五島	南崎しのり	南崎さん (narration; no spoken address)	n/a	00000EAF		narration "チャンピオンの南崎さん" (00000EAF:22:46); inner "私が勝てたのは、南崎さんが色々な手本を見せてくれたからです。" (97:325, unspoken)	00000EAF	
377	新橋ゆき乃	contestants	五島選手; 新村選手; チャンピオン; お三方	broadcast 丁寧	00000EAF		"それではお三方、ご着席ください！" (00000EAF:22:189); "五島さん、話せますか？" (97:291)	00000EAF	
378	鵜飼	五島	五島さん	丁寧	00000EAF		"私、番組ディレクターの鵜飼と申します。" (00000EAF:46:127); "おお、五島さん！　よくいらっしゃいました！" (40:69); message "お疲れ様です。ジャポニカテレビの鵜飼です。" (28:200)	00000EAF	
379	unnamed 謝肉館 waiter	五島	五島様; あなた; ごっとうさーん	service 敬語, stretched (V309)	00000EAF		"おっまたせしました五島様！" (00000EAF:34:105); "もしかしてあなた、明日の大会に出る方じゃあぁぁ…りませんかー！？" (34:55); on TV "ごっとうさーん！　来て下さいねー！" (28:231)	00000EAF	
380	Goto's mother	五島	絵梨奈	タメ口 (warm, pushing)	00000EAF		"絵梨奈、いらしたわよ" (00000EAF:16:12); "絵梨奈やったじゃない！　今から東京に戻って出てきなさいよ！" (28:223); "絵梨奈、負けてもいいんだから！" (28:261)	00000EAF	
381	五島	Goto's mother	お母さん	タメ口 (signed / written)	00000EAF		"お母さん……／お腹すいた……。" (00000EAF:28:184-185); "お母さん、もういいよ。私、弱いから。" (28:224); message "私、家を出ます。今までお世話になりました。" (52:146, です・ます)	00000EAF	
382	伊勢	五島	五島さん; あなた	丁寧 (stiff: ですな, 我々; flustered)	00000EAF	五島ちゃん (000004BB)	"あ、あの五島さん……／お声が出ないとお聞きしていますが……" (00000EAF:28:273-274); "や、やっぱり今でも健在ですな！" (28:276); "このようにしてあなたのお役に立てることを大変うれしく思います！" (28:281); Goto's narration "伊勢さんという刑事" (28:275), no sign she knows him	00000EAF	
383	unnamed 食堂 owner	五島	絵梨奈ちゃん	タメ口 (friendly)	00000EAF		"お、絵梨奈ちゃんいらっしゃい！　仕事は順調かい？" (00000EAF:52:77); "絵梨奈ちゃん、大食い大会出るんだってな！" (40:13)	00000EAF	
384	unnamed employer (社長)	五島	五島さん; 君	タメ口, friendly (email)	00000EAF		"五島さん、君は仕事が速いし正確だし、助かるよ！" (00000EAF:52:32); "五島さん、今度佐波県に支社を建てることになって…" (16:1)	00000EAF	
385	五島	unnamed employer (社長)	社長	丁寧 (written)	00000EAF		"社長、本当に申し訳ありません。／やっぱり、それはお受けできません。" (00000EAF:16:7-8)	00000EAF	
386	中嶋長司 (町長)	五島	五島絵梨奈さん	丁寧 (public)	00000EAF		"五島絵梨奈さん！　元木町民を代表して、激励します！" (00000EAF:40:48)	00000EAF	
387	五島	Nobel audience	国王、王妃両陛下…みなさん	敬語 (formal speech)	00000EAF		"国王、王妃両陛下、皇太子、皇太子妃両殿下並びにノルウェー・ノーベル委員会のみなさん。" (00000EAF:16:57); "みなさんは……私のようにならないで下さい。" (16:128); 3p 新村茅萱 (bare full name, partner, 16:60)	00000EAF	
388	五島	春花 + なつみ	新村先輩; 古郡先輩; 先輩たち (3p, the dead)	n/a	00000EAF		"古郡先輩や新村先輩を亡くしたショックで" (00000EAF:52:2); "先輩たちは、この罪を許してくれるでしょうか。" (16:170)	00000EAF	
389	五島	桃子	お姉ちゃん (3p)	n/a	00000EAF		"4年前、突然家を出てしまったお姉ちゃんのように。" (00000EAF:52:157)	00000EAF	
390	unnamed fortune-teller (inn, 00000EC7)	なつみ	お嬢ちゃん	タメ口 (older woman: かね, さ, だよ, かい)	00000EC7		"お嬢ちゃんは、誰と来たの？" (00000EC7:11:44); "どれ、お嬢ちゃんを診てあげようかね" (11:58); "お嬢ちゃん……。／いい人生を" (11:259-260)	00000EC7	
391	なつみ	unnamed fortune-teller (inn, 00000EC7)	おばさん (non-relative)	丁寧	00000EC7		"おばさんは誰と来たんですか？" (00000EC7:11:50); "お願いします。聞いてみたいです" (11:83); narration おばさん	00000EC7	
392	なつみ	春花	お姉ちゃん (3p, to a stranger)	丁寧 (to the listener)	00000EC7	春花 (bare)	"お母さんと、えっと、お姉ちゃんはおしゃべりしてます" (00000EC7:11:47), with a hesitation; to Haruka herself still タメ口 ("うん、一緒になった人と話しこんじゃってね" 11:265)	00000EC7	
393	春花	お母さん (茜)	おばさん (3p); この人	n/a	00000EC7		"おばさんと話したんだけどさ、私たちは今まで通りでいようってことになったよ" (00000EC7:11:271); "この人が私を産んでくれたんだよな……" (11:273)	00000EC7	
394	春花	おばさん (新村美冬)	お母さん	タメ口 (phone)	00000EC7		"お母さんからだ。／もしもし、どうしたの？" (00000EC7:11:278-279)	00000EC7	
395	桃子	五島	絵梨奈 (first time); あんた	タメ口 (curt, dry, fond underneath: わ, でしょ, "うざ……", "バカ")	00000EDF	あんた	inside Goto's foresight vision (00000EDF:65-117:154): phone "ねえ、絵梨奈……" (37:161); Goto: "初めてだよ。ずっと『あんた』だけだった" (37:168); "ねえ、絵梨奈" / "おやすみ" (37:367-370); messages "あんた、本当に大丈夫？" (53:325); real frame 800 August 1: "ちょっと絵梨奈！" (117:261), "何よ、絵梨奈のバカ……" (117:296); name-form change (event)	00000EDF	
396	五島	桃子	お姉ちゃん	タメ口 (soft, pleading, teasing)	00000EDF		vision: "お姉ちゃん……／ほんとにお姉ちゃん？" (33:10-11); "私……／お姉ちゃんが好き" (37:352-353); "私……！　お姉ちゃんと仲良くしたい……！" (202:174); narration "大好きなお姉ちゃん" (117:316); 3p to 夏菜 お姉ちゃん	00000EDF	
397	桃子	なつみ	貧相ちゃん (3p, then address)	タメ口 (sparring)	00000EDF		vision 3p "貧相ちゃんのお墓参り" (37:314); real frame 800 August 1 "この年上を敬えない貧相ちゃん" (117:261), "私と一緒にロシアンたこ焼きで負けたの、貧相ちゃんでしょ？" (117:263); speakers partly inferred (V331)	00000EDF	
398	なつみ	桃子	桃ちん; 師匠 (V331)	タメ口 / playful 丁寧	00000EDF		800 August 1: "師匠はべたべたしないんですか！？" (117:254); "桃ちんは超炭酸ボンバーのプロだって聞いたよ？" (117:256); attribution inferred (V331)	00000EDF	
399	春花	桃子	師匠 (V331)	タメ口	00000EDF		"お！　師匠のシスコン発動！" (117:297, speaker inferred)	00000EDF	
400	新村夏菜	五島	五島ちゃん; 旦那様 / お客様 (joke); ゴトー団長 (game)	タメ口 (cheeky, caring)	00000EDF	エリ姉 (other routes)	this route (vision): "あなたが五島ちゃん！？" (71:63); "お客様は、でーん！　と構えて待ってなさい！" (186:27); "はい、旦那様！" (186:105); "ゴトー団長！　周囲には誰もいません！" (192:4); no エリ姉 in this file	00000EDF	
401	五島	新村夏菜	夏菜ちゃん; ニームラ副団長 (game)	タメ口 (gentle; once commanding)	00000EDF		vision: "しっかりお願いね！　ニームラ副団長！" (192:49); "早く、出て。出なさい" (59:87); "夏菜ちゃん……ありがとう……" (202:236)	00000EDF	
402	新村夏菜	桃子	お姉さん (non-relative, "miss"); none	丁寧, then plain and angry	00000EDF		vision, on speaker: "あ、もしもし？　五島ちゃんのお姉さんですか？" (202:148); "元気づけてあげてくれませんか？" (202:153); "ちょっと！　何でそんなに冷たいの！？" (202:193)	00000EDF	
403	桃子	新村夏菜	あなた; あんた	タメ口 (irritated)	00000EDF		vision: "はあ？　だから、あなた誰よ……" (202:154); "だからあんた誰よ！？　その声、子供でしょ！？　黙ってなさいよ！" (202:195)	00000EDF	
404	新村茅萱	五島	五島さん, then 五島ちゃん	タメ口 (soft; every line opens ん……)	00000EDF	五島ちゃん (other routes)	vision, first meeting: "ん……えっと、五島さんだったかしら？" (71:31); "ん……春花と五島さん、そろそろ着替えて" (71:39); later "ん……五島ちゃん、本当に事故！？" (53:71), "ん……五島ちゃん……ごめんなさい。" (59:194)	00000EDF	
405	五島	新村茅萱	チガ姉	丁寧	00000EDF		vision: "チガ姉、それは無理ですよ……" (59:188); narration チガ姉 from 71:23 (a stranger then)	00000EDF	
406	五島	新村美冬	新村先輩のお母さん; 新村美冬さん; あなた	丁寧 (cold, taunting in the vision; urgent in the real frame)	00000EDF	新村先輩のお母さん (3p, 00000716)	vision: "私を殺すつもりですか？　新村先輩のお母さん" (65:16); "新村美冬さん、こんなことして、新村栄一郎さんが泣いてますよ？" (65:24); real: "新村先輩のお母さんでしょ！？　もうやめて下さい！" (117:170), "自首してください！" (117:178); narration 3p 新村美冬 (bare full name) throughout	00000EDF	
407	新村美冬	春花	春花	タメ口 (broken)	00000EDF		"春花……？" (117:190); "春花にまでばれてしまっては……。もう、これまでね……" (117:195); 3p "春花は渡さない……！" (117:182)	00000EDF	
408	春花	新村美冬	お母さん	タメ口 (pleading, loving)	00000EDF		"その声お母さんじゃないか！" (117:191); "私……何があってもお母さんの娘だからさ！" (117:197)	00000EDF	
409	unnamed eyeless woman (00000EDF)	五島	サード・ジェネレーション; あなた	soft feminine タメ口 (わ, かしら, の), mocking; なさい	00000EDF		"お姉さんとの電話、楽しかった？" (41:2); "ほんと、哀れなサード・ジェネレーション……" (53:125); "おはよう、サード・ジェネレーション" (89:130); "天才少女が呆れるわね！" (89:174); V325	00000EDF	
410	五島	unnamed eyeless woman (00000EDF)	あんた; あなた	タメ口 (hostile, then pleading)	00000EDF		"もう、あんたなんか怖くない" (41:5); "ねえ、どうしてあなたには目がないの？" (41:10); "あんたになんか助けられたくない……！" (53:186); "あの、どなたですか？" (89:135, 丁寧 at first)	00000EDF	
411	新村幸太郎	五島	五島ちゃん; 怪盗さん; お前; 君	タメ口 (warm, sheepish)	00000EDF		vision: "えっと、五島ちゃんだったかな？" (71:2); "よう、怪盗さん、気がついたか？" (89:36); "それ、お前に使っちゃったし" (89:43); "五島ちゃん、君は蔵の本を読んだんだね？" (89:59)	00000EDF	
412	五島	新村幸太郎	幸太郎さん; スケベ / 変態 / 痴漢 … (shrieked)	丁寧; shrieking	00000EDF		vision: "おはようございます、幸太郎さん！" (117:12); "ぎゃー！　ぎゃー！　スケベ！　変態！　痴漢！" (202:263)	00000EDF	
413	サクラ	新村幸太郎	幸太郎 (bare)	タメ口 (fond, scolding, then grave)	00000EDF		vision: "はい我慢我慢！" (47:43); "もう幸太郎、もっとゆっくり食べないと……" (53:46); "幸太郎は、美冬ちゃんにドローガを送る以外の方法は考えたの？" (59:160)	00000EDF	
414	サクラ	新村エリカ (ばあちゃん)	お義母さん	丁寧	00000EDF		vision: "あの……／お義母さん、幸太郎……" (59:144-145); 3p 栄一郎 (bare), 美冬ちゃん	00000EDF	
415	新村エリカ (ばあちゃん)	新村幸太郎	お前; この大バカ者	タメ口 (scolding)	00000EDF		vision: "この大バカ者！　昔からドローガを使うなと言っていただろうが！" (59:119); "お前たち兄弟は…" (59:128)	00000EDF	
416	新村エリカ (ばあちゃん)	五島	none (自己紹介); 五島ちゃん (3p in impression)	丁寧-ish タメ口 ("です" once)	00000EDF		vision: "自己紹介がまだだったね。幸太郎の母親の新村エリカです。" (59:3); in twin tails "自他ともに認める天才少女、五島エリカ参上！" (47:82); Goto's narration おばあさん (59:2, 59:103)	00000EDF	
417	五島	新村エリカ (ばあちゃん)	none; おばあさん (3p)	丁寧	00000EDF	エリカちゃん (other routes)	vision: "いえ、迷惑かけて、本当にすみませんでした" (59:5)	00000EDF	
418	新村茅萱	新村幸太郎 + サクラ + 新村エリカ	お父さん、お母さん、おばあちゃん	丁寧 (apology)	00000EDF		vision: "ん……お父さん、お母さん、おばあちゃん……。" (59:217); "ん……私のために……申し訳ありませんでした。" (59:232)	00000EDF	
419	春花	五島	五島; お前	タメ口 (tender, protective)	00000EDF		vision: "五島……／お帰り" (89:73-74); "バカかよ。ほら、背中向けろ" (202:51); real epilogue "お！　五島もうちに住むか？" (117:293)	00000EDF	
420	なつみ	五島	五島	タメ口 (urgent)	00000EDF		real frame: "五島、危ない！" (117:155); "五島、気がついた！？" (117:158); the voice "だから五島、私だってば！　早く目を覚まして！" (117:147, unattributed until 117:154)	00000EDF	
421	なつみ	春花	春花; お姉ちゃん (once)	タメ口 (soft, tender)	00000EF6	春花 (bare)	route of 00000EF6 (祀耀802, after the register shows they are sisters 26:140-154): "…………／お姉ちゃん" (8:209-210), Haruka "はは、やめろよ……" (8:211); event (V352); otherwise 春花 throughout ("春花、そのままでいいから聞いてちょうだい。" 42:37)	00000EF6	
422	春花	なつみ	なつみ; お前	タメ口 (rough, protective; broken and whispered after waking)	00000EF6		this route: "お前の負担になりたくないんだよ！　頼むから、少しの間1人にしてくれ！" (67:117); "お前いつも私の希望全力無視だろうが！" (134:115); after waking "な……つ……み……／お……はよう……" (8:129-130), "ありがとう、なつみ、五島。" (8:187); in the frenzy "死ねえええ！　なつみ！" (36:82, reflex); many of these turns are unheard per 61:125-133 (V347)	00000EF6	
423	春花	五島	五島; お前	タメ口	00000EF6		"五島……お前もひどいと思うだろ？　どこのアイドルだよ……" (140:192); "いいぞ五島！　もっと言ってやれ！" (140:207); "五島！　早くしろ！" (67:266)	00000EF6	00000FCF
424	五島	なつみ	先輩; 古郡先輩	丁寧, with plain-form breaks	00000EF6	丁寧	"先輩、調子はどうですか？" (14:6); breaks: "よしよし、先輩いい子" (61:215), "先輩、どうしたの！？" / "ねえ、先輩ったら！" (67:265, 67:267), "あー先輩！　洗い物なんて私がやるから！" (134:28); SPEECH-LEVEL BREAKS rule; 3p 古郡先輩 to the doctor (20:278)	00000EF6	
425	五島	春花	新村先輩	丁寧	00000EF6		"おはようございます！　新村先輩！" (67:236); "新村先輩、それでいいですか？" (67:245); 3p 新村先輩 throughout	00000EF6	
426	なつみ	五島	五島	タメ口 (fond, grateful)	00000EF6		"五島、ありがとう。／新しい世界を見せてくれて" (14:186-187); "ねえ五島、これ、昼間に書いてみたんだけど。" (20:156)	00000EF6	
427	五島	おばさん (新村美冬)	美冬さん (3p); 彼女	n/a	00000EF6	新村先輩のお母さん / 新村美冬さん (00000EDF)	"美冬さんは焼身自殺し、薬物を検出できないほどの損傷だったそうです。" (20:175); "その人と美冬さんはつながっていて" (20:180); to the doctor "新村先輩の実の母親" of 茜 (20:282)	00000EF6	
428	なつみ	おばさん (新村美冬)	春花のお母さん; おばさん (3p)	n/a	00000EF6		narration 春花のお母さん (26:84-106), おばさん (8:165-167); speech "おばさんの三回忌でもあるわけだから……" (140:224)	00000EF6	
429	春花	おばさん (新村美冬)	私のお母さん (3p)	n/a	00000EF6		"私のお母さん、21歳だか22歳で結婚したらしい" (134:165)	00000EF6	
430	なつみ	お母さん (茜)	私のお母さん / お母さん (3p)	n/a	00000EF6		"昨日ね、私のお母さんの判決が出たの。" (140:183); narration お母さん (8:167-168, 140:4-5)	00000EF6	
431	Goto's mother	なつみ	なつみちゃん	タメ口 (warm, worried: わよ)	00000EF6		"あーなつみちゃん！　いいからいいから、休んでて！" (134:8); "ねえなつみちゃん、ちょっと疲れてない？／最近顔色が優れないわよ？" (134:17-18); speaker colour ?, inferred from narration 134:10 (五島のお母さん); 3p her daughter 絵梨奈 (134:22)	00000EF6	
432	なつみ	Goto's mother	おばさん (non-relative)	タメ口 mixed with です・ます	00000EF6		"おばさん、洗い物残ってる？" (134:7); "はい、ありがとう！" (134:12); "平気平気！" (134:24); narration 五島のお母さん / おばさん (134:10, 134:25)	00000EF6	
433	五島	伊勢	伊勢さん; あの人; ロリコン (3p)	n/a	00000EF6		"やっと伊勢さんから色々情報を絞り取れましたよ！" (20:29); "あの人、ロリコンですからね。私がちょっと頼めば、大概のことは協力してくれますよ" (36:253)	00000EF6	
434	なつみ	伊勢	伊勢さん (3p)	n/a	00000EF6		"伊勢さんって、2年前にお世話になった刑事だよね？" (36:252); narration "あの伊勢さんにそんな趣味が？" (110:235)	00000EF6	
435	店長	なつみ	なっちゃん	タメ口 (friendly, praising)	00000EF6		"じゃあなっちゃん、今日もお疲れ様" (110:283); "なっちゃんはここの看板娘だ。" (110:305); in hospital "ああ、よかった。思ったより元気そうだ" (26:46); speaker colour ?, attributed by narration (26:47, 110:283-311)	00000EF6	
436	なつみ	店長	店長	丁寧	00000EF6		"店長、あの……すみません、シフト空けちゃって……" (26:49); "はい、店長！／いえ、2号店が出たら、社長ですかね！" (110:308-309); V354	00000EF6	
437	unnamed izakaya regulars (長さん, 山さん, others)	なつみ	なっちゃん	タメ口 (boisterous)	00000EF6		"おお！　今日はなっちゃんがいる日か！" (110:159); "なっちゃーん！　これおかわりちょうだい！" (110:173); colours ?; speakers partly inferred	00000EF6	
438	なつみ	長さん	長さん	丁寧, mock-stern	00000EF6		"長さん！　今度触ったら警察にしょっ引くっていいましたよねえ？" (110:199); "おめでとうございます！　長さんのセクハラ20回記念で、生ビール1杯無料券贈呈です！" (110:205); 3p 長さん (26:67)	00000EF6	
439	なつみ	山さん	山さん	丁寧 (cheerful service)	00000EF6		"あ、山さんはこれで3杯目ですね？　いつものに変えますか？" (110:175)	00000EF6	
440	unnamed doctor (神経科, 00000EF6)	なつみ	古郡さん	丁寧	00000EF6		"――古郡さん、終わりましたよ" (14:44); "いいですか、古郡さん。／どんなものを使ったか分かりませんけど、これは犯罪なんです。" (36:177-178); colour ?; "例の医者" / "先ほどの医者" in narration (14:46, 26:167); whether all the doctor lines are one doctor is not stated	00000EF6	
441	なつみ	unnamed doctor (神経科, 00000EF6)	先生	丁寧	00000EF6		"先生……もし、麻酔を使わなかったら、どうなっていましたか？" (14:89); "あの、先生……。／私、今日この部屋に泊まることはできませんか？" (14:232-233)	00000EF6	
442	unnamed doctor (神経科, 00000EF6)	五島	五島さん	丁寧	00000EF6		"えっと、五島さん。／これは古郡さんと新村さんの血液検査の結果です。" (36:188-189); 3p "五島さんからの提案" (20:236); 3p 春花 新村さん throughout	00000EF6	
443	五島	unnamed doctor (神経科, 00000EF6)	先生	丁寧	00000EF6		"先生、どういうことですか？" (36:190); "あの、先生。シスAB型って、遺伝も関係しますよね？" (20:277)	00000EF6	
444	新村夏菜	伊勢	伊勢さん; 大ちゃん (posing as his relative, 38:148)	丁寧 (bright, teasing; flirty sidelong register "じゃ～あ？", "ん～？" 26:179-185)	00000F0D		route of 00000F0D (祀耀804): "あの、伊勢さんはどうして警察官になろうと？" (14:141); "あは！　やっぱり伊勢さんってロリコンですか！？" (26:23); "それなら、ずっと私のそばに下さい" (26:149, V375); "伊勢さん……私……" (62:151); 3p 伊勢さん throughout	00000F0D	
445	新村夏菜	伊勢	伊勢さん	タメ口 (fond, pleading, angry at the parting)	00000F0D	丁寧 (804)	祀耀805 August 1: "うん！　ねえねえ、今日非番なんでしょ？" (68:36); "伊勢さん、いつになったら私の名前呼んでくれるの？" (68:175); "16歳って、結婚できる歳だよ！" (68:274); "はっきりしなさいよ！　男でしょ！？" (74:126); speech-level change over the year (event); narration "伊勢さん……／大好きです！" (74:201-202)	00000F0D	
446	伊勢	新村夏菜	君; 秋菜ちゃん (20:19); 秋菜 (bare, once, 44:96); 夏菜 (shouted 56:253-254; mouthed 74:170-174); 3p 彼女 / あいつ / 夏菜 (his narration)	タメ口 with stiff official lines, stammering at first; steady, kind later	00000F0D		"きききき君ー！" (14:17); "こら、秋菜ちゃん！　変なことを言うんじゃない！" (20:19); "俺の趣味の話も秋菜の話も終わり！" (44:96), Goto: "伊勢さんが女の子を呼び捨てにするの初めて聞きました" (44:101); cannot say 夏菜 at her request (26:170-186, "か……／かかか……" / "な……"); "ここにいたのか" (62:143); she notes he never uses her name (74:104, 74:161); the unheard mouthed 夏菜 (74:174) is the payoff; name-form event	00000F0D	
447	新村夏菜	五島	五島さん; 3p bare 五島絵梨奈 (hostile narration); このチビ (thought, 44:103)	丁寧 (guarded, minimal) as 古村秋菜; 805: 丁寧 lite	00000F0D		"あ、はい！　古村秋菜と言います！" (38:147); "あの、私は古村ですけど……" (44:14); narration switches to bare full name when she plans to kill her (50:49 on); 3p 五島さん again from 68	00000F0D	
448	五島	新村夏菜	秋菜ちゃん; 新村さん (a probe, 44:8); 夏菜ちゃん (to Ise 56:65; address in 805)	タメ口 (friendly, prying) with 丁寧 politeness	00000F0D		"ねえねえ、秋菜ちゃんってどこから来たの？" (38:156); "ねえねえ、新村さん" (44:8), then "知っている人と名字が似ていたから、ついうっかり……" (44:15); "夏菜ちゃん、どうしたの？" (68:184); "早く早く！" (68:216)	00000F0D	
449	伊勢	五島	五島ちゃん	タメ口 (familiar, colleague-like)	00000F0D	五島ちゃん (000004BB)	"ああ、五島ちゃんか。偶然だな。" (38:139); "だから五島ちゃん、あんまり変な話をするんじゃないぞ？" (44:27); narration 3p 五島ちゃん (56); they trade case information (38:62; 56:4)	00000F0D	
450	五島	伊勢	伊勢さん	丁寧, teasing ("ロリコン冥利に尽きますなあ！" 44:80; "世界一のロリコンになるチャンスですよ！？" 68:286)	00000F0D		"あれあれ？　伊勢さんじゃないですか？" (38:136); "伊勢さん！　すぐに夏菜ちゃんを探してください！" (56:191); "今こそ伊勢さんが支えてあげるべきじゃないんですか！？" (56:200); "最っっっっっっっっっっっ低！" (68:196)	00000F0D	
451	新村夏菜	なつみ	古郡さん; 3p 古郡なつみ (bare full name), 古郡なつみさん (179:141)	丁寧 (apologetic)	00000F0D		805: "古郡さん、本当に……／すみませんでした" (68:135-136); "古郡さん……でも……" (68:153); narration 古郡なつみ / 古郡さん	00000F0D	
452	なつみ	新村夏菜	夏菜ちゃん (asks leave first, 68:143-144)	タメ口 (gentle, firm)	00000F0D		"夏菜ちゃん、でいいかな？" (68:144); "夏菜ちゃん……／ありがとう" (68:146-147); "よし！　だったら、もうこの話はおしまい！" (68:167)	00000F0D	
453	なつみ	伊勢	伊勢さん	丁寧 (teasing)	00000F0D		805: "あー伊勢さん、それって結構傷つきますよ。ねえ五島？" (68:178); replayed 800 morgue lines 丁寧 (173:2, 173:5, 173:11)	00000F0D	
454	伊勢	なつみ	古郡さん; 古郡なつみさん (3p)	タメ口 (gentle)	00000F0D		"古郡さんも新村さんも絶対に1人になるなよ！？" (173:12, replayed from 00000550); "古郡なつみさんのことを少し話しておこう" (179:21)	00000F0D	
455	なつみ	五島	五島	タメ口	00000F0D		805: "ちょっと五島、いいじゃないの。" (68:242); "五島のことだから、きっといいこと思いついたんだよ！" (68:292); vision "五島、きっと春花も見つかるよね？" (44:202)	00000F0D	
456	新村夏菜	新村幸太郎	パパ	タメ口 (pleading, then commanding "自首して")	00000F0D	パパ (fond)	phone: "もしもし、パパ？" (26:82); "それ……嘘だよね？" (32:57); "ねえ、叔母さんって……人を殺したの？" (32:62); "さよならパパ……" (62:29); "パパ……／自首して" (62:183-184); event (she tells him to turn himself in)	00000F0D	
457	新村幸太郎	新村夏菜	夏菜; お前; self パパ	タメ口 (worried, fatherly; bargaining)	00000F0D		"夏菜か！？　おい、今どこにいるんだ！？" (26:83); "だから、それはパパが治せるから！" (26:88); "お前がそれを知る必要はない" (32:63); "夏菜、それはお前が集落に帰ってきてから教える。" (32:81); "パパもママも、お前のことが大好きだからな" (32:114)	00000F0D	
458	新村幸太郎	サクラ	サクラ (bare)	タメ口 (urgent)	00000F0D		"おいサクラ！　テレビつけろ！" (62:11), 804 route: サクラ alive	00000F0D	
459	新村幸太郎	おばさん (新村美冬)	美冬ちゃん (3p)	n/a	00000F0D		"それは美冬ちゃんに聞いてみないと、何とも分からないな……" (32:92)	00000F0D	
460	新村夏菜	サクラ	ママ (3p)	n/a	00000F0D		"あの、ママとは会いたくありません。" (8:197); "ママ、" in the farewell list (62:139)	00000F0D	
461	unnamed plainclothes officer (皆上市, 00000F0D)	新村夏菜	お姉さん (non-relative: "miss"); 秋菜ちゃん; 君; self おっちゃん	タメ口 (breezy, a creep act)	00000F0D		"え？　お姉さんもしかして家出？" (8:101); "秋菜ちゃんかー！　かわいい名前だねえ！" (8:134); "これでもおっちゃん、偉い人だからね！" (8:119); "だから、ここで君を保護する" (8:186); colour ?	00000F0D	
462	新村夏菜	unnamed plainclothes officer (皆上市, 00000F0D)	none; 3p おっさん (narration)	丁寧 (a sweet runaway act)	00000F0D		"ほんとですか！？　いい人に会えてよかったー！" (8:114); "わーすごーい！　行く行く！" (8:120, タメ口 slip); "あの……でもどうして親切にしてくれるんですか？" (8:166)	00000F0D	
463	unnamed soba-shop old woman (00000F0D)	伊勢	大ちゃん	タメ口 (teasing, familiar)	00000F0D		"あーら、いらっはーい、大ちゃん" (20:0); "あーら大ちゃん、その子、彼女？" (20:4); "大ちゃんはいつものでいいね？" (20:26); colour ?	00000F0D	
464	unnamed soba-shop old woman (00000F0D)	新村夏菜	お嬢ちゃん	タメ口	00000F0D		"お嬢ちゃんはどうする？" (20:26); "はいはーい、彼女と仲良くねー" (20:182)	00000F0D	
465	伊勢	unnamed soba-shop old woman (00000F0D)	none	丁寧 (regular customer)	00000F0D		"どうも、ご無沙汰です" (20:1); "ごちそうさんです、また来ます" (20:181)	00000F0D	
466	桃子	五島	絵梨奈	タメ口 (fond, protective)	00000F0D		"あ、いたいた。絵梨奈、こっち" (44:104); "絵梨奈、あんまり遅くならないでよ？" (56:8); "ちゃんと夜道には気を付けてよ？" (56:10); per Ise over-protective (56:14)	00000F0D	
467	桃子	伊勢	伊勢さん	丁寧	00000F0D		"伊勢さん、絵梨奈のこと、お願いしますね" (56:12); Ise 3p 桃子さん (44:30, 56:6)	00000F0D	
468	五島	桃子	お姉ちゃん	タメ口	00000F0D		"あ、お姉ちゃん！" (44:105); "うん、分かってるよ" (56:9); 3p "いつまで経ってもシスコンなんだから……" (56:17)	00000F0D	
469	unnamed children's-home director (園長先生, 00000F0D)	新村夏菜	夏菜ちゃん	タメ口 (warm)	00000F0D		"夏菜ちゃん、お迎え来たわよ" (68:12, colour ?, speaker inferred); "色々大変だろうけど、しっかりね！" (68:17)	00000F0D	
470	新村夏菜	unnamed children's-home director (園長先生, 00000F0D)	園長先生	丁寧	00000F0D		"園長先生、1年間お世話になりました！" (68:15)	00000F0D	
471	春花	五島 + なつみ	お前ら; 五島; なつみ	乱暴 (defiant, in 夏菜's foresight vision)	00000F0D		vision: "お前ら！　来るな！　来るんじゃない！" (44:207); "五島、私はここに来て変わったんだ。" (44:214); "なつみ、悪いけどお母さんを1人にできないよ" (44:218); "お前らにとっては、法律を守ることの方が何よりも大事なんだろ？" (44:237)	00000F0D	
472	五島	春花	新村先輩; 先輩	丁寧 with plain breaks (vision)	00000F0D		"新村先輩！　どうして！？" (44:209); "先輩、帰ろうよ！　逃げ切れるわけないでしょ！" (44:213); 3p 美冬さん (44:219)	00000F0D	
473	春花	なつみ	なつみ; お前; お前ら (with Goto)	タメ口 (rough, protective; harsh to the possessed Natsumi)	00000F24		802 route: "なつみ！　何しに来た……！" (64:222); "なつみ……それ、食べても大丈夫なのか……？" (112:158); "今のお前は……／親友なんかじゃない……！" (112:233-234, after slapping her); "なつみ、落ち着いてくれ。私も五島も、なつみの味方だから、な？" (94:37); "お前らはここに残れ。" (94:167)	00000F24	
474	なつみ	春花	春花; 親友 (possessed, 112:201)	タメ口 (warm; eerily calm and cheerful while possessed)	00000F24		"春花……よかった！" (118:103); possessed "春花は私の親友。／だから、春花もみんなと仲良くなれるよ？" (112:201-202), "うふふ……春花、怖いの？" (112:204); sane again "違う、違うの春花！／あれは私じゃないの！" (94:22-23); "明日、一緒に元木町に帰ろうね" (142:33)	00000F24	
475	なつみ	五島	五島; 3p 五島 ("五島……／って？")	タメ口; cold while possessed	00000F24		possessed "五島は違ったの。ヴェルジ様に逆らうんだって" (112:183); "五島はいらない" (112:297); sane "五島、さっきは本当にごめん" (94:55)	00000F24	
476	五島	なつみ	古郡先輩	丁寧	00000F24		"古郡先輩、大丈夫ですか？" (94:9); "古郡先輩が元に戻ったのなら、謝る必要もないですよ" (94:56); her account 3p 古郡先輩 (64:73-85)	00000F24	
477	春花	五島	五島; お前; 五島さん (once, flustered); 五島よ	タメ口 (protective)	00000F24	五島 (bare)	"お前はちょっとここで待ってろ。" (64:12); "あ、あのさ、五島さん……。／いきなり寄生とか…" (100:211, a one-off polite form when lost in Goto's lecture); "五島よ……お前もしかして、本気で桜が人に寄生するなんて思ってるのか？" (142:22)	00000F24	
478	五島	春花	新村先輩; 先輩	丁寧, with plain breaks when frightened	00000F24		"先輩、もう降ろしてください。1人で歩けますから" (64:3); "先輩……バカ……" / "もう1人にしないで下さい……！　怖くて……" (100:53-55); memory "ねえねえ、先輩……私が死んだら、追善供養してくれますか？" (76:123)	00000F24	
479	春花	新村茅萱	チガ姉; お前; こいつ (3p)	タメ口 (fond, then furious)	00000F24		"チガ姉、帰ってたんだな！" (70:108); "おいチガ姉！　どこ行ってたんだよ！" (124:109); "お、お前……！" (124:125); narration "こいつ……！　本当にチガ姉か……！？" (124:123)	00000F24	
480	新村茅萱	春花	春花	タメ口 (soft ん…… opener; cool, menacing)	00000F24		"ん……春花こそお帰り。山籠本当に大変だったと思うわ" (70:109); "ん……春花、大人しくして。私、暴力は嫌いよ？" (124:150); "ん……春花、ナイフの研ぎが甘いわ。" (106:230)	00000F24	
481	新村茅萱	五島	五島ちゃん (3p); その子	タメ口	00000F24		"ん……その子、五島ちゃんは大事なお客様なの。" (106:203)	00000F24	
482	新村茅萱	おばさん (新村美冬)	叔母さん (3p)	n/a	00000F24		"ん……ごめんね、叔母さんの三回忌、できなくて" (136:14)	00000F24	
483	新村茅萱	サクラ	お母さん (3p, 136); 私の母……／新村サクラ; わが母; ブルーシャ (ritual, 106)	n/a	00000F24	お母さん	ritual naming of her own mother by full name and a goddess name: "ん……今日は、私の母……／新村サクラの一周忌――" (106:83-84); "新村サクラ改め『女神ブルーシャ』" (106:92); "この出来そこないの女神となってしまい、新村家の汚点となってしまったわが母……" (106:138); event	00000F24	
484	新村茅萱	villagers (集会場)	みなさん	丁寧 / 敬語 (ritual address)	00000F24		"ん……みなさん、今日は四月八日。／今日が何の日かは、ご存じのことと思います" (106:78-79); "ん……それではお披露目致します。" (106:90); "ご覧ください！" (106:103)	00000F24	
485	春花	新村夏菜	夏菜; こいつ (3p)	タメ口 (wary, then gentle)	00000F24		"か、夏菜……？" (118:20); "夏菜、話せよ……。どうしたんだ？" (88:188); "夏菜、行こうぜ。" (88:286); narration "こいつ、まだ12歳だろ……？" (88:265)	00000F24	
486	新村夏菜	春花	春花ちゃん	タメ口 (threatening, then pleading and sorry)	00000F24		"春花ちゃん、久しぶりだね！" (118:19); "あはは！　春花ちゃん、自分の立場分かってるよね？" (118:57); "春花ちゃん、逃げないで！" (106:299); "ねえ……／春花ちゃん……助けて……" (88:184-185); "ごめんね春花ちゃん……さっきはナイフ突き付けたり、殴ったりして……" (88:315)	00000F24	
487	新村夏菜	五島	五島ちゃん	タメ口 (solicitous captor)	00000F24		"ほら五島ちゃん、立てる？" (106:252); "五島ちゃんは大事なお客様だよ？　邪魔したらダメだって！" (106:267)	00000F24	
488	新村夏菜	新村茅萱	お姉ちゃん	タメ口	00000F24		"お姉ちゃん、この人強いよ" (106:283); "ねえお姉ちゃん！　お姉ちゃんってば！" (88:234)	00000F24	
489	新村夏菜	新村幸太郎	パパ	タメ口 (pleading)	00000F24		"ねえパパ！　動かないで！　歩かないで！" (88:241); "お姉ちゃん……パパ……" (88:154)	00000F24	00001325
490	新村夏菜	サクラ	ママ (3p)	n/a	00000F24		"だから、集落に来る人には容赦しないでいいって、ママが言ってたんだ" (118:69); "ママも……殺されちゃって……" (88:197)	00000F24	
491	春花	白般若 (新村美冬, masked)	お前; あんた (once, 88:300); 般若さん (mock); 弱虫; こいつ / あいつ / やつ (3p); あの人 (3p, 106:302)	タメ口 (rough, insulting, then grudging thanks)	00000F24		"な、何だよお前……！　やっぱり敵か……！？" (88:50); "ほら、顔も見せられない意気地なしの般若さんよ！" (88:99); "何だよ、弱虫……" (88:297); "あんたが私たちを助けてくれたり、重要な情報をくれたりしたことには感謝する。" (88:300); identity withheld until 142:139 (V388)	00000F24	
492	春花	おばさん (新村美冬)	お母さん	タメ口 (desperate)	00000F24		"おかあ……さん……？" (142:139); "おいしっかりしろよ！　聞きたいこと山ほどあるんだからよ！" (142:157); "なあお母さん！　元木町に戻ろう！　一緒にまた暮らそうよ！" (142:181); narration prays to her in です・ます ("お母さん、安らかに眠ってください。" 76:97; "お母さん、やっぱり地獄に落とされているのでしょうか。" 76:176)	00000F24	
493	おばさん (新村美冬)	春花	春花	タメ口 (broken, dying)	00000F24		"春……花……！" (142:156); "春花……これを……！" (142:162); "春花……早く、私から離れて……。／もう……限界が……近い……" (142:182-183)	00000F24	
494	おばさん (新村美冬)	新村夏菜	夏菜ちゃん (3p)	n/a	00000F24		"ち、違う……これを……夏菜ちゃんに……" (142:166)	00000F24	
495	新村栄一郎	春花	春花; self 父親 / 僕	タメ口 (mocking, cheerful)	00000F24	春花 (fatherly, 0000082F)	"はは、久しぶりだねえ、春花。／父親に向かってこいつなんて呼び方はダメだろ？" (142:195-196); "春花、強いなら相手をしないと" (187:78); colour 春花の父	00000F24	
496	春花	新村栄一郎	お父さん; こいつ (3p)	タメ口 (demanding)	00000F24	パパ (age 4, 0000082F)	"なつみ、違う。こいつは――" (142:194); "お父さん……。説明してくれよ。何なんだよ、これ……" (142:197); narration お父さん	00000F24	
497	新村栄一郎	おばさん (新村美冬)	美冬ちゃん	タメ口 (sweet, then indifferent)	00000F24	美冬ちゃん (warm, 00000801)	enacted 800: "やあ美冬ちゃん、ついにドローガを使ったんだね" (187:16); "さあ美冬ちゃん、一緒に行こう。" (187:24); "もしかして、死んじゃった？　まあいいや。" (187:36-37); 3p "美冬ちゃんは出来損ないだ。" (142:199)	00000F24	
498	おばさん (新村美冬)	新村栄一郎	栄一郎さん	タメ口 (dazed)	00000F24		"栄一郎さん！？" (187:17); "栄一郎さんと……一緒に……？" (187:26)	00000F24	
499	新村栄一郎	五島 + なつみ	天才少女 (Goto); なつみちゃん / 五島ちゃん (3p); 君たち	タメ口 (mocking)	00000F24		"なるほど、さすが天才少女、いい目の付け所をしているよ。" (187:8); "なつみちゃんや五島ちゃんが危ない" (187:77); "君たちの言う第三世代のなれの果てさ" (187:45)	00000F24	
500	新村栄一郎	お母さん (茜)	茜ちゃん (3p)	n/a	00000F24		"茜ちゃんは使いかけのドローガを利用して五島家に侵入。" (187:1); "茜ちゃんが美冬ちゃんの邪魔をしようとしていることに気づいた女神様は" (187:12)	00000F24	
501	新村栄一郎	新村エリカ (ばあちゃん)	母さん (3p)	n/a	00000F24		"タイミングよく母さんが死んでくれて助かったよ。" (187:51)	00000F24	
502	なつみ	新村栄一郎	幸太郎さん (mistaken, 3p)	n/a	00000F24		"幸太郎さん……？" (142:193), taking the voice for his twin	00000F24	
503	五島	新村栄一郎	あなた	丁寧 (cold)	00000F24		"あなたが死んだ人とか、先輩のお父さんとか、そんなことはもうどうでもいいです。／それよりも、どうして元木町でのこと、知っているんですか？" (187:6-7)	00000F24	
504	お母さん (茜)	おばさん (新村美冬)	美冬; あんた	タメ口 (hard, commanding; farewell)	00000F24	美冬 (other routes)	enacted 800 scene: "美冬、その薬、こっちに渡して" (142:212); "美冬……あんた……。／電話、嘘だったのに……。" (142:241-242); "さよなら、美冬……" (142:252); 3p 良治君, なつみ, 春花ちゃん (142:214, 142:248-249)	00000F24	
505	おばさん (新村美冬)	お母さん (茜)	茜	タメ口 (cold, contemptuous)	00000F24		enacted 800 scene: "茜……？　警察にいるはずじゃ……" (142:211); "茜は分かってないのね。" (142:218); "本気なの？　私、荒田の山籠に耐えた女。" (142:223-224); 3p なつみちゃん ("なつみちゃんを片付けないと" 142:208)	00000F24	
506	春花	サクラ	サクラさん	タメ口	00000F24		3p サクラさん throughout; memory 800: サクラ "春花、これ……" (76:58), "春花、もうそんな慣習に縛られる必要はないわ" (76:84)	00000F24	
507	春花	新村幸太郎	幸太郎さん (3p)	n/a	00000F24		narration 幸太郎さん throughout (88:209, 112:39)	00000F24	
508	春花	古郡良治 + お母さん (茜)	お父さん、お母さん (attempt, declined)	タメ口	00000F40		Haruka's side of 00000E95:11:63-68: "ええっと……お父さん、お母さん……」" (00000F40:11:17); declined by both (11:22-23)	00000F40	
509	春花	五島	五島 (3p); none on the phone	タメ口 (grateful)	00000F40		"はい、もしもしー？" (00000F40:11:78); "分かった！　部屋に戻るよ。悪かったな旅行中に" (11:100); narration "やっぱりいざという時、五島は頼りになるな。" (11:107)	00000F40	
510	五島	春花	先輩	丁寧 (cheerful, advising)	00000F40		"はーい！　あなたの五島ちゃんですよー！" (00000F40:11:79); "ですから、気持ちは分かりますけどそうやって無理することこそ、よくないと思いますよ。" (11:94); "いえいえ、私と先輩の仲じゃないですか！" (11:101)	00000F40	
511	春花	front desk (unnamed)	none	丁寧	00000F40		"すみません、新村……／いや、古郡って言いますけど、私の部屋どこでしたかね……" (00000F40:11:116-117); staff "はい、古郡様ですね。" (11:118, colour ?)	00000F40	
512	古郡良治	春花 + なつみ	娘たち; 春花ちゃん	タメ口 (drunk, jovial)	00000F57		"よう娘たちよ！　家族風呂はどうだ？" (00000F57:11:36); "な、何だ！？　どうしたんだ春花ちゃん！？" (11:48); "いよう！　春花ちゃん！" (11:133); "俺たちは裸の付き合いをした仲だもんな！" (11:138)	00000F57	
513	春花	古郡良治	none (shouting); このクソ親父 / 全裸親父 / なつみのお父さん (3p narration)	乱暴 (shouting)	00000F57	お父さん (attempt, 00000F40)	"っていうか入ってくるなよ！／っていうか前隠せよ！" (00000F57:11:59-60); "何で女が入っている時に男が入ってくるんだよ！／のぞき！　変態！　痴漢！" (11:67-68); narration "このクソ親父……！" (11:139)	00000F57	
514	なつみ	古郡良治	お父さん	タメ口 (scolding, casual)	00000F57		"もうお父さん……お酒飲んで入ったらダメっていつも言ってるじゃない" (00000F57:11:40); in Haruka's fantasy "お父さん……／私……待ってるから……" (11:120-122)	00000F57	
515	なつみ	春花	春花	タメ口 (teasing, envious)	00000F57		"ねえ春花、私たち、姉妹なんだよね？" (00000F57:11:18); "春花！　おばさんからいいサプリでも、もらってるんじゃないの！？" (11:27)	00000F57	
516	茜	古郡良治	良治君	タメ口	00000F57		"良治君、春花ちゃんに絡み酒しないでよ？" (00000F57:11:136)	00000F57	
517	春花	茜	おばさん (address); なつみのお母さん (3p narration)	タメ口	00000F57	おばさん (3p, 00000EC7)	"やっぱりそうなれたのも、おばさんのおかげもあったのかな。" (00000F57:11:150); "そういえばさ、私が養子になったのってどうして？" (11:151)	00000F57	
518	茜	おばさん (新村美冬)	美冬; あの子 (3p)	n/a	00000F57		"美冬はね……／あの子、ああ見えても昔はすごく泣き虫で甘えん坊だったわね" (00000F57:11:147-148)	00000F57	
519	おばさん (新村美冬)	春花	春花	タメ口 (phone, subdued)	00000F57		"あ、春花……／ごめんねこんなときに" (00000F57:11:166-167); "荒田のおばあちゃん、さっき亡くなったって……" (11:171)	00000F57	
520	unnamed officer (Haruka's fantasy, colour 伊勢)	古郡良治	古郡良治 (bare full name)	タメ口 (arrest formula)	00000F57		"古郡良治――／婦女暴行、およびわいせつ物陳列の容疑で現行犯逮捕する" (00000F57:11:98-99); "さあ、早くしろ" (11:119); imagined, 11:131	00000F57	
521	五島	春花	先輩; 新村先輩 (3p)	丁寧	00000F6F		"はーい！　あなたの五島ちゃんですよー！" (00000F6F:11:54); video call "すごいですよー！　ほら見てくださいよ！" (11:82)	00000F6F	
522	桃子	五島	あんた	タメ口 (curt, then protective)	00000F6F	絵梨奈 (00000F0D route)	"あんた……先輩に対していつもあんな上から目線で話してるの？" (00000F6F:11:59); "あんたさあ……。／五島一族きってのチビなんだから気をつけなよ" (11:99-100); "そういう時はごめんじゃなくてありがとうでしょ？" (11:103); "あんた天才少女名乗ってるんでしょ？　しっかりしなさいよ！" (11:168)	00000F6F	00000F87
523	五島	桃子	お姉ちゃん	タメ口 (shy, then clinging)	00000F6F		"お姉ちゃん、さっきは助けてくれてありがとう" (00000F6F:11:110); "お、お姉ちゃん……絶対離れないでよ！" (11:133); "お姉ちゃんの……大バカ者ー！　うわーん！" (11:179)	00000F6F	
524	Goto's mother	桃子	桃子	タメ口	00000F6F		"桃子、明日もバイト休みなんでしょ？　ゆっくりできるわよね？" (00000F6F:11:44, colour ?, inferred)	00000F6F	
525	Goto's father	桃子 + 五島	桃子; 絵梨奈	タメ口 (cheerful)	00000F6F		"先にホテルに荷物置いていくぞ" (00000F6F:11:71); "おー桃子！　絵梨奈！　どうだった？" (11:189); "どうした絵梨奈、怖かったか？" (11:192); colour ?, inferred from narration 11:73, 11:190	00000F6F	
526	Goto's father	Goto's mother	母さん	タメ口	00000F6F		"あ、母さん、ビールでも飲もうか！" (00000F6F:11:122)	00000F6F	
527	Goto's mother	Goto's father	お父さん	タメ口 (flustered)	00000F6F		"ほ、ほほほ！　そうしましょうお父さん！" (00000F6F:11:123)	00000F6F	
528	桃子	五島	絵梨奈; あんた	タメ口 (confessional, fond)	00000F87	あんた	"もう、あんたに……／絵梨奈にとって、私っていらないんじゃないかって……" (00000F87:11:208-209, first 絵梨奈 in this route); "絵梨奈は私のこと、嫌いでしょ？" (11:240); "絵梨奈、明日はあんまり泣くんじゃないよ。" (11:331); name-form change (event)	00000F87	
529	五島	桃子	お姉ちゃん	タメ口 (earnest, pleading)	00000F87		"私、お姉ちゃんを捨てるなんてこと、絶対にしないよ。" (00000F87:11:225); "だから、一緒にいてよ。家出しないでよ" (11:293); "ねえ、もっと私と一緒にいてちょうだいよ" (11:309)	00000F87	
530	桃子 (toddler)	her mother	まま	タメ口 (toddler)	00000F87		memory: "ねえねえ、まま！　わたし、いもうとがほちい！" (00000F87:11:265); cf. 00000801:8:163 (V428)	00000F87	
531	Goto's mother	桃子 (toddler)	桃子	タメ口	00000F87		memory: "桃子、その話はまた後でね" (00000F87:11:266, colour ?)	00000F87	
532	春花	五島	五島	タメ口 (shaken)	00000F87		"も、もしもし！　五島……！？" (00000F87:11:17); "こんな時間にすまない。落ち着いて聞いてほしいんだが……" (11:20)	00000F87	
533	新村茅萱	五島	五島ちゃん	タメ口 (soft, ん……; fond)	00000F9F		"ん……こんにちは、五島ちゃん" (00000F9F:11:19); "ん……うふふ。第一印象の五島ちゃんも好きだけど、私、今の五島ちゃんも好きよ" (11:24)	00000F9F	
534	五島	新村茅萱	none	丁寧 (curt)	00000F9F	チガ姉 (丁寧, other routes)	"…………／こんにちは……" (00000F9F:11:21-22); "そうですか……" (11:25); 3p "チガ姉、か……" (11:199)	00000F9F	
535	城崎	なつみ	なつみちゃん	タメ口 (kind)	00000F9F		"なつみちゃん……" (00000F9F:11:70); "そうだね、色々と疑問に思うことが残ってるだろう。／うちに寄っていくといい" (11:76-77); colour ?, known by voice (11:71)	00000F9F	
536	なつみ	城崎	城崎さん	丁寧	00000F9F		"城崎さん、あの時はありがとうございました" (00000F9F:11:72)	00000F9F	
537	五島	城崎	城崎さん	丁寧	00000F9F		"あの城崎さん、色々と聞きたいことがあるんですけど……" (00000F9F:11:75)	00000F9F	
538	五島	なつみ	古郡先輩; 先輩	丁寧 (earnest; tearful)	00000F9F		"ごめんなさい先輩、私、最近そうは思えないんです" (00000F9F:11:106); "私……／先輩を裏切ることになるんでしょうか……！" (11:164-165); "だから先輩……／これからも、よろしくお願いしますね！" (11:214-215)	00000F9F	
539	なつみ	五島	五島	タメ口 (tender)	00000F9F		"五島ならきっとできるよ。／でも、もしつらくなったら、いつでも私に寄りかかっていいんだからね" (00000F9F:11:171-172); "改まって何よ！　言われなくても、お世話してあげるからね！" (11:218)	00000F9F	
540	新村茅萱	おばさん (新村美冬)	叔母さん	タメ口 (soft)	00000FB7		"ん……叔母さん、私もそう思うわ。" (00000FB7:11:17); 3p 叔母さん (00000F9F:11:15)	00000FB7	
541	おばさん (新村美冬)	新村茅萱	茅萱ちゃん	タメ口	00000FB7		"茅萱ちゃんは先に戻ってて。私は春花と行くところがあるから" (00000FB7:11:33)	00000FB7	
542	おばさん (新村美冬)	春花	春花; あなた	タメ口 (tired, confiding)	00000FB7		"春花、ここにはね、あなたのお姉さんが眠っているの" (00000FB7:11:49); "私にとって春花は何よりも大事だもの。" (11:77)	00000FB7	
543	春花	おばさん (新村美冬)	お母さん	タメ口 (rough, tender)	00000FB7		"お母さん、もう言うなよ！　分かってるからさ！" (00000FB7:11:95); "お母さん、ありがとう、姉さんに会わせてくれて" (11:135)	00000FB7	
544	春花	あやか (dead)	姉さん (address to the sky); お姉さん (3p)	タメ口	00000FB7		"なあ姉さん！　私たちのお母さんは世界一だぞ！" (00000FB7:11:133); 3p "お姉さん？" (11:50), "姉" in narration	00000FB7	
545	春花	五島	お前; 無関係のやつ	乱暴 (quarrel)	00000FCF	五島; お前	"何でその話になるんだよ！　お前と夏菜は関係ないだろ！" (00000FCF:11:47); "無関係のやつは黙ってろよ！" (11:55); "五島、殴りやがったな！" (11:57); after "よし来い五島！" (43:21)	00000FCF	
546	五島	春花	新村先輩; 先輩	丁寧 with plain breaks	00000FCF		"新村先輩と離れるなんて嫌です！" (00000FCF:11:38); "嫌だ……" (11:80); "新村先輩の……／バカ！" (11:99-100); "先輩！　今日は一緒の布団で寝る！" (43:19); SPEECH-LEVEL BREAKS	00000FCF	
547	五島	新村夏菜	夏菜ちゃん; 私の大事な妹 (3p)	n/a	00000FCF		"夏菜ちゃんは私の大事な妹です！" (00000FCF:11:48)	00000FCF	
548	the grandmother's voice (bare cells)	春花	春花; お前; 孫	タメ口 (old woman)	00000FCF		"全く、世話の焼ける孫だね。" (00000FCF:15:0); "だから、春花。／お前は元木町で、荒田のことを守っていておくれ。" (31:3-4); identified by Haruka (19:5)	00000FCF	
549	春花	the grandmother's voice	ばあちゃん; このコスプレババア	乱暴 (shout)	00000FCF		"ばあちゃん！　でも、私……！" (00000FCF:27:0); "黙れこのコスプレババアーー！！！" (39:0)	00000FCF	
550	新村エリカ (voice, bare cell)	新村栄一郎	栄一郎	タメ口	00000FCF		"さあ栄一郎、行こうか。もう心配いらないね。" (00000FCF:47:0), speaker named only by the reply's address	00000FCF	
551	新村栄一郎 (voice, bare cell)	新村エリカ	母さん	タメ口 (僕)	00000FCF		"そうだね母さん。後はみんなに任せよう。" (00000FCF:47:1); "もう、僕たちがでしゃばる必要はない。" (47:2)	00000FCF	
552	studio host (00001073)	field reporter	ゆきちゃん	丁寧 broadcast, familiar name	00001073		"――ありがとう、ゆきちゃーん！" (00001073:8:5)	00001073	
553	studio host (00001073)	秋野冬夫	先生	丁寧 (broadcast)	00001073		"――さあ先生、今日は桜にまつわるちょっと変わったお話を…" (00001073:8:14); "――あ、あの先生、すみませんが朝の番組ですので……。" (8:21)	00001073	
554	皇子	湊綱宗	綱宗; 綱宗よ	タメ口 (comrade, plain)	0000107B		"綱宗、今はどこまで来ただろうか" (0000107B:11:35); "なあ、綱宗よ" (11:155); "綱宗、この地に名前を付けたい" (11:214); colours 皇子 春花, 綱宗 なつみ (V424)	0000107B	
555	湊綱宗	皇子	none	タメ口 (plain, equal)	0000107B		"東の都よりもだいぶ北の方へ逸れてしまったようだ" (0000107B:11:36); "しかし、追手が……" (11:159); "はっはっは！　これまた魅力ない名前だな！" (11:227)	0000107B	
556	皇子	糸姫	糸姫; お前	タメ口 (kind, protective)	0000107B		"糸姫、お前は小さいから食べる所なんてない。／死んでも無駄死にだ。だから、死ぬんじゃないぞ" (0000107B:11:103-104); "糸姫は、ここに住みたいか？" (11:194)	0000107B	
557	糸姫	皇子	皇子様	丁寧 (humble)	0000107B		"皇子様……申し訳ありません……" (0000107B:11:60); "皇子様、私、この場所が大好きです！" (11:191); colour 五島	0000107B	
558	従者 (unnamed)	皇子	皇子; 皇子様	丁寧, rough	0000107B		"皇子！　大変でございます！" (0000107B:11:49); "皇子様！　こっちこっち！／すげーもん発見しましたぜ！" (11:132-133)	0000107B	
559	豊吉	藤吉郎	吉郎; お前	タメ口 (friendly, then grave)	00001092		"よう吉郎！　久しぶりだなあ！" (00001092:11:27); "なあ吉郎……／間川家に戻る気はないか？" (11:44-45); colour ?	00001092	
560	藤吉郎	豊吉	豊吉; お前	タメ口	00001092		"よう豊吉！　久しぶりだなあ！" (00001092:11:28); "寝言を言うな！" (11:68); "すまん、豊吉……" (11:71); colour なつみの父	00001092	
561	藤吉郎	お館様 (麻生田延永)	お館様 (3p)	尊敬語 in narration (下さる, おられる)	00001092		"お館様は思った通りの人だった。" (00001092:11:16); "着々と夢に向かって突き進んでおられるようだ" (11:135)	00001092	
562	新村儀之助	藤吉郎	藤殿; あなた; 旅のお方	丁寧	000010AA		"はっはっは！　旅のお方よ" (000010AA:11:21); "藤殿、ここは荒田という村です。" (11:41); "藤殿……。／私は、あなたがここへ来たことを――／とても警戒している" (11:134-136); colour ?	000010AA	
563	藤吉郎	新村儀之助	儀之助殿	丁寧 (clumsy formal: ありがたきことで, 申されたが)	000010AA		"あの、儀之助殿、ここはどういった村で……" (000010AA:11:37); "儀之助殿、折り入って相談があります" (11:110)	000010AA	
564	unnamed woman (儀之助's house)	藤吉郎	藤様	丁寧	000010AA		"藤様、お待たせしました。これを食べれば、たちどころに元気になれますよ" (000010AA:11:75); colour ?	000010AA	
565	内府	殿下	殿下	敬語	000010C3		"これはこれは殿下、ご機嫌うるわしゅう" (000010C3:11:31); "い、いえ、そのようなことは……" (11:55); "殿下、ご用命のものをお持ちしました" (11:209); colour 春花の母	000010C3	
566	殿下	内府	内府; そなた	archaic タメ口 (わし, じゃ; commanding)	000010C3		"内府よ" (000010C3:11:36); "ほう、わしに意見するか？" (11:54); "かの者たちを処分したら、そなたも休むがよい" (11:210-211); colour なつみの父	000010C3	
567	内府	ruffians (unnamed)	皆の者; お前たち	タメ口 (commanding)	000010C3		"今のうちに欲しいものを考えておけ。" (000010C3:11:84); "皆の者、ご苦労であった！" (11:194)	000010C3	
568	ruffians (unnamed)	内府	殿様; おえらい殿様	乱暴	000010C3		"おうおう、おえらい殿様よ！　ご褒美って何がもらえるんだ！？" (000010C3:11:80); colour ?	000010C3	
569	上半身男 (unnamed 荒田 warrior)	内府	お侍さん	乱暴 (dying warning)	000010C3		"お侍さんよお……／ドローガにゃ手ぇ出すんじゃねえぞ……／俺みたくなるぞ……" (000010C3:11:160-162); colour ?	000010C3	
570	新村栄一郎	新村幸太郎	兄貴	タメ口 (僕; admiring, diffident)	000010DD	兄貴 (3p, 00000E31)	teen: "兄貴……" (000010DD:11:69); "さすが僕の兄貴だよ" (11:73); "兄貴……僕にできることって……" (11:88); narration 兄貴 throughout; colour 春花の父	000010DD	
571	新村幸太郎	新村栄一郎	栄一郎; お前	タメ口 (brotherly, advising; 俺)	000010DD	栄一郎 (raving, 00000E49)	teen: "よう、どうした？　春なのに暗い顔して" (000010DD:11:68); "栄一郎は、栄一郎にしかできないことをやってくれ" (11:87); "お前、気づいてないのか？" (11:91); 3p to サクラ 栄一郎 (000010F5:8:8, 8:16)	000010DD	
572	新村栄一郎	サクラ	サクラ (bare); あいつ (3p to his mother)	タメ口 (eager, then manic: 俺 in thought)	000010DD		"サクラ、今日は見てもらいたいものがある。" (000010DD:11:154); "サクラ、これで僕はスーパーマンになれるんだ。" (11:219); "サクラ、ちょっとだけ外に出てて" (11:249); "あいつにはもう、合わせる顔がない……" (11:358)	000010DD	
573	サクラ	新村栄一郎	栄一郎 (bare)	タメ口 (soft, pleading)	000010DD		"ねえ、栄一郎……。／もし……" (000010DD:11:165-166); "私のために無茶はしないで。" (11:188); "止血！　止血しないと！　栄一郎！" (11:307); "栄一郎、今度は気を付けて木に登ろうね……" (11:322); narration 000010F5 栄一郎	000010DD	
574	新村栄一郎	新村エリカ (ばあちゃん)	母さん	タメ口 (僕)	000010DD	母さん (voice, 00000FCF)	"母さん、荒田にはほとんど桜がないでしょ？" (000010DD:11:350); "サクラには僕が出ていくことを黙っていてくれ。" (11:357); narration 母さん	000010DD	
575	新村エリカ (ばあちゃん)	新村栄一郎	none	タメ口 (older woman: かい, かね, だろうね)	000010DD		"そうかい、まあ、外の世界を見てくるのもいいだろうね" (000010DD:11:346); "町全体が桜の名所の元木町かい。／まあ、いいんじゃないかね" (11:353-354); colour エリカ	000010DD	
576	新村幸太郎	サクラ	サクラ; お前	タメ口 (blunt; the proposal)	000010F5	サクラ (bare, 00000A7C)	high school: "サクラは……／まだ栄一郎が好きなのか？" (000010F5:8:15-16); "俺たちさ……／結婚しようか" (8:69-70); "俺はお前を幸せにできる" (8:78); 790: "サクラ何やってる！　早く逃げろ！" (8:270); "サクラ、お前はそこまで知る必要ない。後は俺に任せろ" (8:343)	000010F5	
577	サクラ	新村茅萱	茅萱 (bare)	タメ口 (mother, gentle)	000010F5		"茅萱、ちょっと出かけてくるからもう少し夏菜をお願いね？" (000010F5:8:149); memory "よしよし茅萱、怖かったね。もう大丈夫よ" (0000110D:8:60); "今日は茅萱の好きな、エンマ鹿と獄卒イノシシのミックスカレーよ" (0000113D:8:99)	000010F5	
578	新村茅萱	サクラ	お母さん	タメ口 (child; every sober line opens ん……; frenzy without it)	000010F5	お母さん (3p ritual, 00000F24)	"ん……／お母さん、どうしたの？" (000010F5:8:89-90); frenzy "お母さん……／死ね……／死んで……！" (8:259-261), "待ってお母さん！　死んで！　死んでよおおおお！" (8:273); "ん……やったー！　お母さんのカレーが1番好き！" (0000113D:8:100); narration お母さん	000010F5	
579	新村エリカ (ばあちゃん)	サクラ	サクラ; お前	タメ口 (commanding: な-imperatives, 〜んだ)	000010F5	サクラ (3p, 00000A94)	"サクラ、入りな" (000010F5:8:281); "お前の役割は『いつも通りの新村家』を演じること" (8:303); "サクラ！　バカな考えはよすんだ！" (0000110D:24:16); "お前が死んで何になるんだ！" (24:29)	000010F5	
580	サクラ	新村エリカ (ばあちゃん)	お義母さん	丁寧 (and pleading)	000010F5		"お義母さん、これって……" (000010F5:8:284); "分かりました……" (8:304); "離してください、お義母さん！" (0000110D:24:15); "お義母さん離して！　一緒に落ちちゃう！" (24:28, plain)	000010F5	
581	新村幸太郎	新村エリカ (ばあちゃん)	母さん	タメ口 (flat, accusing)	0000110D	母さん (00000A7C)	"母さん、俺は見てたよ。／サクラを突き落しただろ？" (0000110D:24:69-70); "俺、誰にも言わないからさ" (24:79); "分かってるよ" (24:87)	0000110D	
582	新村エリカ (ばあちゃん)	新村茅萱	茅萱	タメ口 (gentle, grandmotherly: かい, な-imperative)	0000110D	茅萱 (commanding, 00000A18)	"どうだい茅萱、もう調子は大丈夫かい？" (0000110D:8:32); "大丈夫だよ、茅萱。何も心配しなくていい" (8:38); "ほら茅萱、お母さんの方に行きな" (8:58)	0000110D	
583	新村茅萱	新村夏菜	夏菜; self お姉ちゃん	タメ口 (soft, ん…… opener)	0000110D	夏菜 (0000095B)	"ん……夏菜、私たちもお散歩しようか" (0000110D:8:147); "ん……どうしたの？　夏菜、怖くないよ？／お姉ちゃんがいるから、怖くないよ？" (24:111-112); narration "夏菜、お姉ちゃんがついてるからね。" (24:118)	0000110D	
584	おばさん (新村美冬)	新村茅萱	茅萱ちゃん	タメ口 (790: stammering; 800: stretched ー cheer, then quiet and motherly なさいな)	00001124	茅萱ちゃん (00000B57)	790: "ななな、何でもないのよ！" (0000110D:8:133); 800: "あーら茅萱ちゃん！／おはようおはよう！" (00001124:8:11-12); "困ったことがあれば、何でも言いなさいな" (8:133); "辛かったね……ずっと……" (0000116C:8:106); "茅萱ちゃんは、隠し事をしていないって言えるの？" (0000113D:8:64-65)	00001124	
585	新村茅萱	おばさん (新村美冬)	叔母さん; 3p 美冬叔母さん; このババア (thought)	タメ口 (ん…… opener), plain in outbursts	00001124	叔母さん (00000B57)	"ん……叔母さん、どうしたの？" (00001124:8:15); "あ、あの叔母さん！　悩み相談していい！？" (8:125, no ん……); 3p "美冬叔母さんから？" (8:9); thought "このババアは何言ってるんだ……！" (0000119C:8:73); "お、叔母さん！　それは後にして話を始めましょうよ！" (8:77)	00001124	
586	unnamed Primavera waitress (Tokyo)	おばさん (新村美冬)	新村様	敬語 (service)	00001124		"いらっしゃいませ、新村様。／よく元木町本店をご愛顧いただいていると承っております。" (00001124:8:91-92); colour ?	00001124	
587	城崎	百合子	百合子 (bare)	タメ口 (placating, then angry)	00001154		overheard 9 years before 800: "百合子、落ち着くんだ。" (00001154:8:18); "よそ者を入れるつもりか！？" (8:27); colour ?, attributed by content	00001154	
588	百合子	城崎	あなた	タメ口 (angry)	00001154		"あなた何言ってるの！？" (00001154:8:20); "人殺しと一緒の集落にあなたは居たいの？" (8:28); colour ?	00001154	
589	城崎	新村幸太郎	幸太郎君 (3p)	n/a	00001154		"確かに幸太郎君は疑いがかかりやすい立場にある。" (00001154:8:18); "でも、幸太郎君がやった証拠はなかったじゃないか！" (8:23)	00001154	
590	百合子	サクラ + 新村エリカ	サクラちゃん (3p); 大魔女様 (3p)	n/a	00001154		"大魔女様は警察すら呼ばずに…新村家がサクラちゃんを殺した犯人をかばってるってことでしょ！？" (00001154:8:21-22)	00001154	
591	新村茅萱	ハナちゃん	ハナちゃん	タメ口 (ん…… opener)	00001154		"ん……もしもし、ハナちゃん？" (00001154:8:5); "ん……ごめんハナちゃん！　今日親戚が来るんだ……" (0000119C:8:8)	00001154	
592	ハナちゃん	新村茅萱	茅萱 (bare)	タメ口 (friendly)	0000119C		"茅萱、今年の新入生、なかなかノリがいいよ！" (0000119C:8:4); colour ?	0000119C	
593	unnamed 仲居 (銀座 料亭)	新村茅萱	新村様; 御令姪様 (to 美冬)	敬語 (service)	0000116C		"ああ、新村様ですね、お待ちしておりました。" (0000116C:8:53); "まあまあ、新村様の御令姪様で。" (8:75); colour ?	0000116C	
594	新村茅萱	unnamed 仲居 (銀座 料亭)	none	丁寧 (ん…… opener)	0000116C		"ん……新村です。／多分、急に予約が入ったと思うんですが……" (0000116C:8:51-52); "ん……はい、待ちます" (8:60)	0000116C	
595	the scale (茅萱's inner voice)	新村茅萱	君; self 僕	タメ口 (mocking)	00001184		"ねえ、どうして君は、僕を背負っているの？" (00001184:24:5); "それ、本当に君が殺したの？　夢だったんじゃないの？" (24:10); colour ?; V439	00001184	
596	五島	新村茅萱	茅萱さん, then チガ姉 (asks leave, 0000119C:8:93)	丁寧 (teasing, then probing)	0000119C	チガ姉 / 茅萱さん (other routes)	"お！　この方が新村先輩のいとこの茅萱さんですね！？" (0000119C:8:35); "じゃあ、私もチガ姉って呼んでいいですか？" (8:93); "じゃあチガ姉！　よろしくお願いします！" (8:97); name-form change (event)	0000119C	
597	新村茅萱	五島	五島さん (narration) -> 五島ちゃん (slip 8:78, then steady); おま (cut-off お前, 000011B4:8:18)	formal 丁寧 at the greeting ("新村茅萱と申します。" 8:40), then タメ口 (ん…… opener)	0000119C	五島ちゃん / 五島さん (other routes)	"ん……新村茅萱と申します。／この度はわざわざお越しくださいまして、ありがとうございます" (0000119C:8:40-41); "五島ちゃんだって、今日はどんな用事で来たか分かってるでしょ！？" (8:78); "あ！　ちょ、五島ちゃ、おま！" (000011B4:8:18); narration "五島さんには…礼を尽くした対応をしなくては" (0000119C:8:23-24); event	0000119C	
598	五島	おばさん (新村美冬)	おばさん (non-relative)	丁寧 (cheerful)	0000119C	新村先輩のお母さん / 新村美冬さん (00000EDF)	"おばさんからものすごい酒乱だって聞きましたよ？" (0000119C:8:286); "おばさん、ごちそうさまでした！" (000011B4:8:47); "おばさん！　せっかくなんで、チガ姉に東京観光に付き合ってもらいますね！" (8:53)	0000119C	
599	春花	新村茅萱	チガ姉	タメ口 (phone; worried, blunt)	000011CC		route of 000011CC (V467): "何だチガ姉か。誰かと思ったぞ……" (000011CC:8:25); "なあチガ姉、それ、本当の話なんだろうけどさ……" (8:41); "おい、どうしたんだ？" (8:73)	000011CC	
600	新村茅萱	春花	春花	タメ口 (phone; ん…… opener on most turns, dropped on some, V464)	000011CC		"ん……春花？　お久しぶり" (000011CC:8:24); "あら、五島ちゃんにやり方聞かなかったの？" (8:29, no ん……); "ん……春花ごめん、調べたいことがあるの。切るわね" (8:78)	000011CC	
601	春花	五島	五島; お前	タメ口 (fond, exasperated)	000011CC		"お前なあ……責任を全部お前が感じるなんてバカかよ" (000011CC:8:16); "五島、桜を操るとか幻影を見せつけるとか、どういう意味だ？" (000011E3:8:21); "五島、お前はどう思う？" (8:89)	000011CC	0000156A
602	五島	春花	先輩; 新村先輩	丁寧	000011CC		"やっぱり全然連絡がつかないです。" (000011CC:8:6); "先輩、離れないで下さい……" (00001214:8:49); "新村先輩、この集落に地下空間はありませんか？" (0000122E:11:46)	000011CC	
603	なつみ	春花 + 五島	春花, 五島	タメ口 (soft, then dazed)	000011CC		"春花、五島……。／私1人で荒田に行くから" (000011CC:8:143-144); dazed "春花……このままだと、なくなっちゃうよ？" (8:211); "春花……ここでは私、何の力もないの。" (000011FA:8:33)	000011CC	
604	春花	なつみ	なつみ; お前 (spike)	タメ口 (protective; one harsh spike)	000011E3	なつみ (bare)	"なつみ、心配するな。私がついてるからな" (000011E3:8:186); "お前は黙ってろ！" (8:173), cutting her off as she offers to go home; "なつみ、しっかりしろ！" (000011CC:8:209)	000011E3	
605	おばさん (新村美冬)	春花	春花	タメ口 (commanding, afraid for her; then proud)	000011E3		"私は元木町よりも、春花の方が大事よ！" (000011E3:8:162); "さすが！　私と栄一郎さんの娘ね！" (8:217); "春花は急いで新村家に戻って！" (0000127A:8:4); "いやなら、新村家に戻りなさい" (0000127A:8:33); "春花にももうちょっと、なつみちゃんみたいなお淑やかさが欲しかったわ" (0000125E:8:68)	000011E3	
606	春花	おばさん (新村美冬)	お母さん	タメ口 (rough, defiant; then pleading)	000011E3		"何言ってんだよ！　元木町も荒田集落もチガ姉も見捨てる気かよ！" (000011E3:8:163); "お母さん！　荒田まで頼むぜ！" (8:215); "お母さん！　お母さんどこだよ！　返事しろよ！" (0000127A:8:82)	000011E3	
607	お母さん (茜)	おばさん (新村美冬)	あんた (quoted by 美冬)	タメ口	000011E3		『あんたはそろそろ子離れして、旅をさせる時期なんじゃないか』 (000011E3:8:205, drawn in 茜's colour inside 美冬's turn); the call itself unheard (8:175-183)	000011E3	
608	おばさん (新村美冬)	お母さん (茜)	茜 (phone); 3p 茜, 良治さん	タメ口	000011E3		"茜から……？　もしもし？" (000011E3:8:175-176); "茜も良治さんも相当迷っていたみたい。" (8:202)	000011E3	
609	五島	おばさん (新村美冬)	おばさん	丁寧	000011E3	おばさん (0000119C)	"おばさん、元木町の神木の品種って知ってますか？" (000011E3:8:92)	000011E3	
610	新村エリカ (ばあちゃん)	おばさん (新村美冬) + 春花	美冬さん; 春花	タメ口 (older woman, grave)	0000125E		"美冬さん……春花……。／気を付けていくんだよ" (0000125E:8:9-10)	0000125E	
611	おばさん (新村美冬)	新村エリカ (ばあちゃん)	お義母さん	丁寧	0000125E		"お義母さん、すみませんけど、ちょっと春花と出かけてきますね" (0000125E:8:8); 3p お義母さん (000011E3:8:34; 0000130D:8:63)	0000125E	
612	サクラ (voice on the recording)	新村茅萱	茅萱	タメ口 (gentle)	00001214		colour サクラ: "茅萱……／ごめんね……／お母さん、やっと帰ってこられたの" (00001214:8:238-240); 8:227 "茅萱……" colour ? (V461)	00001214	
613	新村茅萱	サクラ (voice on the recording)	お母さん	タメ口 (stunned, tearful)	00001214		"おかあ……さん……？" (00001214:8:233); "お母さん……！　どうして……？" (8:237); "お母さん……／お母さん！" (8:241-242)	00001214	
614	サクラ (voice on the recording)	新村栄一郎 (voice)	栄一郎	タメ口	00001214		"さあ、栄一郎、運びましょう" (00001214:8:247, colour サクラ)	00001214	
615	新村栄一郎 (voice on the recording)	サクラ (voice)	サクラ	タメ口	00001214		"よし、サクラはそっちを持って" (00001214:8:248, colour 春花の父)	00001214	
616	春花	新村栄一郎	お父さん (3p)	n/a	00001214		"サクラさんと……お父さんが……／チガ姉を……？" (00001214:8:252-253); 3p お父さん throughout	00001214	
617	新村夏菜	五島	五島ちゃん -> エリ姉 (asks leave, 00001247:8:46-52)	タメ口 (subdued, then fond)	0000122E	エリ姉 / 五島ちゃん (other routes)	"えっと、この人が五島ちゃん？" (0000122E:11:67); "ねえ五島ちゃん、エリ姉って呼んでいい？" (00001247:8:46); "あは！　ありがとう、エリ姉！" (8:52); "でも……エリ姉、怒ってた……" (000012C5:8:73); nickname change (event, as in 00000AF7)	0000122E	
618	五島	新村夏菜	夏菜ちゃん	タメ口 (gentle; once commanding; っす once)	0000122E		"えっと、よろしく、夏菜ちゃん……" (0000122E:11:71); "か、夏菜ちゃん！　しゃべったの！？" (000012C5:8:22); "お、おお……そうっすね……" (8:152); "夏菜ちゃん！　新村先輩が行った洞窟ってどこ！？　案内して！" (000012DE:8:24)	0000122E	
619	新村夏菜	春花	春花ちゃん	タメ口 (cheerful)	0000122E		"春花ちゃん、久しぶり！" (0000122E:11:65); "初めまして！　春花ちゃんのいとこの新村夏菜です！" to 五島 (11:68)	0000122E	
620	春花	新村夏菜	夏菜	タメ口	0000122E		"夏菜……！" (0000122E:11:66); "夏菜はやっぱり五島と一緒にいてやってくれ。" (11:107)	0000122E	
621	新村夏菜	新村茅萱	お姉ちゃん	タメ口	00001247		"お姉ちゃん……" (00001247:8:4); "お姉ちゃん、ご飯、ここに置いておくね" (0000130D:8:0); "お姉ちゃん、それおにぎりじゃなくて、おはぎ……" (8:18)	00001247	
622	新村茅萱	新村夏菜	夏菜	タメ口 (brisk; ん…… opener)	0000130D		"ん……ありがとう" (0000130D:8:1); "ん……夕ご飯の時間になったら、また持ってきてくれる？" (8:27)	0000130D	
623	新村茅萱	春花	春花	タメ口 (commanding, bloody, dazed)	0000127A		"ん……いい、春花。このまま山道を進めば廃屋につく。／叔母さんはそこにいるから、寄り道しないですぐに行くこと" (0000127A:8:148-149); "ん……春花、分かった？" (8:153); 3p 叔母さん	0000127A	
624	春花	新村茅萱	チガ姉	タメ口 (relieved, then alarmed)	0000127A		"チ……チガ姉……。／無事……だったんだな" (0000127A:8:129-130); "チガ姉、今までどこに行ってたんだよ！" (8:133)	0000127A	
625	なつみ	新村エリカ (ばあちゃん)	おばあさん	丁寧 (first meeting)	00001295	エリカちゃん (other routes)	route of 000011CC (V467): "ごめんなさい、大丈夫ですから……" (00001295:8:91); "おばあさん……ごめんなさい……" (8:124); "おばあさんは……もともと、この集落の人ではないんですか？" (8:138); V197	00001295	
626	新村エリカ (ばあちゃん)	なつみ	なつみちゃん	タメ口 (gentle, grandmotherly: かい, さ, だよ)	00001295		"なつみちゃん……よく来てくれたね。" (00001295:8:95); "ちゃんと、無事に家に帰してあげるからね" (8:128); "怖くて当たり前だよ。" (8:148); "何なら、私のことエリカちゃんって呼んだっていいんだよ？" (000012AD:12:17)	00001295	
627	なつみ	新村エリカ (ばあちゃん)	エリカちゃん	タメ口 at her offer (was 丁寧)	000012AD	おばあさん; 丁寧 (00001295)	"おばあさん、こっちはどうしたらいい？" (000012AD:12:0, already plain); "ごめんなさい、なんか自然と敬語使うの忘れちゃてて" (12:15); "ううん、エリカちゃんと料理できてすごく楽しかったよ！" (12:23); name-form and speech-level change (event, as in 00000A30 and 00000D59)	000012AD	
628	新村幸太郎	なつみ	none (self-introduction)	丁寧-leaning タメ口 (host)	000012AD		"やあ、いらっしゃい、春花ちゃんの伯父の新村幸太郎です。／わざわざ来てくれてありがとうね" (000012AD:12:30-31)	000012AD	
629	なつみ	新村幸太郎	none	丁寧	000012AD		"初めまして、古郡なつみです" (000012AD:12:29)	000012AD	
630	新村夏菜	なつみ	なつみちゃん	タメ口	000012AD		"あ、初めまして！　あなたがなつみちゃん！？" (000012AD:12:54); "なつみちゃん！　今はエリ姉の言うとおりにした方がいいよ？" (000012DE:8:44)	000012AD	
631	なつみ	新村夏菜	君; 夏菜ちゃん	タメ口 (friendly)	000012AD		"えっと、君が夏菜ちゃんかな？" (000012AD:12:55); "夏菜ちゃん、元気いいなあ！" (12:57)	000012AD	
632	五島	なつみ	古郡先輩; 先輩	丁寧 (commanding, urgent)	000012C5		"古郡先輩は家の中にいてください！　もう目も閉じて、耳もふさいでください！" (000012C5:8:31); "絶っっっ対にこの部屋から出ないでください！" (8:40); "はい！　新村先輩たちを捜索しに行きます！" (000012DE:8:39)	000012C5	
633	なつみ	五島	五島	タメ口 (bewildered)	000012C5		"あの、五島……どうしたの！？" (000012C5:8:30); "五島……これも私のせい……？" (8:237); "五島、私にも手伝わせてくれるの！？" (000012DE:8:38)	000012C5	
634	unnamed masked villagers	新村夏菜 + 五島 + なつみ	夏菜; お客人	plain, archaic command (～のだ, ならない)	000012DE		"夏菜、お客人、すぐに引き返すのだ。ここから先へ行ってはならない" (000012DE:8:78, colour ?)	000012DE	
635	新村茅萱	unnamed masked villagers	みんな	タメ口 (ん…… opener, shouted)	000012DE		"ん……みんな、待って！" (000012DE:8:91)	000012DE	
636	なつみ	新村茅萱	none ("誰？", a stranger)	タメ口	000012DE		"…………／誰？" (000012DE:8:95-96); she has never met her in this route (00001295:8:80 "そんな人、会ったこともない")	000012DE	
637	新村茅萱	おばさん (新村美冬)	叔母さん	タメ口 (phone; ん…… opener)	0000130D		"ん……叔母さん、茅萱です" (0000130D:8:55); "叔母さんは『ヴェルジのミイラ』って聞いたことないかしら？" (8:59)	0000130D	
638	おばさん (新村美冬)	新村茅萱	茅萱ちゃん	タメ口 (phone; hedging)	0000130D		"お疲れ様、茅萱ちゃん。調子はどう？" (0000130D:8:56); "んん……どうだったかしら、すぐには思い出せないわ……" (8:61)	0000130D	
639	新村茅萱	新村夏菜	夏菜; self お姉ちゃん; 妹よ (narration 8:251)	タメ口 (bossy big sister playing mother: なさい, "ほら、怒らないからお姉ちゃんに言ってごらんなさい？"; the ん…… opener dropped through the teasing)	00001325	夏菜 (brisk, ん…… opener, 0000130D)	"ん……夏菜、よく聞きなさい。／私たちのお母さんはもう10年前に亡くなったの。…こういうことを監督するのは、母親の義務なのよ？" (00001325:8:133-136); "ねえ夏菜、また読めない字が出てきたら面倒だから、夏菜が読みなさい。" (8:153, no ん……); "は？" (8:151); "んあ？" (8:165); tender "ん……夏菜、私には夏菜の気持ち、よく分かるわよ。" (8:253); "ん……夏菜、私の肩に乗って" (0000133D:8:48); "夏菜！　2人をお願い！" (000013CD:8:270)	00001325	
640	新村夏菜	新村茅萱	お姉ちゃん	タメ口 (lively; teasing back; tearful)	00001325		"お姉ちゃん、どう？　見つかりそう？" (00001325:8:7); "お姉ちゃんの名前だって、読みにくいじゃん……" (8:150); "お姉ちゃんのバカ！　頭の中でくらい好きにしたっていいじゃない！" (8:249); "お姉ちゃん、お風呂入ったら？" (0000133D:8:8); searchers' call "お姉ちゃーん！　出てきてー！" (0000139D:8:2)	00001325	
641	新村夏菜	新村幸太郎	パパ (3p); お父さん (3p, twice)	n/a	00001325	パパ	"パパとおばあちゃん、バギーでどこかに出かけたみたい。" (00001325:8:9); "そっか！　それが見つかったら、お父さんは無罪放免だね！" (8:54); "さっさと探そうよ、お父さんたち帰って来ちゃうから" (8:85); "もし本当にパパが悪いことしてるんだったら、やめさせないとね" (8:69)	00001325	
642	新村夏菜	おばさん (新村美冬)	叔母さん (3p)	n/a	00001325		"お正月にお姉ちゃんと喧嘩した時ね、叔母さんに言われたの。" (00001325:8:66)	00001325	
643	サクラ (dead)	新村茅萱	茅萱	タメ口 (gentle, then commanding and threatening; a false tender plea as a test)	0000136D	茅萱 (mother, gentle, 000010F5; voice on the recording, 00001214)	"茅萱……ごめんね……／お母さん、やっと帰ってこれたの" (0000136D:8:110-111); "ダメよ、茅萱、大人しくして" (8:204); "茅萱、私と栄一郎がどうなって死んだか、知ってるでしょ？" (8:253); "悪い娘には、お仕置きが必要ね。" (00001385:8:7, dream); "茅萱、今逃げられるのはあなただけなの。" (000013B5:8:86); "じゃあ茅萱、今ここで……／死ななくてはならないわ" (8:158-159); "おめでとう茅萱、合格よ。" (8:187); colour サクラ	0000136D	
644	新村茅萱	サクラ (dead)	お母さん	タメ口 (stunned, then furious; later feigned surrender; ん…… opener kept on most turns, dropped in outbursts)	0000136D	お母さん (child, 000010F5; on the recording, 00001214)	"ん……お母さん……！　どうして……？" (0000136D:8:109); "ん……お母さん！　叔父さん！　ほんとはこんなことしたくないんでしょ！？" (8:283); "お母さんの声を出すな！　お母さんのマネをするな！" (8:300); feigned: "ん……最後くらいはお母さんと仲良く過ごしたいって。" (000013B5:8:133-134)	0000136D	
645	新村栄一郎 (dead)	新村茅萱	茅萱ちゃん; 君; 姪っ子 (3p); self 僕	タメ口 (mocking, cheerful, then suspicious and smug)	0000136D		"茅萱ちゃん、僕らは死人だよ？　女神様の力で動いているだけ。" (0000136D:8:248); "姪っ子だから少しは優しくしてあげたんだけどなあ……。" (00001385:8:5, dream); "はっはっはっは！　すごいな茅萱ちゃんは！" (000013B5:8:184); "さて、茅萱ちゃん……ちょっと僕と話をしようか" (000013CD:8:323); "君が本当に騙されたのか…" (8:340); colour 春花の父	0000136D	
646	新村茅萱	新村栄一郎 (dead)	叔父さん	タメ口 (pleading, then feigned loyalty)	0000136D	叔父さん / 栄一郎叔父さん (3p, 00001184)	"ん……お母さん！　叔父さん！" (0000136D:8:283); "ん……叔父さんは……？" (000013B5:8:61); "そ、そんな、叔父さんたちを騙すわけない……！" (000013CD:8:319, no ん……); narration 叔父さん (0000136D:8:251)	0000136D	
647	新村栄一郎 (dead)	おばさん (新村美冬) + 春花	美冬ちゃん; 春花 (3p)	n/a	000013CD	美冬ちゃん (00000F24)	"茅萱ちゃんが、どうも美冬ちゃんや春花にわざと血をつけたんじゃないかって疑いがあってね。" (000013CD:8:316); "美冬ちゃんや春花についた血も、もうただの赤黒いシミだ。" (8:351)	000013CD	
648	新村茅萱	おばさん (新村美冬)	叔母さん	タメ口 (feigned hostility, commands; ん…… opener)	000013CD	叔母さん (phone, 0000130D)	"ん……叔母さん、よく聞いて。／私たちは死月妖花に逆らうことはできないの。／豊岳方面にある廃屋に向かって" (000013CD:8:51-53); "ほら、ぼやぼやしないで。時間がないの。" (8:56); "叔母さん！　言うこと聞いて！" (8:113, no ん……); "ん……ダメ、私が春花と話す" (8:140)	000013CD	
649	おばさん (新村美冬)	新村茅萱	茅萱ちゃん	タメ口 (hostile, threatening, protective of 春花)	000013CD	茅萱ちゃん (phone, hedging, 0000130D)	"茅萱ちゃん……！　無事だったのね！？" (000013CD:8:41); "茅萱ちゃん……／もし、春花に手を出そうものなら……／誰だって容赦しないわ……！" (8:61-63); "それとも、その姿は既に死体なのかしら？" (8:70); "…………／春花を連れてくるわ" (8:138-139); colour 春花の母	000013CD	
650	新村茅萱	the dead masked villagers	みんな; あなたたち	タメ口 (threatening, then a feigned ally)	000013CD		"ん……邪魔しないで、私は本気なの。／あの子たちに手を出すなら……／殺す！" (000013CD:8:275-277); "ん……そう、あなたたち、死体なのね" (8:299); "ん……どうしたの？　私は味方" (8:306)	000013CD	
651	the dead masked villagers	新村茅萱	茅萱ちゃん	タメ口 (frightened)	000013CD		"ち、茅萱ちゃん、やめろ……！" (000013CD:8:285); "や、やめろ！" / "来るな！" (8:291-292); colour ?	000013CD	
652	城崎	五島	君	タメ口 (kind, cautious)	000013FD		"えっと君、もしかして元木町から来たっていう……" (000013FD:8:64); "ああごめん、驚かせちゃったかな……俺は城崎って言うんだ。" (8:67); "あまり1人で出歩いちゃダメだよ？" (8:72); colour ?, self-named	000013FD	
653	五島	城崎	none	丁寧 (wary, minimal)	000013FD	城崎さん (丁寧, 00000F9F route)	"…………／五島……絵梨奈です……" (000013FD:8:69-70); narration 城崎さん	000013FD	
654	城崎	新村エリカ (ばあちゃん)	大魔女様	丁寧-lite (brief)	000013FD	大魔女様 (report, 00000B27)	"大魔女様、この子" (000013FD:8:121, colour ?, attributed by context)	000013FD	
655	新村エリカ (ばあちゃん)	城崎	城崎 (bare)	タメ口 (warm)	000013FD	城崎 (3p, 00000D59)	"ああ、城崎、ありがとうね。" (000013FD:8:126)	000013FD	
656	新村エリカ (ばあちゃん)	五島	お嬢ちゃん, then 絵梨奈ちゃん	タメ口 (gentle, older woman: かい, さ, だよ)	000013FD	絵梨奈ちゃん (00000A30 route)	"えっと、お嬢ちゃん1人かい？" (000013FD:8:127); "えっと、絵梨奈ちゃん、だったかな？" (8:137); "絵梨奈ちゃん、聞きたいことがあるんだろ？" (8:159); "絵梨奈ちゃんだって、そう呼んでいいんだよ？" (8:297); colour エリカ	000013FD	
657	五島	新村エリカ (ばあちゃん)	おばあさん (address); 大魔女様 (once, 8:293)	丁寧 (wary, then trusting); declines エリカちゃん	000013FD	エリカちゃん (00000A30 route); none / おばあさん (00000EDF)	"おばあさんは……／死体が動く話は知っていますか？" (000013FD:8:164-165); "なんか、大魔女様自ら動いてくれるってのが意外で……" (8:293); "でも……それは馴れ馴れしすぎじゃ……。" (8:298); narration: "家族以外から下の名前で呼ばれたのは何年振りだろうか。" (8:139)	000013FD	
658	五島	新村エリカ (ばあちゃん)	エリカちゃん (at the parting); おばあさん before	丁寧 (worried)	00001414	おばあさん + 丁寧 (000013FD, declined エリカちゃん)	"「あの……おばあさん……」…「気を付けてください、エリカちゃん……」" (00001414:8:232-234); 茅萱: "ん……エリカちゃん……？" (8:235); narration エリカちゃん from 8:237; name-form change (event)	00001414	
659	新村エリカ (ばあちゃん)	五島	絵梨奈ちゃん	タメ口 (warm, protective)	00001414		"絵梨奈ちゃん、悪いけど、上から下を照らしてくれるかい？" (00001414:8:102); "こんな危険なことは絵梨奈ちゃんにさせるわけにはいかないからね" (8:230); "大丈夫だよ絵梨奈ちゃん、これでも、そこら辺の男には負けやしないさ！" (8:236)	00001414	
660	新村茅萱	新村エリカ (ばあちゃん)	おばあちゃん	タメ口 (ん…… opener)	00001414	おばあちゃん (00000A30)	"ん……分かったわ、おばあちゃん。私、行くわ。" (00001414:8:221); "ん……おばあちゃん、お願い、廃屋から夏菜を連れてきて。" (8:224)	00001414	
661	新村エリカ (ばあちゃん)	新村茅萱	茅萱; お前	タメ口 (commanding)	00001414	茅萱 (gentle, 0000110D)	"待ちな、茅萱！　お前には別のことをしてもらわないといけないんだ！" (00001414:8:173)	00001414	
662	新村茅萱	五島	五島ちゃん; 天才少女; この子 (3p); あんた (000014D7:8:68)	タメ口 (cold, threatening; the ん…… opener dropped except 0000142B:8:79)	0000142B	五島ちゃん (fond, ん…… opener, 00001414)	an act to get the mummy (000014D7:8:361-362): "邪魔しないで！" (0000142B:8:59); "邪魔するなら……／死ぬ？" (8:66-67); "情けないわね、天才少女が……" (8:133); "この子、何の使い道もないでしょ？" (8:203); "黙んなさい、天才少女。あんたが口を開くと迷惑なの" (000014D7:8:68); back to "ん……ごめんね、五島ちゃん。" (000014D7:8:361)	0000142B	
663	五島	新村茅萱	チガ姉	丁寧 (worried, then frightened)	0000142B		"チガ姉、疲れてませんか？" (0000142B:8:11); "ダメです！　戻りましょう！" (8:75); "チガ姉はまさか、もう死んでて……" (8:84); "チガ姉、もしかして……！" (000014D7:8:345)	0000142B	
664	新村栄一郎 (dead)	五島	五島ちゃん; 君; 天才少女 (さん)	タメ口 (mild, coaxing; mocking later)	0000142B		"えっと、みんなには五島ちゃんって呼ばれているのかな？" (0000142B:8:110); "五島ちゃん、あんまり悩んでも仕方ないよ？　君ならそれくらい分かるでしょ？" (8:123); "だったら、そこの天才少女さんに聞いてみたらどうかな？" (000014D7:8:118); "まったく天才少女だって言うのに想像力が乏しいねえ。" (000014D7:8:272)	0000142B	
665	五島	新村栄一郎 (dead)	あなた; 幸太郎さん (mistaken, 0000142B:8:148)	丁寧 (frightened; then lecturing)	0000142B		"あの……あなた、幸太郎さん、ですよね……" (0000142B:8:148); "で、でも……だからって、あなたが新村栄一郎だっていう証明には……。" (8:174); "自殺に見せかけて、老人たちを殺していたわけですか" (000014D7:8:191); narration 新村栄一郎 (bare full name)	0000142B	
666	新村茅萱	新村栄一郎 (dead)	叔父さん	タメ口 (cold, impatient; the act)	0000142B	叔父さん (pleading / feigned loyalty, 0000136D-000013CD)	"叔父さん、腕をナイフで刺してみたら？" (0000142B:8:152); "叔父さんってば、ほんとに死んでもお人好しなのね" (8:200); "叔父さん、どうする？" (000014D7:8:105); "叔父さん、甘いわよ、ミイラを貸して" (000014D7:8:323)	0000142B	
667	新村栄一郎 (dead)	新村茅萱	茅萱ちゃん; 君	タメ口 (mild, placating)	0000142B	茅萱ちゃん (mocking, 0000136D)	"まあまあ茅萱ちゃん、そんなに怖がらせなくてもいいじゃないか。" (0000142B:8:109); "あはは、ごめんよ茅萱ちゃん。あの時は、君を誘導する必要があったから" (8:180)	0000142B	
668	おばさん (新村美冬)	春花	春花	タメ口 (calm, then commanding, harsh on purpose)	00001442	春花 (commanding, 000011E3)	"春花、来たのね。茅萱ちゃんには会ったの？" (00001442:11:22); "春花は足手まといよ" (11:83); "いいから、早く行きなさい！　今しかないの！" (11:92); "任せなさい、ちゃんと元気な姿で会わせてあげるから" (11:106)	00001442	
669	春花	おばさん (新村美冬)	お母さん	タメ口 (rough, then pleading)	00001442		"お母さん！　チガ姉には会ったのか！？" (00001442:11:30); "そんなこと……言わないでくれよ……" (11:87); "お母さん……／なつみと五島のこと……／頼むぞ……" (11:103-105)	00001442	
670	サクラ (dead)	春花	春花	タメ口 (soft, gentle; later mocking)	00001442	春花 (gentle, 00000A7C)	"久しぶりね、春花" (00001442:11:176); "春花、横、いいかしら？" (11:183); "ふふ、敬語なんて使わなくていいのに。" (11:197); 000014D7: "春花は相変わらず単純で、大して大変じゃなかったわね" (8:219-220); 3p 五島 五島さん (00001442:11:219)	00001442	
671	春花	サクラ (dead)	サクラさん	丁寧 in shock ("はい……", "人なの……ですか？"), then タメ口	00001442	サクラさん, タメ口 (00000F24)	"サクラ……さん……？" (00001442:11:181); "人なの……ですか？" (11:209); after 11:197 "何だよ……呪殺事件って、結局死月妖花が殺しただけなのか……？" (11:251); "なあサクラさん！　内緒にはできないのか！？" (11:292); 000014D7: "だましたのか……！？" (8:224); speech-level change (event)	00001442	
672	新村エリカ (ばあちゃん)	春花	春花	タメ口 (grave, commanding)	00001459		"春花か！？" (00001459:8:99); "春花、事態は分かっている。" (8:105); "ほら、急ぐよ。ぼやぼやしていられない" (8:255)	00001459	
673	春花	新村エリカ (ばあちゃん)	ばあちゃん	タメ口	00001459	ばあちゃん; このコスプレババア (0000095B)	"やっぱりばあちゃん！" (00001459:8:100); "なあ、ばあちゃんはサクラさんを突き落としたわけじゃないよな？" (8:156); "ばあちゃん、なつみの直感が戻ったんだ！" (000014BC:8:266)	00001459	
674	おばさん (新村美冬)	新村エリカ (ばあちゃん)	お義母さん, corrected to 大魔女様	敬語 (参りました, ご存知, 犯しました)	00001459	お義母さん (丁寧, 0000125E)	790, in the grandmother's account: "お義母さん……／いえ、大魔女様、今日は裁きを受けるために参りました" (00001459:8:203-204); "大魔女様は、ドローガをご存知ですよね？" (8:210)	00001459	
675	新村エリカ (ばあちゃん)	おばさん (新村美冬)	美冬さん	丁寧, then plain relief	00001459	美冬さん (00000989)	790 account, REPLAY of 00000A94:11:129-135: "美冬さん……自分がしたこと、分かりますよね？" (00001459:8:225); "まあ……いいんじゃないかね！" (8:230); plain questions "殺したのかい？" (8:216)	00001459	
676	古郡良治	なつみ	なつみ	タメ口 (terse, coded)	00001477		message "なつみ、今はただ、みんなに従いなさい。" (00001477:8:45); phone "調子はどうだ？" (8:94); "なつみ、こういうことなんだ" (8:100); "ちょっと待て、茜に替わる" (8:104); memory "茜、なつみだっていつまでも子供じゃないんだ" (000014BC:8:17)	00001477	
677	お母さん (茜)	なつみ	なつみ	タメ口 (coded hints; なさい)	00001477		"なつみ、私たちには声が聞こえているわ。どこにいても、声が聞こえている" (00001477:8:109); "なつみ！　そこまで！　もう、切るわね" (8:123); "なつみ、大丈夫、みんなを信じなさい" (8:125); memory "なつみ……" (000014BC:8:14)	00001477	
678	なつみ	お母さん (茜)	お母さん	タメ口	00001477		"お母さん……今、2人で家にいるの？" (00001477:8:106); "お母さん、もしかして、ヒントをくれているの！？" (8:122)	00001477	
679	新村夏菜	なつみ	なつみちゃん	タメ口 (confiding, contrite)	0000148E	なつみちゃん (000012AD)	"あの、なつみちゃん？" (0000148E:8:10); "なつみちゃん……／お姉ちゃんは、もうダメかもしれない" (8:188-189); "ごめんなさい！　私、昨日からお姉ちゃんが怖かったの！" (8:258); "なつみちゃん、ちょっと、寄り道していい？" (000014A5:8:5)	0000148E	
680	なつみ	新村夏菜	夏菜ちゃん	タメ口 (gentle, steadying)	0000148E	夏菜ちゃん (000012AD)	"待って夏菜ちゃん、五島はこのままだとダメだと思ったんだよ。" (0000148E:8:180); "夏菜ちゃん、私たちがすべきは、みんなの心をつなぎとめること。" (8:282)	0000148E	
681	なつみ	おばさん (新村美冬)	おばさん	タメ口 (direct, probing)	000014A5	おばさん (3p, 00000E95)	"おばさん、血が……！" (000014A5:8:57); "あの、おばさん、もしかして、私に見聞きさせないために、嘘ついてない？" (8:85); "おばさん！　能面と赤装束ある！？" (000014BC:8:180)	000014A5	
682	おばさん (新村美冬)	なつみ	なつみちゃん	タメ口 (guarded, then confiding)	000014A5	なつみちゃん (000008E8)	"なつみちゃん、ごめんね……" (000014A5:8:72); "分かってちょうだい、春花のためなの" (8:95); "ねえ、なつみちゃん……" (000014BC:8:40); "ごめんなつみちゃん、変なこと言って。忘れてちょうだい" (000014BC:8:78)	000014A5	
683	新村夏菜	おばさん (新村美冬)	叔母さん	タメ口 (eager, directing)	000014A5	叔母さん (3p, 00001325)	"叔母さん、だったら私が探しに行くよ！" (000014A5:8:79); "じゃあ、叔母さんが先頭に行って。" (8:140)	000014A5	
684	なつみ	新村エリカ (ばあちゃん)	エリカちゃん	タメ口 (urgent, commanding: ちょうだい)	000014BC	エリカちゃん (000012AD)	"エリカちゃんは集落に戻って、応援を頼んで" (000014BC:8:263); "急いで、能面と赤装束も人数分持ってきてちょうだい！" (8:265)	000014BC	
685	新村栄一郎 (dead)	なつみ	なつみちゃん; 君; 第二世代の生者	タメ口 (friendly surface, mocking)	000014BC	なつみちゃん (gentle, 00000E31 dream)	telepathy "久しぶりだねなつみちゃん、僕だ、春花の父、新村栄一郎だ" (000014BC:8:241); "僕は君が飛ばした風船を取ろうとして死んだんだよ？　言うことないの？" (000014D7:8:49); "第二世代の生者、こっちにおいで。" (000014D7:8:279)	000014BC	
686	なつみ	新村栄一郎 (dead)	none; 3p おじさん / 新村栄一郎	タメ口 (accusing)	000014D7	おじさん (00000E31 dream)	"一体……五島に一体何をしたの！？" (000014D7:8:42); narration alternates 新村栄一郎 (8:43) and おじさん (8:75)	000014D7	
687	おばさん (新村美冬)	新村栄一郎 (dead)	あんた; 偽物	タメ口 (furious)	000014D7	栄一郎さん (dazed, 00000F24)	"あんた誰よ！　栄一郎さんは絶対にそんなこと言わない！…黙りなさい！　偽物！" (000014D7:8:58-60); 3p 栄一郎さん (8:36; 000014BC:8:58); event	000014D7	
688	新村栄一郎 (dead)	おばさん (新村美冬)	美冬ちゃん; 君	タメ口 (mocking, cruel)	000014D7	美冬ちゃん (00000F24)	"美冬ちゃんなら、分かってくれるよね？　僕が死んで1番苦労したの、君だよ？" (000014D7:8:54); "君だって、昔はあんなにきれいだったのに、歳をとるって悲しいよなあ" (8:62); "美冬ちゃんがわざわざ、母さんにドローガの件を白状しなければ" (8:199)	000014D7	
689	春花	新村栄一郎 (dead)	この偽物; あいつ (3p)	乱暴	000014D7	お父さん (00000F24)	"なつみ、こんなつまらない話、聞く必要ない" (000014D7:8:52); "あったりまえだろ、この偽物！" (8:116); "五島、やっぱりあいつは……" (8:121); event	000014D7	
690	新村栄一郎 (dead)	春花	春花	タメ口 (mocking, wheedling)	000014D7	春花 (00000F24)	"おいおい、春花まで冷たいなあ。" (000014D7:8:53); "春花、お父さんに久しぶりに会ったのに、何の感動もないのかな？" (8:114)	000014D7	
691	新村栄一郎 (dead)	新村夏菜	夏菜ちゃん; self 栄一郎叔父さん	タメ口 (mocking)	000014D7		"初めまして夏菜ちゃん、栄一郎叔父さんだよー！　そんなおもちゃで遊ぶなんて、悪い子だなあ" (000014D7:8:82-83)	000014D7	
692	新村夏菜	新村栄一郎 (dead)	none	乱暴 (fighting)	000014D7		"は、離せ！／離せ！" (000014D7:8:76-77); "パパになにしたの！？" (8:207)	000014D7	
693	サクラ (dead)	新村夏菜	self ママ; 私の娘 (3p)	タメ口 (fond, mocking)	000014D7	夏菜 (00000E7B)	"はい、ママですよ。／ふっふふふ、頼もしいわね、私の娘は" (000014D7:8:214-215), answering "ママを返せ！" (8:213)	000014D7	
694	新村夏菜	サクラ (dead)	ママ	タメ口	000014D7	ママ (3p, 000014A5)	"ママを返せ！" (000014D7:8:213); 000014A5 at the river "ママ、今日はたくさんお客さんが来てくれたよ！" (000014A5:8:44)	000014D7	
695	サクラ (dead)	なつみ	なつみちゃん; あなた	タメ口 (coaxing, then ultimatum)	000014D7		"なつみちゃん、こちらへいらっしゃい。／あなたがこちらに来れば、もう終わりなの" (000014D7:8:235-236); "なつみちゃん、すべてはあなたの決断次第。" (8:297)	000014D7	
696	サクラ (dead)	新村栄一郎 (dead)	栄一郎	タメ口 (brisk, teasing)	000014D7	栄一郎 (00001214 recording)	"さあ栄一郎、もう前置きはいいわ。" (000014D7:8:230); "栄一郎、持って来たわよね？" (8:306)	000014D7	
697	サクラ (dead) + 新村栄一郎 (dead)	the 女神 (糸姫)	女神様	丁寧 (pleading)	000014D7		"しかし女神様……！" (000014D7:8:385, サクラ); "め、女神様……！　ダメです……！" (8:389, サクラ); "怒りをお鎮め下さい……！" (8:390, 栄一郎); 3p among themselves 女神様 with 尊敬語 ("女神様はとても悩まれたそうだよ" 8:172)	000014D7	
698	the 女神 (糸姫)	新村栄一郎 (dead) + サクラ (dead)	栄一郎, サクラ (bare); あなたたち	丁寧 with a なさい command	000014D7		"殺しはダメだと言いましたよね？" (000014D7:8:384); "もういいです。／栄一郎、サクラ。あなたたちは下がっていなさい" (8:387-388); colour ?, attributed by the replies	000014D7	
699	the 女神 (糸姫)	なつみ	あなた; 古郡なつみさん	丁寧 (courteous, girlish voice)	000014BC		"私は、長い間あなたを待ち焦がれていました。／どうぞ、こちらへ来て下さい" (000014BC:8:289-290); "ようこそ、みなさん。お待ちしておりました" (000014D7:8:451); "古郡なつみさん、初めまして。／私は……／糸姫と申します" (000014D7:8:459-461)	000014BC	
700	新村茅萱	新村夏菜	夏菜	タメ口 (scornful in the act, then brisk; ん…… opener back)	000014D7	夏菜 (bossy, 00001325)	act: "夏菜ってば、あれくらいで足を捻るなんて、修行が足りないってやつよ？" (000014D7:8:92); "あんまりのんびりしてると、夏菜が来るわよ？" (0000142B:8:186); after: "ん……夏菜、腕を出して" (000014D7:8:365); "ん……夏菜、よく見てて" (8:369)	000014D7	00001B81
701	新村幸太郎	新村茅萱	茅萱; お前	written plain (note), 俺	000014D7	茅萱; お前 (00000B9F)	note, bare cells: "茅萱、お前はドローガを注射されたが、俺がファルシフィカソで治しておいた。…頼むぞ。／幸太郎" (000014D7:8:353-357)	000014D7	
702	五島	おばさん (新村美冬)	おばさん	plain break ("乗らないで！") in crisis	000014D7	おばさん, 丁寧 (000011E3)	"お、おばさん！　挑発に乗らないで！" (000014D7:8:64); SPEECH-LEVEL BREAKS	000014D7	
703	五島	なつみ	先輩; 古郡先輩	丁寧 with plain breaks in crisis	000014D7	古郡先輩, 丁寧 (000012C5)	"先輩……ごめんなさい……。／私……" (000014D7:8:37-38); "こ、古郡先輩！　息を止めて！" (8:312); "先輩、早くここから逃げて！" (8:319); "先輩！　目を閉じて！　息を止めて！" (8:325)	000014D7	
704	糸姫	なつみ	古郡なつみさん; なつみさん (from 000014EE:16:53); あなた	丁寧 (courteous, calm; plain only in panic, 16:147-149)	000014EE	古郡なつみさん; あなた (000014BC / 000014D7)	"古郡なつみさん、あなたにずっと渡したいものがありました" (000014EE:8:9); "なつみさん……。／ありがとうございます。" (16:427-428); "最後に、あなたの優しさに触れることができて、嬉しかったです" (24:4); colour ?	000014EE	
705	糸姫	おばさん (新村美冬)	新村美冬さん; 美冬さん	丁寧	000014EE		"新村美冬さん、新村春花さんにも謝ります。" (000014EE:8:45); "美冬さん！　これで栄一郎といつまでも一緒にいられます！" (16:132)	000014EE	
706	糸姫	春花	新村春花さん; 春花さん; あなた	丁寧 (tempting)	000014EE		"だったら、あなたが第一世代の生者になってみませんか？" (000014EE:16:51); "は、春花さん！　これがあれば、な、なつみさんとずっと一緒なんですよ！" (16:135); 3p 春花さん (16:291)	000014EE	
707	糸姫	新村茅萱 + 新村夏菜	茅萱さん; 夏菜さん; あなた	丁寧	000014EE		"茅萱さん、夏菜さん。あなたたちにも、謝ります。" (000014EE:8:64); "だから、あなたの血だけでは足りませんよ？" to 夏菜 (16:37); "茅萱さん、／失礼します" (16:120-121, V532)	000014EE	
708	糸姫	五島	五島さん	丁寧	000014EE		"五島さん、あなたは――" (000014EE:16:143)	000014EE	
709	糸姫	新村栄一郎 + サクラ (dead)	栄一郎, サクラ (bare, 3p)	n/a	000014EE	bare + なさい (000014D7)	"栄一郎は、あなたたちがドローガと呼ぶものを使いました。" (000014EE:8:38); "サクラをこちらに連れて行きました" (8:65); "栄一郎がこれをくれました。" (16:118)	000014EE	
710	おばさん (新村美冬)	糸姫	あんた; この娘 / この小娘 (3p); 糸姫のお嬢ちゃん; あなた; この子 / その子 (3p, later)	タメ口 (furious, cruel: なさい, わよ; then quiet, doubting)	000014EE		"あんたが……／あんたが！" (000014EE:8:40-41); "糸姫のお嬢ちゃん、あなたが何のつもりか知らないけど、ここで死んでくれたらいいの" (16:72); "さあ、お仕置きの時間よ。800年分の悪事、楽に死ねないわよ？" (16:173); "私にこの子を責める資格はあるのかしら……。" (16:331)	000014EE	
711	春花	糸姫	お前; こいつ (3p)	乱暴	000014EE		"ふざけんな！　なんでお前のわがままで元木町がゴーストタウンになるんだよ！" (000014EE:16:4); "やっぱりお前……！　狂ってるよ……！" (16:54); "で、お前の大切な人ってもう死んでるんだろ？" (16:394)	000014EE	
712	なつみ	糸姫	あなた; 糸姫 (bare, from 000014EE:16:284); この子 (3p)	タメ口 (gentle, coaxing)	000014EE		"ねえ教えて。ちゃんとあなたの話を聞きたいの" (000014EE:16:242); "見限るってことは、誰かを殺さないと、糸姫が死んでいたってこと？" (16:284); "ねえ、糸姫、1つだけ解決する方法があるよ" (16:292); "行こう、元木町に" (16:383)	000014EE	
713	新村夏菜	糸姫	糸姫ちゃん	タメ口 (cheerfully menacing, then softer)	000014EE		"糸姫ちゃんだっけ？…私の血、たっぷり浴びせるよ？" (000014EE:16:23-24); "エリ姉に手を出すなら、糸姫ちゃんの身体バラバラに切り裂いて…" (16:144); 3p "ママを殺した犯人なんでしょ？" (16:311)	000014EE	
714	新村茅萱	糸姫	あなた; この子 (3p)	タメ口 (ん…… opener; cold, then doubting)	000014EE		"ん……もし、あなたが生者だと言うなら、あなたの頸動脈をこれで切り裂いたらどうなるのかしら？" (000014EE:16:73); "ん……あんな動きじゃ、あなたの野望は叶わないわ。" (16:145); "ん……でも、この子はどうしたら助かったのかしら？" (16:344)	000014EE	
715	五島	糸姫	none; その子 / この子 (3p)	n/a	000014EE		"今先輩たちがやっていることは、その子のように身勝手で野蛮なことなんです" (000014EE:16:237); "だからこそ私は、この子を純粋にかわいそうって思えます。" (16:316)	000014EE	
716	五島	春花 + the others	新村先輩たち (3p to the group); 新村先輩	丁寧 (sharp, lecturing)	000014EE		"それとも、新村先輩たちは時代錯誤の野蛮人なんですか？" (000014EE:16:235); "新村先輩の言いたいことが分かりました。" (16:409)	000014EE	
717	春花	おばさん (新村美冬)	お母さん	タメ口 (restraining, then pleading and shaken)	000014EE	お母さん (00001442)	"お母さんやめろ！　落ち着け！" (000014EE:8:49); "なあお母さん！　お母さんが1番こいつを許せないだろ！？" (16:319); "お母さん！　いるか！？" (24:18)	000014EE	
718	おばさん (新村美冬)	春花	春花	タメ口 (furious, then confessing)	000014EE		"春花！　栄一郎さんを殺したのはこの娘なのよ！？" (000014EE:8:51); "離しなさい！　この小娘に、もう一度……！" (8:53); "いるわよ！　茅萱ちゃんも夏菜ちゃんも！" (24:19)	000014EE	
719	死月妖花 (through the dead サクラ and 栄一郎)	糸姫	糸姫; お前	乱暴, archaic once (ぞ)	000014EE		"糸姫……！　私の恩を忘れたのか……！" (000014EE:24:37, colour サクラ); "糸姫、お前も来るんだ！" (24:39); "共に元木の地に根を下ろし、永劫の繁栄を成し遂げようぞ" (24:40, colour 春花の父); "――糸姫、裏切りは許さない。" (24:48); per narration its words through their tongues (24:42-44, V551)	000014EE	
720	皇子	糸姫	糸姫; お前; 糸 (00001505:8:314)	タメ口 (kind; flustered; firm in refusal)	00001505	糸姫; お前 (0000107B)	memory: "糸姫はどう呼びたい？" (00001505:8:80); "糸姫、お前ももう15歳だ。" (8:105); "ダメだ！　そんなの、絶対にダメだ！" (8:270); "私はまたここへ……／糸を迎えに来る" (8:313-314); colour 春花	00001505	
721	糸姫	皇子	ニイ様 (from 00001505:8:89); 皇子様 (narration 8:75)	丁寧 (humble; bold once, 8:280)	00001505	皇子様 (0000107B)	memory: "私は、ニイ様って呼びたいです！" (00001505:8:89); "いえ、新村のニイ様です……" (8:91, V537); "でも私は、その家系である以前に1人の女です！" (8:280); "ずっと……／いつまでもお待ち申し上げております" (8:321-322); colour ?	00001505	
722	湊綱宗	皇子	お前	タメ口 (blunt, pressing; 俺)	00001505	none heard (0000107B)	memory: "意味が分からない……。どういうことだ？" (00001505:8:155); "お前の気持ちはどうなんだ？" (8:178); "待て！　俺はそんなことを聞きたいんじゃない！" (8:192); "ずるいやつだ……" (8:206); colour なつみ	00001505	
723	皇子	湊綱宗	none (綱宗 3p)	タメ口 (earnest)	00001505		memory: "もう、この地は充分に豊かになった。" (00001505:8:153); "じゃあ、あとは頼んだぞ" (8:213); colour 春花	00001505	
724	湊綱宗	糸姫	糸姫	タメ口 (kind)	00001505		memory: "どうした糸姫、足でも怪我したのか？" (00001505:8:131)	00001505	
725	糸姫	湊綱宗	綱宗様 (narration)	n/a	00001505		"ニイ様と年齢の近い綱宗様" (00001505:8:133)	00001505	
726	従者 (unnamed)	皇子	皇子	丁寧, rough (ですな, ですわ)	00001505	皇子; 皇子様 (0000107B)	memory: "精が出ますな、皇子！" (00001505:8:74); "まああれですわ、あだ名みたいなもんでしょう！" (8:78, speaker inferred); colour ?	00001505	
727	皇子	従者 (unnamed)	none	タメ口	00001505		"もう皇子はやめてくれよ、私は身分を捨てたんだ。" (00001505:8:76)	00001505	
728	unnamed bandits (山賊, 00001505)	糸姫	女; お嬢ちゃん	乱暴 (leering, mock-gentle)	00001505		memory: "おい女！　荷物全部置いて行きな！" (00001505:8:376); "はいはいお嬢ちゃん、大人しくしましょうね" (8:400); colour ?	00001505	
729	糸姫	死月妖花 (unnamed in the memory)	あなた	タメ口 (childlike, soft: よ, ね, の)	00001505		one side only: "私の願い、聞いてくれるの？" (00001505:8:467); "一緒に獣の死体を探そうか。" (8:483); "ダメだよ人を殺したら。" (8:504); "さあ、早く大きくなってね。" (8:518)	00001505	
730	なつみ	糸姫	糸姫 (bare); あなた	タメ口 (pleading, then tender; ――-led thought speech in 0000151C:8:174-294)	00001505	あなた; 糸姫 (000014EE)	"糸姫……！　そんなんじゃ、大切な人に会ったら悲しまれるよ！？" (00001505:8:58); "あなたがしていることはニイ様のためじゃない！" (0000151C:8:13); "――ねえ、糸姫。" (0000151C:8:283); "――またね、糸姫。" (8:294)	00001505	
731	糸姫	なつみ	なつみさん	丁寧 (grateful, calm; halting inside 死月妖花)	0000151C	なつみさん (000014EE)	"なつみさん……もう、目を開けて下さい……！" (0000151C:8:193); "どうか、私の折れたかんざしを、元木町の御神木のところに埋めて下さい。" (8:205); "はい、喜んで。" (8:289)	0000151C	
732	新村幸太郎	新村栄一郎 (dead)	栄一郎 (3p); 化け物 (insult)	タメ口 (grim)	0000151C		"栄一郎、化け物に成り下がりやがって……。" (0000151C:8:123)	0000151C	
733	新村栄一郎 (dead)	新村幸太郎	兄貴 (stammered)	stammering, glitching	0000151C	兄貴 (000010DD)	"あああああ兄貴そそそそそそんなものでどどどどうする気だ" (0000151C:8:122); colour 春花の父	0000151C	
734	新村幸太郎	サクラ (dead)	サクラ	タメ口 (tender, resigned)	0000151C		"サクラ……心苦しいけど、もう、これで終わりにしよう。／俺が死んだら、向こうで待っててくれ" (0000151C:8:136-137); "サクラ！" (8:379, with 茅萱's "お母さん！" joined by ⏎)	0000151C	
735	サクラ (dead)	新村幸太郎	幸太郎 (stammered); こうた (dying)	stammering, then broken and tender	0000151C	幸太郎 (00000E7B)	"ここここ幸太郎わわわわわ私をどうする気" (0000151C:8:135); dying "ちが……や……／夏菜……こうた……" (8:381-382, to 茅萱, 夏菜 and 幸太郎)	0000151C	
736	新村エリカ (ばあちゃん)	なつみ	なつみちゃん	タメ口 (breezy, warm)	0000151C		"なつみちゃん、これでいいんだろ？／どうやら、幸太郎も同じことを考えていたみたいでね" (0000151C:8:109-110)	0000151C	
737	新村幸太郎	新村エリカ (ばあちゃん)	母さん (3p)	n/a	0000151C		"ちょうど集落で準備をしている時に、母さんが来てね。" (0000151C:8:111); 0000154E:8:167 "母さんにも黙って"	0000151C	
738	新村エリカ (ばあちゃん)	春花 + なつみ + 五島	お前たち	タメ口 (commanding, then pleading)	0000151C		"お前たち、何を言っている！　予定通り十三回忌はやる！" (0000151C:8:439); "頼むよ……／最後に栄一郎の顔を見ることができたんだ。／弔いくらい、させとくれ" (8:442-444)	0000151C	
739	春花	新村エリカ (ばあちゃん)	none (grumbling)	タメ口	0000151C	ばあちゃん (00001459)	"何言ってんだよ！　よほどのことが起こったばかりじゃないか！" (0000151C:8:441); "何だよ……素直にそう言えばいいのに……。" (8:445)	0000151C	
740	城崎	新村エリカ (ばあちゃん)	大魔女様	丁寧 (urgent)	0000151C	大魔女様 (000013FD)	"大魔女様！　こっちに来て下さい！　大変です！" (0000151C:8:334, colour ?, named by the reply)	0000151C	
741	新村エリカ (ばあちゃん)	城崎	城崎 (bare)	タメ口	0000151C	城崎 (000013FD)	"どうした、城崎！？" (0000151C:8:335)	0000151C	
742	新村栄一郎 (dying)	おばさん (新村美冬)	美冬ちゃん (broken)	タメ口 (broken, tender; 僕)	0000151C	美冬ちゃん; 君 (mocking, 000014D7)	"み……ふゆ……ちゃん……" (0000151C:8:346); "ごめん……ね……。／僕は……ずっと……" (8:348-349); his own voice after 死月妖花's death	0000151C	
743	おばさん (新村美冬)	新村栄一郎 (dying)	栄一郎さん; あなた	タメ口 (tearful)	0000151C	あんた; 偽物 (000014D7)	"栄一郎さん！　私、美冬です！" (0000151C:8:347); "栄一郎さん、私、やっぱりあなたと結婚して良かった！" (8:374); event	0000151C	
744	新村栄一郎 (dying)	なつみ	なつみちゃん; 君	タメ口 (broken, gentle)	0000151C	なつみちゃん; 君 (mocking, 000014D7)	"なつ……み……ちゃん" (0000151C:8:360); "ちが……う……／君のせい……じゃ……" (8:363-364)	0000151C	
745	なつみ	新村栄一郎 (dying)	おじさん	タメ口 (tearful)	0000151C	none (000014D7)	"おじさん……／ほんとに、おじさんなの……？" (0000151C:8:357-358); "おじさん！　私、ずっと謝りたかった！" (8:362)	0000151C	
746	春花	新村栄一郎 (dying)	お父さん	タメ口 (tearful, soft)	0000151C	この偽物 (000014D7)	"お父さん……／お父さん！　ほんとにお父さんなんだな！？" (0000151C:8:367-368); "うん！　お母さんもなつみも、みんなもいるから、私、元気に過ごしてるよ！" (8:371); event	0000151C	
747	新村栄一郎 (dying)	春花	春花	タメ口 (broken, fatherly)	0000151C	春花 (mocking, 000014D7)	"春花……／大きく……なったな……" (0000151C:8:369-370); "よか……た……" (8:372)	0000151C	
748	サクラ (dying)	新村夏菜	夏菜 ("か……な……"); self ママ	タメ口 (broken, tender)	0000151C	self ママ (mocking, 000014D7)	"か……な……。／もっと顔……見せて……" (0000151C:8:386-387); "ふふ……／小さい頃の……私に……よく似てる" (8:395-396); "夏菜……／ママはね……／会えて……嬉しい……よ……" (8:404-406)	0000151C	
749	新村夏菜	サクラ (dying)	ママ	タメ口 (tearful)	0000151C	ママ (000014D7)	"あの……私、夏菜……" (0000151C:8:384); "ママ……。／ママ！　私、会いたかった！" (8:397-398); "やだよ！　ママと一緒にいたいよ！" (8:407)	0000151C	
750	新村茅萱	サクラ (dying)	お母さん	タメ口 (tearful; ん…… opener dropped)	0000151C	お母さん (0000136D)	"お母さん……！　私、会いたかった！　ずっとずっと、お母さんに……！" (0000151C:8:383)	0000151C	
751	春花	なつみ	なつみ	タメ口 (steady, commanding)	0000151C		"なつみは目を閉じていろ。／お前が私たちの姿を見なければ、完璧だ" (0000151C:8:156-157); "次に会う時は、すべてが終わっている。" (8:159)	0000151C	
752	五島	なつみ	先輩	丁寧 (quick, admiring)	0000151C		"まさか先輩……／その血で私たちを……" (0000151C:8:66-67); "先輩の血に触れた者は第三世代となる。／その意味、分かりますよね？" (8:70-71)	0000151C	
753	なつみ	五島	五島	タメ口 (teasing)	0000151C		"あはは！　五島かわいい！　コアリクイみたい！" (0000151C:8:326)	0000151C	
754	新村夏菜	everyone (the masked)	みんな	タメ口 (bossy, cheerful: なさーい)	0000151C		"みんなー！　もう大丈夫だよ！　さっさとお顔を見せなさーい！" (0000151C:8:313)	0000151C	
755	おばさん (新村美冬)	なつみ	なつみちゃん	タメ口 (stretched, cheerful again)	00001533	なつみちゃん (guarded, 000014A5)	"あーらなつみちゃん！　おはようおはよう！" (00001533:8:6); "そうよー！　あの時気合い入れ過ぎて深く刺しちゃったからねー！" (8:9)	00001533	
756	おばさん (新村美冬)	お母さん (茜)	茜	タメ口 (stretched)	00001533	茜 (phone, 000011E3)	"あーら茜もおはようおはよう！" (00001533:8:22); "もう茜ってば、いつまでも若くいるためには、気持ちから元気でないとダメよー！" (8:28)	00001533	
757	お母さん (茜)	おばさん (新村美冬)	美冬	タメ口 (scolding, dry)	00001533	美冬; あんた (00000F24 route)	"美冬、いい加減にしなさい、まだ6時半よ？　そんな大声でおばさんくさい……" (00001533:8:21); "いや、そういうことじゃないんだけど……" (8:29)	00001533	
758	おばさん (新村美冬)	春花	春花 (3p, to なつみ)	n/a	00001533		"春花は今年受験生だからねー！　びしびししごくつもりよー！" (00001533:8:16); "栄一郎さんががっかりするような育て方はできないからねー！" (8:18)	00001533	
759	春花	おばさん (新村美冬)	お母さん (3p)	n/a (grumbling)	00001533		"なんつーか、お母さんがこんなに教育ママだとは思わなかったぜ……" (00001533:8:17); "それを言うのは卑怯だろ……" (8:19)	00001533	
760	春花	五島	このハイエナ; 五島; あいつ (3p)	乱暴 (teasing)	00001533		"バカかよ、このハイエナ！／せいぜいアイス1個だ！" (00001533:8:129-130); "とりあえず夏休みの件は、五島も誘ってみようぜ。どうせあいつ、友達もいないから暇しているだろ" (8:66)	00001533	
761	五島	春花	新村先輩	丁寧 (wheedling)	00001533		"ねえねえ新村先輩！　今日は何おごってくれるんですか？" (00001533:8:128); "おおー！　冗談で言ったのにほんとにおごってくれるんだ……！" (8:131, plain)	00001533	
762	向井	なつみ + 後白河糸織	古郡さん; 後白河さん	丁寧	00001533	2年2組のみなさん (mail, 000001DD)	"お、古郡さん今日から復帰ですね。／法事はどうでした？" (00001533:8:143-144); "古郡さん、後白河さん、初対面で盛り上がるのもいいけど、そろそろ静かにしてくださいね" (8:248); colour ?, named in narration (8:137)	00001533	
763	なつみ	向井	none	丁寧	00001533		"え？／ええ、まあ、色々と大変でした" (00001533:8:145-146)	00001533	
764	後白河糸織	なつみ	古郡さん; あの子 (to the teacher); なつみちゃん (asks, 27:2) -> なつみ	タメ口, Kansai dialect	00001533		"先生、あの子の隣、空いてますよね！？" (00001533:8:205); "古郡さん、ありがとな。" (8:240); "えっと、なつみちゃんでええかな？" (27:2); "じゃあ、なつみ。" (27:4); colour ?	00001533	
765	なつみ	後白河糸織	後白河さん -> 糸織 (at her word, 27:19-20); あなた	丁寧 (introduction), then タメ口	00001533		"あ……古郡なつみです。／えっと……よろしくお願いします" (00001533:8:214-215); "ねえ、あなたってもしかして……" (8:246); "後白河さん……" (27:18); "うん、じゃあ糸織。" (27:20); narration 後白河さん, then 糸織 (27:31)	00001533	
766	後白河糸織	向井	先生	丁寧-lite, Kansai	00001533		"先生、あの子の隣、空いてますよね！？" (00001533:8:205); "ああ、すみません先生！" (8:249)	00001533	
767	後白河糸織	the class	none	丁寧 (self-introduction), then Kansai	00001533		"初めまして。後白河糸織と言います。" (00001533:8:171); "転校がずれたのは、大阪から500キロ、ウサギ跳びしてきたからです！／あーもうホンマしんどかったわあ……。" (8:178-179)	00001533	
768	新村茅萱	五島	五島ちゃん	タメ口 (ん…… opener; apologetic, fond, then sober)	0000154E	五島ちゃん; あんた (the act, 000014D7)	"ん……ごめん、五島ちゃん……" (0000154E:8:35); "ん……どれだけ食べるつもりよ……" (8:50); "ん……ふふ、そうね" (8:59); "ん……五島ちゃん、私も見てもらいたいものがあるの。" (8:95)	0000154E	
769	五島	新村茅萱	チガ姉	丁寧 (kind, teasing, then crisp)	0000154E	チガ姉 (0000142B)	"だったら、今度あの東京の料亭でおごってくださいよ！" (0000154E:8:46); "じゃあ、私とチガ姉も、姉妹ですかね？" (8:58); "チガ姉は知らなかったと思いますが、昨日この蔵が焼けたんです" (8:78)	0000154E	00001C5D
770	新村夏菜	五島 + 新村茅萱	エリ姉; お姉ちゃん (for both)	タメ口 (sleepy)	0000154E	エリ姉 (00001247)	"エリ姉……？" (0000154E:8:51); "お姉ちゃんが、2人いる……" (8:56)	0000154E	
771	五島	新村幸太郎	幸太郎さん; あなた	丁寧 (accusing)	0000154E	幸太郎さん; あなた (00000E19)	"幸太郎さん、話してもらえませんか？" (0000154E:8:112); "幸太郎さん、もしあなたがもっと早くこのことを言っていたら、呪殺事件なんて何年も前に解決していたんじゃないですか？" (8:125)	0000154E	
772	新村茅萱	新村幸太郎	お父さん	タメ口 (ん…… opener; pleading, questioning)	0000154E	お父さん (00000B9F)	"ん……どうしてお父さんはここに私がいるって分かったの？" (0000154E:8:118-119); "ん……お父さん……。何か言ってよ……" (8:127)	0000154E	
773	新村幸太郎	新村茅萱	茅萱	タメ口 (low)	0000154E	茅萱; お前 (note, 000014D7)	"茅萱……" (0000154E:8:110)	0000154E	
774	新村幸太郎	サクラ (dead)	サクラ; お前	タメ口 (desperate, tender)	0000154E	サクラ (0000151C)	his account, 790-792: "サクラ……！？　どうして……" (0000154E:8:149); "それでも、またみんなと暮らすことはできないのか！？" (8:154); "お前を失うよりはマシさ……" (8:202)	0000154E	
775	サクラ (dead)	新村幸太郎	幸太郎	タメ口 (soft, persuading: わ, の, でしょ)	0000154E	幸太郎 (stammered, 0000151C)	his account: "幸太郎……" (0000154E:8:147); "死月妖花の力でよみがえったのよ" (8:150); "幸太郎、死月妖花の生態は知っているでしょ？" (8:183); "ええ、夏菜の方は治しても構わない。／でも、茅萱の方は――" (8:206-207); colour サクラ	0000154E	
776	五島	お母さん (茜)	お母さん (non-relative, V555)	丁寧	0000156A	おばさん (00000522 route)	route of 0000156A: "お母さん、私はドローガの精製に成功しましたが、人間への臨床実験は行っていません。" (58:4); "お母さん！　起きて下さい！" (28:0); "はい！　絶対に、お母さんも助け出してみせますから！" (28:95); event	0000156A	
777	お母さん (茜)	五島	五島ちゃん	タメ口 (warm, grateful)	0000156A	五島ちゃん (00000522)	"五島ちゃん、さすがね。" (28:90); "五島ちゃん、お茶ありがとう。おいしかったわ" (46:206); narration 五島ちゃん / 彼女 (52:131)	0000156A	
778	春花	お母さん (茜)	おばさん, then 本物のお母さん / お母さん	タメ口	0000156A	おばさん (00000F57); お父さん、お母さん (attempt, 00000F40)	"五島……おばさん……" (8:28); "はは……まさかその女がおばさんだったなんて、気づかなかったよ……" (8:71); "もちろん、おばさん……／ううん、本物のお母さんも。" (193:125-126); "ねえお母さん、刑務所に戻ったら、もう死ぬまで出てこられないだろ？" (201:7); event (V556)	0000156A	
779	お母さん (茜)	春花	春花ちゃん; 3p 娘 / 私のもう1人の娘	タメ口 (afraid, then pleading)	0000156A	春花ちゃん (00000E95)	"春花ちゃん……教えて、何があったの……？" (193:135); "ねえ春花ちゃん、聞こえる？" (201:103); narration "娘が……春花ちゃんが戻ってきた。" (8:182), "私のもう1人の娘。" (92:105)	0000156A	
780	お母さん (茜)	なつみ	なつみ; あんた (once)	タメ口 (firm, motherly)	0000156A	なつみ (000001DB)	"ダメに決まってるでしょ！？" (70:62); "全く、あんたって子は……" (70:212); "なつみ！　待ちなさい！" (14:202)	0000156A	
781	春花	五島	五島; チビのオバハン (teasing insult)	タメ口 (rough)	0000156A	五島; お前	"五島なんて、チビのままオバハンになったんだな。" (8:172); "あっはははは！　チビのオバハンって！" (8:173); V560	0000156A	
782	五島	春花	新村先輩	丁寧 (cool, guarded)	0000156A	新村先輩 (00001533)	"お久しぶりです、新村先輩" (8:29; "感情の薄い再会の挨拶" 8:30); "新村先輩、今、祀耀何年ですか？" (8:154); "新村先輩……今は815年です。" (8:160)	0000156A	
783	春花	おばさん (新村美冬)	お母さん; 育てのお母さん (3p)	n/a	0000156A	お母さん (00001533)	"お母さん……バカかよ……" (8:118, 3p); "私のお母さん……／育てのお母さん、死んだって言ったよな？" (193:73-74); in her account "お母さん！　なんだかよく分からないけど、すぐ病院に行くぞ！" (193:84)	0000156A	
784	おばさん (新村美冬)	春花	春花	タメ口 (desperate, dying)	0000156A	春花 (stretched, 00001533)	in 春花's account: "は、春花……！／もう少し……もう少しだから……！" (193:80-81); "春花は……！　黙ってて……！" (193:86); colour 春花の母	0000156A	
785	山垣	お母さん (茜)	古郡さん	丁寧 (kind)	0000156A		"古郡さんは、家族が元木町にいるんですよね？" (92:80); "起きて下さい、古郡さん、起きて下さい" (92:117); colour ?	0000156A	
786	お母さん (茜)	山垣	none; 山垣さん (narration from 92:86)	丁寧 (quiet)	0000156A		"あの……" / "これから、どこに……？" (92:71-73); "はい、確かに……" (92:81); "山垣さん、山垣さん！" (92:198)	0000156A	
787	unnamed senior prison officer	山垣	山垣さん	丁寧 command (なさい)	0000156A		"山垣さん、そこまでになさい" (92:84); colour ?	0000156A	
788	お母さん (茜)	the 女神 (死月妖花)	none	丁寧 (a wish, です・ます)	0000156A		"私は――／娘たちと――／親友と――／ずっと一緒に穏やかに過ごしたい――／そう願います。" (201:75-79)	0000156A	
789	中嶋長司 (官房長官)	the press / the nation	none	丁寧 formal (official)	0000156A	丁寧 (public, 00000EAF)	"明日、10名程度の特別部隊を佐波県に派遣し、現地調査を行います。" (58:260); "えー、今回の災害による毒ガスの致死量を考えますと、生存率はほぼゼロパーセントです。" (34:179); colour ?	0000156A	
790	立木三日 (the guide)	player	<name>様 / あなた / あなた様; お客様 (000015C2:103:0)	敬語 (わたくし / 私; ですわ, かしら now and then)	000015C2	unnamed guide → player (000000F2)	named 000015C2:81:2 (V002 resolved); "私、この世界の案内人をしております立木三日と申します" (81:2); "ふふふ、素晴らしいですわ。" (00001AC7:74:0); "<name>様は、余計なことを知る必要はないのです" (0000198D:111:5)	000015C2	
791	五島	市村先生	先生; 市村先生	丁寧, bright (であります once)	000016AE		her elementary homeroom teacher: "お久しぶりです、先生！　3年ちょっとぶりですね！" (000016AE:11:45); "もう、先生ってば、／ま・／じ・／め！" (11:64-67); as a 6th-grader formal "あの……／みなさん、市村先生。／お祝いの言葉、ありがとうございます" (00001704:8:10-12)	000016AE	
792	市村先生	五島	五島さん; あなた	タメ口 (warm, feminine: わ, ねえ, なさい); 丁寧 to the class	000016AE		"やっぱり五島さんね！　久しぶりねえ！" (000016AE:11:44); "ほらほら、五島さんも自宅待機なさい" (11:63); in class 3p 五島さん (00001704:8:2); colour ?	000016AE	
793	classmates (五島's 6th grade)	五島	絵梨奈ちゃん	タメ口	00001704		"絵梨奈ちゃん、誕生日だったんだ！" (00001704:8:6); "天才少女の誕生日、万歳！" (8:14); colour ?	00001704	
794	伊勢	subordinate officer (0000171B)	お前	タメ口	0000171B		"しっかりした娘さんだな。お前が家まで迎えに行ったのか？" (0000171B:8:9); 3p 新村春花さん, 五島絵梨奈, 古郡の娘さん	0000171B	
795	subordinate officer (0000171B)	伊勢	伊勢警部補	丁寧 (teasing)	0000171B		"お疲れ様です、伊勢警部補" (0000171B:8:2); "伊勢警部補、資料室は逆方向ですよ？" (8:46); colour ?	0000171B	
796	新村エリカ (ばあちゃん)	おばさん (新村美冬)	none (供養); 美冬さん (00001AE8)	丁寧 formula, then タメ口 (older woman: かい, だろ, さ)	00001729	美冬さん, commanding 丁寧 (00000989)	"これで供養は終わりです。あまり、気を落とさないように" (00001729:8:6); "優しい友達がいるんだろ？" (8:8); 790: "美冬さん、ここにいたのかい" (00001AE8:8:1); "私だって美冬さんの家族なんだ" (8:10); "栄一郎の代わりに、私が助けてあげるからね" (8:43)	00001729	
797	おばさん (新村美冬)	新村エリカ (ばあちゃん)	none (00001729); お義母さん (00001AE8)	丁寧	00001729		"お気遣い、ありがとうございます" (00001729:8:12); "もし、私が殺人をしたら、どうしますか？" (00001AE8:8:34); alone "お義母さん……／もう手遅れなの……！" (8:47-48)	00001729	
798	五島 (small child)	桃子	お姉ちゃん / おねえちゃーん	タメ口 (child)	00001755		"ねえ、お姉ちゃん？" (00001755:8:8); "おねえちゃーーん！　うわーーん怖かったー！" (8:38); 3p パパ, ママ (8:11)	00001755	
799	五島 (small child)	unnamed zoo patrolman (00001755)	none; 3p 誘拐犯 / 凌辱魔	タメ口 (child, with show-off words)	00001755		"知らない人について行かない。お話したらダメ。" (00001755:8:25); "誰かー！　この人誘拐犯です！" (8:34); "誘拐犯じゃないの？　凌辱魔じゃないの？" (8:48)	00001755	
800	unnamed zoo patrolman (00001755)	五島 (small child)	none	タメ口 (gentle; 僕)	00001755		"あ、あの、もしかして迷子かな？" (00001755:8:15); "自分のお名前、分かる？" (8:20); colour ?	00001755	
801	桃子	unnamed zoo patrolman (00001755)	none	丁寧	00001755		"すみません、妹がご迷惑をおかけして……" (00001755:8:47); "ありがとうございました！　失礼します！" (8:52)	00001755	
802	亀田	春花	新村春花様	敬語 (service)	000017D3		"新村春花様の携帯電話でしょうか？" (000017D3:8:2); "承知いたしました。" (8:9); colour ?	000017D3	
803	春花	亀田	none	丁寧	000017D3		"あーはいはい、そうです、新村です。" (000017D3:8:4); "はい、よろしくお願いします" (8:10)	000017D3	
804	伊勢	superiors (県警, phone)	none	丁寧 (report; 私, police slang)	00001800		"これから、ホシを捕獲すると同時に、マルタイの保護を行います。" (00001800:8:4); "分かりました、緊急逮捕という形で。" (8:18); bare cells, other side unheard	00001800	
805	桃子	道畑 (her manager)	店長; あんた; 道畑様 (mock service)	丁寧, then rough タメ口; service 敬語 as a weapon	00001807		"店長、すみません！　早退させてください！" (00001807:8:9); "はあ！？　何で絵梨奈がそんなことすんのよ！" (8:31); "お久しゅうございます、道畑様。" (8:53); "今後、あんたのプリマベラへの入店を固くお断りします！" (8:51)	00001807	
806	道畑 (桃子's manager)	桃子	桃ちゃん; 君; お前	タメ口 (creepy, then insulting)	00001807		"ちょっと桃ちゃん、もう休憩時間終わってるぞ" (00001807:8:8); "君みたいなやつの妹なら" (8:30); "お前みたいな不良娘が働けるところ、そう多くないんだぞ！？" (8:35); colour ?	00001807	
807	春花's classmates (00001818, 00001A5C)	春花	新村さん; 新村先生 (mock, 00001A5C:8:67)	タメ口	00001818		"ねえねえ、新村さん" (00001818:8:1); "新村さんって、一芸に秀でるタイプなんだね！" (8:18); "よっしゃ！　正義の使徒、新村先生について行くのであります！" (00001A5C:8:67); one in 「」 (colour ?), one as ――-led cells (V586)	00001818	
808	春花	her classmates (00001818, 00001A5C)	none	タメ口 (rough, friendly)	00001818		"ああ、いいよ。でも、私も結構間違えたから……" (00001818:8:5); "うん、2人ともよくできてると思うぞ。" (00001A5C:8:9); "おい、それ、女や教師陣を敵に回すことになるぞ……" (8:52)	00001818	
809	クレイジーカウボーイ (video host)	viewers	クソ野郎ども; お前ら; みんな	乱暴 (hype)	0000181F		"ようクソ野郎ども！" (0000181F:8:0); "みんな、本当にすまない。" (8:49); "あばよクソ野郎ども！" (00001A6B:22:113)	0000181F	
810	伊勢	お母さん (茜)	古郡さん; あなた	丁寧 (phone, official; 私)	0000182A	古郡さん, タメ口 (urgent, 00000641)	"もしもし、私は元木警察署、警部補の伊勢です。／その……今日は急なことで、心中お察しします。" (0000182A:8:17-18); "ああ、古郡さん、伊勢です。" (00001830:8:1); "いやしかし、あなたは警察署にいるべきです。" (8:31); her side unheard	0000182A	
811	おばさん (新村美冬)	なつみ	なつみちゃん	タメ口 (low, unstretched; no make-up)	00001835	なつみちゃん (stretched, 000001DD)	"で、何の用なの？" (00001835:8:15); "心配してくれるのは嬉しいわ。" (8:30); "だから、なつみちゃんにできるのは、これまで通り春花と接すること。" (8:42)	00001835	
812	五島	unnamed volleyball coach (顧問の先生)	先生	丁寧 (pleading)	00001849		"先生、お願いします！　もう一度古郡先輩にチャンスをあげて下さい！" (00001849:8:0); "分かりました。ようやく、納得できました" (8:59)	00001849	
813	unnamed volleyball coach (顧問の先生)	五島	五島さん	タメ口 (lecturing, kind; 俺)	00001849		"いいか五島さん、体質だろうが何だろうが…" (00001849:8:22); "よし、じゃあもう遅いから、気を付けて帰るんだよ" (8:60); 3p 古郡 (bare), あいつ; colour ?	00001849	
814	MC (元木桜祭り)	五島	五島選手; 前回チャンピオン	broadcast 丁寧	0000191C		"前回チャンピオンの五島絵梨奈選手、いかがですか？" (0000191C:11:51); "おっと、五島選手の手が止まりました！" (11:120); colour ?	0000191C	
815	南崎しのり	五島	五島絵梨奈さん (3p, aside); あなた	丁寧, soft	0000191C		"五島絵梨奈さん……。彼女が本気を出したらどうなるか。／あなたが再び大食いのステージに上がってくるまで、私ももっと強くなっておくわ。" (0000191C:11:168-169); colour ?	0000191C	
816	イカ焼き屋の主人	五島	絵梨奈ちゃん	タメ口 (friendly)	0000191C		"お！　絵梨奈ちゃん、久しぶりだね！　毎度ー！" (0000191C:11:141); colour ?	0000191C	
817	五島	readers ("皆さん")	皆さん	です・ます narration	0000191C		"皆さんは、私がこれからどこへ行こうとしているか、お分かりだろうか。" (0000191C:11:1); "どれもハズレです。" (11:3); then plain narration	0000191C	
818	studio host (00001A4E morning show)	新橋ゆき乃	ゆきちゃん	丁寧 broadcast (僕)	00001A4E	studio host (00001073) → field reporter ゆきちゃん	"――ゆきちゃん、ずいぶんと桜がたくさんある公園ですねえ。" (00001A4E:8:3); "――ありがとう、ゆきちゃーん！" (8:50); V426 resolved	00001A4E	
819	unnamed doctor (00001A52)	春花	春花ちゃん	タメ口 (soft, feminine: わね, わよ)	00001A52		"まあ、春花ちゃんは本当に優しいわね。" (00001A52:8:17); "これは、医者としてのアドバイスよ？" (8:28); "あっちの方はどうなの？" (8:31); colour ?	00001A52	
820	春花	unnamed doctor (00001A52)	先生	丁寧	00001A52		"はい、先生も知っているんですか？" (00001A52:8:10); "まだです。やっぱり、病気ですかね……" (8:32)	00001A52	
821	春花	谷崎	谷崎先生; 3p 谷崎先生 (to classmates who say 玲ちん)	丁寧; タメ口 in 3p talk	00001A7F		"すみません谷崎先生、お母さん心配性で……" (00001A7F:8:56); "はい、もちろんです。ありがとうございます" (8:76); 3p "玲ちんって谷崎先生のことか？" (00001A5C:8:19)	00001A7F	
822	谷崎	春花	新村さん; 春花さん (to her mother)	丁寧 with soft タメ口 (わね, わよ)	00001A7F		"大丈夫よ、今日は新村さんで最後だから" (00001A7F:8:4); "ねえ新村さん、念のために聞くけど、いじめに遭ってないわよね？" (8:68); "お母さん、大事にしてあげてね。" (8:75); colour ?	00001A7F	
823	谷崎	おばさん (新村美冬)	春花さんのお母さん; お母さん	丁寧	00001A7F		"ああ、春花さんのお母さんですね" (00001A7F:8:13); "あの、お母さん、春花さんはこの通り明るくて優しい生徒ですから" (8:29)	00001A7F	
824	おばさん (新村美冬)	谷崎	先生	丁寧 (pressing)	00001A7F		"本当に春花は、学校生活で困っていませんか？" (00001A7F:8:25); "先生、いじめっていうのは、教師が知らないところで起きているものです。" (8:34); "――それでは、娘をよろしくお願いします" (8:52)	00001A7F	
825	春花	おばさん (新村美冬)	お母さん	タメ口 (embarrassed, reassuring)	00001A7F	お母さん (00001533)	"ちょっとお母さん……" (00001A7F:8:28); "お母さん、やめろよ……" (8:36); "お母さん、安心して。私、学校が毎日楽しいからさ" (8:46)	00001A7F	
826	unnamed clinic doctor (00001A6B)	谷崎	谷崎先生; 先生	タメ口 (soft, feminine: わね, かしら)	00001A6B		"――あら、谷崎先生、また風邪かしら？" (00001A6B:8:2); "――もう先生、何なの？　BDDPって……。" (8:33); ――-led cells	00001A6B	
827	サクラ	おばさん (新村美冬)	美冬ちゃん	タメ口 (soft but firm: わ, の, よ)	00001A85	美冬ちゃん (3p; letter, 00000A7C)	"美冬ちゃん" (00001A85:8:6); "荒田集落の標語、分かるわよね？" (8:8); "だから、2人の子供を殺すの？" (8:17); "ごめんね美冬ちゃん、私じゃ何の役にも立てない" (8:22)	00001A85	
828	お母さん (茜)	おばさん (新村美冬)	美冬	タメ口 (gentle, steady; no あんた)	00001A97	美冬; あんた (cool, teasing, 000007BC)	at her father's funeral: "美冬、ほら、お茶買ってきたわよ" (00001A97:8:3); "美冬、大丈夫よ。私はずっと美冬のそばに――" (8:42); "そう極端にならないで。" (8:50)	00001A97	
829	unnamed café master (Primavera)	unnamed waitress (Primavera)	君; 看板娘さん	タメ口 (fatherly boss; 僕)	00001AA5		"――君ほどの子なんて、なかなかいないと思うけどなあ。" (00001AA5:8:25); "――ははは、じゃあ看板娘さん、幸せをお2人に届けておくれ。" (00001AAE:8:35); ――-led cells	00001AA5	
830	unnamed waitress (Primavera)	unnamed café master (Primavera)	none	丁寧	00001AA5		"ええ、コーヒーが苦手なカップル、金井様とそのお連れ様です" (00001AA5:8:3); "はい、もちろんです。" (00001AAE:8:16); colour ?	00001AA5	
831	五島 (toddler)	Goto's mother	ママ	タメ口 (toddler)	00001AB5		"ママ、ただいま！" (00001AB5:8:3); "わーい！　アイスー！" (8:12)	00001AB5	
832	五島	新村エリカ (ばあちゃん)	おばあさん, then エリカちゃん	丁寧 then タメ口	00001B76	おばあさん (this route)	"えへへ！　よろしく、エリカちゃん！" (00001B76:11:54); narration switches (11:55-56)	00001B76	
833	新村夏菜	新村エリカ (ばあちゃん)	あんなババア (3p); おばあちゃん	タメ口	00001B70	おばあちゃん (00000AF7)	"あんなババアほっとけほっとけ！" (00001B70:11:60)	00001B70	
834	新村茅萱	新村夏菜	夏菜; かわいい妹よ (drunk)	タメ口 (drunk, loud; no ん…… opener)	00001B81	夏菜	"何かしら？　かわいい妹よ！" (00001B81:8:6)	00001B81	
835	城崎	春花	春花ちゃん; 春花ちゃんよ	タメ口 (drunk)	00001BC4		"ふぁっはははは！　春花ちゃんよ！" (00001BC4:8:1); colour ?	00001BC4	
836	城崎	新村茅萱	茅萱ちゃん; ちがやたん (drunk)	タメ口 (drunk)	00001BC4		"ところで茅萱ちゃんはどうした？" (00001BC4:8:17); "ちがやたんがこんな飲めるなんて" (00001BCE:8:71)	00001BC4	
837	新村茅萱	城崎	城崎のおっさん; セクハラジジイ; 城崎さん	タメ口 (drunk, loud)	00001BCE	城崎さん (00000C81)	"城崎のおっさんロレツ回ってなーい！" (00001BCE:8:72); "城崎さんセクハラ！" (8:80-81)	00001BCE	
838	新村幸太郎	城崎	城崎さん	丁寧	00001BBA		"ちゃんと見張っていてください" (00001BBA:8:7)	00001BBA	
839	城崎	新村幸太郎	幸太郎君; 君; 幸太郎君よ	タメ口 (older neighbour; probing)	00001BBA	幸太郎君 (3p, 00001154)	"君の本当の目的は何だ？" (00001BBA:8:30)	00001BBA	
840	城崎	visitor called 幸太郎 (00001C1D)	幸太郎君; 君	タメ口	00001C1D		"君は誰だ？" (00001C1D:8:34); V595	00001C1D	
841	visitor called 幸太郎 (00001C1D)	城崎	城崎さん	丁寧 (俺, then 僕)	00001C1D		"僕の妻は予知能力を持っていた" (00001C1D:8:22); colour ?; V595	00001C1D	
842	新村幸太郎	城崎	城崎さん	丁寧 turning to threats	00002057	城崎さん (00001BBA)	"村八分が怖いんでしたっけ？" (00002057:8:55)	00002057	
843	城崎	新村幸太郎	幸太郎君	タメ口 (accusing)	00002057	幸太郎君 (00001BBA)	"黒幕は誰なんだ？" (00002057:8:48)	00002057	
844	五島	新村茅萱	チガ姉; あなた	丁寧 (cold), then 乱暴 ("吐け！")	00001C5D	チガ姉	"チガ姉！　あなたしかいないんです！" (00001C5D:11:59); "嘘だ！／　吐け！" (11:144-145)	00001C5D	
845	新村エリカ (ばあちゃん)	先代大魔女	お義母さん	丁寧 / 敬語	00002026		"失礼致します" (00002026:8:0); "心得ます" (8:16)	00002026	
846	先代大魔女	新村エリカ (ばあちゃん)	エリカさん	タメ口 (older woman)	00002026		"ああ、エリカさん。遅くに呼び出してごめんね" (00002026:8:1)	00002026	
847	新村エリカ (ばあちゃん)	新村栄一郎	お前	タメ口	00001FFB	none (000010DD)	"まあ、お前が決めたことだ。" (00001FFB:8:2)	00001FFB	
848	サクラ	新村エリカ (ばあちゃん)	コスプレババア	タメ口 (drunk)	00001D17	お義母さん (00000EDF)	"あんなコスプレババアほっとけほっとけ！" (00001D17:8:18)	00001D17	
849	新村エリカ (ばあちゃん)	サクラ	サクラ	タメ口	00001D17		"サクラ、誰がコスプレババアだって？" (00001D17:8:20)	00001D17	
850	お母さん (茜)	her mother (外崎)	お母さん	タメ口 (phone)	00002001		"もしもしお母さん？" (00002001:8:45)	00002001	
851	お母さん (茜)	the unborn child	あなた	タメ口 (gentle)	00002001		"どうしたらあなたは1番幸せになれるかな……" (00002001:8:55); V605	00002001	
852	桃子	unnamed café master (Primavera)	マスター	丁寧	00001D1E		"マスター、今まで本当にお世話になりました" (00001D1E:8:0)	00001D1E	
853	unnamed café master (Primavera)	桃子	桃子ちゃん; 君	タメ口	00001D1E		"君以上の子なんて、もう……" (00001D1E:8:4)	00001D1E	
854	桃子	三原	三原さん; あなた	タメ口 (senior, firm, fond)	00001D1E		"三原さん、泣いちゃダメだよ。" (00001D1E:8:16)	00001D1E	
855	三原	桃子	桃子さん	丁寧 (tearful)	00001D1E		"――桃子さん、今まで本当にお世話になりました！" (00001D1E:8:29)	00001D1E	
856	ステラ優子	新橋ゆき乃	お姉さん	タメ口 (older woman)	00001D0E		"お姉さんは、どんなことを聞きたい？" (00001D0E:8:30)	00001D0E	
857	新橋ゆき乃	ステラ優子	ステラ優子さん; ステラさん	丁寧	00001D0E		"ステラさんの占いって、人生相談みたいな感じですね" (00001D0E:8:71)	00001D0E	
858	立木三日 (the guide)	player	様	敬語, breaking to plain commands (00001C8C) and 春花's voice (00001EB4:83:2)	00001EB4	敬語 unbroken	reveals herself 新村春花 (00001CA0:144:2); "黙れ！" (00001C8C:190:0); "って、バカかよ！" (00001EB4:83:2)	00001EB4	
859	なつみ	お義母さん / お義父さん (茜's parents)	おじいちゃん、おばあちゃん	タメ口 (curt)	0000200D		"ねえ、おじいちゃん、おばあちゃん" (0000200D:8:11)	0000200D	
860	お義父さん (茜's father)	なつみ	none	dialect タメ口	0000200D		"じゃじゃじゃ、ごの絵本どだ？" (0000200D:8:2); V604	0000200D	
861	unnamed senior officer (00001FE9)	おばさん (新村美冬)	お母さん	丁寧	00001FE9		"すみませんがお母さん、四月八日はどちらに？" (00001FE9:8:34)	00001FE9	
862	桃子	五島	絵梨奈 (child era), then あんた	タメ口 (warm, then a 乱暴 break: "うるせえっつってんだろ！／脳みそしか取り柄のないやつは黙れよ！")	0000205F	絵梨奈 (warm, 8:1-3)	the break is a register event (8:24-36); cf. 00000874 child-era row	0000205F	
863	五島	桃子	お姉ちゃん	タメ口 (child, pleading)	0000205F		3p to the mother お姉ちゃん (8:40-45)	0000205F	
864	Goto's mother	五島	絵梨奈	タメ口 (gentle, わ / の)	0000205F		colour ?, inferred (V608); 3p 桃子 = お姉ちゃん	0000205F	
865	春花	unnamed woman doctor (00002066)	none	丁寧	00002066		"はい、ありがとうございます" (8:22)	00002066	
866	unnamed woman doctor (00002066)	春花	none	タメ口 (older woman: わねえ, わ)	00002066		colour ?	00002066	
867	桃子	カズ君 (phone)	カズ君	タメ口 (bright, flattering)	0000206C		only her half heard	0000206C	
868	桃子	マサシさん (phone)	マサシさん	丁寧 (flattering)	0000206C			0000206C	
869	桃子	シンジ君 (phone)	シンジ君	タメ口	0000206C			0000206C	
870	桃子	タカヒロさん (phone)	タカヒロさん	丁寧	0000206C			0000206C	
871	unnamed villager spokesman (00002072)	新村幸太郎	幸太郎君; 君	タメ口 (paternal, probing, then threatening)	00002072		colour ?, V612; 3p 茅萱ちゃん, 夏菜ちゃん, 栄一郎君	00002072	
872	新村幸太郎	unnamed villager spokesman (00002072)	none	丁寧 (はい, 待って下さい, です)	00002072			00002072	
873	unnamed student-council president (0000207E)	五島	五島先輩	丁寧 (bright)	0000207E		3p 古郡先輩, 新村先輩 via 五島	0000207E	
874	五島	unnamed student-council president (0000207E)	none	タメ口 (senior, kind)	0000207E		3p 古郡先輩, 新村先輩	0000207E	
875	長さん / 山さん / regulars	なつみ	なっちゃん	タメ口 (fond, teasing)	00002084			00002084	
876	なつみ	山さん	山さん	丁寧-lite	00002084		"山さんのライターちょうど切れそうだったんで買ってきましたよ"	00002084	
877	店長	なつみ	なっちゃん	タメ口	00002084		――-led cells; 3p 五島桃子さん	00002084	
878	なつみ	お母さん (茜)	ママ	タメ口 (child)	0000208A		child era; later お母さん (000020A8)	0000208A	
879	お母さん (茜)	春花	春花ちゃん	タメ口 (flustered, apologetic)	0000208A		"ごめんね、春花ちゃん……" (8:19)	0000208A	
880	春花	お母さん (茜)	おばさん	タメ口 (child)	0000208A		"ありがとう、おばさん" (8:4)	0000208A	
881	五島	unnamed supervisor 先生 (0000209C)	先生	丁寧	0000209C			0000209C	
882	unnamed supervisor 先生 (0000209C)	五島	五島さん	タメ口 (kind)	0000209C			0000209C	
883	お母さん (茜)	なつみ	なつみ	タメ口 (subdued, apologetic)	000020A8		in prison; 3p 春花ちゃん, 美冬	000020A8	
884	なつみ	お母さん (茜)	お母さん	タメ口 (adult, gentle but direct)	000020A8			000020A8	
885	unnamed professor (000020AE)	五島	五島さん	タメ口 (kind, conspiratorial)	000020AE			000020AE	
886	五島	unnamed professor (000020AE)	教授	丁寧	000020AE			000020AE	
887	春花	サクラ	サクラさん; なあサクラさん	タメ口 (rough: だよ, だろ, さ, 何で…んだよ)	000020B4		after 美冬's death	000020B4	
888	夏菜	サクラ	ママ	タメ口 (child)	000020B4		3p 美冬 = 叔母さん	000020B4	
889	unnamed commander (000020BB)	unnamed young soldier (000020BB)	お前	タメ口 (gruff, joking, protective)	000020BB			000020BB	
890	unnamed young soldier (000020BB)	unnamed commander (000020BB)	none	丁寧 (っす; ですよ)	000020BB		――-led cells, 僕	000020BB	
891	unnamed teacher (000020C6)	夏菜	新村さん	丁寧 (teacher)	000020C6			000020C6	
892	夏菜	unnamed teacher (000020C6)	先生	丁寧	000020C6		3p パパ, ママ	000020C6	
893	なつみ	新村幸太郎	幸太郎さん	タメ口-leaning (allied: "ね？　幸太郎さん？")	000020D8	丁寧 (00000958, 000012AD)	her changed state	000020D8	
894	新村幸太郎	五島	君	タメ口 (calm, cold)	000020D8		3p なつみちゃん, 俺の娘たち	000020D8	
895	五島	なつみ	古郡先輩 / 先輩	丁寧 (frightened)	000020D8			000020D8	
896	なつみ	五島	五島	タメ口 (calm, then threatening: "私がここで五島を殺す")	000020D8			000020D8	
897	夏菜	新村幸太郎	パパ	タメ口	000020D8			000020D8	
898	新村幸太郎	新村夏菜	夏菜	タメ口	000020D8			000020D8	
899	夏菜	五島	五島ちゃん	タメ口 (chirpy, then threatening)	000020DE		self-introduced as 新村夏菜	000020DE	
900	五島	夏菜	none	タメ口 (curt, afraid)	000020DE			000020DE	
901	新村茅萱	夏菜	夏菜	タメ口 (ん…… tic)	000020DE			000020DE	
902	夏菜	新村茅萱	お姉ちゃん	タメ口	000020DE			000020DE	
903	城崎	新村栄一郎	栄一郎君	タメ口 (hearty, drinking)	000020E4		colour ?, 城崎 named by 栄一郎 (8:1)	000020E4	
904	新村栄一郎	城崎	城崎さん	casual 丁寧 (っすよ)	000020E4			000020E4	
905	サクラ	おばさん (新村美冬)	美冬ちゃん	タメ口 (warm)	000020E4		first family meeting	000020E4	
906	おばさん (新村美冬)	サクラ	サクラさん	丁寧 (introduction: 末永くよろしくお願いします)	000020E4		3p 栄一郎さん	000020E4	
907	新村幸太郎	サクラ	サクラ; お前	タメ口 (reassuring)	000020EA		3p 母さん	000020EA	
908	新村茅萱	新村エリカ (ばあちゃん)	おばあちゃん	タメ口 (child, pleading)	000020F0			000020F0	
909	新村エリカ (ばあちゃん)	新村茅萱	茅萱; お前; self ばあちゃん	タメ口 (soothing)	000020F0			000020F0	
910	新村幸太郎	新村エリカ (ばあちゃん)	母さん	タメ口	000020F0			000020F0	
911	chat group (TT, けん, 佐藤さん, しま)	新村茅萱	チガちゃん (3p)	n/a	000020FC			000020FC	
912	サクラ (dead, in the dream)	新村茅萱	茅萱	タメ口 (soft, coaxing)	00002102		REPLAY of 00001EFF:8:22-42	00002102	
913	新村茅萱	サクラ (dead, in the dream)	お母さん	タメ口 (child)	00002102			00002102	
914	新村茅萱	ハナちゃん	ハナちゃん	タメ口 (ん…… tic, gentle)	00002108			00002108	
915	Goto's mother	五島	絵梨奈	タメ口	0000210E		colour ?, inferred (V608)	0000210E	
916	桃子	五島	あんた; 3p 妹	タメ口 (angry, then protective)	0000210E		"そんなとこに妹を行かせられるわけないでしょ！" (8:55)	0000210E	
917	おばさん (新村美冬)	新村夏菜	夏菜ちゃん	タメ口 (gentle)	00002114			00002114	
918	villagers (searchers, 00002127)	新村エリカ (ばあちゃん)	大魔女様	丁寧	00002127			00002127	
919	新村桔梗	桔梗's 父上	父上	丁寧 (daughter to father)	0000212D			0000212D	
920	桔梗's 父上	新村桔梗	桔梗; お前; 桔梗よ	タメ口 (paternal)	0000212D			0000212D	
921	新村晃	新村桔梗	桔梗殿	丁寧 (courteous: 申し訳ない, です)	00002137			00002137	
922	新村桔梗	新村晃	晃様	丁寧 / 敬語 (おっしゃる, お戻りに)	00002137			00002137	
923	新村桔梗	新村晃	晃さん	丁寧 (wife)	0000217A	晃様 (00002137-00002174)	after the wedding and 山籠	0000217A	
924	新村晃	新村桔梗	桔梗	タメ口 (husband: だ, ぞ, な)	0000217A	桔梗殿, 丁寧 (00002137-00002174)	after the wedding and 山籠	0000217A	
925	unnamed child of 桔梗 and 晃	新村桔梗	お母さん	タメ口	0000219F		sex not given	0000219F	
926	篠崎ハジメ	新村桔梗	none, then 新村桔梗さん	丁寧 / 敬語 (参上しました, 恐れ入ります)	000021A5		colour 五島 (V618)	000021A5	
927	新村桔梗	篠崎ハジメ	篠崎さん (3p)	丁寧	000021A5			000021A5	
928	villagers (荒田, 桔梗's era)	新村桔梗	大魔女様	丁寧	000021AB			000021AB	
929	新村晃 (dead; the 女神)	新村桔梗	桔梗; 君	タメ口 (warm, then contemptuous)	000021C3		self 私 (V623)	000021C3	
930	本部長 (土田)	篠崎ハジメ	篠崎君; 君	タメ口 (superior: かね, だろう, 以上だ)	000021CF		colour ?	000021CF	
931	本部長 (土田)	篠崎ハジメ	金崎君; 君	タメ口 (superior, friendly, then manipulative)	000021CF	篠崎君	after the renaming he himself ordered (8:69, 8:190, 8:405)	000021CF	
932	篠崎ハジメ	本部長 (土田)	本部長; あなた (8:87)	丁寧 / 敬語 (one outburst "なぜですか！？")	000021CF		colour 五島 (V618)	000021CF	
933	篠崎ハジメ	his wife (unnamed)	none	タメ口	000021CF			000021CF	
934	his wife (unnamed)	篠崎ハジメ	none	丁寧 (genteel: 下さいな, 言いますの)	000021CF		colour ?	000021CF	
935	篠崎ハジメ	young woman (colour エリカ)	お嬢さん; あなた	丁寧 (old-fashioned "乗りなされ")	000021CF			000021CF	
936	young woman (colour エリカ)	篠崎ハジメ	none	丁寧	000021CF			000021CF	
937	篠崎ハジメ	his grandson (unnamed)	チャー坊	タメ口 (grandfatherly: かい, よ)	000021CF			000021CF	
938	his grandson (unnamed)	篠崎ハジメ	おじいちゃん	タメ口	000021CF		colour ?	000021CF	
939	villagers (荒田, after 桔梗's death)	篠崎ハジメ	この泥棒め	乱暴	000021CF			000021CF	
940	co-worker (unnamed)	篠崎ハジメ	金崎さん	丁寧	000021CF			000021CF	
941	立木三日 (the guide)	新村春花 (another dimension)	あなた	敬語 (わたくし)	000021E2			000021E2	
942	新村春花 (another dimension)	立木三日 (the guide)	お前	タメ口 (rough, cheerful)	000021E2			000021E2	
943	新村春花 (another dimension)	player	あんた	タメ口 (urgent: 頼む)	000021E2			000021E2	
944	立木三日 (the guide)	player	<name> (bare); あなた; あんた; お前 (256:3)	タメ口 (春花's rough voice)	000021E2	<name>様 / 敬語 (00001EB4)	the suffix 様 dropped (256:1-2, 576:13-14, 622:0-1, 628, 1025); V633	000021E2	
945	立木三日 (the guide)	player	<name>さん (3p, 211:17-18)	n/a	000021E2		to なつみ and 五島 of the other dimension, after the merge	000021E2	
946	立木三日 (the guide)	なつみ (another dimension)	なつみ; お前	タメ口 (tearful)	000021E2		colour 春花 (V632)	000021E2	
947	なつみ (another dimension)	立木三日 (the guide)	春花	タメ口 (gentle)	000021E2			000021E2	
948	五島 (another dimension)	立木三日 (the guide)	新村先輩; 先輩	丁寧	000021E2			000021E2	
949	五島 (another dimension)	player	none (この方, 3p)	丁寧	000021E2			000021E2	
950	立木三日 (the guide)	五島	五島絵梨奈 (3p, bare full name)	n/a	00002330			00002330	
951	春花	五島	五島; お前	タメ口 (softer)	00002225			00002225	
952	五島	春花	新村先輩; 先輩	丁寧	00002225			00002225	
953	春花	糸姫	あいつ; そいつ; 糸姫 (3p)	n/a	00002225			00002225	
954	古郡良治	お母さん (茜)	茜; お前	タメ口 (worried)	00002306			00002306	
955	お母さん (茜)	古郡良治	良治君	タメ口 (weak)	00002306			00002306	
956	春花	新村栄一郎 (dead)	お父さん	タメ口 (bargaining, cold)	00002340	この偽物 (000014D7)	in the line where she returns intending the deal	00002340	
957	新村栄一郎 (dead)	春花	春花	タメ口 (cheerful)	00002340		self 僕	00002340	
958	新村栄一郎 (dead)	おばさん (新村美冬)	美冬ちゃん	タメ口 (coaxing)	00002340			00002340	
959	春花	おばさん (新村美冬)	お母さん	タメ口 (coaxing, menacing)	00002340			00002340	
960	春花	五島	五島	タメ口 (cold, coercive)	00002340			00002340	
961	春花	城崎	城崎さん	タメ口	00002340			00002340	
962	春花	なつみ	なつみ; お前	タメ口 (tender)	00002340		なつみ revived as a 神使	00002340	
963	春花	五島 + なつみ	お前ら	タメ口	0000235A			0000235A	
964	桃子	五島	あんた	タメ口 (curt, withdrawing)	000023E7			000023E7	
965	五島	桃子	お姉ちゃん	タメ口 (timid)	000023E7			000023E7	
966	五島	春花	先輩	丁寧, breaking to plain ("待って！　勘違いだから！　先輩！"; "先輩、つらいよね？　苦しいよね？")	0000240C		messages (11:151, 11:153); a speech-level break	0000240C	
967	春花	五島	五島; お前	タメ口 (messages, phone)	0000240C			0000240C	
968	お母さん (茜)	police and callers	none	丁寧 / 敬語 (古郡の妻の茜と申します)	00002420			00002420	
969	パーラー桜色 manager (unnamed)	お母さん (茜)	古郡さん	タメ口	00002420			00002420	
970	おばさん (新村美冬)	お母さん (茜)	茜; あなたたち; あんたたち	タメ口 (hostile)	00002427	茜 (cold, 00000F24)		00002427	
971	お母さん (茜)	おばさん (新村美冬)	none	タメ口 (cold: やっぱりいたのね, 白々しい嘘はやめて)	00002427			00002427	
972	おばさん (新村美冬)	なつみ	なつみちゃん; この魔女 / この獲物 (3p)	タメ口 (soft deceit)	00002427			00002427	
973	春花	五島	五島; お前	タメ口 (dazed)	00002427			00002427	
974	桃子	伊勢	none	乱暴 (うるさい, 黙れ)	0000242E	伊勢さん, 丁寧 (00000F0D)		0000242E	
975	伊勢	桃子	君	タメ口 (orders)	0000242E			0000242E	
976	桃子	police officer (unnamed)	あんた	乱暴	0000242E			0000242E	
977	桃子	五島	絵梨奈; 妹 (3p)	タメ口 (dazed)	0000242E			0000242E	
978	五島	桃子	お姉ちゃん	タメ口 (scolding)	0000242E			0000242E	
979	新村エリカ (ばあちゃん)	新村茅萱	茅萱; お前	タメ口 (grandmotherly: かい, だね)	00002433			00002433	
980	新村茅萱	新村エリカ (ばあちゃん)	おばあちゃん	タメ口 (ん…… opener)	00002433			00002433	
981	新村エリカ (ばあちゃん)	おばさん (新村美冬)	美冬さん (3p)	n/a	00002433			00002433	
982	新村茅萱	おばさん (新村美冬)	おばさん (3p)	n/a	00002433			00002433	
983	サクラ	新村夏菜	夏菜	タメ口	00002433			00002433	
984	新村夏菜	サクラ	ママ	タメ口	00002433			00002433	
985	新村夏菜	新村茅萱	お姉ちゃん	タメ口	00002433			00002433	
986	新村茅萱	春花	春花	タメ口 (phone; ん…… opener)	00002433			00002433	
987	新村茅萱	新村夏菜	夏菜 (bare)	タメ口 with ん…… opener (pleading, then commanding: やめなさい！, 待ちなさい)	00002439		茅萱 narrates (私); 3p 夏菜 / 実の妹 (11:221)	00002439	
988	新村夏菜	新村茅萱	お姉ちゃん	タメ口 (cold, mocking, then weeping; ギシンアンキ)	00002439		stabs her; "お姉ちゃん、裏切ったんだね" (11:228); 3p パパ for 幸太郎, ママ for サクラ	00002439	
989	新村茅萱	新村幸太郎	お父さん (3p)	n/a	00002439		"お父さんに私の動向を知られるわけにはいかない" (11:48)	00002439	
990	新村茅萱	おばさん (新村美冬)	おばさん (3p)	n/a	00002439		"その人――おばさんの頼み" (11:9)	00002439	
991	城崎	瀬正照	お前; 瀬 / こいつ (3p)	タメ口 (angry: ふざけるな, いいかげんにしろよ)	0000243F		grabs his collar (11:99)	0000243F	
992	瀬正照	城崎	城崎; お前	乱暴 (threatening)	0000243F		――-prefixed bare cells, speaker inferred (11:29, 11:95-97)	0000243F	
993	瀬正照	新島香織	香織さん; あんた; 呪われた女め	乱暴	0000243F		cuts her down (11:135-138)	0000243F	
994	新島香織	城崎	ケンちゃん	タメ口 (childlike stretched vowels: 言うとーり, だーけーどー)	0000243F		older than him, nearly 60 (11:126)	0000243F	
995	新島香織	瀬正照	マーくん	タメ口	0000243F		"マーくん……なんで……" (11:136)	0000243F	
996	新島香織	新村茅萱 + 新村夏菜	チーちゃん; カナカナ (3p)	n/a	0000243F		11:124, 11:132	0000243F	
997	城崎	新島香織	香織さん	タメ口 (urgent, caring)	0000243F			0000243F	
998	城崎	百合子	百合子; お前 (inner address)	n/a (thought)	0000243F		"なあ百合子、俺は間違っているよな？" (11:65-66)	0000243F	
999	城崎	新村夏菜 + 新村茅萱	夏菜ちゃん; 茅萱ちゃん (3p)	n/a	0000243F		also サクラちゃん, 幸太郎君 (3p)	0000243F	
1000	城崎	五島	君, then 五島ちゃん (from 00002444:14:289)	タメ口 (gentle, reassuring)	00002444	君 (000013FD)	self 俺; 僕 once in panic (14:148, V653)	00002444	
1001	五島	城崎	あなた; 城崎 (bare, narration), then 城崎さん (from 14:252)	丁寧 (hostile: "人殺し！", "同罪だ！"; then trusting)	00002444	none (000013FD)		00002444	
1002	城崎	お母さん (茜)	奥さん	丁寧	00002444		"バギーは奥さんに貸しますので" (14:498)	00002444	
1003	城崎	古郡良治	旦那さん; then none	丁寧 / タメ口	00002444		"俺と旦那さんとで集落へ行きます" (14:499); later plain	00002444	
1004	古郡良治	城崎	あんた, then 城崎さん	タメ口 (suspicious, then cooperative)	00002444		"おい、あんたは本当に信用できるのか……？" (14:500); "じゃあ城崎さん、案内を頼みたい" (14:505)	00002444	
1005	古郡良治	五島	五島ちゃん	タメ口	00002444			00002444	
1006	お母さん (茜)	五島	五島ちゃん	タメ口 (warm), then cold ("もういい。五島ちゃんはここに残って", "黙れ！")	00002444		slaps her (26:181-186)	00002444	
1007	五島	古郡良治 + お母さん (茜)	おじさん; おばさん	丁寧	00002444			00002444	
1008	古郡良治	お母さん (茜)	茜	タメ口	00002444			00002444	
1009	お母さん (茜)	古郡良治	良治君	タメ口	00002444			00002444	
1010	春花	糸姫	糸 (bare); お前; こいつ (3p)	タメ口 (rough, then protective)	00002444	お前 (000014EE, another route)	"じゃあ、糸って呼ばせてもらうよ" (20:140)	00002444	
1011	糸姫	春花	春花さん; 新村春花さん (first)	丁寧 (お気になさらないで下さい)	00002444			00002444	
1012	糸姫	城崎	城崎健吾さん; この方 (3p)	丁寧 (humble)	00002444		"私が全ての元凶であり、あなたの奥さんを殺した張本人です" (20:484)	00002444	
1013	城崎	糸姫	君; お前; この子 (3p)	タメ口 (cold, threatening)	00002444		fires past her (20:516)	00002444	
1014	糸姫	古郡良治	良治さん (3p)	n/a	00002444			00002444	
1015	五島	糸姫	糸ちゃん	タメ口 (friendly)	00002444		26:360	00002444	
1016	糸姫	五島	五島絵梨奈さん (3p); 五島さん	丁寧	00002444			00002444	
1017	春花	古郡良治	おじさん	タメ口	00002444			00002444	
1018	古郡良治	春花	春花ちゃん	タメ口	00002444			00002444	
1019	城崎	春花	春花ちゃん	タメ口	00002444			00002444	
1020	春花	新村栄一郎 (dead)	お父さん	タメ口 (hostile)	00002444		"何が父親だ！　本物のお父さんがこんなことするわけないだろ！" (32:36)	00002444	
1021	新村栄一郎 (dead)	春花	春花; 君	タメ口 (mocking, self 僕)	00002444			00002444	
1022	新村栄一郎 (dead)	糸姫	糸姫; お前	タメ口 (contempt)	00002444			00002444	
1023	新村栄一郎 (dead)	新村エリカ + 新村幸太郎	母さん; 兄貴 (3p)	n/a	00002444		"母さんと兄貴は集落にいる" (26:484)	00002444	
1024	サクラ (dead)	糸姫	元女神様; 糸姫; あなた	タメ口 (mocking)	00002444			00002444	
1025	サクラ (dead)	なつみ	なつみちゃん	タメ口 (coaxing)	00002444			00002444	
1026	なつみ (神使)	古郡良治 + お母さん (茜)	お父さん; お母さん	タメ口 (calm, bright)	00002444			00002444	
1027	五島	なつみ (神使)	あなた; 古郡先輩 (3p, narration); 異形 (3p)	乱暴 break ("気安く呼ぶな！　先輩の声を出すな！")	00002444		26:180	00002444	
1028	春花	女神 (the core)	お前, then 君 once (32:169); こいつ / そいつ (3p)	タメ口 (gentle, as to a small child)	00002444		V655	00002444	
1029	女神 (the core)	春花	あなた	childlike タメ口 (short: の, ね)	00002444		"できるだけ長生きしてね？" (32:291)	00002444	
1030	桃子	五島	あんた; 絵梨奈 (several times)	タメ口 (awkward, kind)	00002450	あんた (000023E7)	五島: "今日久しぶりに名前呼んでくれたよね" (12:176)	00002450	
1031	五島	桃子	お姉ちゃん	タメ口 (hesitant, grateful)	00002450			00002450	
1032	伊勢	subordinate officer (00002450)	お前	タメ口 (musing, joking)	00002450			00002450	
1033	subordinate officer (00002450)	伊勢	伊勢警部補; 警部補	丁寧 (self 僕)	00002450			00002450	
1034	新村幸太郎	なつみ	なつみちゃん (3p)	n/a	00002457		narration 俺; 城崎さん, サクラ, 茅萱, 夏菜 (3p)	00002457	
1035	新村茅萱	新村幸太郎	お父さん	タメ口 (ん…… opener; fond, practical)	0000245F	お父さん (3p, 00002439)		0000245F	
1036	新村茅萱	おばさん (新村美冬)	おばさん (3p)	n/a	0000245F			0000245F	
1037	おばさん (新村美冬)	新村茅萱	茅萱ちゃん	タメ口	0000245F		colour 春花の母	0000245F	
1038	新村幸太郎	新村茅萱	茅萱	タメ口 (fatherly, brief)	0000245F	茅萱 (low, 0000154E)		0000245F	
1039	新村幸太郎	おばさん (新村美冬)	美冬ちゃん (3p)	n/a	0000245F			0000245F	
1040	サクラ (alive, memory)	新村幸太郎	幸太郎	タメ口 (fiancée, playful: の, よね, ちょうだい)	0000245F		engaged, before the May wedding	0000245F	
1041	新村幸太郎	サクラ (alive, memory)	サクラ	タメ口 (teasing, はは)	0000245F			0000245F	
1042	サクラ (dead)	新村幸太郎	幸太郎	タメ口 (cold, contemptuous: かしら, でしょ, わ; commanding)	00002464	幸太郎 (soft, persuading, 0000154E)	first glare, 00002464:11:36-40	00002464	
1043	新村幸太郎	サクラ (dead)	サクラ	タメ口 (eager, then stammering, submissive)	00002464	サクラ; お前 (desperate, tender, 0000154E)		00002464	
1044	サクラ (dead, memory of 7 years ago)	新村幸太郎	幸太郎	タメ口 (tender, comforting)	00002464			00002464	
1045	新村エリカ (ばあちゃん)	新村幸太郎	幸太郎; お前	タメ口 (worried, then fierce: かい, な-imperatives; slaps him)	0000246E	お前; この大バカ者 (scolding, 00000EDF)		0000246E	
1046	新村幸太郎	新村エリカ (ばあちゃん)	母さん	タメ口 (probing, then broken)	0000246E	母さん (000020F0)		0000246E	
1047	城崎	新村幸太郎	幸太郎君; 君	タメ口 (probing, accusing, then parting "達者で"; 俺)	0000246E	幸太郎君 (accusing, 00002057)		0000246E	
1048	新村幸太郎	城崎	城崎さん	丁寧 (evasive; self 僕 twice, 俺 otherwise)	0000246E	城崎さん (丁寧 turning to threats, 00002057)	V661	0000246E	
1049	城崎	新村エリカ (ばあちゃん)	大魔女様 (3p)	n/a	0000246E			0000246E	
1050	城崎	百合子	百合子 (3p)	n/a	0000246E			0000246E	
1051	サクラ (dead)	城崎 + 春花	城崎さん; 春花 (3p)	n/a	0000246E			0000246E	
1052	新村幸太郎	新村夏菜	夏菜; self パパ	タメ口 (feigned mockery)	00002473	夏菜 (000020D8)	replays 00000E19	00002473	
1053	新村夏菜	新村幸太郎	パパ	タメ口 (accusing)	00002473	パパ (000020D8)		00002473	
1054	新村夏菜	五島 (+ the group)	エリ姉たち	タメ口	00002473			00002473	
1055	新村幸太郎	五島	五島ちゃん; 君; 天才少女	タメ口 (feigned condescension)	00002473	君 (calm, cold, 000020D8)		00002473	
1056	五島	新村幸太郎	幸太郎さん; あなた	丁寧 (interrogating)	00002473	幸太郎さん; あなた (0000154E)		00002473	
1057	新村幸太郎	春花	春花ちゃん; かわいい姪っ子; ガキ	タメ口 (feigned cruelty)	00002473	春花ちゃん (00000AC4)		00002473	
1058	春花	新村幸太郎	幸太郎さん; このクソブタ野郎; この野郎; あいつ (3p)	乱暴 (fight)	00002473		replays 00000E19	00002473	
1059	新村栄一郎 (dead)	新村幸太郎	兄貴	タメ口 (mocking, contemptuous; 僕, 俺 once 11:275)	00002473	兄貴 (stammered, 0000151C)		00002473	
1060	新村幸太郎	新村栄一郎 (dead)	栄一郎	乱暴 (struggling)	00002473	栄一郎 (3p); 化け物 (0000151C)		00002473	
1061	サクラ (dead)	新村幸太郎	幸太郎	タメ口 (mocking: あらあら, バッカみたい; then "愛しているわ")	00002473	幸太郎 (cold, 00002464)		00002473	
1062	新村幸太郎	サクラ (dead)	この化け物; お前; 裏切り者	乱暴 (enraged)	00002473	サクラ (submissive, 00002464)		00002473	
1063	サクラ (dead)	新村栄一郎 (dead)	栄一郎	タメ口 (brisk)	00002473			00002473	
1064	サクラ (dead) + 新村栄一郎 (dead)	糸姫	糸姫 (3p)	n/a	00002473			00002473	
1065	新村茅萱 (child, memory)	新村幸太郎 + サクラ	お父さん; お母さん	タメ口 (ん…… opener)	00002473		at 夏菜's birth	00002473	
1066	新村幸太郎	新村茅萱 (child, memory)	茅萱; こいつめ	タメ口 (teasing)	00002473			00002473	
1067	新村茅萱	新村幸太郎	お父さん	タメ口 (ん……; careful, then pleading)	00002478	お父さん (0000245F)	visit in detention	00002478	
1068	新村幸太郎	新村茅萱	茅萱	raving imperatives	00002478	茅萱 (0000245F)		00002478	
1069	新村幸太郎	新村エリカ (ばあちゃん)	母さん (3p)	n/a	00002478			00002478	
1070	unnamed detention-center officers (00002478)	新村幸太郎	新村 (bare surname)	乱暴 (commands: 立て, やめろ)	00002478			00002478	
1071	unnamed detention-center officers (00002478)	新村茅萱	新村茅萱さん; あなた	丁寧 (formal: ご退室下さい)	00002478			00002478	
1072	新村茅萱	unnamed detention-center officers (00002478)	none	丁寧 ("待って下さい！")	00002478			00002478	
1073	新村茅萱	新村エリカ + 春花 + なつみ + 五島 + 城崎	おばあちゃん; 春花; なつみちゃん; 五島ちゃん; 城崎さん (3p)	n/a	00002478		narration	00002478	
