jp	reading	en	pos	category	first_seen	status	locked	note
古郡なつみ	こごおり なつみ	Natsumi Kogori	name	person	cast-list	provisional	n	from 人物名簿 (agents-only cast list); reading こごおり
新村春花	にいむら はるか	Haruka Niimura	name	person	cast-list	provisional	n	
五島絵梨奈	ごとう えりな	Erina Goto	name	person	cast-list	provisional	n	
古郡茜	こごおり あかね	Akane Kogori	name	person	cast-list	provisional	n	
新村美冬	にいむら みふゆ	Mifuyu Niimura	name	person	cast-list	provisional	n	
古郡良治	こごおり りょうじ	Ryoji Kogori	name	person	cast-list	provisional	n	
五島桃子	ごとう ももこ	Momoko Goto	name	person	cast-list	provisional	n	
新村栄一郎	にいむら えいいちろう	Eiichiro Niimura	name	person	cast-list	provisional	n	
伊勢大二郎	いせ だいじろう	Daijiro Ise	name	person	cast-list	provisional	n	
新村茅萱	にいむら ちがや	Chigaya Niimura	name	person	cast-list	provisional	n	
新村夏菜	にいむら かな	Kana Niimura	name	person	cast-list	provisional	n	
新村幸太郎	にいむら こうたろう	Kotaro Niimura	name	person	cast-list	provisional	n	
新村サクラ	にいむら さくら	Sakura Niimura	name	person	cast-list	provisional	n	katakana given name
新村エリカ	にいむら えりか	Erika Niimura	name	person	cast-list	provisional	n	katakana given name
城崎健吾	しろざき けんご	Kengo Shirozaki	name	person	cast-list	provisional	n	reading しろざき per cast list
皇子	おうじ	the Prince	title	person	cast-list	provisional	n	reading おうじ; title used as a name
湊綱宗	みなとのつなむね	Minato no Tsunamune	name	person	cast-list	provisional	n	historical-style name with の
糸	いと	Ito	name	person	cast-list	provisional	n	
後白河糸織	ごしらかわ いおり	Iori Goshirakawa	name	person	cast-list	provisional	n	reading いおり per cast list
足軽	あしがる	the ashigaru	title	person	cast-list	provisional	n	foot soldier; TN at first occurrence
内府	だいふ	the Minister	title	person	cast-list	provisional	n	court title (Minister of the Center); TN at first occurrence; P18: aligned to notes/v2/GLOSSARY.tsv (ruby reading)
アヴォレ・デュ・マ・ムリュエ		Avore du Ma Muryue	name	person	cast-list	provisional	n	pseudo-French; spelling open -> QUERIES
アヴォレ・デュ・ム・モーメン		Avore du Mu Momen	name	person	cast-list	provisional	n	pseudo-French; spelling open -> QUERIES
アバドーン・アバター		Abaddon Avatar	name	person	cast-list	provisional	n	
死月妖花	しづきようか	Shizuki Youka	title	concept	title	provisional	n	the game title; in-text meaning unknown until read -> reader decides, log in QUERIES
元木町	もときちょう	Motoki-cho	name	place	000001DD:11:5	provisional	n	the town the story is set in; reading もとき vs もとぎ unconfirmed -> Q011
元木高校	もときこうこう	Motoki High School	name	place	000001E1:33:70	provisional	n	
元木高校掲示板		the Motoki High board	name	place	000001E1:33:70	provisional	n	anonymous school BBS; posts are headed 祀耀800年4月8日　HH:MM　匿名
佐波県	さわけん	Sawa Prefecture	name	place	000001DF:11:115	provisional	n	 | reading = Sawa (source RUBY さわ at 000001DF and にしさわ at 000004F9; Q1723, 2026-09-25)
飯沢県	いいざわけん	Iizawa Prefecture	name	place	000001E3:8:103	provisional	n	neighbouring prefecture
女ケ沢市	めがさわ	Megasawa City	name	place	000001E3:8:101	provisional	n	reading unconfirmed -> Q012 | Fable 2026-09-25 (Q012): source RUBY めがさわし at 000001E3; reading = Megasawa
女ケ沢市事件		the Megasawa City murders	name	event	000001E3:8:101	provisional	n	recurring case name; keep one fixed EN | reading swept to Megasawa (Q012, 2026-09-25)
中央公園	ちゅうおうこうえん	Chuo Park	name	place	000001DB:21:4	provisional	n	"Central Park" avoided (NY collision) -> Q032
御神木	ごしんぼく	the goshinboku	name	object	000001E1:33:16	provisional	n	the great sacred cherry in 中央公園; TN at first occurrence
ザッハ	ざっは	Zahha	name	place	000001E3:8:40	provisional	n	family restaurant; "Sacher" also possible -> Q013
祀耀	しよう	Shiyo	name	era	000001E1:33:73	provisional	n	fictional era name; 祀耀800年 = the story present, 祀耀788年 = 12 years earlier -> Q014
四月八日	しがつようか	April 8	name	date	000001DF:11:125	provisional	n	also the game's subtitle; every killing falls on this date
五月六日	ごがつむいか	May 6	name	date	00000024:16:2	provisional	n	the date of the prologue file 00000024
四月病	しがつびょう	April sickness	noun	term	000001DB:15:32	provisional	n	春花's coinage, punning on 五月病; TN needed -> Q009
五月病	ごがつびょう	the May blues	noun	term	000001DB:15:58	provisional	n	the real idiom the pun is built on
桜恐怖症	さくらきょうふしょう	cherry-blossom phobia	noun	term	000001DB:15:140	provisional	n	なつみ's own half-joking label
直感	ちょっかん	intuition	noun	term	000001E3:24:31	provisional	n	なつみ's danger sense; keep ONE EN word throughout
危険予知	きけんよち	danger sense	noun	term	000001E3:24:33	provisional	n	
予知能力	よちのうりょく	precognition	noun	term	000001E3:24:34	provisional	n	
魔女	まじょ	witch	noun	term	00000024:16:27	provisional	n	load-bearing; see Q001
皮剥ぎ	かわはぎ	flaying	noun	term	000001E3:16:2	provisional	n	皮剥ぎ死体 -> "the flayed body"
惨殺死体	ざんさつしたい	brutalized body	noun	term	000001DF:11:115	provisional	n	headline register ; spelling corrected to American (Q1161, Q1966) in the pass-2 review of part 1
神隠し	かみかくし	spiriting-away	noun	term	000001E3:8:114	provisional	n	TN at first occurrence
模倣犯	もほうはん	copycat	noun	term	0000020D:11:32	provisional	n	
愉快犯	ゆかいはん	thrill-killer	noun	term	0000020D:11:31	provisional	n	
鉈	なた	nata	noun	object	0000020D:11:90	provisional	n	heavy single-edged blade; TN at first occurrence, do not say "machete"
鈍器	どんき	blunt weapon	noun	object	0000020D:11:90	provisional	n	
脳挫滅	のうざめつ	crushing of the brain	noun	term	0000020D:11:99	provisional	n	board post wording, not clinical prose
通り魔	とおりま	random attacker	noun	term	0000020D:11:98	provisional	n	
参考人	さんこうにん	person of interest	noun	term	0000020B:12:36	provisional	n	legal term, not "suspect"
霊安室	れいあんしつ	the mortuary	noun	place	0000020B:12:45	provisional	n	
家宅捜索	かたくそうさく	house search	noun	term	00000024:51:11	provisional	n	
聞き込み調査	ききこみちょうさ	door-to-door questioning	noun	term	000001E7:11:11	provisional	n	
自宅待機	じたくたいき	stay-at-home order	noun	term	000001DD:11:37	provisional	n	recurring; keep fixed
担任	たんにん	homeroom teacher	noun	term	000001DD:11:35	provisional	n	
向井	むかい	Mukai	name	person	000001DD:11:35	provisional	n	homeroom teacher of 2年2組; email text only
2年2組		Class 2-2	noun	term	000001DD:11:34	provisional	n	second year, class 2
入学式	にゅうがくしき	the entrance ceremony	noun	term	000001DB:15:2	provisional	n	
桜祭り	さくらまつり	the Cherry Blossom Festival	name	event	000001DB:15:8	provisional	n	
塾	じゅく	cram school	noun	term	000001E5:23:113	provisional	n	
先輩	せんぱい	-senpai / Senpai	noun	address	000001E3:8:12	provisional	n	suffix per STYLE.md; standalone vocative = "Senpai"
旦那	だんな	Boss	noun	address	000001E3:8:30	provisional	n	五島's comic address form for 春花 only -> Q019
御意	ぎょい	As you command	interjection	term	000001E3:8:59	provisional	n	五島's mock-retainer reply -> Q019
作戦	さくせん	Operation	noun	term	000001DB:15:35	provisional	n	五島's running gag: 作戦開始/成功/完遂/失敗 -> Q020
ニカッと		grinned from ear to ear	adverb	term	000001E3:8:18	provisional	n	五島's fixed narration tag, ~8 occurrences; one fixed EN phrase
匿名	とくめい	Anonymous	noun	term	000001E1:33:73	provisional	n	BBS handle in every post header
ノ		o/	interjection	term	000001E1:33:86	provisional	n	raise-your-hand emote -> Q018
ROM専	ロムせん	lurkers	noun	term	000001E1:33:129	provisional	n	board slang
グロ画像	グロがぞう	gore pics	noun	term	000001E1:33:88	provisional	n	board slang
釣り乙	つりおつ	nice bait	interjection	term	0000020D:11:96	provisional	n	board slang
オフ会	オフかい	meetup	noun	term	000001E1:33:122	provisional	n	board slang, from "offline meeting"
シャベッター		Shabetter	name	org	000001E1:33:88	provisional	n	in-fiction Twitter analogue; keep romanized
中略	ちゅうりゃく	(snip)	noun	term	000001E1:33:83	provisional	n	appears as -----(中略)----- between board posts
リファレンス		reference	noun	ui	0000001E:4184:0	provisional	n	in-game codex feature
事典	じてん	encyclopedia	noun	ui	000000F2:845:4	provisional	n	separate feature from リファレンス
雑談	ざつだん	chatter	noun	ui	000000F2:845:5	provisional	n	menu feature name
書簡	しょかん	letters	noun	ui	000000F2:845:10	provisional	n	a reference format, point-gated
ポイント		points	noun	ui	000000F2:845:7	provisional	n	new currency for unlocking 書簡
解禁	かいきん	unlock	noun	ui	0000001E:557:0	provisional	n	解禁シナリオ / 解禁状況 / 解禁条件
概要	がいよう	summary	noun	ui	0000001E:557:4	provisional	n	menu label
呪殺編	じゅさつへん	the Jusatsu Arc	name	title	000000F2:845:2	provisional	n	first volume; rendering open -> Q008
明徴編	めいちょうへん	the Meicho Arc	name	title	000000F2:845:0	provisional	n	second volume; rendering open -> Q008
ドローガ		Droga	name	object	00000024:51:15	provisional	n	label on the syringe; typeset one character per cell -> Q004
ドアスコープ		peephole	noun	object	00000024:51:32	provisional	n	
ガラケー		flip phone	noun	object	000001DB:15:152	provisional	n	なつみ's mother's 10-year-old phone
市外局番	しがいきょくばん	area code	noun	term	000001E7:11:50	provisional	n	
0110		0110	noun	term	0000020B:12:41	provisional	n	last four digits that mark a police-station line; keep the digits
中継	ちゅうけい	live from the scene	noun	term	000001DD:11:14	provisional	n	broadcast register
女子アナ	じょしアナ	the anchorwoman	noun	term	000001DD:11:14	provisional	n	
デビルジャスティス		Devil Justice	name	title	000001DF:11:85	provisional	n	in-fiction film catchphrase 『清き悪魔に転生せよ！　デビルジャスティス！』; fix one EN version
闇の熾天使	やみのしてんし	the Dark Seraph	name	person	000001DF:11:92	provisional	n	rival character in the in-fiction film
ファザコン		daddy's girl	noun	term	000001E3:8:178	provisional	n	春花's jab at なつみ
たこ焼き	たこやき	takoyaki	noun	food	000001DB:15:43	provisional	n	
さきいか		sakiika	noun	food	000001DD:11:143	provisional	n	dried shredded squid; TN at first occurrence
きんぴらごぼう		kinpira gobo	noun	food	000001DB:15:117	provisional	n	
アジの干物	あじのひもの	dried horse mackerel	noun	food	000001DB:15:117	provisional	n	
ドリンクバー		drink bar	noun	term	000001E3:8:55	provisional	n	self-serve drinks station; TN at first occurrence
お面	おめん	a mask	noun	object	000001E5:29:13	provisional	n	glimpsed once, unexplained
あ		Ah	interjection	interjection	000001DB:15:88	provisional	n	FUNCTION: a beat of noticing. Tell: あ before a correction or a realisation is "Oh" ("Oh, right"), not "Ah"; "Ah" is the bookish choice and is wrong for most あ (rev. 2026-09-25, rules audit #2)
あれ？		Huh?	interjection	interjection	00000024:16:15	provisional	n	
うん		Yeah	interjection	interjection	00000024:16:20	provisional	n	agreement; not "Yes"
ううん		No	interjection	interjection	000001DB:15:12	provisional	n	negation; distinguish from うん in EN
ええ		Yes	interjection	interjection	000000F2:851:1	provisional	n	polite register only. FUNCTION: polite assent in です・ます register. Tell: ええ？ with the question mark = surprise -> "Huh?"; casual ええ、そうよ = plain assent -> "Yeah". Neither is this row (rev. 2026-09-25, rules audit #2)
えっと		Um	interjection	interjection	00000024:51:14	provisional	n	FUNCTION: hesitation filler mid-thought. Tell: the speaker is searching for a word, not approaching anyone (あの does that) (rev. 2026-09-25, rules audit #2)
ほら		Look	interjection	interjection	000001DB:15:41	provisional	n	ほらほら = "Come on, come on". FUNCTION: directing attention to something already there. Tell: ほら with something changing hands = "Here", the ほれ function, not this row (rev. 2026-09-25, rules audit #2) | Q1492 (2026-09-25): second FUNCTION, urging someone to move = "Come on" (ほらほら stays "Come on, come on") | Q1883: third FUNCTION, introducing a reason = "You see,"
ねえ		Hey	interjection	interjection	00000024:16:27	provisional	n	soft vocative, なつみ's
よう		Hey	interjection	interjection	000001DB:15:28	provisional	n	春花's greeting; must read rougher than ねえ. FUNCTION: rough attention-getter; the locked row at the foot of this file carries the same EN "Hey" (rev. 2026-09-25, rules audit #13)
はあ		Haah	interjection	interjection	000001DB:15:9	provisional	n	the audible sigh; never render as an asterisked stage direction. FUNCTION: the audible sigh. Tell: はあ？ = incredulous -> "Huh?" / "What?", never the sigh (rev. 2026-09-25, rules audit #2)
ふう		Whew	interjection	interjection	000001E3:24:23	provisional	n	
んん		Mmh	interjection	interjection	00000024:16:13	provisional	n	half-asleep
ん		Hm	interjection	interjection	000001E7:11:52	provisional	n	
あは		Heh	interjection	interjection	000001DB:15:38	provisional	n	なつみ's short laugh
あはは		Ahaha	interjection	interjection	000001DF:11:3	provisional	n	春花's laugh
ふふ		Hee	interjection	interjection	000001E5:35:24	provisional	n	なつみ's quiet laugh
ほほほ		Hohoho	interjection	interjection	000001DD:11:80	provisional	n	春花's mother's laugh
えへへ		Ehehe	interjection	interjection	000001E3:8:146	provisional	n	五島's laugh
おお		Ooh	interjection	interjection	000001E3:8:35	provisional	n	
ほい		Yep?	interjection	interjection	000001E3:8:57	provisional	n	五島's casual acknowledgement
よいしょ		Heave-ho	interjection	interjection	000001DD:11:70	provisional	n	effort grunt; よっこらしょ is the older-sounding variant
そっか		I see	interjection	interjection	000001DB:15:34	provisional	n	FUNCTION: taking in information just given. Tell: it answers something said. そっか？ questioning it is "Really?" (rev. 2026-09-25, rules audit #2)
まあ		Well	interjection	interjection	000001DB:15:33	provisional	n	FUNCTION: a softening concession before a statement. Tell: まあ！ alone = surprise -> "Oh!"; まあまあ calming -> "Now, now". Prescribed here, so never an AI-ism (rev. 2026-09-25, rules audit #2)
おいおい		Hey now	interjection	interjection	000001E3:16:4	provisional	n	春花's
ひ		Eep	interjection	interjection	000001DF:11:145	provisional	n	short scream
うわあ		Whoa	interjection	interjection	000001E3:16:10	provisional	n	
サンキュー		Thanks	interjection	interjection	000001DF:11:56	provisional	n	春花's; keep it casual
じゃな		See ya	interjection	interjection	000001DB:15:43	provisional	n	春花's goodbye
もぐもぐ		nom nom	interjection	sfx	000001E3:8:132	provisional	n	五島 chewing mid-sentence
ごくり		gulp	interjection	sfx	000001E3:8:202	provisional	n	
ぐびぐび		glug glug	interjection	sfx	000001E5:23:6	provisional	n	
くそ		Damn	interjection	interjection	00000024:16:16	provisional	n	春花's profanity ceiling; never stronger
天才少女	てんさいしょうじょ	the genius girl	noun	term	000002F6:11:53	provisional	n	五島's label; she calls it a complex, not a strength. Load-bearing, recurs ~15 times. Keep ONE fixed EN.
呼び捨て	よびすて	calling someone by name with no honorific	noun	term	000002F6:11:50	provisional	n	the meta-term itself is spoken; TN needed -> Q037
大食い	おおぐい	big eater	noun	term	000002F6:11:74	provisional	n	五島's claim; the origin of the ザッハ running gag
皆上市	みなかみし	Minakami City	name	place	000002F8:12:20	provisional	n	capital of 佐波県; reading unconfirmed -> Q038
元木日報	もときにっぽう	the Motoki Daily	name	org	000002F8:12:46	provisional	n	local paper; reading follows Q011
同窓会	どうそうかい	class reunion	noun	term	000002F8:12:1	provisional	n	
花見	はなみ	hanami	noun	term	000002F8:12:31	provisional	n	cherry-blossom viewing; TN at first occurrence
花見客	はなみきゃく	hanami visitor	noun	term	000002F8:12:31	provisional	n	headline register
十三回忌	じゅうさんかいき	the thirteenth-year memorial	noun	term	000002F8:12:78	provisional	n	Buddhist rite, 12 years after a death; TN needed -> Q040
命日	めいにち	the anniversary of a death	noun	term	000002F8:12:77	provisional	n	recurring; keep fixed
海外転勤	かいがいてんきん	an overseas transfer	noun	term	000002F8:12:80	provisional	n	the wording of 春花's lie
単身赴任	たんしんふにん	a posting away from the family	noun	term	000002F8:12:80	provisional	n	
自首	じしゅ	turning oneself in	noun	term	000002FA:27:7	provisional	n	
ツーツー		the dial tone	noun	sfx	000002FA:11:75	provisional	n	the disconnected-line tone
オオカミ男	オオカミおとこ	a werewolf	noun	term	0000033D:11:93	provisional	n	五島's joke; pays off against 満月 at 11:96
満月	まんげつ	a full moon	noun	term	0000033D:11:96	provisional	n	
呪い	のろい	a curse	noun	term	0000034C:11:71	provisional	n	the central term of the arc; keep ONE EN word, never "hex" or "jinx"
紙人形	かみにんぎょう	a paper figure	noun	object	0000034C:11:134	provisional	n	human-shaped cut paper with a name written on it; "paper doll" reads too toy-like
吐瀉物	としゃぶつ	vomit	noun	term	0000034C:11:174	provisional	n	the clinical word; 吐き出したもの is the euphemism it resolves -> Q042
死神	しにがみ	shinigami	noun	term	0000034C:11:199	provisional	n	paired with 魔女 (witch); rendering open -> Q052
魔女狩り	まじょがり	witch hunts	noun	term	0000034C:11:84	provisional	n	
黒魔術	くろまじゅつ	black magic	noun	term	0000034C:11:84	provisional	n	
アリバイ		an alibi	noun	term	0000034C:11:232	provisional	n	
取り調べ	とりしらべ	questioning	noun	term	0000034C:11:234	provisional	n	distinguish from 事情聴取 and 聞き込み調査
スピーカーモード		speakerphone	noun	object	0000034C:11:284	provisional	n	
能面	のうめん	a Noh mask	noun	object	00000366:11:27	provisional	n	load-bearing; matches the お面 of 000001E5:29:13 -> Q043
赤装束	あかしょうぞく	red vestments	noun	object	00000366:11:27	provisional	n	paired with 能面 as 新村-family funeral dress -> Q043
葬儀	そうぎ	the funeral	noun	term	00000366:11:17	provisional	n	
刑事	けいじ	a detective	noun	term	0000037D:11:42	provisional	n	plainclothes; distinct from 警察官
事情聴取	じじょうちょうしゅ	a formal statement	noun	term	0000037D:11:49	provisional	n	
佐波放送	さわほうそう	Sawa Broadcasting	name	org	000003A8:8:5	provisional	n	the prefectural TV station | reading = Sawa (source RUBY さわ at 000001DF and にしさわ at 000004F9; Q1723, 2026-09-25)
緊急手術	きんきゅうしゅじゅつ	emergency surgery	noun	term	000003AE:8:61	provisional	n	
警部補	けいぶほ	Assistant Inspector	noun	term	000003B4:8:14	provisional	n	JP police rank; vocative 警部補殿 -> Q055
巡査部長	じゅんさぶちょう	Sergeant	noun	term	000004A7:11:92	provisional	n	JP police rank -> Q055
元木警察署	もときけいさつしょ	Motoki Police Station	name	place	000003B4:8:8	provisional	n	
元木美少女同好会		the Motoki Bishojo Appreciation Society	name	org	000003B4:8:14	provisional	n	comic; rendering open -> Q048
美少女愛好家	びしょうじょあいこうか	connoisseur of beautiful girls	noun	term	000003B4:8:15	provisional	n	comic register -> Q048
ロリコン	ロリコン	lolicon	noun	term	000003B4:8:17	provisional	n	keep romanized; do not upgrade to a clinical term -> Q048; TN at first occurrence per file: "a taste for very young girls" (Q2202)
監視カメラ	かんしカメラ	security cameras	noun	object	000003B4:8:7	provisional	n	
少年犯罪	しょうねんはんざい	juvenile crime	noun	term	000003B4:8:2	provisional	n	
警察手帳	けいさつてちょう	a police ID	noun	object	000004A7:11:42	provisional	n	the badge-and-card wallet; not "badge" alone
キャリア組	キャリアぐみ	the career track	noun	term	000004A7:11:105	provisional	n	fast-stream police recruits; TN at first occurrence
盗難車	とうなんしゃ	a stolen vehicle	noun	term	000003BC:8:3	provisional	n	
ミニバン		a minivan	noun	object	000003BC:8:6	provisional	n	
屋台	やたい	a food stall	noun	object	000003BC:8:6	provisional	n	the festival stalls at 中央公園
アドレナリン		adrenaline	noun	term	00000460:11:0	provisional	n	
ノルアドレナリン		noradrenaline	noun	term	00000460:11:1	provisional	n	
独り言	ひとりごと	talking to herself	noun	term	00000460:11:27	provisional	n	explicitly named; 五島 uses 敬語 with no addressee
銃刀法違反	じゅうとうほういはん	violating the Firearms and Swords Law	noun	term	00000473:11:53	provisional	n	real JP statute; TN at first occurrence
職務質問	しょくむしつもん	a police stop	noun	term	00000473:11:53	provisional	n	
補導	ほどう	taken into custody	noun	term	00000473:11:53	provisional	n	the juvenile-specific term
かなづち		a hammer	noun	object	00000473:11:49	provisional	n	
カッターナイフ		a box cutter	noun	object	00000473:11:50	provisional	n	not "cutter knife"
レンチ		a wrench	noun	object	00000473:11:50	provisional	n	
荒田集落	あらたしゅうらく	the Arata settlement	name	place	00000488:48:7	provisional	n	named once, in the voice flood; reading unconfirmed -> Q051
麻薬	まやく	narcotics	noun	term	00000488:48:7	provisional	n	one fragment in the voice flood, unexplained
ははは		Hahaha	interjection	interjection	000002FA:11:46	provisional	n	春花's HOLLOW laugh; distinct from her あはは. Must not read as cheerful.
ふうん		Hm	interjection	interjection	000002F6:11:29	provisional	n	non-committal acknowledgement
ほう		Ho	interjection	interjection	000002F6:11:77	provisional	n	春花's approving grunt. FUNCTION: approving grunt. Tell: the line approves of what was just said or shown; elsewhere write the English of the job it does there (rev. 2026-09-25, rules audit #2)
ふむ		Hmm	interjection	interjection	00000460:11:21	provisional	n	五島's thinking noise; ふむーん and ふーむ are the same sound stretched
げほ		Cough	interjection	sfx	0000037D:11:19	provisional	n	げほっ／げほ／っ split across three cells
あっちい		That's hot!	interjection	interjection	0000033D:11:47	provisional	n	春花; a slurred 熱い
いえーい		Yeah!	interjection	interjection	000003A8:8:6	provisional	n	the TV bystanders
ごほん		Ahem	interjection	interjection	000004A7:11:59	provisional	n	伊勢 recovering himself
ぞくっと		a chill went through me	adverb	sfx	0000034C:11:173	provisional	n	五島's narration; not a sound word in EN
ガクガク		shaking	adverb	sfx	00000366:11:106	provisional	n	knees giving way
びしっと		snapped off a salute	adverb	term	000004A7:11:62	provisional	n	五島's fixed salute gesture; one fixed EN phrase
元木駅	もときえき	Motoki Station	name	place	000004BB:16:2	provisional	n	reading follows Q011
津軽弁	つがるべん	the Tsugaru dialect	noun	term	000004BB:16:5	provisional	n	spoken by an Italian TV chef; the joke is the mismatch -> Q070
イケメン		a looker	noun	term	000004BB:8:34	provisional	n	五島's compliment to 伊勢; keep it casual schoolgirl register
JK	ジェーケー	JK	noun	term	000004BB:8:30	provisional	n	slang abbreviation for 女子高生; 五島 uses it about herself; TN at first occurrence
即日宅配サービス	そくじつたくはいサービス	same-day delivery service	noun	term	000004BB:16:47	provisional	n	at 元木駅; about 500 yen
喫煙席	きつえんせき	the smoking section	noun	term	000004BB:8:4	provisional	n	
ソメイヨシノ		Somei Yoshino	name	term	000004CF:12:15	provisional	n	the standard Japanese cherry cultivar; keep romanized, TN at first occurrence
挿し木	さしき	cuttings	noun	term	000004CF:12:15	provisional	n	
接ぎ木	つぎき	grafting	noun	term	000004CF:12:15	provisional	n	
樹齢	じゅれい	tree age	noun	term	000004CF:12:12	provisional	n	樹齢何百年 = "centuries old"
風船	ふうせん	a balloon	noun	object	000004CF:12:61	provisional	n	load-bearing: the balloon なつみ let go, cause of 新村栄一郎's death
夢枕	ゆめまくら	appearing at the dream-pillow	noun	term	000004CF:12:91	provisional	n	a dead person appearing in a dream to deliver a message; TN at first occurrence
メイス		a mace	noun	object	000004E3:27:131	provisional	n	the 死神's second weapon; the JP glosses it as 金属の棍棒 because the word is foreign there -> Q067
棍棒	こんぼう	a club	noun	object	000004E3:27:131	provisional	n	used only to gloss メイス
かりそめの友情	かりそめのゆうじょう	a friendship that was never real	noun	term	000004E3:27:28	provisional	n	recurs at 000004F9:11:23; keep ONE fixed EN
桜岡	さくらおか	Sakuraoka	name	place	000004F9:11:1	provisional	n	the hill station where the chase happens; reading さくらおか stated in-text at 11:7
桜岡駅	さくらおかえき	Sakuraoka Station	name	place	000004F9:11:1	provisional	n	無人駅
桜岡街道	さくらおかかいどう	the Sakuraoka road	name	place	000004F9:11:142	provisional	n	
無人駅	むじんえき	an unstaffed station	noun	place	000004F9:11:1	provisional	n	not "unmanned station"; no staff, no help
西佐波警察	にしさわけいさつ	Nishisawa Police	name	org	000004F9:11:136	provisional	n	the neighbouring jurisdiction; reading follows 佐波県 | reading = Sawa (source RUBY さわ at 000001DF and にしさわ at 000004F9; Q1723, 2026-09-25)
警察無線	けいさつむせん	the police radio	noun	object	000004F9:11:129	provisional	n	its dropouts are marked with ―― -> Q064
つばぜり合い	つばぜりあい	a blade lock	noun	term	000004F9:11:101	provisional	n	swords locked hilt to hilt; here branch against 鉈
独りよがりの正義	ひとりよがりのせいぎ	self-satisfied heroics	noun	term	0000050E:11:132	provisional	n	五島's accusation against 春花; paired with 自己満足 in the same line
ブレーキ痕	ブレーキこん	brake marks	noun	term	00000522:11:4	provisional	n	the detail that contradicts the hit-and-run reading
焼死体	しょうしたい	a body burned to death	noun	term	00000522:11:55	provisional	n	
パトランプ		the patrol car's light bar	noun	object	00000522:11:148	provisional	n	the revolving red light
待合所	まちあいじょ	the waiting area	noun	place	00000522:11:9	provisional	n	hospital
社会復帰	しゃかいふっき	returning to society	noun	term	00000522:11:154	provisional	n	
供花	きょうか	memorial flowers	noun	object	00000538:11:51	provisional	n	
位牌	いはい	a memorial tablet	noun	object	00000538:11:51	provisional	n	無記名の位牌 = unmarked; TN at first occurrence
線香	せんこう	incense	noun	object	00000538:11:51	provisional	n	
死臭	ししゅう	the smell of death	noun	term	00000538:11:2	provisional	n	tied to the crows
火葬	かそう	cremation	noun	term	00000538:11:129	provisional	n	
カラス		crows	noun	term	00000538:11:1	provisional	n	load-bearing; they ring the police station and they are the direct cause of death
干し肉	ほしにく	jerky	noun	term	00000538:11:131	provisional	n	なつみ's simile for her father's cheek
年忌	ねんき	memorial years	noun	term	00000550:11:62	provisional	n	the series of Buddhist death anniversaries; the killings track them -> Q066
三回忌	さんかいき	the third-year memorial	noun	term	00000550:11:64	provisional	n	falls 2 years after the death
七回忌	ななかいき	the seventh-year memorial	noun	term	00000550:11:64	provisional	n	falls 6 years after the death
十回忌	じゅっかいき	the tenth-year memorial	noun	term	00000550:11:65	provisional	n	なつみ doubts it exists; 荒田集落 has it via 十年祭 -> Q066
十年祭	じゅうねんさい	the ten-year rite	noun	term	00000550:11:70	provisional	n	the Shinto equivalent; TN at first occurrence
法要	ほうよう	a memorial service	noun	term	00000550:11:71	provisional	n	
神道	しんとう	Shinto	noun	term	00000550:11:70	provisional	n	
荒田地区	あらたちく	the Arata district	name	place	00000550:11:67	provisional	n	in 飯沢県, northwest; 通称荒田集落; 新村栄一郎's family home -> Q051
中二病	ちゅうにびょう	chunibyo	noun	term	00000564:11:26	provisional	n	the teenage delusions-of-grandeur phase; TN at first occurrence, do not translate as "edgelord"
黒歴史	くろれきし	my dark history	noun	term	00000564:11:27	provisional	n	the embarrassing past one wants erased
ショートメッセージ		a text message	noun	term	00000564:11:29	provisional	n	typeset in straight double quotes -> Q036
死体遺棄	したいいき	abandonment of a corpse	noun	term	00000564:11:182	provisional	n	the JP criminal charge; not "desecration"
緊急逮捕	きんきゅうたいほ	an emergency arrest	noun	term	00000564:11:182	provisional	n	arrest without a warrant; TN at first occurrence
衆人環視	しゅうじんかんし	in front of this many witnesses	noun	term	00000564:11:187	provisional	n	
宗派	しゅうは	a Buddhist sect	noun	term	00000564:11:71	provisional	n	新村家 is said to have an unusual one
ハイエナ		hyena	noun	term	00000564:11:17	provisional	n	春花's name for 五島 when she begs food
非常線	ひじょうせん	a cordon	noun	term	0000057B:11:7	provisional	n	
時報	じほう	the time signal	noun	term	0000057B:11:19	provisional	n	the midnight chime; the same sound as 春花's house clock
失踪	しっそう	a disappearance	noun	term	0000057B:11:37	provisional	n	
広告塔	こうこくとう	an advertising figurehead	noun	term	00000595:11:45	provisional	n	why 五島's cram school is free for her
デラックスピザ		the deluxe pizza	noun	food	00000595:11:14	provisional	n	
タバスコ		Tabasco	noun	food	00000595:11:19	provisional	n	春花 cannot take heat and hands it all over
サービス券	サービスけん	a voucher	noun	object	00000595:11:2	provisional	n	the apology coupons for the late delivery
超炭酸ボンバー	ちょうたんさんボンバー	Ultra Fizz Bomber	noun	food	000005AC:11:40	provisional	n	invented brand; 春花's favourite; recurring -> Q065
炭酸	たんさん	fizz	noun	term	000005AC:11:61	provisional	n	春花's rant word; keep ONE EN noun across the rant
冒涜	ぼうとく	blasphemy	noun	term	000005AC:11:64	provisional	n	春花's word for letting the fizz go flat
はひ		Buh?	interjection	interjection	000004BB:8:20	provisional	n	五島's baffled noise; paired with ふぁあ in one cell
ふぁあ		Hwuh?	interjection	interjection	000004BB:8:20	provisional	n	the waitress's baffled noise; must differ from はひ
ほれ		Here	interjection	interjection	000004CF:12:0	provisional	n	春花's handing-over word; rougher than ほら. FUNCTION: handing something over. Tell: something changes hands in this or the next cell; ほら does this job too and then takes "Here" (rev. 2026-09-25, rules audit #2)
わっはは		Wahaha	interjection	interjection	00000564:11:24	provisional	n	五島 mimicking 春花; a mocking belly laugh, not her own あはは
ぎー		Nnngh	interjection	interjection	00000564:11:27	provisional	n	春花's frustrated squeal
うわーん		Waaah	interjection	interjection	00000522:11:126	provisional	n	五島 bawling like a small child
うひょー		Whoo	interjection	interjection	00000595:11:5	provisional	n	春花's delight at food
ぶあっぺ		Pbbaht	interjection	sfx	000005AC:11:55	provisional	n	春花 sprayed in the face; a mouth-full noise, not a word
さーねー		Who knows	interjection	interjection	000005AC:11:58	provisional	n	なつみ dodging a question; playful, not sincere
ったく		Honestly	interjection	interjection	0000057B:11:96	provisional	n	五島桃子's exasperated opener, clipped from まったく. FUNCTION: exasperated opener. Tell: the line after it complains. Prescribed here, so "Honestly," is not an AI-ism (rev. 2026-09-25, rules audit #2)
キョトン		blank-faced	adverb	term	000005AC:11:74	provisional	n	not understanding what just happened; one fixed EN phrase
ギリッと		gritted	adverb	sfx	00000550:11:81	provisional	n	teeth grinding
ぼそぼそ		mumbling	adverb	sfx	00000538:11:35	provisional	n	伊勢 at the mortuary; also 00000522:11:17
喫茶店	きっさてん	the coffee house	noun	place	000005C1:11:14	provisional	n	the expensive place opposite the cram school; its name プリマベラ is withheld until 00000656:11:13
プリマベラ		Primavera	name	place	00000656:11:13	provisional	n	the coffee house's name, given one file before the end -> Q082
元木成金	もときなりきん	the Motoki new money	noun	term	000005C1:11:53	provisional	n	春花's term for the rich buying up land around the cherry trees
ざます		(rich-lady copula)	particle	term	000005C1:11:40	provisional	n	stereotyped wealthy-madam speech; a class marker, not an accent -> Q074
奥様	おくさま	ma'am	noun	address	000005C1:11:39	provisional	n	the madams address each other this way
チャージ料	チャージりょう	a cover charge	noun	term	000005C1:11:89	provisional	n	300 yen per head; the gag is that neither girl knows the word
ブレンドコーヒー		house blend	noun	food	000005C1:11:70	provisional	n	1200 yen
サービス料	サービスりょう	a service charge	noun	term	000005C1:11:135	provisional	n	春花's next fear after the cover charge
スイーツデラックスセット		the Deluxe Sweets Set	noun	food	000005C1:11:102	provisional	n	shortened to デラックスセット at 00000656:11:15; keep them recognisably the same item
片言	かたこと	broken speech	noun	term	000005C1:11:93	provisional	n	the word is spoken on screen about なつみ's katakana gag -> Q073
ボッタクリ		Rip. Off.	interjection	term	000005C1:11:119	provisional	n	one of the katakana gag lines
梅干し	うめぼし	umeboshi	noun	food	000005C1:11:195	provisional	n	pickled plum; TN at first occurrence
桜もち	さくらもち	sakuramochi	noun	food	000005C1:11:204	provisional	n	the one food なつみ dislikes; the cherry link is the joke
新村タコ	にいむらタコ	the Niimura Octopus	noun	term	000005C1:11:270	provisional	n	五島 squashing 春花's cheeks
ぐぬぬ		Nnngh	interjection	interjection	000005C1:11:280	provisional	n	losing an argument; 春花 here, なつみ at 00000600:19:43
なーんだ		Ohhh	interjection	interjection	000005C1:11:224	provisional	n	五島, mock-disappointed
おほほほ		Ohohoho	interjection	interjection	000005C1:11:40	provisional	n	the madams' laugh; must differ from 新村美冬's ほほほ
ひひひ		Hehheh	interjection	interjection	000005C1:21:182	provisional	n	五島 gloating; appears in the [21] variant only
むにっと		squish	adverb	sfx	000005C1:11:269	provisional	n	
へなへな		went limp	adverb	sfx	000005C1:11:246	provisional	n	
もごもご		mumbling	adverb	sfx	000005C1:11:222	provisional	n	春花 evading; must differ from 伊勢's ぼそぼそ
じーっと		staring	adverb	sfx	000005C1:11:223	provisional	n	五島's unblinking look
盗聴器	とうちょうき	a listening device	noun	object	000005D6:11:165	provisional	n	not "bug" at first use; it is the hinge of two files
捜索願	そうさくねがい	a missing-person report	noun	term	000005D6:11:81	provisional	n	
ツインテール		twintails	noun	term	000005D6:11:149	provisional	n	五島's hairstyle change; keep the loanword
しー		Shh	interjection	interjection	000005D6:11:146	provisional	n	
ぬおおおおおお		Nnnghoooo	interjection	interjection	000005D6:11:150	provisional	n	伊勢 overcome
ずばり		Straight out	interjection	term	000005D6:11:100	provisional	n	both 伊勢 and 五島 use it to open a blunt question
ぎゃはは		Gyahaha	interjection	interjection	000005D6:11:56	provisional	n	五島 being tickled; rougher than her えへへ
かけ湯	かけゆ	rinsing off before getting in	noun	term	000005EB:11:7	provisional	n	bath etiquette; TN at first occurrence
エロ親父	エロおやじ	dirty old man	noun	term	000005EB:11:63	provisional	n	春花 to 五島
ちんちくりん		shrimp	noun	term	000005EB:11:81	provisional	n	なつみ's jab at 五島's height; recurs at 00000656:11:44
幼児体型	ようじたいけい	a child's build	noun	term	000005EB:11:70	provisional	n	
ボッチ		a loner	noun	term	000005EB:11:88	provisional	n	slang, clipped from 独りぼっち
着痩せ	きやせ	looking smaller in clothes	noun	term	000005EB:11:61	provisional	n	
修羅	しゅら	the demon	noun	term	000005EB:11:102	provisional	n	Buddhist ashura, used comically for なつみ's rage register -> Q077
なっはっは		Nahaha	interjection	interjection	000005EB:11:57	provisional	n	五島's triumphant laugh
ぷはあ		Pwah	interjection	interjection	000005EB:11:37	provisional	n	surfacing from water
計画通り	けいかくどおり	Just as planned	noun	term	00000600:15:0	provisional	n	set one character per line inside one cell -> Q076
桜寿司	さくらずし	Sakura Sushi	name	place	00000600:11:13	provisional	n	the high-end sushi restaurant
特上	とくじょう	the top grade	noun	food	00000600:11:13	provisional	n	the most expensive platter
いくら		ikura	noun	food	00000600:11:23	provisional	n	salmon roe; the text glosses it as Russian for "fish eggs"
軍艦	ぐんかん	a gunkan roll	noun	food	00000600:11:19	provisional	n	ウニの軍艦; TN at first occurrence
かっぱ巻き	かっぱまき	kappa roll	noun	food	00000600:11:22	provisional	n	
わさび		wasabi	noun	food	00000600:11:54	provisional	n	
安曇野	あづみの	Azumino	name	place	00000600:11:56	provisional	n	in 長野県; a real wasabi-growing region
オタサーの姫	オタサーのひめ	the princess of the nerd club	noun	term	00000600:19:38	provisional	n	internet slang; TN at first occurrence
チチタンク		tit-tanks	noun	term	00000600:19:18	provisional	n	an invented compound insult from なつみ's 修羅 register -> Q077
ガキ大将	ガキだいしょう	the neighbourhood bully	noun	term	00000600:19:37	provisional	n	
バレー部	バレーぶ	the volleyball club	noun	term	00000617:8:43	provisional	n	なつみ's middle-school club; where she and 五島 met
顧問	こもん	the club's teacher	noun	term	00000617:8:47	provisional	n	not "adviser"; he coaches and shouts
レギュラー		a starting place	noun	term	00000617:8:135	provisional	n	the first-team spot なつみ trains for; keep ONE fixed EN
レギュラー選考	レギュラーせんこう	the selection trial	noun	term	00000617:8:181	provisional	n	held on 四月六日
保健室	ほけんしつ	the nurse's room	noun	place	00000617:8:194	provisional	n	
四月六日	しがつむいか	April 6	name	date	00000617:8:181	provisional	n	the selection trial; also the date on 古郡良治's letter
二人三脚	ににんさんきゃく	the two of us in step	noun	term	0000062C:11:15	provisional	n	idiom, literally a three-legged race; do not render it as the race
おとり		bait	noun	term	0000062C:11:79	provisional	n	なつみ's word for her own position
悪魔	あくま	a demon	noun	term	0000062C:11:94	provisional	n	春花's word for the 死神; keep distinct from 死神 and 修羅
停電	ていでん	a blackout	noun	term	0000062C:19:31	provisional	n	
怪人	かいじん	the figure	noun	term	0000062C:19:39	provisional	n	the narration's unquoted word for the masked killer -> Q052
排水パイプ	はいすいパイプ	the drainpipe	noun	object	0000062C:19:59	provisional	n	
ちくしょう		Dammit	interjection	interjection	0000062C:19:45	provisional	n	伊勢 under fire; one notch above his くそ and still his ceiling
防弾チョッキ	ぼうだんチョッキ	a bulletproof vest	noun	object	00000641:11:106	provisional	n	
殺人未遂	さつじんみすい	attempted murder	noun	term	00000641:11:111	provisional	n	the JP charge
殺人罪	さつじんざい	murder	noun	term	00000641:11:112	provisional	n	the JP charge
テレパシー		telepathy	noun	term	00000641:11:10	provisional	n	なつみ's own hypothesis about her 直感, not a fact
表情筋	ひょうじょうきん	the muscles of the face	noun	term	00000641:11:62	provisional	n	a clinical word used of a skinned face; keep it clinical
脱臼	だっきゅう	a dislocation	noun	term	00000656:11:38	provisional	n	なつみ's left elbow
新村本家	にいむらほんけ	the main Niimura house	name	place	00000656:11:31	provisional	n	in 荒田集落; where 春花 is sent
豊岳駅	とよたけえき	Toyotake Station	name	place	00000656:11:173	provisional	n	reading unconfirmed -> Q086
女神様	めがみさま	the Goddess	name	person	00000656:11:180	provisional	n	named once, in the closing phone call, with a 預言 attached -> Q087
預言	よげん	a revelation	noun	term	00000656:11:180	provisional	n	the 預 spelling, not 予言; keep it distinct from なつみ's 予知能力
呪殺	じゅさつ	a curse-killing	noun	term	00000656:11:186	provisional	n	the in-world word, first on screen here; the same word as the arc title 呪殺編 -> Q008, Q081
氷山の一角	ひょうざんのいっかく	the tip of the iceberg	noun	term	00000656:11:169	provisional	n	
検死	けんし	the post-mortem	noun	term	00000656:11:140	provisional	n	五島's objection is that it took ten days
すり替え	すりかえ	a swap	noun	term	00000656:11:143	provisional	n	五島's suspicion about 古郡茜's body
ぐす		sniff	interjection	interjection	00000656:11:46	provisional	n	五島 crying mid-sentence; write the sniff, never an asterisked stage direction
ヒィ		hhh	interjection	sfx	00000641:11:42	provisional	n	breath forced through a throat that cannot form words; not a laugh
花より団子	はなよりだんご	dumplings over blossoms	noun	term	0000066B:11:7	provisional	n	proverb; TN at first occurrence
値切り	ねぎり	haggling	noun	term	0000066B:11:13	provisional	n	
ちゅうもーーく		A-tteeen-tion	interjection	interjection	0000066B:11:0	provisional	n	五島 shouting; typeset OUTSIDE 「」 while the lines after it are inside
御子神	みこがみ	Mikogami	name	person	00000682:11:41	provisional	n	the bullied classmate 春花 defends; reading unconfirmed -> Q107
児童養護施設	じどうようごしせつ	a children's home	noun	place	00000682:11:23	provisional	n	the institution 春花 lives in while her mother is hospitalised
七海荘	ななみそう	Nanamiso	name	place	00000682:11:37	provisional	n	the run-down apartment building in 女ケ沢市; reading unconfirmed
おまじない		a charm	noun	term	00000682:11:30	provisional	n	the innocent word; the backstory is the slide from おまじない to 呪い -> Q089
のろいのせかい		The World of Curses	name	title	00000682:11:79	provisional	n	a children's book, title written entirely in hiragana -> Q090
邪教	じゃきょう	a false religion	noun	term	00000682:11:42	provisional	n	what the other children call 御子神's family's faith
邪教徒	じゃきょうと	a cultist	noun	term	00000682:11:154	provisional	n	the middle-school taunt aimed at 春花
教団	きょうだん	the congregation	noun	term	00000682:11:165	provisional	n	「はい教団かいさーん！」, a jeer
カルト教団	カルトきょうだん	a cult	noun	term	00000682:11:121	provisional	n	女ケ沢市's past
宗教都市	しゅうきょうとし	a religious city	noun	term	00000682:11:121	provisional	n	what 女ケ沢市 used to be; the reason curses are hated there
モンスターペアレント		a monster parent	noun	term	00000682:11:52	provisional	n	JP wasei-eigo for an abusive parent; TN at first occurrence
PTA役員	ピーティーエーやくいん	a PTA officer	noun	term	00000682:11:51	provisional	n	
PTA会長	ピーティーエーかいちょう	the PTA chairman	noun	term	00000682:11:122	provisional	n	one of the two adults killed at the 七回忌
転校勧告	てんこうかんこく	an order to transfer schools	noun	term	00000682:11:182	provisional	n	issued to 春花 and her mother by the local authority
掟	おきて	the law	noun	term	00000682:11:190	provisional	n	荒田集落's; written with ruby-residue spaces -> Q010
遺影	いえい	the memorial portrait	noun	object	00000682:11:211	provisional	n	the framed photograph of the dead
葉桜	はざくら	the cherry in leaf	noun	term	00000682:11:26	provisional	n	a cherry tree after the blossom has gone; TN at first occurrence
劇薬	げきやく	a caustic poison	noun	term	00000682:11:143	provisional	n	poured into the teacher's mouth
野犬	やけん	stray dogs	noun	term	00000682:11:178	provisional	n	
腸	はらわた	the intestines	noun	term	00000682:11:177	provisional	n	reading はらわた, not ちょう; spaced in the source as ruby residue -> Q010
療養	りょうよう	convalescence	noun	term	00000682:11:21	provisional	n	the reason for the move to 女ケ沢市
児童書	じどうしょ	a children's book	noun	term	00000682:11:80	provisional	n	
悪魔召喚	あくましょうかん	demon summoning	noun	term	00000682:11:80	provisional	n	in the children's book
給食費	きゅうしょくひ	the school lunch money	noun	term	00000682:11:125	provisional	n	what 春花 was accused of stealing
ご先祖様	ごせんぞさま	the ancestors	noun	term	00000682:11:89	provisional	n	the curse is addressed to them, not to a god
四月九日	しがつここのか	April 9	name	date	00000682:11:176	provisional	n	the morning the 十回忌 bodies were found
罵詈雑言	ばりぞうごん	abuse	noun	term	00000682:11:156	provisional	n	
谷崎	たにざき	Tanizaki	name	person	00000697:8:46	provisional	n	homeroom teacher of 3年1組; email text only; his Japanese is wrong on purpose -> Q088
3年1組		Class 3-1	noun	term	00000697:8:46	provisional	n	春花's class; she is a third-year, なつみ a second-year -> Q105
若作り	わかづくり	dressing young	noun	term	00000697:8:140	provisional	n	新村美冬's habit; the word is used about her three times
醜男	ぶおとこ	an ugly man	noun	term	00000697:8:145	provisional	n	春花's own word for her father; keep it blunt
馴れ初め	なれそめ	how they met	noun	term	00000697:8:146	provisional	n	
正社員登用	せいしゃいんとうよう	conversion to a permanent job	noun	term	00000697:8:183	provisional	n	春花's plan instead of university
二度寝	にどね	going back to sleep	noun	term	00000697:8:6	provisional	n	
転送メール	てんそうメール	a forwarded email	noun	term	00000697:8:44	provisional	n	
食あたり	しょくあたり	food poisoning	noun	term	00000697:8:71	provisional	n	春花's cover story and her real symptom
特選海鮮御膳	とくせんかいせんごぜん	the Select Seafood Set	noun	food	000006B2:8:67	provisional	n	五島's forfeit demand at 桜寿司; distinct from 特上
配信サイト	はいしんサイト	a streaming site	noun	term	000006C9:8:133	provisional	n	
秤	はかり	the kitchen scale	noun	object	000006C9:8:143	provisional	n	how the listening device is found; spaced in the source as ruby residue -> Q010
ウンがついた		got some luck on you	interjection	term	000006C9:8:117	provisional	n	a pun on 運 (luck) and ウン (excrement) -> Q092
ぶえっくしょん		Hbbtchoo	interjection	sfx	000006C9:8:98	provisional	n	五島's fake sneeze; the cell ends on a stray 「い」 -> Q101
抜き足	ぬきあし	on tiptoe	adverb	term	000006C9:8:163	provisional	n	
フレンドGPS		Friend GPS	name	object	000006E0:16:56	provisional	n	the pre-installed locator app on all three phones
ロシアンたこ焼き	ロシアンたこやき	Russian takoyaki	noun	food	000006E0:16:132	provisional	n	roulette takoyaki; built on ロシアンルーレット, keep the Russian
抹茶ラテ	まっちゃラテ	matcha latte	noun	food	000006E0:16:17	provisional	n	
スリーサイズ		her three sizes	noun	term	000006E0:16:126	provisional	n	JP wasei-eigo for bust-waist-hip; TN at first occurrence
カップ数	カップすう	cup size	noun	term	000006E0:16:126	provisional	n	
セクハラ親父	セクハラおやじ	creepy old man	noun	term	000006E0:16:108	provisional	n	春花 to 五島; distinct from エロ親父 at 000005EB:11:63
ヴォリュゥミィ		voluuuminous	noun	term	000006E0:16:110	provisional	n	an English loanword stretched over six kana; the stretch is the joke -> Q094
もみもみ		squeeze squeeze	adverb	sfx	000006E0:16:107	provisional	n	
ウニウニ		wriggling	adverb	sfx	000006E0:16:116	provisional	n	五島's fingers; recurs at 00000761:8:83
呼び出しボタン	よびだしボタン	the call button	noun	object	000006E0:16:143	provisional	n	the table buzzer at a family restaurant
ブラック・デス・デビル・ペッパー		Black Death Devil Pepper	name	food	000006F9:17:39	provisional	n	abbreviated BDDP at 00000761:8:20; the EN name must abbreviate the same way -> Q103
ハバネロ		habanero	noun	food	000006F9:17:35	provisional	n	
和がらし	わがらし	Japanese mustard	noun	food	000006F9:17:37	provisional	n	not English mustard; TN at first occurrence
スコヴィル		Scoville	noun	term	000006F9:17:142	provisional	n	the heat scale; the numbers must stay correct -> Q099
カプサイシン		capsaicin	noun	term	000006F9:17:142	provisional	n	
棺桶	かんおけ	a coffin	noun	object	000006F9:17:8	provisional	n	the takoyaki is served in one, on the anniversary of a death
陽動	ようどう	a feint	noun	term	000006F9:17:265	provisional	n	なつみ's word for her own play
鬼才少女	きさいしょうじょ	the wicked-genius girl	noun	term	000006F9:11:5	provisional	n	春花's self-title; must read as a riff on 天才少女 -> Q098
修羅少女	しゅらしょうじょ	the demon girl	noun	term	000006F9:11:4	provisional	n	春花's title for なつみ's rage register -> Q077, Q098
北海道	ほっかいどう	Hokkaido	name	place	000006B2:8:16	provisional	n	
富良野市	ふらのし	Furano	name	place	000006F9:17:232	provisional	n	in 北海道; melons and pumpkins
つまようじ		a toothpick	noun	object	000006F9:17:73	provisional	n	banned at the takoyaki table
じゃんけん		janken	noun	term	000006F9:17:55	provisional	n	rock-paper-scissors; TN at first occurrence
ちっ		Tch	interjection	interjection	000006F9:17:57	provisional	n	五島's tongue click; the narration calls it 舌打ち
ぎゃああああ		Gyaaaah	interjection	interjection	000006F9:17:173	provisional	n	五島 burned; distinct from her ぎゃはは
実行犯	じっこうはん	the one who carried it out	noun	term	00000716:8:100	provisional	n	the person who does the killing for someone else; not "accomplice"
代理殺人	だいりさつじん	a proxy killing	noun	term	00000716:8:107	provisional	n	
アリバイ工作	アリバイこうさく	alibi construction	noun	term	00000716:8:69	provisional	n	
サイコパス		a psychopath	noun	term	00000716:8:66	provisional	n	
快楽殺人者	かいらくさつじんしゃ	a pleasure killer	noun	term	00000716:8:66	provisional	n	
遺留品	いりゅうひん	items left at the scene	noun	term	00000716:8:66	provisional	n	
主犯格	しゅはんかく	the ringleader	noun	term	00000749:8:34	provisional	n	
仲間割れ	なかまわれ	a falling-out	noun	term	00000731:8:129	provisional	n	
ツギハギ		patchwork	noun	term	00000731:8:105	provisional	n	五島's word for the state of today's crime
地雷を踏む	じらいをふむ	stepping on a mine	noun	term	00000731:8:62	provisional	n	idiom; keep the mine
嫁入り	よめいり	marrying into a family	noun	term	00000749:8:41	provisional	n	the outsider bride is welcomed extravagantly in 荒田集落
嫁入り条件	よめいりじょうけん	the conditions for marrying in	noun	term	00000749:8:45	provisional	n	五島 asks; nobody answers
はみ出し者	はみだしもの	outcasts	noun	term	00000749:8:41	provisional	n	the village's own account of its ancestors
終着駅	しゅうちゃくえき	the terminus	noun	place	00000749:8:75	provisional	n	the last station before the walk into the mountains
冠婚葬祭	かんこんそうさい	weddings and funerals	noun	term	00000749:8:59	provisional	n	the occasions nobody in the village may miss
排他的	はいたてき	closed to outsiders	adjective	term	00000749:8:43	provisional	n	
帰省	きせい	going back to the family home	noun	term	00000749:8:39	provisional	n	
狩り	かり	hunting	noun	term	00000749:8:76	provisional	n	how the village feeds itself
カマ		a scythe	noun	object	00000749:8:25	provisional	n	the standard image of a 死神 that 五島 expects, against the village's 能面 -> Q052
BDDP		BDDP	name	food	00000761:8:20	provisional	n	the four-letter short form of ブラック・デス・デビル・ペッパー -> Q103
戦友	せんゆう	comrade-in-arms	noun	term	00000761:8:15	provisional	n	なつみ's word for 春花 in the old-soldier gag
谷間	たにま	cleavage	noun	term	00000761:8:96	provisional	n	
メジャー		a tape measure	noun	object	00000761:8:76	provisional	n	not "major"; the loanword means the tape
リンゴジュース		apple juice	noun	food	00000761:8:24	provisional	n	
肩を貸す	かたをかす	taking her weight	noun	term	00000761:8:23	provisional	n	recurs at 8:160; the same gesture twice, once comic and once not
金井美冬	かない みふゆ	Mifuyu Kanai	name	person	000007BC:8:254	provisional	n	新村美冬's maiden name; used ONLY in orders 61-65, before her marriage. EN must not use "Niimura" in those files -> Q110
大魔女	だいまじょ	the Great Witch	title	person	00000779:8:43	provisional	n	head of 荒田集落 and 新村栄一郎's mother; addressed as 大魔女様. Introduced affectionately at 00000801:8:40 -> Q109
外崎	とざき	Tozaki	name	person	00000874:11:98	provisional	n	古郡茜's parents' house; reading unconfirmed -> Q111
レボハイツ	—	Rebo Heights	name	place	00000779:8:1	provisional	n	the block of flats where 古郡家 and 新村家 live
元木山	もとぎやま	Mount Motoki	name	place	00000818:11:126	provisional	n	roast-potato stall near the summit
イタリアン居酒屋	—	an Italian izakaya	noun	place	000007D3:11:1	provisional	n	
小面	こおもて	a koomote mask	noun	term	00000779:8:37	provisional	n	the young-woman Noh mask 新村美冬 wears
老女の能面	ろうじょののうめん	an old woman's Noh mask	noun	term	00000779:8:37	provisional	n	the second figure's mask; the contrast is the reveal
信頼できる人	しんらいできるひと	the "trustworthy person"	noun	term	000008A2:8:130	provisional	n	always in 『』, never identified -> Q118
神官	しんかん	a priest	noun	term	000008A2:8:85	provisional	n	the word used to redefine 魔女 in 荒田集落 usage -> Q119
標語	ひょうご	the motto	noun	term	00000779:8:50	provisional	n	「1人はみんなのために。みんなは1人のために」, given as 荒田集落's and then as 新村家's
婚姻式	こんいんしき	the marriage rite	noun	term	00000779:8:57	provisional	n	held inside 荒田集落; outsiders barred
殺人教唆	さつじんきょうさ	incitement to murder	noun	term	00000779:8:105	provisional	n	
婦警	ふけい	a policewoman	noun	term	00000779:8:107	provisional	n	
報道規制	ほうどうきせい	a press blackout	noun	term	000007A5:8:16	provisional	n	
極刑	きょっけい	the maximum penalty	noun	term	000007A5:8:61	provisional	n	the text avoids 死刑 until 8:131
面会	めんかい	a visit	noun	term	000007A5:8:59	provisional	n	prison visiting
ゴールデンウィーク	—	Golden Week	name	term	000007A5:8:55	provisional	n	
引っ越し祝い	ひっこしいわい	a housewarming gift	noun	term	000007A5:8:14	provisional	n	
心中	しんじゅう	a double suicide	noun	term	000007A5:8:76	provisional	n	mother and daughter; also 00000874:11:42
合コン	ごうコン	a group date	noun	term	000007D3:11:9	provisional	n	
双子の兄貴	ふたごのあにき	my twin brother	noun	term	000007D3:11:224	provisional	n	新村栄一郎 has an identical twin; never named, never seen again
お好み焼き	おこのみやき	okonomiyaki	noun	food	000007EA:11:83	provisional	n	
焼き芋	やきいも	a roast sweet potato	noun	food	00000818:11:128	provisional	n	
大ウシガエル	おおウシガエル	a giant bullfrog	noun	food	00000801:8:79	provisional	n	caught, killed and butchered by hand in 荒田集落
悪阻	つわり	morning sickness	noun	term	00000818:11:59	provisional	n	
養子	ようし	an adopted child	noun	term	00000818:11:76	provisional	n	
代理母	だいりはは	a surrogate	noun	term	00000818:11:82	provisional	n	
年子	としご	born a year apart	noun	term	00000818:11:247	provisional	n	春花 and なつみ are 年子の姉妹
紙芝居	かみしばい	kamishibai	noun	term	0000082F:11:44	provisional	n	the paper-theatre man who hands out the balloons
花見休暇	はなみきゅうか	blossom leave	noun	term	0000082F:11:5	provisional	n	
自我崩壊	じがほうかい	a breakdown of the self	noun	term	0000082F:11:71	provisional	n	栄一郎 on what losing 春花 would do to 美冬
常夜灯	じょうやとう	the night-light	noun	term	0000088B:16:26	provisional	n	
試作機	しさくき	a prototype	noun	term	00000846:11:43	provisional	n	古郡良治 builds mobile-phone prototypes
半導体	はんどうたい	a semiconductor	noun	term	00000846:11:47	provisional	n	
筐体	きょうたい	the casing	noun	term	00000846:11:47	provisional	n	
情報部	じょうほうぶ	the software department	noun	term	00000846:11:124	provisional	n	
社用車	しゃようしゃ	the company car	noun	term	00000846:11:58	provisional	n	
有給	ゆうきゅう	paid leave	noun	term	0000088B:35:9	provisional	n	
消印	けしいん	a postmark	noun	term	00000874:11:104	provisional	n	its absence is the clue
公衆電話	こうしゅうでんわ	a payphone	noun	term	00000874:11:107	provisional	n	
ターゲット	—	the target	noun	term	00000874:11:53	provisional	n	katakana, used of two primary-school children inside a careful 丁寧 letter
男手	おとこで	a man's hands	noun	term	00000874:11:51	provisional	n	
密通者	みっつうしゃ	an informant	noun	term	000008A2:8:115	provisional	n	良治's word for whoever inside 荒田 is helping
火事場の馬鹿力	かじばのばかぢから	hysterical strength	noun	term	000008A2:8:47	provisional	n	
リミッター	—	the limiter	noun	term	000008A2:8:47	provisional	n	筋肉のリミッターを外す
ドーピング薬	ドーピングやく	a doping drug	noun	term	000008A2:8:46	provisional	n	茜's word for it, not 美冬's
注射器	ちゅうしゃき	a syringe	noun	term	00000779:8:6	provisional	n	
浮浪者	ふろうしゃ	vagrants	noun	term	000008A2:8:61	provisional	n	
西洋人	せいようじん	Westerners	noun	term	000008A2:8:61	provisional	n	
大名	だいみょう	a daimyo	noun	term	000008A2:8:64	provisional	n	
山賊	さんぞく	bandits	noun	term	000008A2:8:64	provisional	n	
当たり	あたり	the hit	noun	term	0000085D:11:80	provisional	n	the spicy takoyaki; the child なつみ calls the loser 当たり and the staff call it はずれ. Keep them opposite -> Q122
はずれ	—	the miss	noun	term	0000085D:11:86	provisional	n	paired with 当たり
激辛	げきから	fiery-hot	noun	term	0000085D:11:84	provisional	n	
肩車	かたぐるま	a shoulder ride	noun	term	0000085D:11:39	provisional	n	
入学祝	にゅうがくいわい	an entrance present	noun	term	0000085D:11:63	provisional	n	
自己紹介	じこしょうかい	a self-introduction	noun	term	0000085D:11:6	provisional	n	the six-year-old cannot get the word out
うぎゅ	—	Uugh	interjection	interjection	000007BC:8:20	provisional	n	金井美冬's 口癖, named as such at 8:198 and banned as a game; ~40 occurrences. Whining, not disgust -> Q114
ブフッ	—	Pfft	interjection	interjection	000007BC:8:120	provisional	n	古郡茜's suppressed laugh; ブフフ／ブフホッ／ブフフフホッ extend the same syllable. Only ever in front of 美冬
あいよー	—	Righto	interjection	interjection	00000818:11:131	provisional	n	the roast-potato seller
んま	—	Well, really	interjection	interjection	000007D3:11:271	provisional	n	金井美冬's prim shock
せーの	—	One, two	interjection	interjection	0000085D:11:179	provisional	n	three speakers say it in one cell -> Q044
あーん	—	Say aah	interjection	interjection	0000085D:11:128	provisional	n	
あーい	—	'Kay	interjection	interjection	00000801:8:177	provisional	n	toddler 五島桃子
ひっく	—	hic	interjection	interjection	000007EA:11:99	provisional	n	新村栄一郎's sobbing, with うぐ and ううう
ほちい	—	wan'	adjective	term	00000801:8:163	provisional	n	toddler for ほしい; the whole line is baby-mangled
はふはふ	—	huffing at the heat	adverb	term	00000818:11:183	provisional	n	
ヒョコヒョコ	—	hobbling	adverb	term	0000082F:11:84	provisional	n	新村栄一郎's walk; his bad leg
ズーン	—	slumped	adverb	term	000007D3:11:129	provisional	n	used of both of them in consecutive cells
ドタドタ	—	thudding	adverb	term	00000779:8:104	provisional	n	
よちよち	—	toddling	adverb	term	00000801:8:165	provisional	n	
指示書	しじしょ	the instruction sheet	noun	term	000008B9:29:65	provisional	n	
メガモール		Mega Mall	name	place	000008B9:29:76	provisional	n	a large shopping centre in 女ケ沢市
プリガールショー		the Puri-Girl Show	name	brand	000008B9:29:77	provisional	n	
久慈浩二	くじ こうじ	Koji Kuji	name	person	000008B9:29:70	provisional	n	reading unconfirmed -> Q111 family
畑中ここな	はたなか ここな	Kokona Hatanaka	name	person	000008B9:29:73	provisional	n	
動物園	どうぶつえん	the zoo	noun	term	000008B9:29:128	provisional	n	
コアリクイ		a tamandua	noun	term	000008B9:29:139	provisional	n	the 大 pose gag hangs on it
ロープウェイ		the ropeway	noun	term	000008B9:29:128	provisional	n	
ロシアン肉まん		Russian nikuman	noun	food	000008B9:36:7	provisional	n	same gag frame as ロシアンたこ焼き
芥末餡包子		mustard-filled nikuman	noun	food	000008B9:36:11	provisional	n	printed in Chinese with a JP gloss in the same cell -> Q148
花椒		Sichuan pepper	noun	food	000008B9:36:12	provisional	n	
完全犯罪	かんぜんはんざい	a perfect crime	noun	term	000008B9:36:29	provisional	n	
決行時間	けっこうじかん	the time set for it	noun	term	000008B9:36:34	provisional	n	
新興宗教	しんこうしゅうきょう	a new religion	noun	term	000008D0:46:50	provisional	n	
不祥事	ふしょうじ	a scandal	noun	term	000008D0:46:51	provisional	n	
心理誘導	しんりゆうどう	steering what people think	noun	term	000008D0:46:62	provisional	n	
世論	よろん	public opinion	noun	term	000008D0:46:60	provisional	n	
証拠隠滅	しょうこいんめつ	destroying the evidence	noun	term	000008D0:46:49	provisional	n	
焼死	しょうし	burning to death	noun	term	000008D0:33:51	provisional	n	distinct from 焼死体
天使様のおまじない	てんしさまのおまじない	the angel's charm	noun	term	000008E8:8:172	provisional	n	the counter-spell to the 死神 curse
致命傷	ちめいしょう	a fatal wound	noun	term	000008E8:8:5	provisional	n	
ひまわり		sunflowers	noun	term	000008E8:8:323	provisional	n	
ちょうちょ		butterflies	noun	term	000008E8:8:322	provisional	n	
新入生代表	しんにゅうせいだいひょう	the representative of the new students	noun	term	00000900:11:37	provisional	n	
あいさつ文	あいさつぶん	the prepared speech	noun	term	00000900:11:22	provisional	n	
演台	えんだい	the podium	noun	term	00000900:11:23	provisional	n	
重箱	じゅうばこ	a tiered lunch box	noun	food	00000916:31:25	provisional	n	
おにぎり		onigiri	noun	food	0000092D:11:6	provisional	n	
進級進学祝い	しんきゅうしんがくいわい	a promotion-and-entrance present	noun	term	0000092D:11:73	provisional	n	
受験生	じゅけんせい	an exam-year student	noun	term	00000916:31:85	provisional	n	
手土産	てみやげ	a gift	noun	term	000001DB:15:56	provisional	n	 | Fable 2026-09-25 (Q1122): en made context-neutral, first_seen corrected; render the surrounding phrase per line (a gift brought along / for the hosts) without changing the noun.
一泊旅行	いっぱくりょこう	an overnight trip	noun	term	00000916:11:20	provisional	n	
花火	はなび	fireworks	noun	term	0000092D:11:38	provisional	n	
夜桜	よざくら	cherry blossom at night	noun	term	0000092D:11:40	provisional	n	
ボックス席	ボックスせき	a booth seat	noun	term	0000092D:11:0	provisional	n	
観光ガイドブック		a tourist guidebook	noun	term	0000092D:11:22	provisional	n	
チガ姉	チガねえ	Chiga-nee	noun	term	00000944:8:21	provisional	n	kin suffix on a cousin; she bans 茅萱さん and bans 敬語 -> Q137
オッドアイ		odd eyes	noun	term	00000944:8:87	provisional	n	blue and green; 茅萱 and 夏菜 both have them
ポンチョブランケット		a poncho blanket	noun	term	00000944:8:85	provisional	n	
コンパ		a mixer	noun	term	00000944:8:158	provisional	n	wider than 合コン; keep them different in EN
逆ナン	ぎゃくナン	a woman picking up a man	noun	term	00000944:8:170	provisional	n	
側溝	そっこう	the gutter	noun	term	00000944:8:197	provisional	n	
山菜	さんさい	wild mountain vegetables	noun	food	00000944:8:35	provisional	n	
残念な美人	ざんねんなびじん	a beautiful woman who ruins it	noun	term	00000944:8:220	provisional	n	a fixed JP idiom; do not translate literally
卍	まんじ	the manji character	noun	term	00000944:8:241	provisional	n	used to describe a body position; EN has no glyph -> TN
生け垣	いけがき	the hedge	noun	term	0000095B:11:11	provisional	n	
縁側	えんがわ	the engawa	noun	term	0000095B:11:146	provisional	n	
ふすま		the sliding door	noun	term	00000989:11:5	provisional	n	
陸の孤島	りくのことう	an island on dry land	noun	term	0000095B:11:28	provisional	n	
ロリ巨乳	ロリきょにゅう	loli with big tits	noun	term	0000095B:35:92	provisional	n	spoken by a 10-year-old; keep it crude
盛り盛りパッドブラ		a stuffed padded bra	noun	term	0000095B:35:93	provisional	n	
シニガミトカゲ		shinigami lizard	noun	food	00000972:11:175	provisional	n	must contain whatever EN word 死神 gets -> Q052
毒なしトリカブト	どくなしトリカブト	poison-free aconite	noun	food	00000972:11:176	provisional	n	
一升瓶	いっしょうびん	a one-sho bottle	noun	term	00000972:11:159	provisional	n	
焼酎	しょうちゅう	shochu	noun	food	00000972:11:160	provisional	n	
般若	はんにゃ	a hannya	noun	term	00000972:11:161	provisional	n	a mask type; not the same as 能面 generally
名水	めいすい	famous spring water	noun	term	00000972:11:160	provisional	n	the brand is 『魔女』 -> Q154
地産地消	ちさんちしょう	eating what the place grows	noun	term	00000972:11:34	provisional	n	
触診	しょくしん	palpation	noun	term	00000972:11:98	provisional	n	
経験則	けいけんそく	rule of thumb	noun	term	00000972:11:132	provisional	n	
改造人間	かいぞうにんげん	a modified human	noun	term	00000972:11:119	provisional	n	tokusatsu vocabulary from 五島
五島エリカ	ごとう エリカ	Erika Goto	name	person	00000989:11:33	provisional	n	新村エリカ's joke persona; one character off 五島絵梨奈
怪談	かいだん	a ghost story	noun	term	00000989:11:140	provisional	n	
ろうそく		a candle	noun	term	00000989:11:138	provisional	n	
バトルロイヤル		a battle royal	noun	term	00000989:11:112	provisional	n	
ジンクス		a jinx	noun	term	00000989:11:150	provisional	n	
語り部	かたりべ	the storyteller	noun	term	000009B7:19:116	provisional	n	
山籠	やまごもり	the yamagomori	noun	term	000009A0:11:111	provisional	n	a year alone in the mountains; the marriage test
先代大魔女	せんだいだいまじょ	the previous Great Witch	title	term	000009A0:11:109	provisional	n	so 大魔女 is an inherited office -> Q109
荒田流	あらたりゅう	the Arata way	noun	term	000009A0:11:117	provisional	n	
嫁入り試練	よめいりしれん	the marriage trial	noun	term	000009A0:11:116	provisional	n	
県庁所在地	けんちょうしょざいち	the prefectural capital	noun	place	000009A0:11:133	provisional	n	of 飯沢県
地上げ	じあげ	a land grab	noun	term	000009A0:11:126	provisional	n	
天井裏	てんじょううら	the space above the ceiling	noun	term	000009A0:11:87	provisional	n	
洗面所	せんめんじょ	the washroom	noun	term	000009A0:11:36	provisional	n	
連れション	つれション	going to the toilet together	noun	term	000009A0:11:18	provisional	n	
趣	おもむき	atmosphere	noun	term	000009A0:11:34	provisional	n	printed with spacing around the kanji -> Q010
霊感	れいかん	a sensitivity to spirits	noun	term	000009B7:11:3	provisional	n	
読経	どきょう	sutra chanting	noun	term	000009B7:19:15	provisional	n	
不協和	ふきょうわ	discordant	adjective	term	000009B7:19:14	provisional	n	
紋章	もんしょう	the sigil	noun	term	000009CF:11:28	provisional	n	the thing 春花 copies; not a family crest
図書室	としょしつ	the school library	noun	term	000009CF:11:11	provisional	n	
黒魔術師	くろまじゅつし	a black magician	noun	term	000009CF:11:9	provisional	n	
女神さま	めがみさま	the goddess	name	term	000009CF:11:31	provisional	n	same word as 00000656:11:178's 女神様 -> Q087
モトキザクラ様	モトキザクラさま	Motoki-zakura-sama	name	term	000009E6:19:13	provisional	n	an old 元木町 story, named once, never told -> Q155
人身事故	じんしんじこ	a fatality on the line	noun	term	000009E6:11:24	provisional	n	
自動販売機	じどうはんばいき	the vending machine	noun	term	000009E6:11:31	provisional	n	
血痕	けっこん	a bloodstain	noun	term	000009E6:11:43	provisional	n	
指紋	しもん	a fingerprint	noun	term	000009E6:11:53	provisional	n	
準備中	じゅんびちゅう	NOT IN SERVICE	noun	term	000009E6:11:33	provisional	n	the lamp on a vending-machine button; must be short enough to be a lamp
待合室	まちあいしつ	a waiting room	noun	term	000009E6:11:30	provisional	n	distinct from 待合所 (00000538 era)
むー		Mnh	interjection	interjection	000008B9:8:26	provisional	n	なつみ sulking, aged 6
ぬほー		Nhoo	interjection	interjection	0000092D:11:10	provisional	n	五島 with her mouth full
ぬう		Nnh	interjection	interjection	0000092D:11:112	provisional	n	五島 conceding
ぷふっ		Phh	interjection	interjection	00000900:11:18	provisional	n	stifled laughter; must differ from 茜's ブフッ
んが		Hnngh	interjection	interjection	00000944:8:51	provisional	n	五島 waking
よっしゃ		Right then	interjection	interjection	0000095B:11:89	provisional	n	新村エリカ
おうおう		Yeah yeah	interjection	interjection	0000095B:11:97	provisional	n	新村エリカ
うっせえ		Shaddup	interjection	interjection	0000095B:35:55	provisional	n	春花 to a child; below her くそ ceiling
キャッ		Kyah	interjection	interjection	0000095B:11:37	provisional	n	なつみ startled; must differ from ひ (Eep)
ピチピチ		fresh	adverb	term	0000095B:35:40	provisional	n	夏菜 calls herself 「ピチピチの10代」 at ten
むふ		Mfuh	interjection	interjection	0000095B:11:128	provisional	n	新村エリカ pleased with a prank
ぐへへへへ		Gehehehe	interjection	interjection	00000972:11:142	provisional	n	夏菜 leering
はっはっは		Hah hah hah	interjection	interjection	0000095B:35:98	provisional	n	新村幸太郎; must differ from ははは (Hahaha)
んふ		Nfuh	interjection	interjection	00000972:11:141	provisional	n	新村茅萱 leering
ほーかほーか		Zat so, zat so	interjection	interjection	000009A0:11:16	provisional	n	夏菜
ダッセエ		Laaame	interjection	interjection	00000972:11:167	provisional	n	新村茅萱, split across three cells
ベチャリ		splat	interjection	sfx	000009E6:11:61	provisional	n	twice, one per cell
わなわな		trembling	adverb	sfx	00000989:11:30	provisional	n	
がたがた		rattling	adverb	sfx	000009B7:19:81	provisional	n	must differ from ガクガク (shaking)
ぼろぼろ		streaming	adverb	sfx	00000944:8:194	provisional	n	of tears; also 000009CF:11:50
つんつん		poking her fingertips together	adverb	sfx	0000092D:11:51	provisional	n	五島 sulking
ずるずる		dragged along	adverb	sfx	0000095B:35:105	provisional	n	
祠	ほこら	a small shrine	noun	object	000009FE:11:70	provisional	n	set with spaces round it in the source (「小さな 祠 」)
立札	たてふだ	the notice board	noun	object	000009FE:11:81	provisional	n	its text changes between two readings; the whole story turns on it
都市伝説	としでんせつ	an urban legend	noun	term	000009FE:11:1	provisional	n	
守護神	しゅごじん	a guardian deity	noun	term	000009FE:11:12	provisional	n	
悪霊	あくりょう	an evil spirit	noun	term	000009FE:11:15	provisional	n	
妖怪	ようかい	a youkai	noun	term	000009FE:11:3	provisional	n	keep romanized; the text calls モトキザクラ様 一種 of one
石段	いしだん	the stone steps	noun	object	000009FE:11:56	provisional	n	
ご利益	ごりやく	a blessing	noun	term	000009FE:11:45	provisional	n	
着物	きもの	a kimono	noun	object	000009FE:11:10	provisional	n	桜柄の着物 = a cherry-patterned kimono
A子	エーこ	Girl A	noun	person	000009FE:11:19	provisional	n	anonymising device inside a told story -> Q159
タレサロ・コニラク・サハン・イウユ・キンケ		Taresaro Koniraku Sahan Iuyu Kinke	noun	term	000009FE:11:76	provisional	n	invented prayer syllables, never glossed -> Q156
詩林館	しりんかん	the Shirinkan	noun	place	00000A18:11:72	provisional	n	homophone of 死隣館 -> Q160
死隣館	しりんかん	the Shirinkan	noun	place	00000A18:11:164	provisional	n	written on a board; same reading as 詩林館, "death-neighbour house" -> Q160
占い師	うらないし	a fortune-teller	noun	term	00000A18:11:17	provisional	n	
人相占い	にんそううらない	face-reading	noun	term	00000A18:11:31	provisional	n	
不動産屋	ふどうさんや	the estate agent	noun	term	00000A18:11:13	provisional	n	
築年数	ちくねんすう	the age of the building	noun	term	00000A18:11:51	provisional	n	
リフォーム	リフォーム	renovated	noun	term	00000A18:11:52	provisional	n	
ユニットバス	ユニットバス	a unit bath	noun	object	00000A18:11:52	provisional	n	
おまんじゅう	おまんじゅう	manju	noun	food	00000A18:11:92	provisional	n	
ゾンビ	ゾンビ	a zombie	noun	term	00000A18:11:239	provisional	n	
食人鬼	しょくじんき	a man-eater	noun	term	00000A18:11:234	provisional	n	
死のバトン	しのバトン	the baton of death	noun	term	00000A18:11:273	provisional	n	
ループもの	ループもの	a loop story	noun	term	00000A18:11:303	provisional	n	五島's word for the ghost story
廃墟	はいきょ	a ruin	noun	term	00000A18:11:89	provisional	n	
線香花火	せんこうはなび	a sparkler	noun	object	00000A30:11:192	provisional	n	
打ち上げ花火	うちあげはなび	skyrockets	noun	object	00000A30:11:41	provisional	n	
長	おさ	the headman	noun	title	00000A30:11:111	provisional	n	新村エリカ's office; she is also called 長老
長老	ちょうろう	the elder	noun	title	00000A30:11:174	provisional	n	she says she prefers エリカ to it
ハイカラ	ハイカラ	fancy-modern	noun	term	00000A30:11:173	provisional	n	she says her own name is too ハイカラ for her age
帝	みかど	the Emperor	noun	title	00000A30:11:69	provisional	n	帝の血筋 = people of the imperial line
戦乱	せんらん	the wars	noun	term	00000A30:11:69	provisional	n	
希少種	きしょうしゅ	a rare variety	noun	term	00000A62:11:11	provisional	n	of the 荒田 cherry trees
継承の儀	けいしょうのぎ	the succession rite	noun	event	00000A48:11:7	provisional	n	
見届け人	みとどけにん	the witnesses	noun	term	00000A48:26:14	provisional	n	
御神酒	おみき	omiki	noun	term	00000A48:26:50	provisional	n	
墓地広場	ぼちひろば	the burial ground	noun	place	00000A48:26:24	provisional	n	
肝試し	きもだめし	a test of courage	noun	term	00000A48:26:27	provisional	n	
穢れ	けがれ	defilement	noun	term	00000A48:26:21	provisional	n	
んにゃあ	んにゃあ	Nnyaa	interjection	interjection	00000A48:11:30	provisional	n	夏菜, half asleep
渓流	けいりゅう	the mountain stream	noun	term	00000A62:11:19	provisional	n	
墓石	ぼせき	the gravestone	noun	object	00000A62:11:60	provisional	n	
荒田駅	あらたえき	Arata Station	noun	place	00000A62:11:15	provisional	n	
ポルトガル語	ポルトガルご	Portuguese	noun	term	00000A62:19:77	provisional	n	the rite's liturgy; the JP text writes it in Latin script -> Q162
子守	こもり	minding the baby	noun	term	00000A7C:11:37	provisional	n	
ハイハイ	ハイハイ	crawling	noun	term	00000A7C:11:49	provisional	n	
住民簿	じゅうみんぼ	the residents' register	noun	object	00000A94:11:29	provisional	n	also called 記帳
記帳	きちょう	the register	noun	object	00000A94:11:169	provisional	n	same book as 住民簿
他殺	たさつ	homicide	noun	term	00000A94:11:42	provisional	n	the plain word 呪殺 is code for -> Q165
隠語	いんご	a code word	noun	term	00000A94:11:42	provisional	n	
風土病	ふうどびょう	an endemic disease	noun	term	00000A94:11:5	provisional	n	
狂犬病	きょうけんびょう	rabies	noun	term	00000A94:11:6	provisional	n	
ギニアワーム	ギニアワーム	the Guinea worm	noun	term	00000A94:11:6	provisional	n	
新村桔梗	にいむら ききょう	Kikyo Niimura	noun	person	00000AAC:11:16	provisional	n	名 only in the register; two 大魔女 before エリカ, died in February
年表	ねんぴょう	a timeline	noun	object	00000ADE:11:23	provisional	n	
集会場	しゅうかいじょう	the meeting hall	noun	place	00000AAC:11:37	provisional	n	also written 集会所 (00000B0F:11:34)
起承転結	きしょうてんけつ	ki-sho-ten-ketsu	noun	concept	00000AC4:11:17	provisional	n	used as a reasoning frame for two files; 『起』『承』『転』『結』 recur singly -> Q166
序破急	じょはきゅう	jo-ha-kyu	noun	concept	00000ADE:11:47	provisional	n	
序論本論結論	じょろんほんろんけつろん	intro-body-conclusion	noun	concept	00000ADE:11:47	provisional	n	
秘密基地	ひみつきち	the secret base	noun	place	00000AF7:11:39	provisional	n	夏菜's cave; inherited from サクラ via 茅萱
ほら穴	ほらあな	the cave	noun	place	00000AF7:11:63	provisional	n	
ゴザ	ゴザ	a goza mat	noun	object	00000AF7:11:84	provisional	n	
エリ姉	エリねえ	Eri-nee	noun	address	00000AF7:11:137	provisional	n	夏菜 coins it for 五島絵梨奈; same shape as チガ姉 -> Q171
ムカデ競争	ムカデきょうそう	the centipede race	noun	term	00000AF7:11:56	provisional	n	three people walking in a line holding on
四畳半	よじょうはん	four and a half tatami	noun	term	00000AF7:11:76	provisional	n	
くノ一	くノいち	kunoichi	noun	term	00000AF7:11:22	provisional	n	period-drama female ninja -> Q170
パルクール	パルクール	parkour	noun	term	00000AF7:11:27	provisional	n	
ムササビ	ムササビ	a giant flying squirrel	noun	term	00000AF7:11:18	provisional	n	
部外者	ぶがいしゃ	an outsider	noun	term	00000B0F:11:140	provisional	n	the settlement's category for anyone who does not die in April
知花	ちか	Chihana	noun	person	00000B27:11:116	provisional	n	reading and referent unknown, appears once -> Q173
ドンキ	ドンキ	blunt weapon	noun	object	00000B27:11:113	provisional	n	apparent source typo for 鈍器 -> Q172
ビジートーン	ビジートーン	the busy tone	noun	term	00000B3F:11:145	provisional	n	the project also has ツーツー for the same sound
資材倉庫	しざいそうこ	the materials store	noun	place	00000B3F:11:109	provisional	n	at 荒田駅
検問	けんもん	checkpoints	noun	term	00000B3F:11:61	provisional	n	
佐波県警	さわけんけい	Sawa Prefectural Police	noun	org	00000B3F:11:62	provisional	n	 | reading = Sawa (source RUBY さわ at 000001DF and にしさわ at 000004F9; Q1723, 2026-09-25)
膝枕	ひざまくら	a lap pillow	noun	term	00000B3F:11:5	provisional	n	
被害妄想	ひがいもうそう	persecution delusion	noun	term	00000B3F:11:27	provisional	n	
拉致	らち	abduction	noun	term	00000B3F:11:55	provisional	n	
ばああ	ばああ	Baaah	interjection	interjection	00000AF7:11:11	provisional	n	夏菜 jumping out
っしょっと	っしょっと	Hup	interjection	interjection	00000AF7:11:20	provisional	n	
よっこらしょっと	よっこらしょっと	Ooh-up	interjection	interjection	00000A30:11:60	provisional	n	新村エリカ here; 新村美冬 uses the same noise
ころころ	ころころ	peals of laughter	adverb	term	00000A30:11:180	provisional	n	
ぴょこぴょこ	ぴょこぴょこ	bobbing along	adverb	term	00000AF7:11:6	provisional	n	
すやすや	すやすや	sleeping soundly	adverb	term	00000B0F:11:65	provisional	n	
くう	くう	zzz	interjection	interjection	00000B0F:11:67	provisional	n	sleeping breath, doubled 「くう……くう……」
がばっと	がばっと	flung herself	adverb	term	00000AF7:11:136	provisional	n	
ぽたぽた	ぽたぽた	dripping	adverb	term	00000A18:11:177	provisional	n	
さらさら	さらさら	crumbled away	adverb	term	00000A18:11:205	provisional	n	
ぞろぞろ	ぞろぞろ	filing in	adverb	term	00000ADE:11:136	provisional	n	
ゆらゆら	ゆらゆら	swaying	adverb	term	00000ADE:11:118	provisional	n	
ばたり	ばたり	collapsed	adverb	term	00000ADE:11:102	provisional	n	
盗聴アプリ	とうちょうアプリ	a wiretap app	noun	object	00000B57:11:121	provisional	n	built into the phones given as presents
首謀者	しゅぼうしゃ	the one behind it all	noun	term	00000B57:11:184	provisional	n	EN must stay distinct from 主犯格 "the ringleader"
殺人の訓練	さつじんのくんれん	training in killing	noun	term	00000B57:15:0	provisional	n	
模試	もし	a mock exam	noun	term	00000B57:11:84	provisional	n	
ミスリード	ミスリード	a misdirection	noun	term	00000B6F:11:83	provisional	n	
未必の故意	みひつのこい	conditional intent	noun	term	00000B6F:11:126	provisional	n	legal term, used in scare quotes
交感神経	こうかんしんけい	the sympathetic nervous system	noun	term	00000B6F:11:152	provisional	n	
よしよし	よしよし	There, there	interjection	interjection	00000B6F:11:32	provisional	n	
殺人術	さつじんじゅつ	killing technique	noun	term	00000B87:19:15	provisional	n	
熊	くま	a bear	noun	term	00000B87:11:72	provisional	n	
鉄砲	てっぽう	a gun	noun	object	00000B87:19:5	provisional	n	hunting rifle, not a handgun
洗脳	せんのう	brainwashing	noun	term	00000B87:27:6	provisional	n	
怨念	おんねん	a grudge that outlives the dead	noun	term	00000B87:27:6	provisional	n	
密告	みっこく	a tip-off	noun	term	00000B87:27:7	provisional	n	EN must stay distinct from 密通者 "an informant"
軟禁	なんきん	being confined under watch	noun	term	00000B87:27:8	provisional	n	
人質	ひとじち	a hostage	noun	term	00000B9F:11:159	provisional	n	
操り人形	あやつりにんぎょう	a puppet	noun	term	00000B9F:11:110	provisional	n	
桜吹雪	さくらふぶき	a blizzard of cherry petals	noun	term	00000B9F:11:80	provisional	n	
林道	りんどう	the forest road	noun	place	00000B9F:11:80	provisional	n	
アキレス腱	アキレスけん	the Achilles tendon	noun	term	00000B9F:11:285	provisional	n	
じわじわ	じわじわ	spreading slowly	adverb	sfx	00000B9F:11:283	provisional	n	
返り血	かえりち	the blood that sprays back	noun	term	00000B9F:11:304	provisional	n	
神使	しんし	the god's messenger	noun	term	00000B9F:11:317	provisional	n	paired with 魔女; undefined anywhere -> Q180
麻酔	ますい	anaesthetic	noun	term	00000BB7:11:1	provisional	n	
集中治療室	しゅうちゅうちりょうしつ	intensive care	noun	place	00000BB7:11:46	provisional	n	
心電図	しんでんず	the heart monitor	noun	object	00000BB7:11:124	provisional	n	
ひぐらし	ひぐらし	higurashi cicadas	noun	term	00000BB7:11:153	provisional	n	evening cicada; do not render as "cricket"
狂い咲き	くるいざき	an out-of-season bloom	noun	term	00000BB7:15:20	provisional	n	defined on the page as a winter season word
小春日和	こはるびより	an Indian summer	noun	term	00000BB7:15:22	provisional	n	
季語	きご	a season word	noun	term	00000BB7:15:22	provisional	n	
茅萱	ちがや	chigaya grass	noun	term	00000BB7:11:160	provisional	n	the plant 新村茅萱 is named for; the gesture needs both -> Q193
Que droga	ケ・ドローガ	Que droga	interjection	interjection	00000BD6:11:15	provisional	n	Portuguese; keep verbatim, it is the source of ドローガ -> Q178
小生	しょうせい	this humble one	noun	address	00000BD6:11:0	provisional	n	male humble first person; 春花 objects to it on the page
御尊父様	ごそんぷさま	your honoured father	noun	address	00000BD6:11:11	provisional	n	
御尊母様	ごそんぼさま	your honoured mother	noun	address	00000BD6:11:8	provisional	n	
御一統様	ごいっとうさま	your honoured line	noun	address	00000BD6:11:12	provisional	n	
五臓六腑	ごぞうろっぷ	every organ in my body	noun	term	00000BD6:11:9	provisional	n	
スライディング土下座	スライディングどげざ	a sliding dogeza	noun	term	00000BD6:11:2	provisional	n	
ストラップ	ストラップ	a phone strap	noun	object	00000BD6:11:34	provisional	n	the matching straps nobody remembers buying
猿	さる	monkey	noun	term	00000BD6:11:96	provisional	n	春花's word for 夏菜; ruby-style spacing round the kanji
野生児	やせいじ	a wild child	noun	term	00000BD6:11:121	provisional	n	
えぐ	えぐ	sob	interjection	interjection	00000BD6:11:1	provisional	n	distinct from ぐす "sniff" and ひっく "hic"
庇	ひさし	the rock overhang	noun	place	00000BED:11:64	provisional	n	
桐	きり	paulownia	noun	object	00000BED:11:81	provisional	n	the gift box that will not burn
へっちょん	へっちょん	Hatchoo	interjection	sfx	00000BED:11:96	provisional	n	built out of the sentence it interrupts
ぜえぜえ	ぜえぜえ	wheezing	adverb	sfx	00000BED:11:28	provisional	n	
ほいほい	ほいほい	Yep yep	interjection	interjection	00000BED:11:164	provisional	n	distinct from ほい "Yep?"
りょーかい	りょーかい	Roger	interjection	interjection	00000BED:11:164	provisional	n	stretched in the source as りょーかーい
土砂崩れ	どしゃくずれ	a landslide	noun	term	00000BED:11:158	provisional	n	
沈丁花	じんちょうげ	daphne	noun	term	00000BED:11:179	provisional	n	サクラ's favourite flower -> Q192
花言葉	はなことば	the flower's meaning	noun	term	00000BED:11:181	provisional	n	不死、不滅、永遠
廃屋	はいおく	the derelict house	noun	place	00000C08:11:15	provisional	n	EN must stay distinct from 廃墟 "a ruin"
バギー	バギー	a buggy	noun	object	00000C08:11:21	provisional	n	
ニットワンピ	ニットワンピ	a knit dress	noun	object	00000C08:11:32	provisional	n	
コミケ	コミケ	Comiket	name	event	00000C08:11:51	provisional	n	
同人誌即売会	どうじんしそくばいかい	a doujinshi fair	noun	event	00000C08:11:54	provisional	n	
Fascination	ファシネーション	Fascination	name	title	00000C08:11:64	provisional	n	a film title, Latin script in straight double quotes -> Q183
留学	りゅうがく	studying abroad	noun	term	00000C08:11:109	provisional	n	
スウェーデン	スウェーデン	Sweden	name	place	00000C08:11:117	provisional	n	
福祉	ふくし	social welfare	noun	term	00000C08:11:119	provisional	n	
頸動脈	けいどうみゃく	the carotid artery	noun	term	00000C08:11:155	provisional	n	ruby-style spacing in the source
むぐぐ	むぐぐ	Mmgh	interjection	interjection	00000C08:11:76	provisional	n	a name cut off by a hand over a mouth
弓矢	ゆみや	a bow and arrow	noun	object	00000C38:11:42	provisional	n	
ハンター	ハンター	a hunter	noun	term	00000C38:11:47	provisional	n	
医食同源	いしょくどうげん	food is medicine	noun	term	00000C68:11:3	provisional	n	
滋養強壮	じようきょうそう	a tonic	noun	term	00000C68:11:3	provisional	n	
三畳間	さんじょうま	a three-mat room	noun	term	00000C68:11:49	provisional	n	where サクラ used her ability
三角関係	さんかくかんけい	a love triangle	noun	term	00000C68:11:63	provisional	n	
略奪愛	りゃくだつあい	stealing someone's partner	noun	term	00000C68:11:82	provisional	n	
ん゛	ん゛	Nnh?!	interjection	interjection	00000C68:11:101	provisional	n	a dakuten on a bare ん -> Q176
美魔女	びまじょ	a glamorous older woman	noun	term	00000C68:11:123	provisional	n	pun on 魔女, which is the project's central term
圏外	けんがい	out of signal range	noun	term	00000C81:19:51	provisional	n	
夜這い	よばい	a night visit	noun	term	00000C81:19:72	provisional	n	
正当防衛	せいとうぼうえい	self-defence	noun	term	00000CB3:11:81	provisional	n	
七海町	ななみちょう	Nanami-cho	name	place	00000CCA:15:0	provisional	n	in 女ケ沢市; compare 七海荘
第一女ケ沢市事件	だいいちおながさわしじけん	the First Onagasawa City case	name	event	00000CCA:47:13	provisional	n	第一 implies a second; the project says 女ケ沢市事件 everywhere else
近藤	こんどう	Kondo	name	person	00000CE3:11:68	provisional	n	情報部の課長 at 古郡良治's company; only ever addressed as 近藤課長
隠しアプリ	かくしアプリ	hidden app	noun	term	00000CE3:11:102	provisional	n	an app installed so that the phone's owner cannot see it
デバイスドライバ	デバイスドライバ	device driver	noun	term	00000CE3:11:66	provisional	n	
開発部	かいはつぶ	the development division	noun	org	00000CE3:11:108	provisional	n	古郡良治's department; contrast 情報部
進級祝	しんきゅういわい	a year-promotion present	noun	term	00000CE3:11:33	provisional	n	a gift for moving up a school year; no EN idiom exists, keep it literal
三者面談	さんしゃめんだん	the three-way parent-teacher meeting	noun	term	00000CE3:11:175	provisional	n	student, parent and homeroom teacher together
戸籍謄本	こせきとうほん	a full family-register certificate	noun	term	00000CFA:11:34	provisional	n	the document 古郡良治 proposes showing the girls to prove the adoption
食紅	しょくべに	food coloring	noun	object	00000CFA:11:149	provisional	n	bought to make a body look red | American form (Q1641 sweep 2026-09-25)
ホームセンター	ホームセンター	the home center	noun	place	00000CFA:11:149	provisional	n	a Japanese DIY superstore; "hardware store" loses the scale and the car park | American form (Q1641 sweep 2026-09-25)
サービスエリア	サービスエリア	the service area	noun	place	00000CFA:11:277	provisional	n	a motorway rest stop
豚箱	ぶたばこ	the lockup	noun	term	00000CFA:11:260	provisional	n	slang for a police cell; 新村美冬's word, paired with 死刑台 in the next cell
性善説	せいぜんせつ	the doctrine that people are born good	noun	concept	00000CFA:11:264	provisional	n	paired with 性悪説 inside one sentence
性悪説	せいあくせつ	the doctrine that people are born bad	noun	concept	00000CFA:11:264	provisional	n	
天性の犯罪者	てんせいのはんざいしゃ	a born criminal	noun	concept	00000CFA:11:214	provisional	n	used of 新村美冬 by 古郡良治 (11:214) and then by herself (11:258)
お告げ	おつげ	a revelation	noun	term	00000D29:19:7	provisional	n	the 荒田 word for the 魔女 naming the 呪殺 culprit; argued about across four files, so one fixed EN word is required
捧げる	ささげる	to offer up	verb	term	00000D29:19:7	provisional	n	the 荒田 euphemism for killing the named person; the narrator spells out 捧げる＝殺す at 19:19
過剰防衛	かじょうぼうえい	excessive self-defence	noun	term	00000D29:19:51	provisional	n	the legal term, paired with 正当防衛 in the same line
呪いの思考	のろいのしこう	the cursed way of thinking	noun	concept	00000D29:19:67	provisional	n	城崎's name for the pre-emptive suspicion that drives 呪殺; the narrator reuses it three times
疑心暗鬼	ぎしんあんき	suspicion breeding fear	noun	concept	00000D29:19:18	provisional	n	four-character idiom; the branch's central word, about fifteen occurrences across chunk 10
祭具	さいぐ	the ritual gear	noun	object	00000D29:11:52	provisional	n	the 壺 and 三脚 used at the 法要, stored under the cave
焼香	しょうこう	the incense offering	noun	term	00000D29:11:56	provisional	n	城崎 compares the 壺 rite to it
鋼鉄メンタル	こうてつメンタル	iron nerves	noun	term	00000D29:19:114	provisional	n	新村春花 and 五島絵梨奈's label for 古郡なつみ, quoted by her twice
魔女継承	まじょけいしょう	the witch succession	noun	event	00000D41:11:31	provisional	n	also written 継承の儀式; see the existing 継承の儀 row
グレーチング	グレーチング	the grating	noun	object	00000D89:11:25	provisional	n	the JP glosses it in-line as 排水溝用の金網
落盤事故	らくばんじこ	a cave-in	noun	term	00000D89:11:73	provisional	n	the reason given for not going deeper into the cave
開放骨折	かいほうこっせつ	an open fracture	noun	term	00000DA1:11:78	provisional	n	五島 glosses it on screen and gives 複雑骨折 as the other name for it
複雑骨折	ふくざつこっせつ	a compound fracture	noun	term	00000DA1:11:80	provisional	n	presented in the same cell as an alias of 開放骨折; en-collision: 開放骨折, keep the two EN names distinct because the JP names both
意味が分かると怖い話	いみがわかるとこわいはなし	a scary-once-you-get-it story	noun	concept	00000DA1:11:182	provisional	n	a named internet genre; the well story at 11:175-11:181 is told as one
主犯	しゅはん	the principal	noun	term	00000DA1:11:140	provisional	n	五島 insists on the plural 「主犯は複数」; keep it distinct from 犯人
共犯者	きょうはんしゃ	an accomplice	noun	term	00000DA1:11:141	provisional	n	
第一発見者	だいいちはっけんしゃ	the person who found the body	noun	term	00000DA1:11:156	provisional	n	
水煮	みずに	boiling in water	noun	term	00000DB9:11:74	provisional	n	the first step of making ドローガ from cherry root
筋肉注射	きんにくちゅうしゃ	an intramuscular injection	noun	term	00000DB9:11:70	provisional	n	
高揚状態	こうようじょうたい	a state of euphoria	noun	term	00000DB9:11:77	provisional	n	the stated side effect of smoked ドローガ, as against the liquid form
下駄	げた	geta	noun	object	00000DD1:11:62	provisional	n	wooden clogs; worn at the 法要 so that nobody can be identified by footwear
鼻緒	はなお	the thong	noun	object	00000DD1:11:95	provisional	n	the strap of a 下駄
事実は小説より奇なり	じじつはしょうせつよりきなり	truth is stranger than fiction	noun	concept	00000DD1:11:137	provisional	n	a proverb with an exact EN equivalent; 新村春花 says it and the narration flags it as unlike her
ファルシフィカソ	ファルシフィカソ	falsificacao	noun	term	00000DE9:11:140	provisional	n	the liquid in the flask at the 法要; Portuguese falsificacao, "counterfeit", glossed on screen at 11:152 -> Q196, Q162
スグニゲロ	スグニゲロ	RUN NOW	noun	term	00000DE9:11:231	provisional	n	written in katakana in blood; the narrator glosses it 『すぐ逃げろ』 in the next cell -> Q197
大魔女の能面	だいまじょののうめん	the Great Witch's Noh mask	noun	object	00000E01:11:36	provisional	n	metal, heirloom, handed down by every 大魔女; distinct from the 能面 worn by the 死神 -> Q223
猟銃	りょうじゅう	a hunting rifle	noun	object	00000E01:11:67	provisional	n	
危険察知	きけんさっち	sensing danger	noun	term	00000E01:11:98	provisional	n	en-collision: 危険予知 ("danger sense"). Same faculty, different JP noun; keep the two EN phrases distinct
ヘアピンカーブ	ヘアピンカーブ	a hairpin bend	noun	term	00000E01:11:102	provisional	n	
燭台	しょくだい	a candle stand	noun	object	00000E19:11:1	provisional	n	fixed sconces inside the cavern; ruby-residue spacing in the source (「燭 台」) -> Q010
鉄格子	てつごうし	the iron gate	noun	object	00000E19:11:35	provisional	n	the locked gate first seen at 00000D89:11:120
蜘蛛の巣	くものす	a cobweb	noun	object	00000E19:11:36	provisional	n	their absence on the door is the clue
洞窟	どうくつ	the cavern	noun	place	00000E19:11:4	provisional	n	the natural cave under the 秘密基地
オッケー	オッケー	Okay	interjection	interjection	00000E19:11:3	provisional	n	新村夏菜 only
くっふふふ	くっふふふ	Khu-hu-hu-hu	interjection	interjection	00000E19:11:77	provisional	n	新村幸太郎's laugh when the register drops; must differ from his 「はっはっは！」
マインドコントロール	マインドコントロール	mind control	noun	term	00000E19:11:119	provisional	n	
クソブタ野郎	クソブタやろう	you shit-pig bastard	noun	term	00000E19:11:148	provisional	n	新村春花; an invented compound, not a new swear word — her くそ ceiling is unchanged -> Q225
姪っ子	めいっこ	niece	noun	term	00000E19:11:164	provisional	n	used vocatively, 「かわいい姪っ子よ！」
実の姉	じつのあね	real elder sister	noun	term	00000E19:11:183	provisional	n	the adoption reveal; keep 実の (by blood) visible -> Q216
真相	しんそう	the truth of the matter	noun	term	00000E19:11:99	provisional	n	named ~12 times across orders 128-131 and never stated; must be ONE fixed EN phrase everywhere
走馬灯	そうまとう	your life flashing before your eyes	noun	term	00000E19:11:202	provisional	n	used in the negative: she is not even allowed one
肉離れ	にくばなれ	a torn muscle	noun	term	00000E49:11:88	provisional	n	the ドローガ withdrawal injury
副作用	ふくさよう	a side effect	noun	term	00000E49:11:83	provisional	n	
応急処置	おうきゅうしょち	first aid	noun	term	00000E49:11:103	provisional	n	
ほれほれ	ほれほれ	There, look	interjection	interjection	00000E49:11:162	provisional	n	新村夏菜
ぴちぴち	ぴちぴち	fresh and bouncy	adjective	term	00000E49:11:165	provisional	n	「元気なぴちぴちの10歳」, a ten-year-old using an adult idiom about herself
快気祝い	かいきいわい	a get-well celebration	noun	term	00000E61:11:54	provisional	n	
道の駅	みちのえき	a roadside station	noun	place	00000E61:11:76	provisional	n	Japanese highway rest stop; TN at first occurrence
はにゃ	はにゃ	Hunh	interjection	interjection	00000E61:11:16	provisional	n	新村夏菜's entire reaction to the adoption reveal; a nonsense syllable -> Q224
藤野桃子	ふじの ももこ	Momoko Fujino	name	person	00000E7B:34:32	provisional	n	五島桃子's cover name in 荒田; she starts her real surname and substitutes it mid-cell -> Q232
ルーシー人形	ルーシーにんぎょう	Lucy doll	noun	brand	00000E7B:11:73	provisional	n	an invented doll brand: silver hair, blue-and-green odd eyes, bought years before she meets anyone with those eyes -> Q241
第一世代	だいいちせだい	first generation	noun	term	00000E7B:28:16	provisional	n	someone who has used ドローガ; the term is said to come from a cult's human experiments
第二世代	だいにせだい	second generation	noun	term	00000E7B:28:20	provisional	n	someone who took a 第一世代's blood on a head mucous membrane; gets the danger sense and the spring illness
第三世代	だいさんせだい	third generation	noun	term	00000E7B:100:0	provisional	n	coined in one indented cell and never defined -> Q251
翠眼	すいがん	the Jade Eye	noun	term	00000E7B:104:18	provisional	n	shouted once as an accusation; a different word from 緑の目 (60:106) in the same file -> Q233
復讐	ふくしゅう	revenge	noun	concept	00000E7B:11:126	provisional	n	defined against 仕返し by timescale at 11:138-11:143
仕返し	しかえし	payback	noun	concept	00000E7B:11:138	provisional	n	the short-term counterpart of 復讐; the distinction is the narrator's own
腫瘍	しゅよう	tumour	noun	concept	00000E7B:11:195	provisional	n	五島桃子's sustained figure for her own conscience; keep the medical vocabulary (良性, 悪性, 肥大, 苗床, 寛解, 再発)
良心の呵責	りょうしんのかしゃく	the pangs of conscience	noun	concept	00000E7B:11:199	provisional	n	
幻影追想劇	げんえいついそうげき	a pageant of chasing a ghost	noun	concept	00000E7B:11:171	provisional	n	an invented compound, said once; EN not settled
拳銃	けんじゅう	a handgun	noun	object	00000E7B:11:158	provisional	n	en-collision: 猟銃 is "a hunting rifle", 鉄砲 already taken
消音器	しょうおんき	a silencer	noun	object	00000E7B:28:208	provisional	n	
グロス	グロス	a gross (144)	noun	term	00000E7B:11:158	provisional	n	glossed in the source as (144発); 12ダース － 1 at 34:52 -> Q248
9ミリパラベラム弾	きゅうミリパラベラムだん	a 9mm Parabellum round	noun	object	00000E7B:34:51	provisional	n	
探偵	たんてい	a private detective	noun	term	00000E7B:11:149	provisional	n	
情報屋	じょうほうや	an information broker	noun	term	00000E7B:11:149	provisional	n	
ヤクザ	ヤクザ	yakuza	noun	org	00000E7B:11:149	provisional	n	
所属未定地	しょぞくみていち	unassigned territory	noun	term	00000E7B:34:3	provisional	n	a real Japanese administrative category; the text says 荒田地区 is the only one in no prefecture -> Q242
国有地	こくゆうち	state land	noun	term	00000E7B:34:4	provisional	n	
荒田桜	あらたざくら	the Arata cherry	noun	term	00000E7B:28:27	provisional	n	the cherry variety ドローガ is made from; only one tree stands in the settlement (34:294)
小熊	こぐま	a bear cub	noun	term	00000E7B:34:148	provisional	n	the file's central image; returns at 48:221 and 82:114
母熊	ははぐま	a mother bear	noun	term	00000E7B:34:153	provisional	n	
獣害	じゅうがい	animal attacks	noun	term	00000E7B:34:208	provisional	n	the reason given for the hunting rule
初潮	しょちょう	a first period	noun	term	00000E7B:60:42	provisional	n	stated as the trigger for 呪殺
死神の装	しにがみのそう	the reaper's dress	noun	term	00000E7B:180:36	provisional	n	荒田's formal dress for rites and for fighting: 赤装束 plus 能面
予知のループ	よちのループ	a prediction loop	noun	concept	00000E7B:54:158	provisional	n	五島桃子's hypothesis about two danger-sensers aimed at each other, set out over fifteen cells and never tested
第六感	だいろっかん	a sixth sense	noun	term	00000E7B:68:146	provisional	n	en-collision: 直感 and 危険予知 are the in-world abilities; this is the ordinary word
人体実験	じんたいじっけん	human experimentation	noun	term	00000E7B:28:17	provisional	n	
殺人衝動	さつじんしょうどう	the urge to kill	noun	concept	00000E7B:82:22	provisional	n	
殺意	さつい	murderous intent	noun	concept	00000E7B:54:315	provisional	n	
殺気	さっけ	bloodlust	noun	concept	00000E7B:40:5	provisional	n	animals are said to sense it; the silence of the animals is the clue at 68:106-68:122
錯乱	さくらん	derangement	noun	term	00000E7B:82:18	provisional	n	
死刑	しけい	the death penalty	noun	term	00000E7B:11:174	provisional	n	
絞首刑	こうしゅけい	hanging	noun	term	00000E7B:82:291	provisional	n	
死刑台	しけいだい	the gallows	noun	term	00000E7B:82:131	provisional	n	
津山三十人殺し	つやまさんじゅうにんごろし	the Tsuyama massacre	noun	event	00000E7B:82:165	provisional	n	a real 1938 mass killing in 岡山県, named by the narrator as her own precedent -> Q239
岡山県	おかやまけん	Okayama Prefecture	name	place	00000E7B:82:164	provisional	n	the only real prefecture named anywhere in the project
業火	ごうか	hellfire	noun	term	00000E7B:82:270	provisional	n	
亡者	もうじゃ	the damned	noun	term	00000E7B:82:271	provisional	n	
隠れみの	かくれみの	a cloak	noun	concept	00000E7B:82:155	provisional	n	the narrator's verdict on 女ケ沢市事件
五島絵梨奈撲殺事件	ごとうえりなぼくさつじけん	the Erina Goto bludgeoning	noun	event	00000E7B:227:16	provisional	n	the file's own name for the 四月八日 killing
元木町事件	もときちょうじけん	the Motoki-cho incident	noun	event	00000E7B:227:17	provisional	n	en-collision: 女ケ沢市事件 stays "the Onagasawa case"
たいまつ	たいまつ	a torch	noun	object	00000E7B:180:45	provisional	n	
モノマネ	モノマネ	an impression	noun	term	00000E7B:180:112	provisional	n	新村サクラ's, described as 「おばあちゃん仕込み」 (180:116) — the same skill 新村エリカ has
延髄	えんずい	the medulla	noun	term	00000E7B:180:33	provisional	n	
かまいたち	かまいたち	kamaitachi	noun	sfx	00000E7B:88:155	provisional	n	used as a simile for the sound of a dozen people's legs being cut at once
温泉まんじゅう	おんせんまんじゅう	hot-spring manju	noun	food	00000E95:11:10	provisional	n	
枝豆	えだまめ	edamame	noun	food	00000E95:11:98	provisional	n	
仲居	なかい	an inn hostess	noun	title	00000E95:11:94	provisional	n	
三つ指	みつゆび	a three-finger bow	noun	term	00000E95:11:96	provisional	n	
家族風呂	かぞくぶろ	a private family bath	noun	term	00000E95:11:61	provisional	n	
旅館	りょかん	a ryokan	noun	place	00000E95:11:45	provisional	n	
遊園地	ゆうえんち	an amusement park	noun	place	00000E95:11:18	provisional	n	
テーマパーク	テーマパーク	a theme park	noun	place	00000E95:11:18	provisional	n	the same place as 遊園地 two cells earlier; the source uses both
乗り物酔い	のりものよい	travel sickness	noun	term	00000E95:11:54	provisional	n	
やまびこ	やまびこ	an echo	noun	term	00000E95:11:187	provisional	n	named by its absence
水くさい	みずくさい	don't be like that	adjective	term	00000E95:11:162	provisional	n	said by both girls in the same shape six cells apart (11:162, 11:167); the repetition is the joke
戦闘民族	せんとうみんぞく	a warrior race	noun	term	00000E95:11:41	provisional	n	a Dragon Ball reference carried by 戦闘民族 plus 金髪逆立ち -> Q247
隠れ巨乳	かくれきょにゅう	secretly stacked	noun	term	00000E95:11:252	provisional	n	en-collision: ロリ巨乳 is "loli with big tits"; keep them different
迷子	まいご	lost	noun	term	00000E95:11:116	provisional	n	
最高級室	さいこうきゅうしつ	the top suite	noun	term	00000E95:11:15	provisional	n	
ぐががが	ぐががが	gugugugh	interjection	sfx	00000E7B:54:269	provisional	n	the only sound the 呪殺 makes; run lengths differ per cell and look deliberate -> Q240
むぎゅ	むぎゅ	mgh	interjection	sfx	00000E95:11:216	provisional	n	五島 crushed in a crowd
ミシミシ	ミシミシ	creaking	adverb	sfx	00000E7B:54:283	provisional	n	a neck under a grip
ぶるぶる	ぶるぶる	shuddering	adverb	sfx	00000E7B:68:158	provisional	n	en-collision: ガクガク "shaking", わなわな "trembling", がたがた "rattling"
ジャリジャリ	ジャリジャリ	crunching	adverb	sfx	00000E7B:82:110	provisional	n	gravel underfoot
キーン	キーン	a high ringing	interjection	sfx	00000E7B:68:49	provisional	n	the sound of total silence, named as 『静寂』の音
はらはら	はらはら	fluttering down	adverb	sfx	00000E7B:82:138	provisional	n	cherry petals falling out of a burning sky
うっぐぐぐぐ	うっぐぐぐぐ	nnghh	interjection	sfx	00000E7B:180:5	provisional	n	distinct from ぐががが: pain, not the seizure
大食祭804	たいしょくさい804	the Great Eating Festival 804	name	event	00000EAF:16:0	provisional	n	the era year is part of the event name; see Q270
サイレントエンジェル	サイレントエンジェル	the Silent Angel	name	title	00000EAF:22:17	provisional	n	五島絵梨奈's ring name, given by the broadcaster; katakana English in JP -> Q257
エンジェルボイス	エンジェルボイス	the Angel Voice	name	title	00000EAF:97:205	provisional	n	the renaming, announced live the moment she speaks -> Q257
南崎しのり	なんざき しのり	Shinori Nanzaki	name	person	00000EAF:22:10	provisional	n	four-time champion; printed 「南 崎」 with ruby-residue spacing at 40:144, 40:146, 46:96 -> Q268
新橋ゆき乃	しんばし ゆきの	Yukino Shinbashi	name	person	00000EAF:22:7	provisional	n	the broadcast announcer
ゆきぴん	ゆきぴん	Yukipin	name	person	00000EAF:91:167	provisional	n	新橋ゆき乃's public nickname, used once in narration
鵜飼	うかい	Ukai	name	person	00000EAF:28:200	provisional	n	the programme director at ジャポニカテレビ; no given name on screen
中嶋長司	なかじま ちょうじ	Choji Nakajima	name	person	00000EAF:28:244	provisional	n	the mayor of 元木町; the name is heard half-said over a telephone
高野	たかの	Takano	name	person	00000EAF:28:76	provisional	n	the entrant who takes the third final place and is then withdrawn by a doctor
藤代	ふじしろ	Fujishiro	name	person	00000EAF:28:76	provisional	n	a heat entrant, named twice
ジャポニカテレビ	ジャポニカテレビ	Japonica TV	name	org	00000EAF:28:200	provisional	n	the largest commercial broadcaster in the country per 46:78
謝肉館	しゃにくかん	the Shanikukan	name	place	00000EAF:34:12	provisional	n	a steak house in 渋谷; the narrator remarks the kanji do not suit the place (34:22)
Challenger	チャレンジャー	Challenger	name	place	00000EAF:46:28	provisional	n	カレーハウス『Challenger』; already Latin script in JP, keep as is
太郎	たろう	Taro	name	brand	00000EAF:91:187	provisional	n	点心の名店『太郎』, the dumpling house supplying the heats
唖者	あしゃ	a mute	noun	term	00000EAF:52:0	provisional	n	defined on screen at 52:0-52:1; the file's first word
手話	しゅわ	sign language	noun	term	00000EAF:40:37	provisional	n	one of her three mute channels -> Q269
福祉士	ふくしし	a welfare worker	noun	title	00000EAF:40:94	provisional	n	
ノーベル平和賞	ノーベルへいわしょう	the Nobel Peace Prize	name	title	00000EAF:16:52	provisional	n	
ノーベル委員会	ノーベルいいんかい	the Nobel Committee	name	org	00000EAF:16:57	provisional	n	full JP form 「ノルウェー・ノーベル委員会」 at 16:57
オスロ	オスロ	Oslo	name	place	00000EAF:16:51	provisional	n	
ノルウェー	ノルウェー	Norway	name	place	00000EAF:16:51	provisional	n	
慈善活動	じぜんかつどう	charity work	noun	term	00000EAF:16:45	provisional	n	she puts it in 『』 at 16:107 when she means the label rather than the act
偽善	ぎぜん	hypocrisy	noun	term	00000EAF:16:129	provisional	n	
偽善者	ぎぜんしゃ	a hypocrite	noun	term	00000EAF:16:130	provisional	n	
贖罪	しょくざい	atonement	noun	term	00000EAF:16:147	provisional	n	printed with ruby-residue spacing as 「贖 罪」 every time -> Q010
生存本能	せいぞんほんのう	the survival instinct	noun	term	00000EAF:16:5	provisional	n	the file's controlling term; redefined at 97:337-97:339
食う、寝る、呼吸する	くう、ねる、こきゅうする	eat, sleep, breathe	verb	concept	00000EAF:16:5	provisional	n	refrain, ~12 occurrences across the file; must be word-identical every time -> Q255
食うことしか能のない口	くうことしかのうのないくち	a mouth that is good for nothing but eating	noun	concept	00000EAF:52:105	provisional	n	coined as an insult by a stranger and adopted by the narrator ~10 times, last at 16:82 -> Q256
東京	とうきょう	Tokyo	name	place	00000EAF:16:23	provisional	n	
渋谷	しぶや	Shibuya	name	place	00000EAF:22:5	provisional	n	
渋谷区	しぶやく	Shibuya Ward	name	place	00000EAF:22:4	provisional	n	
渋谷スクランブル交差点	しぶやスクランブルこうさてん	the Shibuya scramble crossing	name	place	00000EAF:22:37	provisional	n	also 「渋谷交差点」 and 「渋谷の交差点」 in the same file
池袋	いけぶくろ	Ikebukuro	name	place	00000EAF:22:3	provisional	n	
警視庁	けいしちょう	the Metropolitan Police Department	name	org	00000EAF:22:5	provisional	n	en-collision avoided: 元木警察署 is "Motoki Police Station"
新幹線	しんかんせん	the Shinkansen	noun	object	00000EAF:28:177	provisional	n	
さわ皆上駅	さわみなかみえき	Sawa-Minakami Station	name	place	00000EAF:46:0	provisional	n	the transfer station between 元木駅 and the Shinkansen; cf 皆上市
ネカフェ	ネカフェ	an internet cafe	noun	place	00000EAF:46:11	provisional	n	
豚まん	ぶたまん	butaman	noun	food	00000EAF:91:182	provisional	n	the same object is called 肉まん elsewhere in the same file -> Q271
小龍包	しょうろんぽう	shoronpo	noun	food	00000EAF:28:9	provisional	n	used as a comparison, not as a dish served
麻婆豆腐	マーボーどうふ	mapo tofu	noun	food	00000EAF:22:103	provisional	n	
とろろ	とろろ	tororo	noun	food	00000EAF:22:116	provisional	n	
生ふりかけ	なまふりかけ	wet furikake	noun	food	00000EAF:22:109	provisional	n	
海苔の佃煮	のりのつくだに	nori tsukudani	noun	food	00000EAF:22:110	provisional	n	
漬物	つけもの	pickles	noun	food	00000EAF:22:96	provisional	n	
みそ汁	みそしる	miso soup	noun	food	00000EAF:22:91	provisional	n	
キムチ	キムチ	kimchi	noun	food	00000EAF:22:96	provisional	n	
明太子	めんたいこ	mentaiko	noun	food	00000EAF:22:93	provisional	n	
寿司酢	すしず	sushi vinegar	noun	food	00000EAF:97:48	provisional	n	
山椒	さんしょう	sansho pepper	noun	food	00000EAF:97:20	provisional	n	en-collision: 花椒 already holds "Sichuan pepper"
一味	いちみ	ichimi chilli powder	noun	food	00000EAF:97:14	provisional	n	
四川料理	しせんりょうり	Sichuan cooking	noun	food	00000EAF:97:22	provisional	n	
麻	マー	ma	noun	term	00000EAF:97:22	provisional	n	the numbing half of Sichuan heat, glossed in the same cell as 『麻』という味覚
ノンアルコールビール	ノンアルコールビール	non-alcoholic beer	noun	food	00000EAF:22:230	provisional	n	
ホップ	ホップ	hops	noun	food	00000EAF:22:234	provisional	n	
イソフムロン	イソフムロン	isohumulone	noun	term	00000EAF:22:236	provisional	n	glossed in the cell as イソα酸
褐色脂肪細胞	かっしょくしぼうさいぼう	brown fat cells	noun	term	00000EAF:97:26	provisional	n	
咀嚼力	そしゃくりょく	chewing power	noun	term	00000EAF:22:156	provisional	n	one of the file's three recurring technical nouns
嚥下力	えんげりょく	swallowing power	noun	term	00000EAF:22:156	provisional	n	
胃の容量	いのようりょう	stomach capacity	noun	term	00000EAF:22:174	provisional	n	
炊飯器	すいはんき	a rice cooker	noun	object	00000EAF:22:136	provisional	n	
升	しょう	sho	noun	term	00000EAF:22:138	provisional	n	the text converts it itself: 1升 of cooked rice is about 3.3 kg -> Q273
ポンド	ポンド	a pound	noun	term	00000EAF:34:13	provisional	n	the text converts it itself: 1 pound is about 450 g -> Q273
割り箸	わりばし	disposable chopsticks	noun	object	00000EAF:97:184	provisional	n	she snaps one, and asking for a replacement is her first sentence in four years
どんぶり	どんぶり	a donburi bowl	noun	object	00000EAF:22:224	provisional	n	
しゃもじ	しゃもじ	a rice paddle	noun	object	00000EAF:22:225	provisional	n	
ガーリックソース	ガーリックソース	garlic sauce	noun	food	00000EAF:34:183	provisional	n	
青森県	あおもりけん	Aomori Prefecture	name	place	00000EAF:34:185	provisional	n	the only real prefecture named anywhere outside 岡山県
食祝	しょくしゅく	Shokushuku	noun	term	00000EAF:22:73	provisional	n	an invented two-kanji compound painted on the backdrop; the narrator guesses at the reading -> Q258
前哨戦	ぜんしょうせん	a warm-up bout	noun	term	00000EAF:34:137	provisional	n	
ドクターストップ	ドクターストップ	a doctor's stop	noun	term	00000EAF:28:201	provisional	n	
繰り上げ出場	くりあげしゅつじょう	moving up into the slot	noun	term	00000EAF:28:208	provisional	n	
通り名	とおりな	a ring name	noun	term	00000EAF:40:132	provisional	n	
楽屋	がくや	the green room	noun	place	00000EAF:28:161	provisional	n	called 「楽屋という名の待合室」 at 91:36
応援団	おうえんだん	a cheering squad	noun	term	00000EAF:40:26	provisional	n	
横断幕	おうだんまく	a banner	noun	object	00000EAF:40:47	provisional	n	
プラカード	プラカード	a placard	noun	object	00000EAF:28:236	provisional	n	
リーゼント	リーゼント	a regent quiff	noun	term	00000EAF:28:233	provisional	n	the narration corrects itself to ポンパドール at 34:23 in a parenthesis
ポンパドール	ポンパドール	a pompadour	noun	term	00000EAF:34:23	provisional	n	the correction to リーゼント, set in round brackets inside the narration
町長	ちょうちょう	the mayor	noun	title	00000EAF:28:246	provisional	n	
一揆	いっき	a revolt	noun	term	00000EAF:28:291	provisional	n	
八百万の神	やおよろずのかみ	the eight million gods	noun	term	00000EAF:40:65	provisional	n	used straight, in a breathing exercise on a station platform
見世物小屋	みせものごや	a freak show	noun	term	00000EAF:46:160	provisional	n	her own word for the contest, used three times across the file
聖戦	せいせん	a holy war	noun	term	00000EAF:22:57	provisional	n	22:57 「この聖戦」 and 97:226 「私の本能の聖戦だ」
出陣	しゅつじん	into battle	noun	term	00000EAF:22:214	provisional	n	one cell, alone, at the end of the countdown
円卓テーブル	えんたくテーブル	a round table	noun	object	00000EAF:91:157	provisional	n	
カトラリー	カトラリー	cutlery	noun	object	00000EAF:91:206	provisional	n	glossed inside the cell as 箸やフォーク等の総称
うぐ	うぐ	Ugh	interjection	interjection	00000EAF:22:251	provisional	n	
あち	あち	Hot!	interjection	interjection	00000EAF:34:197	provisional	n	en-collision: あっちい already holds the longer form
ゲフゥ	ゲフゥ	Buuurp	interjection	sfx	00000EAF:22:285	provisional	n	a belch on national television, named as such by the announcer
くー	くー	Hoo	interjection	interjection	00000EAF:97:19	provisional	n	en-collision: くう already holds a sleeping sound
んーっと	んーっと	Mmnngh	interjection	interjection	00000EAF:91:2	provisional	n	a stretch on waking, not a filler; えっと holds the filler
大浴場	だいよくじょう	the main bath	noun	place	00000EC7:11:3	provisional	n	
露天風呂	ろてんぶろ	the open-air bath	noun	place	00000EC7:11:11	provisional	n	
当たるも八卦	あたるもはっけ	hit or miss	noun	term	00000EC7:11:249	provisional	n	full JP form 「当たるも八卦、当たらぬも八卦」; a set phrase, not an invention
防衛本能	ぼうえいほんのう	a defence instinct	noun	term	00000EC7:11:176	provisional	n	deliberately close to 生存本能 of the previous file; keep both nouns distinct in EN
相容れない体質	あいいれないたいしつ	an incompatible constitution	noun	term	00000EC7:11:170	provisional	n	the fortune-teller's phrase, quoted back and queried by the narrator in the next cell
オーラ	オーラ	an aura	noun	term	00000EC7:11:149	provisional	n	
人生相談	じんせいそうだん	life counselling	noun	term	00000EC7:11:101	provisional	n	
アルマジロ	アルマジロ	an armadillo	noun	term	00000EC7:11:25	provisional	n	a simile for a cannonball jump
おや	おや	Oh my	interjection	interjection	00000A18:11:19	provisional	n	the fortune-teller's fixed opener in both her appearances
どれ	どれ	Let's see	interjection	interjection	00000A18:11:23	provisional	n	the fortune-teller's fixed move before a reading, in both her appearances
えへ	えへ	Ehe	interjection	interjection	00000EC7:11:71	provisional	n	Fable 2026-09-26 (Q2282): Ehe, separated from あは = Heh; えへへ = Ehehe
ふーむ	ふーむ	Hmmm	interjection	interjection	00000EC7:11:164	provisional	n	en-collision: ふむ already holds "Hmm"
ざぶん	ざぶん	zabun	interjection	sfx	00000EC7:11:40	provisional	n	a body going under water. SFX rule changed (rev. 2026-09-25, rules audit #12): a sound is romanised only where the text quotes it AS a sound; re-decide this row against the new STYLE rule before use
サード・ジェネレーション	サード・ジェネレーション	Third Generation	noun	term	00000EDF:53:125	provisional	n	the eyeless woman's name for 五島, English in katakana, used ~14 times; keep it visibly distinct from 第三世代 "third generation" -> Q289
翠眼呪殺	すいがんじゅさつ	the Jade-Eye curse-killing	noun	term	00000EDF:83:122	provisional	n	the title in the old book; the narrator guesses the reading on screen at 83:123 「『すいがんじゅさつ』と読むのだろうか」 — the guess must stay a guess
エフェドリン	エフェドリン	ephedrine	noun	term	00000EDF:53:151	provisional	n	released by the spores in ドローガ
αエフェドリン	アルファエフェドリン	alpha-ephedrine	noun	term	00000EDF:59:49	provisional	n	coined in-text: A for 荒田, then turned into the Greek letter (59:47-59:51) -> Q306
メタンフェタミン	メタンフェタミン	methamphetamine	noun	term	00000EDF:53:152	provisional	n	
前駆物質	ぜんくぶっしつ	a precursor	noun	term	00000EDF:53:152	provisional	n	
覚せい剤	かくせいざい	a stimulant	noun	term	00000EDF:83:47	provisional	n	「これって、完全に覚せい剤じゃん……」
胞子	ほうし	spores	noun	term	00000EDF:53:150	provisional	n	
菌類	きんるい	fungi	noun	term	00000EDF:59:52	provisional	n	
残留物質	ざんりゅうぶっしつ	residue	noun	term	00000EDF:59:45	provisional	n	
粘膜	ねんまく	mucous membrane	noun	term	00000EDF:59:33	provisional	n	the route of transmission between generations
動体視力	どうたいしりょく	dynamic visual acuity	noun	term	00000EDF:59:44	provisional	n	
匁	もんめ	monme	noun	term	00000EDF:83:8	provisional	n	the source glosses it itself: 100匁（約375グラム）— keep both
蒸留水	じょうりゅうすい	distilled water	noun	term	00000EDF:83:54	provisional	n	
濾過	ろか	filtering	noun	term	00000EDF:83:35	provisional	n	
結晶	けっしょう	crystals	noun	term	00000EDF:83:36	provisional	n	the pink crystal form of the drug
刺激臭	しげきしゅう	a sharp smell	noun	term	00000EDF:83:16	provisional	n	
緊急避難	きんきゅうひなん	necessity	noun	term	00000EDF:83:236	provisional	n	the legal defence, named by the narrator while attacking someone; EN "necessity" is the legal term, not the ordinary word
生存権	せいぞんけん	the right to life	noun	term	00000EDF:83:238	provisional	n	
禁断症状	きんだんしょうじょう	withdrawal symptoms	noun	term	00000EDF:83:211	provisional	n	
ヘロイン	ヘロイン	heroin	noun	term	00000EDF:83:213	provisional	n	
薬物中毒者	やくぶつちゅうどくしゃ	a drug addict	noun	term	00000EDF:53:156	provisional	n	
春画	しゅんが	shunga	noun	term	00000EDF:83:80	provisional	n	the ten-year-old's word for the book; the narrator says エロ本 and is corrected
偃息図	えんそくず	ensokuzu	noun	term	00000EDF:83:83	provisional	n	the narration gives two readings, えんそくず and おそくず
おそくずの絵	おそくずのゑ	osokuzu-no-e	noun	term	00000EDF:83:84	provisional	n	the historical-kana spelling ゑ is in the source; do not modernise
浮世絵	うきよえ	ukiyo-e	noun	term	00000EDF:83:87	provisional	n	
隠号	いんごう	a hidden signature	noun	term	00000EDF:83:85	provisional	n	
保健体育	ほけんたいいく	health and PE	noun	term	00000EDF:83:101	provisional	n	what the book actually is
蔵	くら	the storehouse	noun	place	00000EDF:77:141	provisional	n	three storeys, the locked basement is the archive
地下倉庫	ちかそうこ	the underground store	noun	place	00000EDF:59:13	provisional	n	where the elder cousin was confined ten years ago; same room as the 蔵 basement
ナンバー錠	ナンバーじょう	a combination lock	noun	object	00000EDF:192:62	provisional	n	four digits, built into the door -> Q296
南京錠	なんきんじょう	a padlock	noun	object	00000EDF:192:71	provisional	n	
金メッキ	きんメッキ	gold plate	noun	object	00000EDF:192:37	provisional	n	
懐中電灯	かいちゅうでんとう	a torch	noun	object	00000EDF:192:27	provisional	n	
電気スタンド	でんきスタンド	a desk lamp	noun	object	00000EDF:83:201	provisional	n	
元木メモリアルパーク	もときメモリアルパーク	Motoki Memorial Park	name	place	00000EDF:37:326	provisional	n	the cemetery; 「あんなヘンピなとこ」
お通夜	おつや	the wake	noun	event	00000EDF:71:91	provisional	n	the narrator says it is more like 弔問 than a wake (71:95)
弔問	ちょうもん	a condolence call	noun	event	00000EDF:71:95	provisional	n	
香典	こうでん	condolence money	noun	object	00000EDF:71:112	provisional	n	the settlement has no such custom
供養	くよう	a memorial	noun	event	00000EDF:89:88	provisional	n	
お墓参り	おはかまいり	visiting the grave	noun	event	00000EDF:37:314	provisional	n	
演劇会	えんげきかい	the school play	noun	event	00000EDF:77:29	provisional	n	
少子高齢化	しょうしこうれいか	the falling birth rate	noun	term	00000EDF:77:36	provisional	n	a ten-year-old uses the word and hedges it with ってやつ
虹彩	こうさい	the iris	noun	term	00000EDF:71:57	provisional	n	
メラニン色素	メラニンしきそ	melanin	noun	term	00000EDF:71:57	provisional	n	
カラーコンタクト	カラーコンタクト	colored contact lenses	noun	object	00000EDF:71:49	provisional	n	abbreviated カラコン at 37:301 and コンタクトレンズ at 71:48; same referent, one row | American form (Q1641 sweep 2026-09-25)
自然分娩	しぜんぶんべん	natural birth	noun	term	00000EDF:77:122	provisional	n	
帝王切開	ていおうせっかい	a caesarean	noun	term	00000EDF:77:122	provisional	n	
ピザトースト	ピザトースト	pizza toast	noun	food	00000EDF:117:21	provisional	n	used as 釣りエサ, bait, in the prank
牛丼	ぎゅうどん	gyudon	noun	food	00000EDF:53:310	provisional	n	
特盛	とくもり	extra-large	noun	food	00000EDF:53:312	provisional	n	特盛3個 is her reduced appetite
ステーキセット	ステーキセット	the steak set	noun	food	00000EDF:77:48	provisional	n	
カツ煮定食	カツにていしょく	the simmered-cutlet set	noun	food	00000EDF:77:49	provisional	n	
ネギトロ丼	ネギトロどん	a negitoro bowl	noun	food	00000EDF:77:50	provisional	n	
天ざるセット	てんざるセット	the tempura-and-cold-soba set	noun	food	00000EDF:77:51	provisional	n	
フルーツパフェ	フルーツパフェ	a fruit parfait	noun	food	00000EDF:77:54	provisional	n	
画びょう	がびょう	drawing pins	noun	object	00000EDF:37:53	provisional	n	in the torture-story game
ペンチ	ペンチ	pliers	noun	object	00000EDF:37:58	provisional	n	
レンタカー	レンタカー	a rental car	noun	object	00000EDF:33:17	provisional	n	runs as a gag through the whole phone call and into the epilogue
既読マーク	きどくマーク	the "read" mark	noun	object	00000EDF:53:329	provisional	n	
マナーモード	マナーモード	silent mode	noun	object	00000EDF:53:291	provisional	n	
バインバイン	バインバイン	boing-boing	adverb	term	00000EDF:37:239	provisional	n	a ten-year-old's word for a chest; the routine builds a three-step scale -> Q292 (owner)
パインパイン	パインパイン	poing-poing	adverb	term	00000EDF:37:270	provisional	n	explicitly 「バインバインよりも若干控えめな表現」 -> Q292
バルンバルン	バルンバルン	bounce-bounce	adverb	term	00000EDF:37:277	provisional	n	explicitly glossed in the source as 「バインバインの上位系。more バインバインって意味」, with "more" in Latin script -> Q292
ボヨンボヨン	ボヨンボヨン	wobble-wobble	adverb	term	00000EDF:47:71	provisional	n	a fourth coinage on the same joke, in a different mouth
キャッチアンドリリース	キャッチアンドリリース	catch and release	noun	term	00000EDF:37:200	provisional	n	the sister's word for how she treats men
怪盗ゴトーズ	かいとうゴトーズ	the Goto Phantom Thieves	name	title	00000EDF:192:0	provisional	n	the two-girl burglary troupe invented by the ten-year-old
怪盗ゴトー	かいとうゴトー	Goto the Phantom Thief	name	title	00000EDF:77:145	provisional	n	
ゴトー団長	ゴトーだんちょう	Captain Goto	name	address	00000EDF:83:63	provisional	n	
副団長ニームラ	ふくだんちょうニームラ	Vice-Captain Niimura	name	address	00000EDF:192:6	provisional	n	she corrects anyone who uses her given name while the game is on
貧相ちゃん	ひんそうちゃん	Scrawny-chan	noun	address	00000EDF:37:314	provisional	n	coined by the sister for a dead girl she never met; reused for somebody living at 117:261 -> Q308
桃ちん	ももちん	Momo-chin	name	address	00000EDF:117:256	provisional	n	a nickname imposed as the forfeit of a game
師匠	ししょう	Master	noun	address	00000EDF:117:254	provisional	n	the ten-year-old's second nickname for the sister, over her protests
爆乳軍団	ばくにゅうぐんだん	the Huge-Rack Squad	noun	term	00000EDF:117:273	provisional	n	a ten-year-old's greeting to a group of women, taught to her offscreen
コスプレババア	コスプレババア	the cosplay granny	noun	address	00000EDF:117:75	provisional	n	the narrator's 3p for the grandmother; 春花 uses the same word to her face at 0000095B:11:93
ハイスペックイタズラー	ハイスペックイタズラー	a high-spec prankster	noun	term	00000EDF:117:75	provisional	n	invented compound, English loan plus -er
人間万事塞翁が馬	にんげんばんじさいおうがうま	"a blessing in disguise"	noun	term	00000EDF:53:12	provisional	n	春花's proverb, quoted back by the narrator at 117:311; both instances must be word-identical
山あり谷あり	やまありたにあり	ups and downs	noun	term	00000EDF:53:12	provisional	n	stacked in front of the proverb above in the same line
どんぐりの背比べ	どんぐりのせいくらべ	six of one and half a dozen of the other	noun	term	00000EDF:37:218	provisional	n	
1人はみんなのために	ひとりはみんなのために	one for all, all for one	noun	term	00000EDF:59:171	provisional	n	quoted by the uncle as 「ご先祖様の知恵」; it is not Japanese in origin and the text does not notice -> Q174
光源氏	ひかるげんじ	Hikaru Genji	name	person	00000EDF:202:266	provisional	n	shouted as an insult; the source glosses it in brackets 「（源氏物語の主人公）」 — keep the gloss
源氏物語	げんじものがたり	The Tale of Genji	name	title	00000EDF:202:266	provisional	n	
ルイス・キャロル	ルイス・キャロル	Lewis Carroll	name	person	00000EDF:202:267	provisional	n	source gloss 「（不思議の国のアリスの作者）」 — keep it
不思議の国のアリス	ふしぎのくにのアリス	Alice's Adventures in Wonderland	name	title	00000EDF:202:267	provisional	n	
ペドフィリア	ペドフィリア	pedophilia	noun	term	00000EDF:202:265	provisional	n	fifth item in a seven-item insult barrage
幼女趣味	ようじょしゅみ	a taste for little girls	noun	term	00000EDF:202:265	provisional	n	
痴漢	ちかん	a groper	noun	term	00000EDF:202:263	provisional	n	
性犯罪者	せいはんざいしゃ	a sex offender	noun	term	00000EDF:47:90	provisional	n	the grandmother says it first, as a joke, about her own son-in-law
シャクトリムシ	シャクトリムシ	an inchworm	noun	term	00000EDF:117:49	provisional	n	
マネキン	マネキン	a mannequin	noun	object	00000EDF:89:231	provisional	n	what the narrator calls two people she is stabbing
脊髄反射	せきずいはんしゃ	a spinal reflex	noun	term	00000EDF:89:233	provisional	n	
快楽物質	かいらくぶっしつ	pleasure chemicals	noun	term	00000EDF:89:219	provisional	n	
急所	きゅうしょ	a vital point	noun	term	00000EDF:89:210	provisional	n	
肋骨	ろっこつ	the ribs	noun	term	00000EDF:89:213	provisional	n	
ぞわぞわ	ぞわぞわ	I've got the creeps	adverb	interjection	00000EDF:37:66	provisional	n	「ああ、ぞわぞわする……」
うっふふふ	うっふふふ	Ooh-hoo-hoo	interjection	interjection	00000EDF:53:127	provisional	n	the eyeless woman's only laugh; distinct from くっふふふ (00000E19, 幸太郎) and ふふ
ぶほ	ぶほ	Pfff—	interjection	interjection	00000EDF:37:234	provisional	n	a drink going the wrong way, over the phone
ふほ	ふほ	Fuho?	interjection	interjection	00000EDF:202:254	provisional	n	a grown man's entire reaction to an open door
てやんでえ	てやんでえ	Whaddaya talkin' about	interjection	interjection	00000EDF:202:237	provisional	n	mock-Edo bravado from a ten-year-old, paired with 「お安い御用でい！」
へっへー	へっへー	Heh-heh	interjection	interjection	00000EDF:117:37	provisional	n	
いででで	いででで	Ow-ow-ow	interjection	interjection	00000EDF:47:42	provisional	n	
あががが	あががが	Agagaga	interjection	interjection	00000EDF:89:184	provisional	n	the sound of the killing urge arriving; not pain
Wow	ワオ	Wow	interjection	interjection	00000EDF:202:258	provisional	n	written in Latin script in the source, by a ten-year-old; keep it Latin and keep it odd
おーおーおー	おーおーおー	Ohh-ohh-ohh	interjection	interjection	00000EDF:117:30	provisional	n	
ちょちょちょ	ちょちょちょ	wh-wh-wh-wha	interjection	interjection	00000EDF:202:259	provisional	n	five repetitions of ちょ in the source
むわっと	むわっと	in a stifling wave	adverb	sfx	00000EDF:192:23	provisional	n	
さすさす	さすさす	stroke, stroke	adverb	sfx	00000EDF:47:79	provisional	n	heard through a door, not seen
ぶんぶん	ぶんぶん	shaking hard	adverb	sfx	00000EDF:47:95	provisional	n	three people deny hearing something in three consecutive cells with the same word
パラパラ	パラパラ	pattering	adverb	sfx	00000EDF:53:84	provisional	n	rain on a roof
ひらひら	ひらひら	fluttering	adverb	sfx	00000EDF:53:107	provisional	n	cherry petals; the word repeats three cells running and the repetition is the effect
ずぶり	ずぶり	with a wet plunge	adverb	sfx	00000EDF:53:167	provisional	n	a knife entering a body
べっとり	べっとり	thickly smeared	adverb	sfx	00000EDF:65:53	provisional	n	blood on a face; also 208:2, 89:276
きらきら	きらきら	glittering	adverb	sfx	00000EDF:192:35	provisional	n	
でーん	でーん	large as life	adverb	sfx	00000EDF:186:27	provisional	n	「お客様は、でーん！　と構えて待ってなさい！」
よたよた	よたよた	staggering	adverb	sfx	00000EDF:83:231	provisional	n	en-collision: よちよち (00000818) is toddling; keep the two apart
キョロキョロ	キョロキョロ	glancing about	adverb	sfx	00000EDF:53:24	provisional	n	en-collision: キョトン (000005C1) is blank-faced; keep the two apart
ぎゅうぎゅう	ぎゅうぎゅう	crammed	adverb	sfx	00000EDF:83:64	provisional	n	
しょぼしょぼ	しょぼしょぼ	bleary	adverb	sfx	00000EDF:89:66	provisional	n	
ばっちり	ばっちり	all set	adverb	term	00000EDF:117:302	provisional	n	
肉付きの面	にくづきのめん	the fleshed mask	noun	concept	00000EF6:8:195	provisional	n	a Fukui folktale (110:42-84) and the file's controlling image; also the narrator's word for her own denial -> Q322
鬼女	きじょ	demon woman	noun	term	00000EF6:110:48	provisional	n	the mask the mother-in-law puts on in the folktale
姑	しゅうとめ	the mother-in-law	noun	term	00000EF6:110:46	provisional	n	printed with ruby-residue spacing throughout the inset -> Q010, Q323
嫁	よめ	the young wife	noun	term	00000EF6:110:43	provisional	n	お嫁さん in the folktale; the widowed daughter-in-law, not a bride
住職	じゅうしょく	the head priest	noun	title	00000EF6:110:74	provisional	n	
念仏	ねんぶつ	the nenbutsu	noun	term	00000EF6:110:79	provisional	n	also 50:23, where the strangling is compared to one
懺悔	ざんげ	repentance	noun	term	00000EF6:110:77	provisional	n	
竹藪	たけやぶ	bamboo grove	noun	place	00000EF6:110:68	provisional	n	
福井県	ふくいけん	Fukui Prefecture	name	place	00000EF6:110:42	provisional	n	the folktale is named as this province's
娑婆	しゃば	the outside	noun	term	00000EF6:8:168	provisional	n	said of a woman in prison; keep the prison sense
交換輸血	こうかんゆけつ	exchange transfusion	noun	term	00000EF6:20:196	provisional	n	the branch's central procedure; the narrator invents it and 五島 names it
輸血	ゆけつ	transfusion	noun	term	00000EF6:20:135	provisional	n	
稀血	まれけつ	rare blood	noun	term	00000EF6:20:262	provisional	n	the narrator mishears the reading: 「まれけつ……？」
シスAB型	シスエービーがた	cis-AB type	name	term	00000EF6:20:265	provisional	n	1 in 10,000-100,000 on screen -> Q328
ボンベイ型	ボンベイがた	Bombay type	name	term	00000EF6:20:267	provisional	n	1 in a million on screen
人工呼吸器	じんこうこきゅうき	ventilator	noun	object	00000EF6:14:71	provisional	n	
反射消失	はんしゃしょうしつ	loss of reflexes	noun	term	00000EF6:14:81	provisional	n	the stated effect of the anaesthetic
自発呼吸	じはつこきゅう	spontaneous breathing	noun	term	00000EF6:14:82	provisional	n	
下顎呼吸	かがくこきゅう	agonal gasping	noun	term	00000EF6:36:140	provisional	n	glossed on screen as 死亡直前に発生する胸郭呼吸
死戦期呼吸	しせんきこきゅう	agonal breathing	noun	term	00000EF6:26:170	provisional	n	
導眠剤	どうみんざい	a sleeping draught	noun	object	00000EF6:61:222	provisional	n	
点滴	てんてき	the drip	noun	object	00000EF6:36:15	provisional	n	
点滴スタンド	てんてきスタンド	the drip stand	noun	object	00000EF6:36:15	provisional	n	
ナースコール	ナースコール	the nurse call	noun	object	00000EF6:61:220	provisional	n	its answers are set as bare 「――」 cells, the intercom convention of 000004F9
ナースステーション	ナースステーション	the nurses' station	noun	place	00000EF6:14:240	provisional	n	
バイタルサイン	バイタルサイン	vital signs	noun	term	00000EF6:14:240	provisional	n	
面会謝絶	めんかいしゃぜつ	No Visitors	noun	ui	00000EF6:36:80	provisional	n	printed on a card on the door
神経科病棟	しんけいかびょうとう	the neurology ward	noun	place	00000EF6:36:49	provisional	n	
外科病棟	げかびょうとう	the surgical ward	noun	place	00000EF6:36:50	provisional	n	
処置室	しょちしつ	the treatment room	noun	place	00000EF6:14:1	provisional	n	
胃潰瘍	いかいよう	a stomach ulcer	noun	term	00000EF6:61:31	provisional	n	
内視鏡	ないしきょう	endoscope	noun	object	00000EF6:26:0	provisional	n	
開腹手術	かいふくしゅじゅつ	open surgery	noun	term	00000EF6:26:1	provisional	n	
吐血	とけつ	vomiting blood	noun	term	00000EF6:20:134	provisional	n	the moment the substance passes between them
拘束着	こうそくぎ	a restraint jacket	noun	object	00000EF6:36:121	provisional	n	
鎮静剤	ちんせいざい	a sedative	noun	object	00000EF6:26:118	provisional	n	
アルカロイド	アルカロイド	alkaloid	noun	term	00000EF6:36:170	provisional	n	the doctor's word; 五島 refines it to エフェドリンに類似
麻黄	まおう	ma-huang	noun	term	00000EF6:26:61	provisional	n	glossed on screen by writing out the characters — 「麻の黄と書いて、麻黄」 -> Q329
葛根湯	かっこんとう	kakkonto	noun	term	00000EF6:26:62	provisional	n	the common cold remedy that contains it
漢方	かんぽう	Chinese herbal medicine	noun	term	00000EF6:26:59	provisional	n	
アロマミスト	アロマミスト	aroma mist	noun	object	00000EF6:14:4	provisional	n	
血液センター	けつえきセンター	the blood center	noun	org	00000EF6:14:244	provisional	n	 | American form (Q1641 sweep 2026-09-25)
血液検査	けつえきけんさ	a blood test	noun	term	00000EF6:36:167	provisional	n	
経過観察	けいかかんさつ	follow-up observation	noun	term	00000EF6:14:218	provisional	n	
健康保険	けんこうほけん	national health insurance	noun	term	00000EF6:20:254	provisional	n	
新生児黄疸	しんせいじおうだん	neonatal jaundice	noun	term	00000EF6:20:238	provisional	n	
鎌状赤血球症	かまじょうせきけっきゅうしょう	sickle-cell disease	noun	term	00000EF6:20:238	provisional	n	printed with ruby-residue spacing -> Q010, Q323
幻聴	げんちょう	hearing things	noun	term	00000EF6:50:8	provisional	n	what the narrator tells herself it is
貧血	ひんけつ	anaemia	noun	term	00000EF6:20:134	provisional	n	
リハビリ	リハビリ	physiotherapy	noun	term	00000EF6:8:171	provisional	n	
昏睡状態	こんすいじょうたい	a coma	noun	term	00000EF6:140:1	provisional	n	
外出許可	がいしゅつきょか	leave of absence	noun	term	00000EF6:134:63	provisional	n	permission for an inpatient to leave the hospital
両墓制	りょうぼせい	the double-grave custom	noun	term	00000EF6:8:165	provisional	n	one grave holds the body, a second is the one visited; it lets two mothers share a stone
検死結果	けんしけっか	the autopsy report	noun	object	00000EF6:20:40	provisional	n	
警察庁	けいさつちょう	the National Police Agency	name	org	00000EF6:20:52	provisional	n	the national body above 佐波県警; it refuses the analysis -> Q327
精密分析	せいみつぶんせき	detailed analysis	noun	term	00000EF6:20:60	provisional	n	
国家機密	こっかきひつ	state secret	noun	term	00000EF6:20:92	provisional	n	
無期懲役	むきちょうえき	life imprisonment	noun	term	00000EF6:140:184	provisional	n	古郡茜's sentence for the 女ケ沢 killings in this branch
判決	はんけつ	the verdict	noun	term	00000EF6:140:183	provisional	n	
焼身自殺	しょうしんじさつ	self-immolation	noun	term	00000EF6:20:175	provisional	n	
続柄	つづきがら	relationship	noun	ui	00000EF6:26:143	provisional	n	a field label on the 戸籍謄本 extract -> Q324
次女	じじょ	second daughter	noun	term	00000EF6:26:143	provisional	n	
長女	ちょうじょ	first daughter	noun	term	00000EF6:26:149	provisional	n	
養女	ようじょ	adopted daughter	noun	term	00000EF6:26:152	provisional	n	
養父	ようふ	adoptive father	noun	term	00000EF6:26:150	provisional	n	
養母	ようぼ	adoptive mother	noun	term	00000EF6:26:151	provisional	n	
留置所	りゅうちじょ	the holding cells	noun	place	00000EF6:8:164	provisional	n	
元木大学	もときだいがく	Motoki University	name	org	00000EF6:110:245	provisional	n	reading follows 元木町 -> Q011
無認可薬品	むにんかやくひん	unapproved pharmaceuticals	noun	term	00000EF6:36:193	provisional	n	五島's paper topic, and the reason she knows the doctor
臨床実験	りんしょうじっけん	clinical trials	noun	term	00000EF6:134:77	provisional	n	
論文大会	ろんぶんたいかい	the paper competition	noun	event	00000EF6:134:83	provisional	n	
プレゼン大会	プレゼンたいかい	the presentation contest	noun	event	00000EF6:67:6	provisional	n	五島's cover story, admitted a lie at 67:198
生徒会	せいとかい	the student council	noun	org	00000EF6:134:71	provisional	n	
生徒会長	せいとかいちょう	student council president	noun	title	00000EF6:134:72	provisional	n	
入学オファー	にゅうがくオファー	an offer of admission	noun	term	00000EF6:134:82	provisional	n	
偏差値	へんさち	exam ranking	noun	term	00000EF6:134:84	provisional	n	
編入	へんにゅう	a transfer	noun	term	00000EF6:134:86	provisional	n	
奨学金	しょうがくきん	a scholarship	noun	term	00000EF6:140:121	provisional	n	
高校中退	こうこうちゅうたい	a high-school dropout	noun	term	00000EF6:110:295	provisional	n	
退学届	たいがくとどけ	withdrawal papers	noun	object	00000EF6:140:62	provisional	n	
単位	たんい	credits	noun	term	00000EF6:140:62	provisional	n	
看板娘	かんばんむすめ	the face of the place	noun	term	00000EF6:110:163	provisional	n	the girl customers come for; do not render as "poster girl"
居酒屋	いざかや	izakaya	noun	place	00000EF6:140:108	provisional	n	
店長	てんちょう	the boss	noun	title	00000EF6:26:45	provisional	n	her employer, named only by title; own CAST block
なっちゃん	なっちゃん	Nacchan	name	address	00000EF6:110:159	provisional	n	the regulars' and the owner's name for 古郡なつみ -> Q337
長さん	ちょうさん	Cho-san	name	person	00000EF6:110:181	provisional	n	the groping regular; reading unconfirmed -> Q337
山さん	やまさん	Yama-san	name	person	00000EF6:110:175	provisional	n	reading unconfirmed -> Q337
お酌	おしゃく	pouring drinks	noun	term	00000EF6:110:165	provisional	n	
常連	じょうれん	the regulars	noun	term	00000EF6:26:66	provisional	n	
2次会	にじかい	the second round	noun	term	00000EF6:110:239	provisional	n	the next bar after the main party
3次会	さんじかい	the third round	noun	term	00000EF6:110:239	provisional	n	
寿司サバイバル	すしサバイバル	Sushi Survival	name	brand	00000EF6:110:247	provisional	n	also printed サバイバル寿司; the 000006F9 ロシアンたこ焼き gag rebuilt as a business -> Q331
キャロライナ・リーパー	キャロライナ・リーパー	the Carolina Reaper	name	food	00000EF6:110:263	provisional	n	
ギネス	ギネス	Guinness records	name	org	00000EF6:110:263	provisional	n	
セクハラ	セクハラ	groping	noun	term	00000EF6:110:199	provisional	n	the JP is the loanword for sexual harassment; EN should not be clinical -> Q330
逮捕状	たいほじょう	an arrest warrant	noun	object	00000EF6:110:213	provisional	n	
出禁	できん	barred	noun	term	00000EF6:110:218	provisional	n	
客単価	きゃくたんか	spend per head	noun	term	00000EF6:110:276	provisional	n	
リピーター	リピーター	repeat customers	noun	term	00000EF6:110:241	provisional	n	
座敷席	ざしきせき	the tatami seats	noun	place	00000EF6:110:188	provisional	n	
カウンター席	カウンターせき	the counter	noun	place	00000EF6:110:178	provisional	n	
焼き場	やきば	the grill station	noun	place	00000EF6:110:184	provisional	n	
まかない	まかない	the staff meal	noun	food	00000EF6:110:239	provisional	n	
地鶏モモのたたき	じどりモモのたたき	seared free-range chicken thigh	noun	food	00000EF6:110:181	provisional	n	ordered 一味多め、ネギ抜き
2号店	にごうてん	the second branch	noun	place	00000EF6:67:16	provisional	n	
時給	じきゅう	hourly wage	noun	term	00000EF6:110:285	provisional	n	
引き抜き	ひきぬき	poaching	noun	term	00000EF6:110:288	provisional	n	
ホットミルク	ホットミルク	hot milk	noun	food	00000EF6:134:52	provisional	n	五島 makes it on every day off, to the narrator's temperature and sweetness
湯葉	ゆば	yuba	noun	food	00000EF6:134:59	provisional	n	named only as a comparison for the skin on hot milk
食洗機	しょくせんき	the dishwasher	noun	object	00000EF6:134:14	provisional	n	
家出	いえで	running away from home	noun	term	00000EF6:134:3	provisional	n	五島桃子, two years gone -> Q336
菜の花	なのはな	rape blossom	noun	term	00000EF6:14:179	provisional	n	
若葉	わかば	new leaves	noun	term	00000EF6:14:170	provisional	n	
春の嵐	はるのあらし	the spring gale	noun	term	00000EF6:8:31	provisional	n	
息吹	いぶき	breath	noun	term	00000EF6:8:3	provisional	n	春の息吹, three times; keep the same EN each time
山姥	やまんば	a mountain hag	noun	term	00000EF6:36:129	provisional	n	
沖縄	おきなわ	Okinawa	name	place	00000EF6:61:56	provisional	n	
台風	たいふう	a typhoon	noun	term	00000EF6:61:57	provisional	n	
黄昏時	たそがれどき	dusk	noun	term	00000EF6:110:153	provisional	n	
災い転じて福となす	わざわいてんじてふくとなす	turn misfortune into a blessing	noun	concept	00000EF6:8:175	provisional	n	a proverb, used straight by the narrator
藁にもすがる	わらにもすがる	clutch at straws	verb	concept	00000EF6:8:194	provisional	n	used twice, once inside the folktale and once outside it
壊れたレコード	こわれたレコード	a broken record	noun	concept	00000EF6:36:83	provisional	n	
統計学	とうけいがく	statistics	noun	term	00000EF6:20:227	provisional	n	the narrator names her own fallacy as ignoring it -> Q340
秘密組織	ひみつそしき	a secret organisation	noun	term	00000EF6:20:85	provisional	n	
闇の組織	やみのそしき	a shadow organisation	noun	term	00000EF6:20:87	provisional	n	her own word one cell later; keep the two different
兵器	へいき	a weapon	noun	term	00000EF6:20:86	provisional	n	she uses it of herself
新しい世界	あたらしいせかい	the new world	noun	concept	00000EF6:8:22	provisional	n	the file's refrain, ~20 occurrences; must be word-identical every time -> Q339
奇跡	きせき	a miracle	noun	concept	00000EF6:20:222	provisional	n	the file's second refrain; 「奇跡は起こるために存在するのだ」 -> Q333, Q340
家族写真	かぞくしゃしん	a family photograph	noun	concept	00000EF6:8:35	provisional	n	the narrator's one wish, stated in the dream, at 14:135 and at 8:220
おはよう	おはよう	Good morning	interjection	interjection	00000EF6:8:130	provisional	n	the file's load-bearing word; 8:154 says it is what opened the new world. FUNCTION: the morning greeting proper. Tell: said to someone who has JUST WOKEN, at any hour, it is ordinary JP -> "Morning."; the locked full form also erases the おはよう／おはようございます register step (rev. 2026-09-25, rules audit #2)
ウェーイ	ウェーイ	Wheyyy	interjection	interjection	00000EF6:110:244	provisional	n	the student party's only word, stretched further on each repeat -> Q331
はーい	はーい	Coming	interjection	interjection	00000EF6:20:18	provisional	n	the nurses' answer; distinct from はい
ちぇ	ちぇ	Tch	interjection	interjection	00000EF6:8:215	provisional	n	新村春花's, in her last line of the branch
ぐあああ	ぐあああ	Gaaah	interjection	sfx	00000EF6:110:271	provisional	n	
しとしと	しとしと	steadily (rain)	adverb	sfx	00000EF6:110:4	provisional	n	used of rain falling inside the narrator
ぐは	ぐは	guh	interjection	sfx	00000EF6:36:140	provisional	n	agonal breathing written as a sound, twice in one cell
ちょこちょこ	ちょこちょこ	in quick little steps	adverb	sfx	00000EF6:134:29	provisional	n	
さわっと	さわっと	with a brush	adverb	sfx	00000EF6:110:198	provisional	n	
ガラリ	ガラリ	with a rattle	adverb	sfx	00000EF6:20:25	provisional	n	a sliding hospital door, three times
カラカラ	カラカラ	with a clatter	adverb	sfx	00000EF6:36:15	provisional	n	
ぴくぴく	ぴくぴく	twitching	adverb	sfx	00000EF6:42:96	provisional	n	
パタパタ	パタパタ	flapping	adverb	sfx	00000EF6:14:153	provisional	n	sheets on a hospital roof
くしゃっ	くしゃっ	crumple	interjection	sfx	00000EF6:20:152	provisional	n	
すうっと	すうっと	sinking smoothly	adverb	sfx	00000EF6:134:35	provisional	n	
ぽとり	ぽとり	with a small drop	adverb	sfx	00000EF6:110:81	provisional	n	the mask hitting the floor in the folktale
するり	するり	slipping free	adverb	sfx	00000EF6:110:81	provisional	n	same cell as ぽとり; the two must stay distinct
びくびく	びくびく	shuddering	adverb	sfx	00000EF6:61:165	provisional	n	
佐波県警本部	さわけんけいほんぶ	Sawa Prefectural Police Headquarters	name	place	00000F0D:8:183	provisional	n	the building in 皆上市; 佐波県警 already holds the force itself | reading = Sawa (source RUBY さわ at 000001DF and にしさわ at 000004F9; Q1723, 2026-09-25)
女ケ沢駅	めがさわえき	Megasawa Station	name	place	00000F0D:179:126	provisional	n	terminus of the 元木 limited express; reading follows Q012 | reading swept to Megasawa (Q012, 2026-09-25)
古村秋菜	ふるむら あきな	Akina Furumura	name	person	00000F0D:8:131	provisional	n	新村夏菜's alias, built from her own name by 新→古 and 夏→秋 and explained on screen at 8:133 -> Q353
天皇陛下	てんのうへいか	His Majesty the Emperor	title	title	00000F0D:8:75	provisional	n	a visit to 皆上市 is why the plainclothes officers are on the street
皇后さま	こうごうさま	Her Majesty the Empress	title	title	00000F0D:8:76	provisional	n	shouted once by the crowd
青少年健全育成委員	せいしょうねんけんぜんいくせいいいん	the Youth Welfare Committee	noun	org	00000F0D:14:60	provisional	n	a 佐波県 body; 伊勢 is its 理事 and the title is repeated four times
元木駅集団発狂殺人事件	もとぎえきしゅうだんはっきょうさつじんじけん	the Motoki Station mass-frenzy killings	name	event	00000F0D:68:0	provisional	n	named only in the authorial caption at 68:0; reading of 元木 follows Q011
ペペロンチーノ	ペペロンチーノ	peperoncino	noun	food	00000F0D:38:30	provisional	n	ordered by a narrator who has to read the menu gloss to know what it is
ざるそば	ざるそば	zaru soba	noun	food	00000F0D:20:161	provisional	n	the 食堂's only dish; its broth is made from mountain ingredients (20:172)
フォトスタンド	フォトスタンド	a photo stand	noun	object	00000F0D:68:225	provisional	n	the birthday present and the file's closing image
テレホンカード	テレホンカード	a phone card	noun	object	00000F0D:179:139	provisional	n	called 過去の遺産 by a 14-year-old who owns one
等活地獄	とうかつじごく	the Hell of Repetition	noun	term	00000F0D:179:181	provisional	n	Buddhist 地獄, used once as a simile for the platform -> Q364
園長先生	えんちょうせんせい	the Director	title	address	00000F0D:68:15	provisional	n	head of the 元木町 children's home; used as her only name
犯人蔵匿及び証拠隠滅の罪	はんにんぞうとくおよびしょうこいんめつのつみ	harbouring an offender and destruction of evidence	noun	term	00000F0D:44:199	provisional	n	cited with the article numbers 刑法103条-105条の2, inside a vision -> Q365
家出少女	いえでしょうじょ	a runaway girl	noun	term	00000F0D:8:101	provisional	n	~12 occurrences; 伊勢's professional category, and she is released from it at 32:31
取調室	とりしらべしつ	an interview room	noun	place	00000F0D:14:3	provisional	n	
ファミレス	ファミレス	a family restaurant	noun	place	00000F0D:38:0	provisional	n	the one in this file is ザッハ (56:2)
野宿	のじゅく	sleeping rough	noun	term	00000F0D:8:26	provisional	n	her original plan, and 伊勢 explains why it will not work (50:113-50:114)
私服警官	しふくけいかん	a plainclothes officer	noun	term	00000F0D:8:185	provisional	n	
お年玉	おとしだま	New Year money	noun	term	00000F0D:8:20	provisional	n	she says touching it is もってのほか
日の丸	ひのまる	the Hinomaru flag	noun	object	00000F0D:8:72	provisional	n	also 日の丸野次馬 (8:80) for the crowd carrying them
パトカー	パトカー	a patrol car	noun	object	00000F0D:8:57	provisional	n	
特急電車	とっきゅうでんしゃ	the limited express	noun	object	00000F0D:62:22	provisional	n	the 女ケ沢行き; its arrival is what puts the two girls on one platform
求刑	きゅうけい	the sentence demanded	noun	term	00000F0D:68:2	provisional	n	判決は求刑通り
シスコン	シスコン	a sister complex	noun	term	00000F0D:56:17	provisional	n	五島絵梨奈's word for her own sister
同志	どうし	comrades	noun	term	00000F0D:179:175	provisional	n	the narrator's word for the women converted by contact with the blood; used twice and by nobody else -> Q363
髪留め	かみどめ	a hair clip	noun	object	00000F0D:68:246	provisional	n	
緑の目	みどりのめ	the green eye	noun	term	00000F0D:20:143	provisional	n	the narrator's own name for what 翠眼 names from outside; ~10 occurrences -> Q233
居場所	いばしょ	a place to belong	noun	term	00000F0D:20:80	provisional	n	the file's keyword, ~30 occurrences, and 伊勢's professional vocabulary; ONE fixed EN across the whole file
手錠	てじょう	handcuffs	noun	object	00000F0D:44:198	provisional	n	
自衛隊	じえいたい	the Self-Defence Forces	name	org	00000F0D:44:203	provisional	n	inside the vision only
なるほどなるほど	なるほどなるほど	I see, I see	interjection	interjection	00000F0D:8:139	provisional	n	the plainclothes officer's tic; five times in four cells, doubled inside single cells
あーら	あーら	Well, well	interjection	interjection	00000F0D:20:0	provisional	n	the そば屋 old woman; en-collision risk with あら, keep them distinct
ほっほー	ほっほー	Ho-ho	interjection	interjection	00000F0D:8:148	provisional	n	
ほーん	ほーん	Hmmm	interjection	interjection	00000F0D:38:149	provisional	n	五島絵梨奈, once, before she starts probing
ぐっふふふ	ぐっふふふ	Gguhuhuhu	interjection	interjection	00000F0D:74:81	provisional	n	伊勢's suppressed laugh, also どぅふふふふふ (74:85); the narration says strangers take him for a pervert when he does it (74:87)
ばんざーい	ばんざーい	Banzai	interjection	interjection	00000F0D:8:75	provisional	n	shouted by the crowd
大ちゃん	だいちゃん	Dai-chan	name	address	00000F0D:20:0	provisional	n	the そば屋 old woman's name for 伊勢大二郎; the only diminutive used on him anywhere
おっちゃん	おっちゃん	mister	noun	address	00000F0D:8:119	provisional	n	the plainclothes officer's word for himself; the narration calls him おっさん
お嬢ちゃん	おじょうちゃん	little lady	noun	address	00000F0D:20:26	provisional	n	
ヴェルジ	ヴェルジ	Verde	name	person	00000F24:64:89	provisional	n	the 荒田 goddess; glossed on screen at 100:149 as Portuguese for 緑色. Katakana ヴェルジ = Brazilian "verde". -> Q378
ヴェルジ教	ヴェルジきょう	the Verde faith	noun	org	00000F24:64:89	provisional	n	五島 calls it a 仮称 (118:254); not the settlement's own word for itself
女神ブルーシャ	めがみブルーシャ	the Goddess Bruxa	name	person	00000F24:106:92	provisional	n	新村サクラ's mummy, renamed; Portuguese "bruxa" = witch, cf. the 00000A62 liturgy. -> Q378
トミ	トミ	Tomi	name	person	00000F24:100:81	provisional	n	ヴェルジ's living name — 「生前は『トミ』と呼ばれていた」
セレジェイラ聖教	セレジェイラせいきょう	the Cerejeira faith	noun	org	00000F24:118:261	provisional	n	the 女ケ沢市 religion, 荒田 in origin; Portuguese "cerejeira" = cherry tree. -> Q378
篠崎ハジメ	しのざき ハジメ	Hajime Shinozaki	name	person	00000F24:118:272	provisional	n	the ドローガ researcher; he changed his name and the text says his identity is still unknown
白般若	しろはんにゃ	the White Hannya	noun	term	00000F24:64:136	provisional	n	白般若の面 + 白装束; never gendered before 142:138. Cf. 般若. -> Q379
白装束	しろしょうぞく	white vestments	noun	object	00000F24:64:136	provisional	n	en-collision: 赤装束 ("red vestments") — keep the pair parallel
繁栄の儀	はんえいのぎ	the Rite of Increase	noun	event	00000F24:94:69	provisional	n	named once by 古郡なつみ and never explained. -> Q383
恵み	めぐみ	the Blessing	noun	term	00000F24:64:75	provisional	n	ALWAYS inside 『』; a substance a third-generation corpse emits. -> Q382
第四世代	だいよんせだい	fourth generation	noun	term	00000F24:100:177	provisional	n	五島's hypothesis; no data exists for it. Cf. 第一世代 / 第二世代 / 第三世代
一周忌	いっしゅうき	the first-year memorial	noun	term	00000F24:106:84	provisional	n	cf. 三回忌, 七回忌, 十回忌
追善供養	ついぜんくよう	merit-transfer rites	noun	term	00000F24:70:12	provisional	n	五島 explains the mechanism at 76:115-76:121
阿鼻地獄	あびじごく	the Avici Hell	noun	place	00000F24:76:106	provisional	n	cf. 等活地獄
無間地獄	むけんじごく	the Hell of No Interval	noun	place	00000F24:76:106	provisional	n	named in the same breath as 阿鼻地獄
糸姫山	いとひめやま	Mount Itohime	noun	place	00000F24:70:19	provisional	n	the mountain 新村春花 spends her 山籠 on, and where she lives at the end
糸姫温泉	いとひめおんせん	Itohime Hot Spring	noun	place	00000F24:70:23	provisional	n	「命名者、私」 — she named it herself, and the EN must keep that joke workable; P18: aligned to notes/v2/GLOSSARY.tsv (ruby reading)
秘湯	ひとう	a hidden hot spring	noun	place	00000F24:70:23	provisional	n	
ミイラ	ミイラ	a mummy	noun	object	00000F24:106:100	provisional	n	the file's central object; two of them by the end
胚	はい	an embryo	noun	term	00000F24:94:112	provisional	n	五島's word for a person the 荒田桜 has taken over
苗床	なえどこ	a seedbed	noun	term	00000F24:100:236	provisional	n	
宿主	しゅくしゅ	a host	noun	term	00000F24:94:109	provisional	n	parasitology sense throughout
自家不和合性	じかふわごうせい	self-incompatibility	noun	term	00000F24:94:92	provisional	n	botanical term 五島 applies to ソメイヨシノ and 荒田桜
冬虫夏草	とうちゅうかそう	cordyceps	noun	term	00000F24:100:236	provisional	n	
ロイコクロリディウム	ロイコクロリディウム	Leucochloridium	name	term	00000F24:142:75	provisional	n	the snail parasite 五島 cites as a real precedent
タイワンアリタケ	タイワンアリタケ	Ophiocordyceps	name	term	00000F24:142:82	provisional	n	the ant fungus; the JP names the Taiwanese species specifically
ハリガネムシ	ハリガネムシ	a horsehair worm	noun	term	00000F24:142:86	provisional	n	cf. ギニアワーム, named in the same line
女王蜂	じょおうばち	a queen bee	noun	term	00000F24:100:202	provisional	n	五島's model for the settlement
働き蜂	はたらきばち	a worker bee	noun	term	00000F24:100:202	provisional	n	
境界未定地	きょうかいみていち	an undetermined-boundary tract	noun	term	00000F24:118:211	provisional	n	五島's term for 荒田地区; cf. 所属未定地 (00000F0D), a second JP term for the same status. -> Q399
大和民族	やまとみんぞく	the Yamato people	noun	term	00000F24:100:84	provisional	n	inside the 450-year-old account
異邦人	いほうじん	an outsider	noun	term	00000F24:100:98	provisional	n	used of the Westerners in the 450-year-old account
先住民	せんじゅうみん	the original inhabitants	noun	term	00000F24:100:109	provisional	n	
内戦	ないせん	a civil war	noun	term	00000F24:100:101	provisional	n	
一神教	いっしんきょう	monotheism	noun	term	00000F24:124:213	provisional	n	茅萱's word for the 荒田 faith; contradicted by 106:96
多神教	たしんきょう	polytheism	noun	term	00000F24:124:212	provisional	n	
アニミズム	アニミズム	animism	noun	term	00000F24:124:209	provisional	n	
森羅万象	しんらばんしょう	all creation	noun	term	00000F24:124:209	provisional	n	
崇拝対象	すうはいたいしょう	an object of worship	noun	term	00000F24:124:203	provisional	n	
偶像	ぐうぞう	an idol	noun	term	00000F24:118:304	provisional	n	
鳥葬	ちょうそう	sky burial	noun	term	00000F24:193:19	provisional	n	
隻眼	せきがん	one-eyed	noun	term	00000F24:124:83	provisional	n	春花's word for the mummy before she knows what it is
司法解剖	しほうかいぼう	a forensic autopsy	noun	term	00000F24:187:56	provisional	n	
文化人類学	ぶんかじんるいがく	cultural anthropology	noun	term	00000F24:118:227	provisional	n	
どら焼き	どらやき	a dorayaki	noun	food	00000F24:64:49	provisional	n	her first sweet thing in two years
和菓子	わがし	wagashi	noun	food	00000F24:64:43	provisional	n	
お雑煮	おぞうに	ozoni	noun	food	00000F24:76:129	provisional	n	
保存料	ほぞんりょう	preservatives	noun	term	00000F24:64:47	provisional	n	五島's joke justification for the emergency rations
ブロイラー	ブロイラー	broiler chicken	noun	food	00000F24:70:55	provisional	n	
カセットコンロ	カセットコンロ	a portable gas stove	noun	object	00000F24:112:101	provisional	n	
煮物	にもの	a simmered dish	noun	food	00000F24:112:102	provisional	n	the trap meal
炭酸マグネシウム	たんさんマグネシウム	magnesium carbonate	noun	term	00000F24:106:235	provisional	n	茅萱's grip powder, explained mid-fight
人中	じんちゅう	the philtrum	noun	term	00000F24:106:264	provisional	n	glossed on screen as 鼻と口の間
独鈷	とっこ	the tokko point	noun	term	00000F24:106:264	provisional	n	glossed on screen as 耳の裏
峰打ち	みねうち	a strike with the back of the blade	noun	term	00000F24:106:291	provisional	n	
足払い	あしばらい	a foot sweep	noun	term	00000F24:106:246	provisional	n	set up by 「足元すくわれるわよ？」 (106:241-106:242) — the literalised idiom is the joke
視床下部	ししょうかぶ	the hypothalamus	noun	term	00000F24:112:165	provisional	n	
扁桃体	へんとうたい	the amygdala	noun	term	00000F24:112:166	provisional	n	
帰巣本能	きそうほんのう	the homing instinct	noun	term	00000F24:88:257	provisional	n	
整理券	せいりけん	a boarding ticket	noun	object	00000F24:118:142	provisional	n	one-man rural train
無線LAN	むせんラン	the wireless LAN	noun	object	00000F24:130:49	provisional	n	
春眠暁を覚えず	しゅんみんあかつきをおぼえず	spring sleep knows no dawn	noun	term	00000F24:70:6	provisional	n	quoted as a quotation — 「とはよく言ったものだ」
極楽極楽	ごくらくごくらく	bliss, bliss	interjection	interjection	00000F24:70:32	provisional	n	the bath set phrase, also quoted as a quotation
郷に入れば郷に従え	ごうにいればごうにしたがえ	when in Rome	noun	term	00000F24:112:187	provisional	n	said by the converted 古郡なつみ; the English idiom is an exact match
ミイラ取りがミイラになる	ミイラとりがミイラになる	the mummy-hunter becomes the mummy	noun	term	00000F24:94:180	provisional	n	五島 says it while planning to steal a literal mummy; a naturalised EN idiom kills the pun. -> Q393
へえ	へえ	Huh	interjection	interjection	00000F24:112:178	provisional	n	the converted なつみ's flat acknowledgement. FUNCTION: flat acknowledgement, falling, no question mark. Tell: へえ？ rising = surprise, a different function with its own EN (rev. 2026-09-25, rules audit #2)
うーん	うーん	Hmm	interjection	interjection	00000F24:94:186	provisional	n	deliberating; distinct from ふうん (00000779)
えげ	えげ	Egh	interjection	interjection	00000F24:124:169	provisional	n	「えげ……げげ……！」 — speaking with the mouth forced open
ドキッと	ドキッと	with a jolt	adverb	sfx	00000F24:124:105	provisional	n	
ひたひた	ひたひた	pit-pat	adverb	sfx	00000F24:112:122	provisional	n	soft approaching footsteps
もぞもぞ	もぞもぞ	squirming	adverb	sfx	00000F24:100:247	provisional	n	
よろよろ	よろよろ	unsteadily	adverb	sfx	00000F24:88:191	provisional	n	distinct from よたよた (00000EDF)
ふらふら	ふらふら	swaying	adverb	sfx	00000F24:88:192	provisional	n	
しくしく	しくしく	sobbing quietly	adverb	sfx	00000F24:88:152	provisional	n	paired with さめざめ in one line
さめざめ	さめざめ	weeping softly	adverb	sfx	00000F24:88:152	provisional	n	
ぐりぐり	ぐりぐり	grinding	adverb	sfx	00000F24:124:161	provisional	n	a knee into a cheek
もうもう	もうもう	billowing	adverb	sfx	00000F24:70:22	provisional	n	steam off water
ぶらぶら	ぶらぶら	dangling	adverb	sfx	00000F24:88:138	provisional	n	the hanging mummy
ぐらぐら	ぐらぐら	reeling	adverb	sfx	00000F24:106:266	provisional	n	
ちらっと	ちらっと	with a glance	adverb	sfx	00000F24:106:292	provisional	n	
海風	うみかぜ	the sea wind	noun	term	00000F40:11:11	provisional	n	
宴会場	えんかいじょう	the banquet hall	noun	place	00000F40:11:30	provisional	n	
新郎新婦	しんろうしんぷ	the bride and groom	noun	term	00000F40:11:32	provisional	n	
和装	わそう	Japanese dress	noun	term	00000F40:11:32	provisional	n	
小上がり	こあがり	the raised tatami area	noun	place	00000F40:11:50	provisional	n	en-collision: 座敷席
土産物屋	みやげものや	the souvenir shop	noun	place	00000F40:11:65	provisional	n	
高級旅館	こうきゅうりょかん	a high-class ryokan	noun	place	00000F40:11:29	provisional	n	
泣き上戸	なきじょうご	a weepy drunk	noun	term	00000F40:11:60	provisional	n	
酒癖	さけぐせ	the way he drinks	noun	term	00000F40:11:54	provisional	n	
人生の伴侶	じんせいのはんりょ	a partner for life	noun	term	00000F40:11:37	provisional	n	
フロント	ふろんと	the front desk	noun	place	00000F40:11:115	provisional	n	
ぬっと	ぬっと	looming in	adverb	sfx	00000F40:11:121	provisional	n	
ぽっと	ぽっと	flushing	adverb	sfx	00000F40:11:127	provisional	n	
サプリ	さぷり	supplements	noun	object	00000F57:11:27	provisional	n	
全裸	ぜんら	stark naked	noun	term	00000F57:11:58	provisional	n	
のぞき	のぞき	peeping	noun	term	00000F57:11:68	provisional	n	
婦女暴行	ふじょぼうこう	indecent assault	noun	term	00000F57:11:99	provisional	n	
わいせつ物陳列	わいせつぶつちんれつ	indecent exposure	noun	term	00000F57:11:99	provisional	n	
現行犯逮捕	げんこうはんたいほ	arrest in the act	noun	term	00000F57:11:99	provisional	n	
絡み酒	からみざけ	a nasty drunk	noun	term	00000F57:11:136	provisional	n	
裸の付き合い	はだかのつきあい	naked friendship	noun	term	00000F57:11:138	provisional	n	
泣き虫	なきむし	a crybaby	noun	term	00000F57:11:148	provisional	n	
甘えん坊	あまえんぼう	a clinger	noun	term	00000F57:11:148	provisional	n	
妄想	もうそう	a delusion	noun	term	00000F57:11:131	provisional	n	en-collision: 被害妄想
覇気	はき	spirit	noun	term	00000F57:11:168	provisional	n	
ぷぷ	ぷぷ	Pff	interjection	interjection	00000F57:11:114	provisional	n	
くっくく	くっくく	Hnk-hk-hk	interjection	interjection	00000F57:11:129	provisional	n	
お化け屋敷	おばけやしき	the haunted house	noun	place	00000F6F:11:139	provisional	n	
アトラクション	あとらくしょん	the rides	noun	term	00000F6F:11:84	provisional	n	
ジェットコースター	じぇっとこーすたー	a roller coaster	noun	term	00000F6F:11:114	provisional	n	
園内マップ	えんないまっぷ	the park map	noun	object	00000F6F:11:115	provisional	n	
心霊スポット	しんれいすぽっと	a haunted spot	noun	place	00000F6F:11:153	provisional	n	
自分語り	じぶんがたり	talking about myself	noun	term	00000F6F:11:75	provisional	n	
免許	めんきょ	a licence	noun	term	00000F87:11:39	provisional	n	
ぎゅー	ぎゅー	Squashed	interjection	sfx	00000F6F:11:93	provisional	n	
メリーゴーランド	めりーごーらんど	the merry-go-round	noun	term	00000F87:11:1	provisional	n	
コーヒーカップ	こーひーかっぷ	the spinning teacups	noun	term	00000F87:11:1	provisional	n	
心筋梗塞	しんきんこうそく	a heart attack	noun	term	00000F87:11:49	provisional	n	
事件性	じけんせい	signs of foul play	noun	term	00000F87:11:49	provisional	n	
接客業	せっきゃくぎょう	customer-facing work	noun	term	00000F87:11:142	provisional	n	
ニート	にーと	a NEET	noun	term	00000F87:11:311	provisional	n	
偏見	へんけん	prejudice	noun	term	00000F87:11:174	provisional	n	
劣等感	れっとうかん	an inferiority complex	noun	term	00000F87:11:182	provisional	n	
地毛	じげ	her natural color	noun	term	00000F87:11:98	provisional	n	 | American form (Q1641 sweep 2026-09-25)
名づけ親	なづけおや	the one who named her	noun	term	00000F87:11:276	provisional	n	
サービスエリアの手土産	さーびすえりあのてみやげ	a service-area gift	noun	object	00000F87:11:320	provisional	n	compound of two existing keys; kept because the funeral gift is bought at a motorway stop
土葬	どそう	burial in the ground	noun	term	00000F9F:11:55	provisional	n	
共同墓地	きょうどうぼち	the common graveyard	noun	place	00000F9F:11:55	provisional	n	
拘留	こうりゅう	detention	noun	term	00000F9F:11:41	provisional	n	
手渡し	てわたし	handing it over in person	noun	term	00000F9F:11:62	provisional	n	
天寿	てんじゅ	her full span of years	noun	term	00000F9F:11:157	provisional	n	
復興	ふっこう	rebuilding	noun	term	00000F9F:11:221	provisional	n	
冥福	めいふく	peace for the dead	noun	term	00000FB7:11:27	provisional	n	
あやか	あやか	Ayaka	name	person	00000FB7:11:84	provisional	n	written in hiragana only; no kanji anywhere -> Q430
天秤	てんびん	a balance	noun	object	00000FB7:11:93	provisional	n	en-collision: 秤
番人	ばんにん	the keeper	noun	term	00000FB7:11:177	provisional	n	
既成事実	きせいじじつ	an accomplished fact	noun	term	00000FB7:11:173	provisional	n	
引け目	ひけめ	feeling second-best	noun	term	00000FB7:11:79	provisional	n	
従妹	いとこ	my cousin	noun	address	00000FCF:43:10	provisional	n	female and younger; the reading in this cell is いとこ
ノーブラ	のーぶら	no bra	noun	term	00000FCF:43:34	provisional	n	
ペットボトルロケット	ぺっとぼとるろけっと	a bottle rocket	noun	object	00001039:19:7	provisional	n	
ボトル缶	ぼとるかん	a bottle can	noun	object	00001039:19:4	provisional	n	
クソ野郎	くそやろう	you bastards	noun	term	00001039:19:0	provisional	n	the only word above the project's くそ ceiling, and it belongs to a voice with no character attached
断末魔	だんまつま	a death cry	noun	term	0000104E:11:27	provisional	n	
メッタ刺し	めったざし	stabbed over and over	noun	term	0000104E:11:6	provisional	n	
呪いの目	のろいのめ	the cursed eye	noun	term	0000104E:11:14	provisional	n	en-collision: 緑の目, 翠眼 — this is a third name for the same feature and is 新村茅萱's word
自我	じが	the self	noun	term	0000104E:11:10	provisional	n	en-collision: 自我崩壊
秋野冬夫	あきの ふゆお	Fuyuo Akino	name	person	00001073:8:11	provisional	n	the surname holds 秋 and the given name 冬 -> Q416, Q123
日本園芸大学	にほんえんげいだいがく	Nihon Horticultural University	name	org	00001073:8:11	provisional	n	
名誉教授	めいよきょうじゅ	professor emeritus	noun	title	00001073:8:11	provisional	n	
ゴマコメマメ知識	ごまこめまめちしき	Goma Kome Mame Chishiki	name	title	00001073:8:7	provisional	n	a radio segment name punning on 豆知識 (trivia) with three grains -> the pun does not survive; TBD
場所取り	ばしょとり	saving a place	noun	term	00001073:8:2	provisional	n	
スペシャルライブ	すぺしゃるらいぶ	a special live show	noun	event	00001073:8:0	provisional	n	
変質者	へんしつしゃ	a pervert	noun	term	00001073:8:18	provisional	n	
クローン	くろーん	a clone	noun	term	00001073:8:22	provisional	n	
寄生生物	きせいせいぶつ	a parasite	noun	term	00001073:8:32	provisional	n	
浮気者	うわきもの	a philanderer	noun	term	00001073:8:36	provisional	n	
太良聖守	たら きよもり	Tara no Kiyomori	name	person	0000107B:11:1	provisional	n	P18: aligned to notes/v2/GLOSSARY.tsv (ruby reading)
太良氏	たらし	the Tara clan	name	org	0000107B:11:2	provisional	n	
令旨	りょうじ	a prince's decree	noun	term	0000107B:11:4	provisional	n	
勅旨	ちょくし	an imperial decree	noun	term	0000107B:11:69	provisional	n	used once where 令旨 is meant -> Q437
幽閉	ゆうへい	confinement	noun	term	0000107B:11:5	provisional	n	
追討	ついとう	a punitive expedition	noun	term	0000107B:11:6	provisional	n	
湊氏	みなとし	the Minato clan	name	org	0000107B:11:6	provisional	n	
湊朝寄	みなと ともより	Minato no Tomoyori	name	person	0000107B:11:48	provisional	n	P18: aligned to notes/v2/GLOSSARY.tsv (ruby reading)
糸姫	いとひめ	Itohime	name	person	0000107B:11:50	provisional	n	姫 is granted on screen at 11:73 as a kindness, not inherited -> Q419; P18: aligned to notes/v2/GLOSSARY.tsv (ruby reading)
甲冑	かっちゅう	armour	noun	object	0000107B:11:15	provisional	n	
従者	じゅうしゃ	a retainer	noun	title	0000107B:11:19	provisional	n	
西の都	にしのみやこ	the Western Capital	name	place	0000107B:11:17	provisional	n	
東の都	ひがしのみやこ	the Eastern Capital	name	place	0000107B:11:17	provisional	n	
獣道	けものみち	a game trail	noun	place	0000107B:11:39	provisional	n	
洞穴	ほらあな	a rock cave	noun	place	0000107B:11:40	provisional	n	en-collision: 洞窟, ほら穴
化け物鹿	ばけものじか	the monster deer	noun	term	0000107B:11:107	provisional	n	
縄張り	なわばり	territory	noun	term	0000107B:11:130	provisional	n	
天田	あまた	Amata	name	place	0000107B:11:218	provisional	n	the rejected name, "heavenly field", against 荒田 "wasted field" -> Q418
楽園	らくえん	a paradise	noun	place	0000107B:11:154	provisional	n	
人肉	じんにく	human flesh	noun	food	0000107B:11:91	provisional	n	
天涯孤独	てんがいこどく	alone in the world	noun	term	0000107B:11:68	provisional	n	
短刀	たんとう	a short sword	noun	object	0000107B:11:65	provisional	n	
盛者必衰	じょうしゃひっすい	all that flourishes must fall	noun	concept	0000107B:11:2	provisional	n	
賤しい身分	いやしいみぶん	low birth	noun	term	0000107B:11:30	provisional	n	
クーデター	くーでたー	a coup	noun	event	0000107B:11:7	provisional	n	
桜色	さくらいろ	cherry pink	noun	term	0000107B:11:246	provisional	n	
藤吉郎	とうきちろう	Fujiyoshiro	name	person	000010AA:11:25	provisional	n	also 吉郎 to his friend and 藤殿 to 儀之助 -> Q443; P18: aligned to notes/v2/GLOSSARY.tsv (ruby reading)
豊吉	とよきち	Hokichi	name	person	00001092:11:27	provisional	n	P18: aligned to notes/v2/GLOSSARY.tsv (ruby reading)
台所奉行	だいどころぶぎょう	the kitchen steward	noun	title	00001092:11:0	provisional	n	
お館様	おやかたさま	my lord	noun	address	00001092:11:0	provisional	n	never on screen and never named in 151-152
麻生田家	あそだけ	the Ouda house	name	org	00001092:11:4	provisional	n	P18: aligned to notes/v2/GLOSSARY.tsv (ruby reading)
麻生田延永	あそだ のぶなが	Enei Ouda	name	person	000010C3:11:5	provisional	n	-> Q421; P18: aligned to notes/v2/GLOSSARY.tsv (ruby reading)
間川基義	まがわ もとよし	Motoyoshi Magawa	name	person	00001092:11:5	provisional	n	
間川家	まがわけ	the Magawa house	name	org	00001092:11:7	provisional	n	
弓取り	ゆみとり	a bowman	noun	title	00001092:11:6	provisional	n	「日本一の弓取り」 is a fixed epithet
家臣	かしん	a vassal	noun	title	00001092:11:8	provisional	n	
奉公人	ほうこうにん	a servant of the house	noun	title	00001092:11:15	provisional	n	
密偵	みってい	a spy	noun	title	00001092:11:26	provisional	n	
分国法	ぶんこくほう	a domain law	noun	term	00001092:11:151	provisional	n	
一円知行	いちえんちぎょう	unified domain control	noun	term	00001092:11:153	provisional	n	
年貢	ねんぐ	the land tax	noun	term	00001092:11:153	provisional	n	
樽狭間	たるがはざま	Taruhazama	name	place	00001092:11:119	provisional	n	-> Q421; P18: aligned to notes/v2/GLOSSARY.tsv (ruby reading)
奇襲	きしゅう	a surprise attack	noun	term	00001092:11:113	provisional	n	
小太刀	こだち	a short blade	noun	object	00001092:11:120	provisional	n	en-collision: 短刀
わらじ	わらじ	straw sandals	noun	object	00001092:11:121	provisional	n	
マムシ	まむし	a pit viper	noun	food	00001092:11:143	provisional	n	named as a strengthening food, not as a snake
白樺	しらかば	a birch	noun	term	00001092:11:168	provisional	n	
イノシシ	いのしし	a boar	noun	food	00001092:11:181	provisional	n	
鬼神	きしん	a demon-god	noun	concept	00001092:11:98	provisional	n	
一騎当千	いっきとうせん	a match for a thousand	noun	concept	000010AA:11:207	provisional	n	
ガハハ	がはは	Gahaha	interjection	interjection	00001092:11:29	provisional	n	
新村儀之助	にいむら ぎのすけ	Ginosuke Niimura	name	person	000010AA:11:26	provisional	n	a Westerner using a Japanese name; the surname is the settlement's
植民地	しょくみんち	a colony	noun	place	000010AA:11:65	provisional	n	
改名	かいめい	changing one's name	noun	term	000010AA:11:67	provisional	n	
尾張	おわり	Owari	name	place	000010AA:11:69	provisional	n	a real province name among invented ones -> Q423
平松泰基	ひらまつ やすもと	Yasumoto Hiramatsu	name	person	000010AA:11:258	provisional	n	
戸川保家	とがわ やすいえ	Yasuie Togawa	name	person	000010AA:11:258	provisional	n	
戸川	とがわ	the Togawa	name	org	000010C3:11:283	provisional	n	
砦	とりで	a fort	noun	place	000010AA:11:261	provisional	n	
先備	さきぞなえ	the vanguard	noun	term	000010AA:11:280	provisional	n	
高みの見物	たかみのけんぶつ	watching from up here	noun	concept	000010AA:11:285	provisional	n	
医者	いしゃ	a doctor	noun	title	000010AA:11:26	provisional	n	
殿下	でんか	His Highness	noun	address	000010C3:11:0	provisional	n	the ruler of the realm; never given a personal name -> Q421
理性寺の変	りせいじのへん	the Riseiji Incident	name	event	000010C3:11:8	provisional	n	-> Q421
蛙吉	かえきち	Akichi	name	person	000010C3:11:9	provisional	n	P18: aligned to notes/v2/GLOSSARY.tsv (ruby reading)
謀反	むほん	a revolt	noun	term	000010C3:11:10	provisional	n	
講和	こうわ	a peace settlement	noun	term	000010C3:11:15	provisional	n	
薨去	こうきょ	his passing	noun	term	000010C3:11:28	provisional	n	the verb reserved for a great lord's death
吾大寺	ごだいじ	Godaiji	name	place	000010C3:11:42	provisional	n	
天下人	てんかびと	the ruler of the realm	noun	title	000010C3:11:81	provisional	n	
傾奇者	かぶきもの	a dandy roughneck	noun	term	000010C3:11:78	provisional	n	
鼻つまみ者	はなつまみもの	a nuisance	noun	term	000010C3:11:78	provisional	n	
藤家	ふじけ	the Fuji house	name	org	000010C3:11:270	provisional	n	
桜の呪い	さくらののろい	the curse of the cherry	noun	concept	000010C3:11:4	provisional	n	always inside 『』
鬼神の王	きしんのおう	the King of the Demon-Gods	noun	title	000010C3:11:5	provisional	n	named once, never explained
妖花	ようか	the demon flower	noun	concept	000010C3:11:287	provisional	n	the title word used in-world for the first time; en-collision: 死月妖花
妖魔	ようま	demons	noun	concept	000010C3:11:286	provisional	n	
眠り薬	ねむりぐすり	a sleeping draught	noun	object	000010C3:11:218	provisional	n	en-collision: 導眠剤
遅効性	ちこうせい	slow-acting	adjective	term	000010C3:11:219	provisional	n	
肥やし	こやし	fertiliser	noun	term	000010C3:11:226	provisional	n	
流行り病	はやりやまい	an epidemic	noun	term	000010C3:11:227	provisional	n	
心の臓	しんのぞう	the heart organ	noun	term	000010C3:11:158	provisional	n	
虐殺	ぎゃくさつ	a massacre	noun	term	000010C3:11:118	provisional	n	
だーっはっはっは	だーっはっはっは	Daa-hahahah	interjection	interjection	000010C3:11:82	provisional	n	
よっほおおお	よっほおおお	Yahooo	interjection	interjection	000010C3:11:86	provisional	n	
ペタペタ	ぺたぺた	slapping	adverb	sfx	000010C3:11:129	provisional	n	the sound of a man walking on his hands
ドクドク	どくどく	pumping	adverb	sfx	000010C3:11:157	provisional	n	
パクパク	ぱくぱく	gaping	adverb	sfx	000010C3:11:157	provisional	n	
ズルリ	ずるり	sliding out	adverb	sfx	000010C3:11:155	provisional	n	en-collision: ずるずる
カチャカチャ	かちゃかちゃ	clinking	adverb	sfx	000010C3:11:120	provisional	n	
ガサガサ	がさがさ	rustling	adverb	sfx	00001092:11:178	provisional	n	
ぐい	ぐい	a hard tug	adverb	sfx	00000F6F:11:97	provisional	n	
もじもじ	もじもじ	fidgeting	adverb	sfx	0000107B:11:236	provisional	n	en-collision: もぞもぞ
不良	ふりょう	delinquent	noun	term	000010DD:11:14	provisional	n	the 1980s-style rural sort; the file describes them riding bikes indoors and breaking windows
レディース	レディース	ladies	noun	org	000010DD:11:82	provisional	n	the female counterpart of a 暴走族; keep the borrowed English word
雷怨猫達	らいおんねこたち	the Raionnekotachi	name	org	000010DD:11:76	provisional	n	a gang in the next city; reading never given -> Q449
少年院	しょうねんいん	juvenile detention	noun	place	000010DD:11:65	provisional	n	
工業用オイル	こうぎょうようオイル	industrial oil	noun	object	000010DD:11:18	provisional	n	poured over a bullied girl's skin
はちみつ	はちみつ	honey	noun	food	000010DD:11:20	provisional	n	
隔世遺伝	かくせいいでん	atavism	noun	term	000010DD:11:115	provisional	n	the settlement's Western features reappearing in a later generation
古語辞典	こごじてん	classical-Japanese dictionary	noun	object	000010DD:11:118	provisional	n	what a fifteen-year-old needs to read the family books
セレ	セレ	Cele	name	person	000010DD:11:120	provisional	n	the Westerner who renamed himself 新村儀之助 (000010AA); romanisation open -> Q450
神具	じんぐ	sacred implement	noun	term	000010DD:11:139	provisional	n	セレジェイラ聖教's word for ドローガ
原液	げんえき	the raw solution	noun	term	000010DD:11:241	provisional	n	the pink liquid stage of ドローガ before crystallisation
躁状態	そうじょうたい	manic state	noun	term	000010DD:11:267	provisional	n	the drug's felt effect, named by the user
鬱状態	うつじょうたい	depressive state	noun	term	000010DD:11:267	provisional	n	
鎮痛作用	ちんつうさよう	analgesic effect	noun	term	000010DD:11:304	provisional	n	
縫合手術	ほうごうしゅじゅつ	suture surgery	noun	term	000010DD:11:317	provisional	n	
スーパーマン	スーパーマン	Superman	noun	term	000010DD:11:219	provisional	n	said by a fifteen-year-old about himself
甕	かめ	earthenware pot	noun	object	000010DD:11:217	provisional	n	the drug is boiled in it
自尊心	じそんしん	self-regard	noun	term	000010DD:11:200	provisional	n	paired with 自己愛 four times in twelve cells
自己愛	じこあい	self-love	noun	term	000010DD:11:200	provisional	n	
一石二鳥	いっせきにちょう	two birds with one stone	noun	term	000010DD:11:208	provisional	n	
出来そこない	できそこない	a botched job	noun	term	000010DD:11:194	provisional	n	of himself; the same word the antagonist uses of a corpse at 00000F24:142:188
粗悪品	そあくひん	shoddy goods	noun	term	000010DD:11:185	provisional	n	「兄貴の粗悪品みたいな僕」
田植え	たうえ	rice planting	noun	term	000010F5:8:10	provisional	n	
苗	なえ	seedling	noun	object	000010F5:8:30	provisional	n	
求婚	きゅうこん	a proposal of marriage	noun	term	000010F5:8:107	provisional	n	
桐箱	きりばこ	paulownia box	noun	object	000010F5:8:159	provisional	n	the ritual masks and robes are stored in these in the cave
運送業者	うんそうぎょうしゃ	the carrier	noun	term	000010F5:8:161	provisional	n	
配送センター	はいそうセンター	the delivery depot	noun	place	000010F5:8:202	provisional	n	at 豊岳
監禁	かんきん	being locked up	noun	term	000010F5:8:307	provisional	n	en-collision: 幽閉 (confinement); of a child in the cellar, cf. 軟禁 used of her father
発狂	はっきょう	going mad	noun	term	000010F5:8:356	provisional	n	the family's word for the killing urge
実働隊	じつどうたい	the working party	noun	term	000010F5:8:184	provisional	n	the men who go up the mountain while 幸太郎 directs
ざっくばらん	ざっくばらん	blunt and open	adjective	term	000010F5:8:126	provisional	n	said of the 大魔女 by her daughter-in-law
東京市	とうきょうし	Tokyo City	name	place	0000110D:24:124	provisional	n	the project writes 東京 everywhere else -> Q472
ゲームオーバー	ゲームオーバー	game over	noun	term	0000110D:24:121	provisional	n	
チェックポイント	チェックポイント	checkpoint	noun	term	0000110D:24:122	provisional	n	
即死トラップ	そくしトラップ	instant-death trap	noun	term	0000110D:24:122	provisional	n	
パッケージ版	パッケージばん	the boxed edition	noun	term	0000110D:8:11	provisional	n	
抱っこひも	だっこひも	baby sling	noun	object	0000110D:8:149	provisional	n	
おむつ	おむつ	nappy	noun	object	0000110D:8:172	provisional	n	
バラエティ番組	バラエティばんぐみ	a variety show	noun	term	0000110D:8:146	provisional	n	
国会中継	こっかいちゅうけい	a parliamentary broadcast	noun	term	0000110D:8:146	provisional	n	used as the comparison for an infant's serious face
高気圧	こうきあつ	a high-pressure system	noun	term	0000110D:24:124	provisional	n	
花粉	かふん	pollen	noun	term	0000110D:24:125	provisional	n	
臓物	ぞうもつ	entrails	noun	term	0000110D:24:97	provisional	n	the narration compares it to butchering game
んまま	んまま	mma	interjection	interjection	0000110D:8:148	provisional	n	infant babble; a third form beside んま (Q175) -> Q475
二日酔い	ふつかよい	a hangover	noun	term	00001124:8:6	provisional	n	
三半規管	さんはんきかん	the semicircular canals	noun	term	00001124:8:13	provisional	n	
王様ゲーム	おうさまゲーム	the King's Game	noun	term	00001124:8:54	provisional	n	a drinking-party game
四の字固め	しのじがため	the figure-four leglock	noun	term	00001124:8:54	provisional	n	applied to a man during the above
猫をかぶる	ねこをかぶる	to put on the sweet act	verb	term	00001124:8:35	provisional	n	her own word for her party persona; recurs at 000011B4:8:30
山ガール	やまガール	mountain girl	noun	term	00001124:8:39	provisional	n	「こちとら天然100％の山ガールなんだ！」
モヤシ	モヤシ	beansprout	noun	term	00001124:8:38	provisional	n	as an insult for a weedy city man
隅田川	すみだがわ	the Sumida	name	place	00001124:8:45	provisional	n	a real Tokyo river in a branch of invented places -> Q473
赤ちょうちん	あかちょうちん	red-lantern place	noun	place	00001124:8:65	provisional	n	a cheap drinking house, opposed to the Ginza places
アフタヌーンティーセット	アフタヌーンティーセット	afternoon tea set	noun	food	00001124:8:189	provisional	n	the three-tier tower; eaten bottom plate first
ビーフカレー	ビーフカレー	beef curry	noun	food	00001124:8:103	provisional	n	
オムライス	オムライス	omurice	noun	food	00001124:8:264	provisional	n	
貴婦人	きふじん	fine ladies	noun	term	00001124:8:80	provisional	n	the Tokyo counterpart of the 元木成金 madams of 000005C1
テーブルマナー	テーブルマナー	table manners	noun	term	00001124:8:221	provisional	n	
女子力	じょしりょく	girl points	noun	term	00001124:8:116	provisional	n	「私の女子力なんておっさんレベルだ」
女磨き	おんなみがき	polishing yourself as a woman	noun	term	00001124:8:69	provisional	n	
成人の日	せいじんのひ	Coming-of-Age Day	noun	event	00001124:8:62	provisional	n	the last time she wore make-up
ビギナーコーヒー	ビギナーコーヒー	Beginner's Coffee	noun	food	00001124:8:240	provisional	n	a menu item at プリマベラ
ニヨニヨ	ニヨニヨ	with a slow grin	interjection	sfx	00001124:8:228	provisional	n	distinct from ニカッと and ニコッと
エンマ鹿	エンマじか	Enma deer	name	term	0000113D:8:99	provisional	n	a 荒田 giant deer named for the judge of hell; eaten in curry -> Q469
獄卒イノシシ	ごくそつイノシシ	Gokusotsu boar	name	term	0000113D:8:99	provisional	n	a 荒田 giant boar named for hell's jailers -> Q469
捜査協力	そうさきょうりょく	assisting the investigation	noun	term	0000113D:8:3	provisional	n	
ハッタリ	ハッタリ	a bluff	noun	term	0000113D:8:82	provisional	n	
城崎百合子	きざき ゆりこ	Yuriko Kizaki	name	person	00001154:8:18	provisional	n	城崎's wife; the narrator's first victim, named only here -> Q477
ドタキャン	ドタキャン	a last-minute cancellation	noun	term	00001154:8:7	provisional	n	
姿見	すがたみ	a full-length mirror	noun	object	00001154:8:90	provisional	n	she performs her own precognition in front of it
汗腺	かんせん	sweat glands	noun	term	00001154:8:83	provisional	n	
怪現象	かいげんしょう	the strange phenomenon	noun	term	00001154:8:42	provisional	n	the April deaths at 荒田, before they were called 呪殺
魔女の力	まじょのちから	the witch's power	noun	term	00001154:8:134	provisional	n	the settlement's name for precognition once it turned into a slur
奈落	ならく	the pit	noun	term	00001154:8:68	provisional	n	「振り払った先が、たまたま奈落だったというだけ」
ハナちゃん	ハナちゃん	Hana-chan	name	person	00001154:8:5	provisional	n	茅萱's closest friend in Tokyo; the only person who uses her bare given name
囲炉裏	いろり	sunken hearth	noun	object	0000116C:8:39	provisional	n	
鉄瓶	てつびん	iron kettle	noun	object	0000116C:8:40	provisional	n	
和座椅子	わざいす	legless chair	noun	object	0000116C:8:55	provisional	n	
床の間	とこのま	alcove	noun	object	0000116C:8:56	provisional	n	
おしぼり	おしぼり	hot towel	noun	object	0000116C:8:69	provisional	n	
御令姪様	ごれいてつさま	your esteemed niece	title	address	0000116C:8:75	provisional	n	最上級敬語 for another person's niece; no EN register matches -> Q479
銀座	ぎんざ	Ginza	name	place	0000116C:8:17	provisional	n	
料亭	りょうてい	ryotei	noun	place	0000116C:8:31	provisional	n	a high-end traditional restaurant with private rooms
傀儡師	くぐつし	the puppeteer	noun	term	0000116C:8:166	provisional	n	茅萱's word for the unseen will behind the case; keep distinct from 五島's 矛盾の支配者
罪悪感	ざいあくかん	guilt	noun	term	0000116C:8:121	provisional	n	
托卵	たくらん	brood parasitism	noun	term	00001184:24:7	provisional	n	the cuckoo image for the scales she carries
カッコウ	カッコウ	cuckoo	noun	term	00001184:24:7	provisional	n	
罪状	ざいじょう	the charge	noun	term	00001184:24:20	provisional	n	the scales read it out and it is 「空」 -> Q463
平目	ひらめ	flounder	noun	food	0000119C:8:27	provisional	n	misidentified; it is sea bream
タイ	タイ	sea bream	noun	food	0000119C:8:28	provisional	n	
フグ	フグ	fugu	noun	food	0000119C:8:29	provisional	n	
しゃぶしゃぶ	しゃぶしゃぶ	shabu-shabu	noun	food	0000119C:8:29	provisional	n	
タケノコ	タケノコ	bamboo shoot	noun	food	0000119C:8:94	provisional	n	
漱石枕流	そうせきちんりゅう	sousekichinryu	noun	term	0000119C:8:86	provisional	n	a four-character idiom used against its own meaning -> Q470
アスタキサンチン	アスタキサンチン	astaxanthin	noun	term	0000119C:8:130	provisional	n	
カロテノプロテイン	カロテノプロテイン	carotenoprotein	noun	term	0000119C:8:130	provisional	n	
カロテノイド	カロテノイド	carotenoid	noun	term	0000119C:8:132	provisional	n	
抗酸化作用	こうさんかさよう	antioxidant action	noun	term	0000119C:8:132	provisional	n	
無脊椎動物	むせきついどうぶつ	invertebrate	noun	term	0000119C:8:142	provisional	n	
脳筋	のうきん	all muscle and no brain	noun	term	0000119C:8:142	provisional	n	
矛盾の支配者	むじゅんのしはいしゃ	the master of contradictions	noun	term	0000119C:8:246	provisional	n	五島's name for the unseen antagonist; must be identical at both occurrences -> Q466
超常現象	ちょうじょうげんしょう	the paranormal	noun	term	0000119C:8:249	provisional	n	五島 defines it on screen as whatever is not yet explicable
超音波	ちょうおんぱ	ultrasound	noun	term	0000119C:8:268	provisional	n	her analogy for precognition
コウモリ	コウモリ	bat	noun	term	0000119C:8:268	provisional	n	
イルカ	イルカ	dolphin	noun	term	0000119C:8:268	provisional	n	
擬態	ぎたい	mimicry	noun	term	0000119C:8:216	provisional	n	her hypothesis: something camouflaged is living in the settlement
迷宮入り	めいきゅういり	going cold	noun	term	0000119C:8:189	provisional	n	of an unsolved case
霊長類	れいちょうるい	primates	noun	term	0000119C:8:168	provisional	n	bears are said to be at that level
ぐつぐつ	ぐつぐつ	bubbling	interjection	sfx	0000119C:8:205	provisional	n	the only sound in the room during the exposition
東京スカイツリー	とうきょうスカイツリー	Tokyo Skytree	name	place	000011B4:8:61	provisional	n	
東京タワー	とうきょうタワー	Tokyo Tower	name	place	000011B4:8:78	provisional	n	
押上駅	おしあげえき	Oshiage Station	name	place	000011B4:8:66	provisional	n	
宝町駅	たからちょうえき	Takaracho Station	name	place	000011B4:8:66	provisional	n	printed with ruby-residue spacing inside the name -> Q476, Q010
浅草線	あさくさせん	the Asakusa Line	name	place	000011B4:8:66	provisional	n	
富士山	ふじさん	Mount Fuji	name	place	000011B4:8:215	provisional	n	
展望台	てんぼうだい	the observation deck	noun	place	000011B4:8:214	provisional	n	the 450-metre one, extra fare
唐揚げ	からあげ	karaage	noun	food	000011B4:8:17	provisional	n	the fugu version is what 五島 steals
5W1H	ごダブリューいちエイチ	5W1H	noun	term	000011B4:8:139	provisional	n	printed in Latin script inside the JP with a ruby space in H o w -> Q467
尋問	じんもん	interrogation	noun	term	000011B4:8:101	provisional	n	五島's own word for her six questions
宝の持ち腐れ	たからのもちぐされ	treasure left to rot	noun	term	000011B4:8:232	provisional	n	五島 about her own brain -> Q481
ニコッと	ニコッと	with a soft smile	interjection	sfx	000011B4:8:35	provisional	n	explicitly contrasted with ニカッと in the same cell
ひょいと	ひょいと	with a flick	interjection	sfx	000011B4:8:17	provisional	n	
バクバク	バクバク	pounding	interjection	sfx	000010F5:8:21	provisional	n	of a heart
ゴシゴシ	ゴシゴシ	scrubbing	interjection	sfx	0000116C:8:69	provisional	n	
ストレンジサウンド	すとれんじさうんど	Strange Sounds	noun	concept	000011CC:8:181	provisional	n	五島 names the phenomenon in two cells; keep both names distinct and keep them in this order -> Q492
アポカリプティックサウンド	あぽかりぷてぃっくさうんど	apocalyptic sound	noun	concept	000011CC:8:182	provisional	n	the second of the two names; the 教典 calls the same thing 猛き音 -> Q492
猛き音	たけきおと	the fierce horn	noun	concept	00001247:8:80	provisional	n	the 400-year-old scripture's name for the same sound; archaic register, must not match the katakana names -> Q492
ネクロ	ねくろ	Necro	name	person	000011E3:8:28	provisional	n	五島's provisional nickname for 『何者か』, abbreviated from ネクロマンサー on screen; used ~60 times before the real name arrives -> Q493
ネクロマンサー	ねくろまんさー	necromancer	noun	term	000011E3:8:30	provisional	n	given as the English word for 呪術師; the abbreviation must be visible in EN -> Q493
ナラタケ	ならたけ	honey fungus	noun	term	00001214:8:164	provisional	n	Armillaria; an ordinary edible mushroom, and the classification 茅萱's note gives 死月妖花
オニナラタケ	おにならたけ	giant honey fungus	noun	term	00001214:8:173	provisional	n	Armillaria ostoyae; cited as the largest known organism, in Oregon
ナラタケ病	ならたけびょう	Armillaria root disease	noun	term	00001214:8:179	provisional	n	quoted back verbatim at 0000125E:8:208
植物寄生菌	しょくぶつきせいきん	plant-parasitic fungus	noun	term	00001214:8:177	provisional	n	五島's term, repeated verbatim in two files
子実体	しじつたい	fruiting body	noun	term	00001214:8:151	provisional	n	the note's word for what looks like cherry blossom; glossed on screen as キノコ at 00001247:8:144
菌糸	きんし	mycelium	noun	term	00001247:8:153	provisional	n	
菌床	きんしょう	mycelial bed	noun	term	00001214:8:174	provisional	n	carries ruby-residue spacing at 000012F5:8:171 -> Q010
オレゴン州	おれごんしゅう	Oregon	name	place	00001214:8:173	provisional	n	
シロナガスクジラ	しろながすくじら	blue whale	noun	term	00001214:8:171	provisional	n	春花's wrong answer to the largest-organism question
豊岳線	とよたけせん	the Toyotake Line	name	place	000011CC:8:184	provisional	n	reading follows 豊岳駅 -> Q086
メガホン	めがほん	megaphone	noun	object	000011CC:8:183	provisional	n	
改札	かいさつ	the ticket gate	noun	place	000011CC:8:104	provisional	n	
運転見合わせ	うんてんみあわせ	service suspended	noun	ui	000011CC:8:184	provisional	n	station-announcement fixed phrase, spoken twice in identical words
ノーリスク・ハイリターン	のーりすくはいりたーん	no risk, high return	noun	term	000011E3:8:223	provisional	n	春花 uses it inverted; keep the mangling
血筋	ちすじ	bloodline	noun	term	000011CC:8:171	provisional	n	「荒田の血筋である私」
金井桂子	かない けいこ	Keiko Kanai	name	person	000011E3:8:61	provisional	n	新村美冬's grandmother, 春花's great-grandmother; quoted in a 祀耀737 newspaper; reading follows 金井 -> Q110
ゴシップ記事	ごしっぷきじ	a gossip item	noun	term	000011E3:8:59	provisional	n	
旧姓	きゅうせい	maiden name	noun	term	000011E3:8:65	provisional	n	
研究チーム	けんきゅうちーむ	the research team	noun	term	000011E3:8:122	provisional	n	the five killed in 祀耀747
情報操作	じょうほうそうさ	information control	noun	term	000011E3:8:139	provisional	n	
風化	ふうか	to let a thing rot out of memory	noun	term	000011E3:8:141	provisional	n	
極秘	ごくひ	top secret	noun	term	000011E3:8:135	provisional	n	「極秘中の極秘」
タブー	たぶー	taboo	noun	term	000011E3:8:143	provisional	n	
植物学者	しょくぶつがくしゃ	botanist	noun	term	000011E3:8:100	provisional	n	en-collision: 00001073's 秋野冬夫 is a 名誉教授, not this word
品種	ひんしゅ	cultivar	noun	term	000011E3:8:92	provisional	n	the word the state suppresses; keep it technical, not "type"
損得勘定	そんとくかんじょう	weighing profit and loss	noun	term	000011E3:8:13	provisional	n	
喪	も	mourning	noun	term	000011FA:8:6	provisional	n	named as a written character, not used as a word -> Q505
忌	き	taboo-mourning	noun	term	000011FA:8:6	provisional	n	named as a written character, paired with 喪 -> Q505
電子錠	でんしじょう	electronic lock	noun	object	00001214:8:61	provisional	n	the plot object of 0000130D:8:160
鍵の束	かぎのたば	the bunch of keys	noun	object	00001214:8:4	provisional	n	
必要悪	ひつようあく	a necessary evil	noun	term	00001214:8:6	provisional	n	
誘拐	ゆうかい	a kidnapping	noun	term	00001214:8:19	provisional	n	en-collision: 拉致 (00000C50) is the forcible seizure; this is the deduced crime
五感ジャック	ごかんじゃっく	sense-hijacking	noun	term	00001214:8:216	provisional	n	五島's coined compound, used ~15 times across four files; it must be one fixed EN phrase -> Q516
傀儡	かいらい	its puppet	noun	term	0000122E:11:31	provisional	n	en-collision: 傀儡師 (0000116C) is the puppeteer; keep the pair visible
無力感	むりょくかん	helplessness	noun	term	0000122E:11:32	provisional	n	
セレジェイラの教え	せれじぇいらのおしえ	The Teachings of Cerejeira	name	title	00001247:8:66	provisional	n	the Japanese-language scripture read on screen; romanisation follows セレジェイラ聖教 -> Q378
ボニータ	ぼにーた	Bonita	name	term	00001247:8:102	provisional	n	the colony's flowering tree; glossed on screen as 「美しい」 in the speaker's own language -> Q524
死の軍勢	しのぐんぜい	the army of the dead	noun	term	00001247:8:110	provisional	n	
魔王	まおう	the demon king	noun	title	00001247:8:110	provisional	n	the title given to アバドン -> Q507
硫黄	いおう	sulphur	noun	term	00001247:8:110	provisional	n	「硫黄の火山」
不死身	ふじみ	undying	adjective	term	00001247:8:109	provisional	n	
間者	かんじゃ	an infiltrator	noun	term	00001247:8:117	provisional	n	printed 「間者（スパイ）」 with its own katakana gloss in brackets; 五島 uses plain スパイ at 000012C5:8:197 ; en-collision: 密偵 holds "a spy"
教典	きょうてん	scripture	noun	term	00001247:8:65	provisional	n	
地域宗教	ちいきしゅうきょう	a local religion	noun	term	00001247:8:68	provisional	n	
帰化	きか	naturalisation	noun	term	0000130D:8:6	provisional	n	新村儀之助 described as 日本に帰化した西洋人
壺	つぼ	a pot	noun	object	0000125E:8:102	provisional	n	
ヘドロ	へどろ	sludge	noun	term	0000125E:8:86	provisional	n	
木の根	きのね	a tree root	noun	object	0000125E:8:79	provisional	n	the thing on the cave wall that is not a root and is gone an hour later
テコの原理	てこのげんり	leverage	noun	term	0000125E:8:132	provisional	n	
匍匐	ほふく	crawling flat	noun	term	0000125E:8:135	provisional	n	
月明かり	つきあかり	moonlight	noun	term	0000125E:8:201	provisional	n	
墓標	ぼひょう	a grave marker	noun	object	0000127A:8:27	provisional	n	
せせらぎ	せせらぎ	the babble of the stream	noun	term	0000127A:8:100	provisional	n	it is what drowns her shouting; the sound is a plot element, not scenery
白骨化	はっこつか	skeletonisation	noun	term	0000127A:8:53	provisional	n	
鼻血	はなぢ	a nosebleed	noun	term	0000127A:8:140	provisional	n	
馬乗り	うまのり	straddling	noun	term	0000127A:8:146	provisional	n	
虚像	きょぞう	the reflection	noun	term	00001295:8:6	provisional	n	「鏡の中の虚像」; do not translate as "illusion" while the doubling is running -> Q512
慟哭	どうこく	wailing	noun	term	00001295:8:110	provisional	n	glossed on screen as 「見苦しいほどに泣き叫ぶこと」
卑怯者	ひきょうもの	a coward	noun	term	00001295:8:71	provisional	n	なつみ's verdict on herself, used three times; one fixed EN
本音	ほんね	what she actually feels	noun	term	00001295:8:82	provisional	n	
県大会	けんたいかい	the prefectural tournament	noun	event	00001295:8:35	provisional	n	
3位決定戦	さんいけっていせん	the third-place match	noun	event	00001295:8:35	provisional	n	
よそ者	よそもの	an incomer	noun	term	00001295:8:137	provisional	n	en-collision: 部外者 (00000B0F) is the non-member; this is the incomer who married or moved in
引退	いんたい	to retire from the club	noun	term	00001295:8:35	provisional	n	school-club sense
お客人	おきゃくじん	honoured guest	noun	address	000012DE:8:78	provisional	n	the settlement's formal word for a visitor; the same form 00000E7B uses to pronounce a death sentence
おたま	おたま	the ladle	noun	object	000012AD:12:9	provisional	n	
おはぎ	おはぎ	ohagi	noun	food	0000130D:8:18	provisional	n	the gag is that she takes it for an おにぎり and finds out by texture -> Q513
傾国の美女	けいこくのびじょ	a beauty who topples a kingdom	noun	term	000012C5:8:162	provisional	n	夏菜 glosses it herself in the next clause; keep the gloss
ネット小説	ねっとしょうせつ	web novels	noun	term	000012C5:8:169	provisional	n	the stated source of a ten-year-old's marriage theory
語彙力	ごいりょく	vocabulary	noun	term	000012C5:8:120	provisional	n	echoed back by 夏菜 in katakana as ゴイリョク in the next cell
家族計画	かぞくけいかく	family planning	noun	term	000012C5:8:150	provisional	n	
男運	おとこうん	luck with men	noun	term	000012C5:8:159	provisional	n	
ストライクゾーン	すとらいくぞーん	strike zone	noun	term	000012C5:8:119	provisional	n	used for breadth of taste in food
少食	しょうしょく	a small eater	noun	term	000012C5:8:176	provisional	n	said to 五島, which is the joke
毛布	もうふ	a blanket	noun	object	000012C5:8:186	provisional	n	
放火	ほうか	arson	noun	term	000012C5:8:240	provisional	n	
鎮火	ちんか	putting the fire out	noun	term	000012C5:8:233	provisional	n	
延焼	えんしょう	the fire spreading	noun	term	000012C5:8:232	provisional	n	
焼失	しょうしつ	burnt away	noun	term	000012DE:8:1	provisional	n	
一枚岩	いちまいいわ	of one mind	noun	term	000012DE:8:89	provisional	n	「この集落、一枚岩ではないようだ」
媒体	ばいたい	a medium	noun	term	00001214:8:91	provisional	n	五島's word for a person 死月妖花 sees through; 茅萱's report uses it of human hosts too
暗証番号	あんしょうばんごう	the PIN	noun	term	000012F5:8:0	provisional	n	0723, a number-pun on a name -> Q502
語呂合わせ	ごろあわせ	a number-pun	noun	term	000012F5:8:1	provisional	n	names the device on screen -> Q502, Q296
日葡辞典	にっぽじてん	a Japanese-Portuguese dictionary	noun	object	000012F5:8:11	provisional	n	a real 1603 dictionary; keep it as an object, not a description
書庫	しょこ	the stacks	noun	place	0000130D:8:136	provisional	n	「地下の書庫」; distinct from 図書室 (00000AF7)
被子植物	ひししょくぶつ	an angiosperm	noun	term	000012F5:8:156	provisional	n	
発芽	はつが	germination	noun	term	000012F5:8:127	provisional	n	
ミクロン	みくろん	micron	noun	term	000012F5:8:126	provisional	n	glossed on screen as 0.003 ミリメートル
赤血球	せっけっきゅう	a red blood cell	noun	term	000012F5:8:128	provisional	n	
毛細血管	もうさいけっかん	a capillary	noun	term	000012F5:8:128	provisional	n	
大脳	だいのう	the cerebrum	noun	term	000012F5:8:129	provisional	n	
脳の関門	のうのかんもん	the brain's barrier	noun	term	000012F5:8:129	provisional	n	the report's phrasing for the blood-brain barrier; keep it loose, the report is 70 years old
電磁波	でんじは	electromagnetic waves	noun	term	000012F5:8:138	provisional	n	the report's mechanism for precognition
レポドパ	れぽどぱ	Lepodopa	noun	term	000012F5:8:142	provisional	n	source spelling; the intended word is レボドパ, levodopa -> Q506
DNA鑑定	でぃーえぬえーかんてい	DNA testing	noun	term	000012F5:8:168	provisional	n	
地平線	ちへいせん	the horizon	noun	term	000012F5:8:171	provisional	n	「地平線から地平線まで」, the report's size estimate
造林業	ぞうりんぎょう	forestry	noun	term	00001214:8:178	provisional	n	
温故知新	おんこちしん	learning the new from the old	noun	term	0000130D:8:11	provisional	n	茅萱 names her own method with it
歴史は繰り返す	れきしはくりかえす	history repeats itself	noun	term	0000130D:8:10	provisional	n	
2度あることは3度ある	にどあることはさんどある	what happens twice happens three times	noun	term	0000130D:8:10	provisional	n	paired with 歴史は繰り返す in the same cell
変異	へんい	a mutation event	noun	event	0000130D:8:98	provisional	n	the settlement's word for the three catastrophes, 祀耀340 / 482 / 768
哺乳類	ほにゅうるい	mammals	noun	term	0000130D:8:80	provisional	n	
焼却処分	しょうきゃくしょぶん	incineration	noun	term	0000130D:8:86	provisional	n	how ドローガ was discovered
抽出	ちゅうしゅつ	extraction	noun	term	0000130D:8:90	provisional	n	
殺人欲求	さつじんよっきゅう	the craving to kill	noun	term	0000130D:8:39	provisional	n	en-collision: 殺人衝動 (00000EDF) is the impulse; this is 茅萱's word for the same thing and the two must not merge
元木町組	もときちょうぐみ	the Motoki party	noun	term	0000130D:8:132	provisional	n	茅萱's word for the three coming from 元木町
ありゃ	ありゃ	Whoops	interjection	interjection	000012AD:12:7	provisional	n	新村エリカ, catching her own mistake
はいよ	はいよ	Here y'go	interjection	interjection	000012AD:12:10	provisional	n	新村エリカ handing something over; distinct from あいよー (00000E01)
うげえ	うげえ	Blech	interjection	interjection	0000125E:8:164	provisional	n	春花 at the mummy's face ; en-collision: うぐ holds "Ugh"
ごちそうさま	ごちそうさま	Thanks for the food	interjection	interjection	000012AD:12:40	provisional	n	五島 clips it to 「ごちそさまー」 at 000012C5:8:175; keep the clipping visible
ふんふんふふーん	ふんふんふふーん	hum-hum-hum-hmm	interjection	sfx	000012AD:12:45	provisional	n	なつみ humming over the washing-up; one cell, no words
ゴトゴト	ごとごと	grating	interjection	sfx	0000125E:8:115	provisional	n	the stone shifting ; en-collision: ぐりぐり holds "grinding"
カチリ	かちり	click	interjection	sfx	0000125E:8:72	provisional	n	the lock opening
ボタボタ	ぼたぼた	dripping in fat drops	interjection	sfx	0000127A:8:155	provisional	n	en-collision: ぽたぽた (00000B87) is the lighter drip; blood, from a face onto a face
たらたら	たらたら	trickling	interjection	sfx	0000127A:8:140	provisional	n	the nosebleed
スルスル	するする	sliding smoothly	interjection	sfx	0000125E:8:138	provisional	n	en-collision: するり (00000EF6) is one movement; this is sustained
ビクッと	びくっと	with a start	interjection	sfx	0000122E:11:64	provisional	n	en-collision: ドキッと (00001073) is the heart; this is the body
ポンポン	ぽんぽん	tap-tap	interjection	sfx	00001214:8:212	provisional	n	books being stacked back, heard on a recording
カサカサ	かさかさ	scratching	interjection	sfx	00001214:8:205	provisional	n	a pen on paper, heard on a recording
べちょり	べちょり	squelch	interjection	sfx	0000130D:8:17	provisional	n	en-collision: ベチャリ (0000125E-era key) is the wetter splat; this one is sweet bean paste
交換日記	こうかんにっき	exchange diary	noun	object	00001325:8:119	provisional	n	a notebook two schoolfriends pass back and forth, each writing an entry. Written 交かん日記 inside the diary itself (childish spelling)
大翔	ひろと	Hiroto	name	person	00001325:8:144	provisional	n	the boy in 夏菜's exchange diary. He does not exist; both halves are hers. The reading is the joke -> Q528
ひなまつり	ひなまつり	Hinamatsuri	noun	event	00001325:8:174	provisional	n	the doll festival, 三月三日. Keep untranslated per zero-localization
ひな壇	ひなだん	hina tiers	noun	object	00001325:8:175	provisional	n	the tiered stand the Hinamatsuri dolls sit on. Written ひなだん in the diary
アルバム	アルバム	photo album	noun	object	00001325:8:6	provisional	n	
押し入れ	おしいれ	closet	noun	object	00001325:8:86	provisional	n	the deep sliding-door cupboard of a Japanese room
天袋	てんぶくろ	overhead cupboard	noun	object	0000133D:8:78	provisional	n	the small cupboard above an 押し入れ, at ceiling height. The way into the roof space in this file
屋根裏	やねうら	roof space	noun	place	0000133D:8:140	provisional	n	en-collision: 天井裏 (00000C50) is rendered "ceiling void"; the same space, two words, used in the same file
勉強机	べんきょうづくえ	study desk	noun	object	00001325:8:89	provisional	n	
無罪放免	むざいほうめん	cleared outright	noun	term	00001325:8:54	provisional	n	夏菜's word, legal and too big for her
プライバシー	プライバシー	privacy	noun	term	00001325:8:94	provisional	n	
エロ本	エロほん	porn mag	noun	object	00001325:8:96	provisional	n	
音読	おんどく	reading aloud	noun	term	00001325:8:155	provisional	n	
キエエエ	キエエエ	KIEEEE	interjection	sfx	00001325:8:200	provisional	n	茅萱's interior scream, one cell each, the first ~80 characters long. A layout object, not a word -> Q527
むむ	むむ	mm	interjection	interjection	0000133D:8:56	provisional	n	夏菜 concentrating
クンクン	クンクン	sniff-sniff	interjection	sfx	0000133D:8:50	provisional	n	夏菜 smelling out the ceiling
コンコン	コンコン	knock-knock	interjection	sfx	0000133D:8:50	provisional	n	knuckles on a board
ツツッ	ツツッ	a thin trickle	interjection	sfx	000013CD:8:66	provisional	n	blood running from a mouth
ジリジリ	ジリジリ	inch by inch	interjection	sfx	000013CD:8:290	provisional	n	walking slowly toward someone who is backing away
にょろにょろ	にょろにょろ	snaking	interjection	sfx	0000136D:8:269	provisional	n	mycelium coming out of the ground
ホウキ	ホウキ	broom	noun	object	0000133D:8:71	provisional	n	
カビ	カビ	mould	noun	term	0000133D:8:12	provisional	n	the smell of the storehouse
骸骨	がいこつ	skeleton	noun	object	0000133D:8:168	provisional	n	found wound into the roots of a cherry
失踪者共のなれの果て	しっそうしゃどものなれのはて	What Became of the Vanished	noun	title	0000133D:8:151	provisional	n	the ~130-year-old 荒田 document, written after the 祀耀668 disappearances. Title is contemptuous (共, なれの果て)
死月妖花の生態	しげつようかのせいたい	The Life of the Shigetsu Youka	noun	title	0000133D:8:144	provisional	n	the ~70-year-old セレジェイラ聖教 research report. Rendering depends on Q495 (the title term) -> Q495
猛き音と翠眼呪殺	たけきおととすいがんじゅさつ	The Fierce Sound and the Green-Eyed Curse-Killing	noun	title	0000133D:8:148	provisional	n	the old document 五島 translates. 猛き音 and 翠眼呪殺 are both already in GLOSSARY
まとめサイト	まとめサイト	summary site	noun	term	0000133D:8:216	provisional	n	an aggregator page
考察サイト	こうさつサイト	theory site	noun	term	0000133D:8:216	provisional	n	
怪音	かいおん	the strange noise	noun	term	0000133D:8:217	provisional	n	en-collision: 猛き音 (00001073) is "the fierce sound" and ストレンジサウンド (000011CC) is its own term; 怪音 is the narrator's ordinary word for the same thing -> Q492
象形文字	しょうけいもじ	hieroglyphics	noun	term	0000136D:8:26	provisional	n	茅萱 on what her own handwriting will look like written blind
嫡男	ちゃくなん	legitimate heir	noun	title	00001355:8:20	provisional	n	
世継ぎ	よつぎ	an heir	noun	term	00001355:8:20	provisional	n	
大義名分	たいぎめいぶん	a respectable pretext	noun	term	00001355:8:23	provisional	n	
内紛	ないふん	internal strife	noun	term	00001355:8:54	provisional	n	
再臨	さいりん	second coming	noun	term	00001355:8:58	provisional	n	religious register, used of the goddess
分身	ぶんしん	her other self	noun	term	00001355:8:67	provisional	n	the cherries taken away by 殿下, described as parts of the goddess
転生	てんせい	rebirth	noun	term	00001355:8:67	provisional	n	
いけにえ	いけにえ	a sacrifice	noun	term	00001355:8:83	provisional	n	written in kana throughout
椿	つばき	Tsubaki	name	person	00001355:8:83	provisional	n	the young 大魔女 sacrificed in 祀耀482 when her eye turned green. Named once, with ruby-residue spacing -> Q535, Q010
黄泉	よみ	Yomi	noun	place	00001355:8:92	provisional	n	the land of the dead in the classical instruction. Keep untranslated per zero-localization
ラッパ	ラッパ	trumpets	noun	object	00001355:8:5	provisional	n	from 『セレジェイラの教え』; the sound that raises the dead
天変地異	てんぺんちい	cataclysm	noun	term	00001355:8:5	provisional	n	
恍惚	こうこつ	ecstatic	adjective	term	00001355:8:35	provisional	n	the expression of everyone taken by the sound, and of the mutated test subjects
妄言	もうげん	raving	noun	term	00001355:8:156	provisional	n	clinical register in the report
死刑囚	しけいしゅう	a condemned prisoner	noun	term	00001355:8:145	provisional	n	
司法取引	しほうとりひき	a plea bargain	noun	term	00001355:8:145	provisional	n	
被験体	ひけんたい	test subject	noun	term	00001355:8:146	provisional	n	
壱	いち	One	noun	term	00001355:8:147	provisional	n	the first-generation subject's label, archaic numeral, used as a name for ~50 cells -> Q537
弐	に	Two	noun	term	00001355:8:148	provisional	n	the second-generation subject's label -> Q537
参	さん	Three	noun	term	00001355:8:149	provisional	n	the third-generation subject's label; after his death the report says 遺体（参） -> Q537
変異者	へんいしゃ	the mutated pair	noun	term	00001355:8:156	provisional	n	the report's coined label for 壱 and 弐 after the change. 変異 alone is already in GLOSSARY
有性胞子	ゆうせいほうし	sexual spore	noun	term	00001355:8:164	provisional	n	胞子 alone is already in GLOSSARY
接合	せつごう	conjugation	noun	term	00001355:8:167	provisional	n	the joining of two sexual spores
消化液胞	しょうかえきほう	digestive vacuole	noun	term	00001355:8:175	provisional	n	the petal-shaped structure that dissolves the seedbed body
生活史	せいかつし	life cycle	noun	term	00001355:8:126	provisional	n	the biology term, used as the report's organising idea
食物連鎖	しょくもつれんさ	food chain	noun	term	00001355:8:190	provisional	n	
発狂死	はっきょうし	death by derangement	noun	term	00001355:8:131	provisional	n	発狂 alone is already in GLOSSARY
射殺	しゃさつ	shot dead	verb	term	00001355:8:152	provisional	n	
腐敗	ふはい	decay	noun	term	00001355:8:156	provisional	n	
解剖	かいぼう	dissection	noun	term	00001355:8:199	provisional	n	en-collision: 司法解剖 (00000F24) is "forensic autopsy"; this one is a laboratory dissection
脈動	みゃくどう	pulsing	noun	term	00001355:8:196	provisional	n	the body moving underground
金管楽器	きんかんがっき	a brass instrument	noun	object	00001355:8:196	provisional	n	the analogy for how the 猛き音 is produced
盗感	とうかん	sense-theft	noun	term	00001355:8:253	provisional	n	COINED ON SCREEN by the report with the reason given, then used ~25 times by three characters. The EN must be a visibly invented compound and must be fixed before any file is translated -> Q540
幻影幻聴	げんえいげんちょう	visions and voices	noun	term	00001355:8:250	provisional	n	the report's account of what the precognition actually is. 幻聴 alone is already in GLOSSARY
下僕	げぼく	a servant	noun	term	00001355:8:261	provisional	n	what a colonised brain becomes. 傀儡 (00001214) is a different word for the same idea
酵素	こうそ	an enzyme	noun	term	00001355:8:234	provisional	n	
有機質	ゆうきしつ	organic matter	noun	term	00001355:8:172	provisional	n	
アンプル	アンプル	ampoule	noun	object	00001355:8:129	provisional	n	the form ドローガ is stored in by the cult
コンクリート	コンクリート	concrete	noun	term	00001355:8:173	provisional	n	the floor that stopped the cherries taking root
研究員	けんきゅういん	a researcher	noun	title	00001355:8:132	provisional	n	
西洋化	せいようか	Westernisation	noun	term	0000133D:8:187	provisional	n	the 130-year-old document's reason for abandoning myth
神話主義	しんわしゅぎ	mythologism	noun	term	0000133D:8:188	provisional	n	the document's own coinage for what it wants to escape
政権	せいけん	the government of the day	noun	term	0000133D:8:190	provisional	n	
献上	けんじょう	to present to a superior	verb	term	0000133D:8:190	provisional	n	
出奔	しゅっぽん	to abscond	verb	term	00001355:8:121	provisional	n	printed with ruby-residue spacing -> Q010
精製法	せいせいほう	the refining method	noun	term	0000136D:8:70	provisional	n	the ドローガ recipe's heading
兆候	ちょうこう	the signs	noun	term	0000136D:8:77	provisional	n	what ファルシフィカソ suppresses
裸足	はだし	barefoot	adverb	term	0000136D:8:84	provisional	n	how a walking corpse sounds
異形の者	いぎょうのもの	a misshapen thing	noun	term	0000136D:8:90	provisional	n	what 茅萱 expects to come for her
記憶回路	きおくかいろ	memory circuit	noun	term	0000136D:8:95	provisional	n	her own word for what a phrase triggers
甘美	かんび	sweet	adjective	term	0000136D:8:123	provisional	n	of the temptation her mother's face is
眼光	がんこう	a hard look	noun	term	0000136D:8:127	provisional	n	the look she turns on the corpse, the same one she once turned on her living mother
標本箱	ひょうほんばこ	a specimen case	noun	object	0000136D:8:275	provisional	n	the image for her own limbs pinned by mycelium
音声録音モード	おんせいろくおんモード	voice recorder mode	noun	ui	0000136D:8:23	provisional	n	the phone setting she leaves running
樹海	じゅかい	a sea of trees	noun	place	0000136D:8:273	provisional	n	the threat: sinking the settlement under one
耳栓	みみせん	earplugs	noun	object	0000139D:8:48	provisional	n	cut out of her own clothes
ダンゴムシ	ダンゴムシ	a pill bug	noun	object	00001385:8:158	provisional	n	the shape she curls into for warmth
一か八か	いちかばち	a coin toss	noun	term	0000136D:8:20	provisional	n	
焼け石に水	やけいしにみず	water on a hot stone	noun	term	00001385:8:98	provisional	n	idiom: a useless gesture. Keep the image; the referent is thirty unkillable corpses
旧休憩所	きゅうきゅうけいじょ	the old rest hut	noun	place	00001385:8:124	provisional	n	built for hunting breaks on the 豊岳 road, abandoned since the buggies. 廃屋 is already in GLOSSARY
狂言	きょうげん	a put-on	noun	term	0000139D:8:38	provisional	n	茅萱's word for her own feigned madness. Do NOT render as the theatre form
スパイ	スパイ	a mole	noun	term	0000139D:8:29	provisional	n	en-collision: 密偵 (00001092) already holds "a spy"; 間者 is the period word. This one is the modern loanword and reads as an implant inside the settlement
生態系	せいたいけい	the ecosystem	noun	term	0000139D:8:31	provisional	n	the corpses' stated reason for not simply digging
通り雨	とおりあめ	a passing shower	noun	term	000013B5:8:24	provisional	n	the downpour she never heard through the earplugs
ロッククライミング	ロッククライミング	rock climbing	noun	term	000013B5:8:32	provisional	n	
かさぶた	かさぶた	a scab	noun	term	000013B5:8:39	provisional	n	
臨戦態勢	りんせんたいせい	battle footing	noun	term	000013B5:8:64	provisional	n	
ネガティブごっこ	ネガティブごっこ	playing at despair	noun	term	000013B5:8:11	provisional	n	her own name for the performance, a child's ～ごっこ attached to a loanword
魔除け	まよけ	a ward	noun	term	000013CD:8:130	provisional	n	what she decides her own blood is
払い腰	はらいごし	a hip throw	noun	term	000013CD:8:182	provisional	n	the judo throw she puts 春花 down with
みぞおち	みぞおち	the solar plexus	noun	term	000013CD:8:48	provisional	n	
回し蹴り	まわしげり	a roundhouse kick	noun	term	000013CD:8:98	provisional	n	新村美冬's, twice
鮮血	せんけつ	fresh blood	noun	term	000013CD:8:289	provisional	n	the distinction the whole scene turns on -> the ward only works while the blood is fresh
気迫	きはく	sheer nerve	noun	term	000013CD:8:279	provisional	n	
大の字	だいのじ	spread-eagled	noun	term	000013CD:8:278	provisional	n	literally "the shape of the character 大"; the image is lost in EN
悶絶	もんぜつ	writhing	noun	term	0000136D:8:325	provisional	n	
撲殺	ぼくさつ	beaten to death	noun	term	0000136D:8:147	provisional	n	五島絵梨奈撲殺事件 (00000EDF) is already in GLOSSARY as a case name; this is the bare verb
まな板の上の鯉	まないたのうえのこい	a carp on the block	noun	term	00001385:8:11	provisional	n	idiom: entirely at another's mercy
虎穴	こけつ	the tiger's den	noun	term	0000136D:8:216	provisional	n	from 虎穴に入らずんば虎子を得ず; here used as a bare noun for where she is being carried
待宵月	まつよいづき	the waiting moon	noun	term	000013E6:8:36	provisional	n	the moon of the night before full. 満月 is already in GLOSSARY
三つ巴	みつどもえ	a three-way	noun	term	000013E6:8:107	provisional	n	五島's name for 茅萱, the residents and themselves all pulling different ways
砂利道	じゃりみち	a gravel track	noun	place	000013E6:8:32	provisional	n	
崖沿い	がけぞい	the cliff path	noun	place	000013E6:8:61	provisional	n	
不審火	ふしんび	a suspicious fire	noun	term	000013FD:8:54	provisional	n	the residents' word for the storehouse burning
湿布	しっぷ	a compress	noun	object	000013FD:8:47	provisional	n	
筋肉痛	きんにくつう	stiff muscles	noun	term	000013FD:8:46	provisional	n	肉離れ (00000E49) is a torn muscle and is rendered separately
置手紙	おきてがみ	a note left behind	noun	object	000013FD:8:289	provisional	n	
口頭伝承	こうとうでんしょう	oral tradition	noun	term	000013FD:8:233	provisional	n	the 大魔女-only transmission that is in no book
掛け算九九	かけざんくく	times tables	noun	term	000013FD:8:234	provisional	n	how the transmission is drilled into each 大魔女
伝承	でんしょう	a transmission	noun	term	000013FD:8:219	provisional	n	en-collision: 都市伝説 (00000A30) is "urban legend"; this is the settlement's own handed-down text
ヘブライ語	ヘブライご	Hebrew	noun	term	000013FD:8:281	provisional	n	the language アバドン is glossed from, on screen
薔薇	ばら	roses	noun	object	000013FD:8:242	provisional	n	
李	すもも	plums	noun	object	000013FD:8:242	provisional	n	printed with ruby-residue spacing -> Q010
温泉	おんせん	a hot spring	noun	place	000013FD:8:276	provisional	n	糸姫温泉 and 秘湯 are already in GLOSSARY; this is the bare noun as 五島 uses it to solve the riddle
上着	うわぎ	a coat	noun	object	000013FD:8:296	provisional	n	
ハシゴ	はしご	ladder	noun	object	00001414:8:102	provisional	n	the iron ladder down into the cave; katakana in the source
非常食	ひじょうしょく	emergency rations	noun	object	00001414:8:144	provisional	n	五島 carries sweets as these
立ちくらみ	たちくらみ	a head rush	noun	term	00001414:8:183	provisional	n	茅萱's stated reason for staying behind
鼓動	こどう	a heartbeat	noun	term	00001414:8:132	provisional	n	used to prove a body is not a corpse
気絶	きぜつ	to be knocked out	noun	term	00001414:8:131	provisional	n	distinguished from 死体 in the same cell
浸食	しんしょく	water erosion	noun	term	00001414:8:193	provisional	n	the cave wall
行き止まり	いきどまり	a dead end	noun	term	00001414:8:200	provisional	n	
通路	つうろ	a passage	noun	place	00001414:8:191	provisional	n	the cave passages
岩壁	がんぺき	a rock face	noun	place	00001414:8:192	provisional	n	
ほふく前進	ほふくぜんしん	a belly crawl	noun	term	0000142B:8:3	provisional	n	military word for a belly crawl; en-collision: 匍匐 (0000125E) holds "crawling flat"
トンネル	とんねる	tunnel	noun	place	0000142B:8:47	provisional	n	
傾斜	けいしゃ	gradient	noun	term	0000142B:8:48	provisional	n	given as 10 degrees and used for arithmetic
遭難	そうなん	to be lost and stranded	noun	term	0000142B:8:17	provisional	n	
迷路	めいろ	a maze	noun	term	0000142B:8:21	provisional	n	the wall-following rule is called a lie
怒号	どごう	a roar	noun	term	0000142B:8:60	provisional	n	茅萱's shout; used again of 五島 at 00001477:8:11
鼓膜	こまく	eardrum	noun	term	0000142B:8:97	provisional	n	
手品師	てじなし	a conjuror	noun	person	0000142B:8:161	provisional	n	simile for the mycelium trick
万国旗	ばんこっき	a string of flags	noun	object	0000142B:8:161	provisional	n	the conjuror's sleeve trick
おんぶ	おんぶ	a piggyback	noun	term	0000142B:8:201	provisional	n	栄一郎 offers to carry 五島
嘘泣き	うそなき	fake crying	noun	term	0000142B:8:197	provisional	n	五島 names her own device
時間稼ぎ	じかんかせぎ	stalling	noun	term	0000142B:8:190	provisional	n	her whole plan in one word
仲違い	なかたがい	falling out	noun	term	0000142B:8:225	provisional	n	of two things parasitised by the same organism
滑稽千万	こっけいせんばん	absurd in the extreme	adjective	term	0000142B:8:225	provisional	n	four-character compound in 五島's narration
種も仕掛けもない	たねもしかけもない	no tricks, no gimmicks	noun	term	0000142B:8:172	provisional	n	stage-magic set phrase, used inverted (the trick IS explained)
おっと	おっと	Oops	interjection	interjection	0000142B:8:74	provisional	n	栄一郎 catching 夏菜 in mid-air at 000014D7:8:74; en-collision: ありゃ (000012AD) holds "Whoops"
籠城	ろうじょう	to hole up	noun	term	00001442:11:77	provisional	n	siege word used of the 廃屋
機動隊	きどうたい	riot police	noun	org	00001442:11:89	provisional	n	
出動要請	しゅつどうようせい	a call-out request	noun	term	00001442:11:89	provisional	n	
ミツバチ	みつばち	honeybee	noun	term	00001442:11:151	provisional	n	in 春花's counter-argument about fleeing
スズメバチ	すずめばち	hornet	noun	term	00001442:11:151	provisional	n	
使役	しえき	to press into service	verb	term	00001442:11:229	provisional	n	what the organism does with the dead
土着	どちゃく	long-settled	noun	term	00001442:11:257	provisional	n	of the residents who will not be driven out
再生	さいせい	regeneration	noun	term	00001442:11:280	provisional	n	of 新村栄一郎's body
修復	しゅうふく	repair	noun	term	00001442:11:283	provisional	n	the periodic maintenance of a corpse
足手まとい	あしでまとい	dead weight	noun	term	00001442:11:83	provisional	n	新村美冬's deliberate cruelty to make her daughter leave
ぐしょぐしょ	ぐしょぐしょ	soaked through	adverb	sfx	00001442:11:129	provisional	n	her shoes
ドスドス	どすどす	thud thud	adverb	sfx	00001442:11:159	provisional	n	her fist into the ground
ぬかるむ	ぬかるむ	to be churned to mud	verb	term	00001442:11:1	provisional	n	the mountain road after the downpour
目隠し	めかくし	a blindfold	noun	object	00001459:8:25	provisional	n	proposed for 古郡なつみ with earplugs
裁き	さばき	judgement	noun	term	00001459:8:204	provisional	n	新村美冬 comes to 荒田 to receive one
忌避	きひ	a proscribed act	noun	term	00001459:8:207	provisional	n	the settlement's word for what she did
処罰	しょばつ	punishment	noun	term	00001459:8:226	provisional	n	「 掟 を破ることは、処罰の対象です」
亡骸	なきがら	remains	noun	term	00001459:8:146	provisional	n	
盗み聞き	ぬすみぎき	eavesdropping	noun	term	00001459:8:250	provisional	n	
ちぐはぐ	ちぐはぐ	not matching up	adjective	term	00001459:8:252	provisional	n	春花's word for a reconstruction that does not fit
無効化	むこうか	to neutralise	noun	term	00001459:8:53	provisional	n	of the precognition
出火	しゅっか	an outbreak of fire	noun	term	00001477:8:201	provisional	n	
将棋倒し	しょうぎだおし	a domino fall	noun	term	00001477:8:65	provisional	n	なつみ's image for the whole chain from the balloon
逆接	ぎゃくせつ	an adversative	noun	term	00001477:8:114	provisional	n	she names the grammatical category; the whole hint turns on it
主語	しゅご	subject	noun	term	00001477:8:103	provisional	n	named as removed from her father's sentence
述語	じゅつご	predicate	noun	term	00001477:8:103	provisional	n	
修飾語	しゅうしょくご	modifier	noun	term	00001477:8:103	provisional	n	
土足	どそく	shoes still on	noun	term	00001477:8:207	provisional	n	五島 running indoors
燃えカス	もえかす	burnt remains	noun	term	0000148E:8:1	provisional	n	
ピクリと	ぴくりと	a twitch	adverb	sfx	00001477:8:224	provisional	n	五島's eyebrow; en-collision: ぴくぴく is the repeated form
ぼーっと	ぼーっと	blankly	adverb	sfx	00001477:8:54	provisional	n	staring at a ceiling corner
立ち枯れ	たちがれ	standing dead	noun	term	0000148E:8:51	provisional	n	of the whole forest overnight
新芽	しんめ	new buds	noun	term	0000148E:8:54	provisional	n	what the same trees had at dusk
キノコ	きのこ	mushroom	noun	term	0000148E:8:63	provisional	n	なつみ's lay gloss on 菌類
養分	ようぶん	nutrients	noun	term	0000148E:8:64	provisional	n	
臭気	しゅうき	a stench	noun	term	0000148E:8:1	provisional	n	
猜疑心	さいぎしん	suspicion	noun	term	0000148E:8:113	provisional	n	
敵愾心	てきがいしん	hostility	noun	term	0000148E:8:122	provisional	n	
強行突破	きょうこうとっぱ	to force a way through	noun	term	0000148E:8:113	provisional	n	
負の連鎖	ふのれんさ	the chain of harm	noun	term	0000148E:8:281	provisional	n	なつみ's name for the settlement's mutual distrust
意思統一	いしとういつ	getting everyone of one mind	noun	term	0000148E:8:215	provisional	n	her stated alternative to deception
息切れ	いきぎれ	out of breath	noun	term	0000148E:8:128	provisional	n	
吊り橋	つりばし	a suspension bridge	noun	place	000014A5:8:0	provisional	n	over the 渓流
河原	かわら	a river bank	noun	place	000014A5:8:10	provisional	n	where 新村サクラ died
合掌	がっしょう	to press the hands together	noun	term	000014A5:8:14	provisional	n	
怪物人間	かいぶつにんげん	monster-men	noun	term	000014A5:8:123	provisional	n	なつみ's coinage for whatever cleared the landslide
怪力	かいりき	monstrous strength	noun	term	000014A5:8:124	provisional	n	
山小屋	やまごや	a mountain hut	noun	place	000014A5:8:152	provisional	n	the 廃屋 described
大船に乗った	おおぶねにのった	sitting pretty	noun	term	000014A5:8:145	provisional	n	set phrase, answered with its literal sense in the next cell
すうすう	すうすう	breathing softly	adverb	sfx	000014BC:8:50	provisional	n	夏菜 asleep; en-collision: すやすや is used in the same cell
ベチャベチャ	べちゃべちゃ	squelching	adverb	sfx	000014A5:8:69	provisional	n	three sets of footsteps in mud; en-collision: ベチャリ is the single-hit form; en-collision: べちょり (0000130D) holds "squelch"
来賓	らいひん	the guests of honour	noun	term	000014BC:8:5	provisional	n	in the entrance-ceremony address
校長先生	こうちょうせんせい	the head teacher	noun	title	000014BC:8:5	provisional	n	en-collision: 主犯 (00000DA1) holds "the principal"
感無量	かんむりょう	deeply moved	adjective	term	000014BC:8:8	provisional	n	ceremonial register
自立心	じりつしん	independence	noun	term	000014BC:8:10	provisional	n	
教養	きょうよう	cultivation	noun	term	000014BC:8:10	provisional	n	
お弁当	おべんとう	a packed lunch	noun	food	000014BC:8:19	provisional	n	three portions split between three girls
幽霊	ゆうれい	a ghost	noun	term	000014BC:8:68	provisional	n	新村美冬 proposes one as a hypothesis and calls it absurd herself
埋葬	まいそう	burial	noun	term	000014BC:8:114	provisional	n	set against 火葬 in the same exchange; 荒田 still practises 土葬
形骸化	けいがいか	hollowed out into form	noun	term	000014BC:8:125	provisional	n	of the 法要
滅亡予知	めつぼうよち	annihilation-sense	noun	term	000014BC:8:202	provisional	n	coined by なつみ against her own 危険予知; both must share one EN family
都市化	としか	urbanised	noun	term	000014BC:8:188	provisional	n	元木町 in the vision
妖艶	ようえん	voluptuous	adjective	term	000014BC:8:217	provisional	n	of the cherry blossom
ツタ	つた	ivy	noun	term	000014D7:8:8	provisional	n	laid over the slope so that the climb is possible
湯気	ゆげ	steam	noun	term	000014D7:8:31	provisional	n	
熱湯	ねっとう	boiling water	noun	term	000014D7:8:33	provisional	n	the hot spring at the summit
母体	ぼたい	a womb	noun	term	000014D7:8:141	provisional	n	brides from outside as uninfected wombs
進化	しんか	evolution	noun	term	000014D7:8:150	provisional	n	「女神様もまだ進化途中の身」
宗教団体	しゅうきょうだんたい	a religious body	noun	org	000014D7:8:152	provisional	n	セレジェイラ聖教
聡明	そうめい	clear-headed	adjective	term	000014D7:8:156	provisional	n	of 新村桔梗
権力者	けんりょくしゃ	a man of power	noun	term	000014D7:8:166	provisional	n	in 東京市, 120 years ago
潤沢	じゅんたく	ample	adjective	term	000014D7:8:171	provisional	n	
資金	しきん	funds	noun	term	000014D7:8:171	provisional	n	
自殺の横行	じさつのおうこう	the run of suicides	noun	event	000014D7:8:183	provisional	n	the decades of staged old-age suicides
安息	あんそく	rest	noun	term	000014D7:8:251	provisional	n	「永遠の安息」
永劫	えいごう	eternity	noun	term	000014D7:8:252	provisional	n	
オオカミ少年	おおかみしょうねん	the boy who cried wolf	noun	term	000014D7:8:268	provisional	n	why なつみ and サクラ lived honestly; en-collision: オオカミ男 (00000538) is the werewolf
放散	ほうさん	release	noun	term	000014D7:8:275	provisional	n	of spores, deliberately stopped
即死	そくし	instant death	noun	term	000014D7:8:292	provisional	n	the weaponised spores
花びら	はなびら	a petal	noun	term	000014D7:8:295	provisional	n	contact dissolves a body
ピンクスピネル	ぴんくすぴねる	pink spinel	noun	object	000014D7:8:426	provisional	n	the simile for the petals
観客	かんきゃく	the audience	noun	term	000014D7:8:99	provisional	n	栄一郎 casts the survivors as spectators
偽物	にせもの	a fake	noun	term	000014D7:8:60	provisional	n	新村美冬 and 春花 both use it as a vocative for the corpse
嫌味	いやみ	a dig	noun	term	000014D7:8:93	provisional	n	the narration's word for 茅萱's cruelty
修行	しゅぎょう	training	noun	term	000014D7:8:92	provisional	n	「修行が足りない」
新村晃	にいむら こう	Ko Niimura	name	person	000014D7:8:165	provisional	n	新村桔梗's husband, 120 years ago, took ドローガ to 東京市. Printed with ruby-residue spacing; reading unconfirmed -> Q595
ぐぐぐ	ぐぐぐ	nnngh	interjection	interjection	000014D7:8:372	provisional	n	a corpse in pain; en-collision: ぐががが (00000E7B) is the longer form
おっほほ	おっほほ	Ho ho	interjection	interjection	000014D7:8:61	provisional	n	新村栄一郎 as a corpse; en-collision: おほほほ (000005C1) is a wealthy woman's
ぷかぷか	ぷかぷか	bobbing	adverb	sfx	000014D7:8:340	provisional	n	the mummy floating away
さわさわ	さわさわ	a soft rustle	adverb	sfx	000014D7:8:423	provisional	n	petals settling
もこもこ	もこもこ	welling up	adverb	sfx	0000142B:8:159	provisional	n	the soil before the mycelium comes out
ぎぎぎ	ぎぎぎ	a grinding creak	adverb	sfx	00001414:8:195	provisional	n	metal on metal in the cave
グネグネ	ぐねぐね	winding	adverb	sfx	0000142B:8:18	provisional	n	the passage
パアッと	ぱあっと	all at once	adverb	sfx	0000142B:8:46	provisional	n	light filling the tunnel
うっすら	うっすら	faintly	adverb	sfx	0000142B:8:157	provisional	n	blood welling from a shallow cut
ドロドロ	どろどろ	churned to mud	adverb	sfx	0000148E:8:139	provisional	n	the path; en-collision: ぬかるむ is the verb
ぽっかり	ぽっかり	yawning open	adverb	sfx	00001414:8:97	provisional	n	the cave mouth; en-collision: パクパク (000010C3) holds "gaping"
キッと	きっと	sharply	adverb	sfx	000014D7:8:57	provisional	n	新村美冬's glare
大和撫子	やまとなでしこ	a proper Japanese lady	noun	concept	000014EE:8:5	provisional	n	the narration's word for how the antagonist looks
ゴーストタウン	ゴーストタウン	a ghost town	noun	term	000014EE:16:4	provisional	n	春花's word; the antagonist asks what it means and is told 廃墟
平手打ち	ひらてうち	a slap	noun	term	000014EE:8:42	provisional	n	twice in the file, both by 新村美冬
足蹴	あしげ	a kick	noun	term	000014EE:16:184	provisional	n	
土下座	どげざ	a kowtow	noun	term	000014EE:16:158	provisional	n	cf. スライディング土下座
敵討ち	かたきうち	avenging a death	noun	term	000014EE:16:186	provisional	n	distinct from 復讐 and 仕返し
切腹	せっぷく	seppuku	noun	term	000014EE:16:222	provisional	n	夏菜's measure of how angry she is
弁護士	べんごし	a defence lawyer	noun	title	000014EE:16:234	provisional	n	五島 cites the right to counsel
凶悪犯	きょうあくはん	a violent criminal	noun	term	000014EE:16:234	provisional	n	
時代錯誤	じだいさくご	anachronistic	adjective	concept	000014EE:16:235	provisional	n	五島's word for the beating
野蛮人	やばんじん	savages	noun	term	000014EE:16:235	provisional	n	
交渉決裂	こうしょうけつれつ	the talks have broken down	noun	term	000014EE:16:71	provisional	n	新村美冬's line
価値観	かちかん	values	noun	concept	000014EE:16:87	provisional	n	
平行線	へいこうせん	parallel lines	noun	concept	000014EE:16:71	provisional	n	
憐れ	あわれ	pitiable	adjective	concept	000014EE:16:207	provisional	n	the narrator's word for the antagonist, three cells running
懇願	こんがん	pleading	noun	term	000014EE:16:190	provisional	n	
巨木	きょぼく	a giant tree	noun	term	000014EE:16:46	provisional	n	
奴隷	どれい	a slave	noun	term	000014EE:24:49	provisional	n	
恨み言	うらみごと	recriminations	noun	term	000014EE:24:31	provisional	n	
声帯	せいたい	vocal cords	noun	term	000014EE:24:44	provisional	n	
ブリザード	ブリザード	a blizzard	noun	term	000014EE:24:12	provisional	n	petals, not snow
人災	じんさい	a man-made disaster	noun	term	000014EE:16:223	provisional	n	
天災	てんさい	a natural disaster	noun	term	000014EE:16:223	provisional	n	
致死量	ちしりょう	a lethal dose	noun	term	000014EE:16:25	provisional	n	夏菜 says she knows her own
抗体	こうたい	an antibody	noun	term	000014EE:16:28	provisional	n	五島's word for what 第三世代 blood carries
細胞	さいぼう	cells	noun	term	000014EE:16:29	provisional	n	
宣戦布告	せんせんふこく	a declaration of war	noun	term	000014EE:16:31	provisional	n	
無駄死に	むだじに	dying for nothing	noun	term	000014EE:16:38	provisional	n	
土壌	どじょう	the soil	noun	term	000014EE:16:100	provisional	n	
自生	じせい	to grow wild	verb	term	000014EE:16:101	provisional	n	
身勝手	みがって	selfish	adjective	concept	000014EE:16:291	provisional	n	the word the antagonist uses about herself
大量殺人犯	たいりょうさつじんはん	a mass murderer	noun	term	000014EE:16:231	provisional	n	
ツル	つる	a vine	noun	object	00001505:8:1	provisional	n	the growth through her body; cf. ツタ
痙攣	けいれん	convulsing	noun	term	00001505:8:2	provisional	n	
肢体	したい	limbs	noun	term	00001505:8:2	provisional	n	
開墾	かいこん	clearing the land	noun	term	00001505:8:70	provisional	n	
下賤	げせん	low-born	adjective	term	00001505:8:83	provisional	n	cf. 賤しい身分
農具	のうぐ	farm tools	noun	object	00001505:8:94	provisional	n	
女官	にょかん	the court ladies	noun	title	00001505:8:130	provisional	n	
かんざし	かんざし	a hairpin	noun	object	00001505:8:324	provisional	n	carved by 皇子; snapped in the fall; buried at 00001533:8:96
笹藪	ささやぶ	a bamboo-grass thicket	noun	place	00001505:8:364	provisional	n	distinct from 竹藪
薄氷	うすらい	thin ice	noun	term	00001505:8:227	provisional	n	
寒の戻り	かんのもどり	a cold snap	noun	term	00001505:8:223	provisional	n	
曙	あけぼの	daybreak	noun	term	00001505:8:222	provisional	n	printed with ruby-residue spacing -> Q624
厠	かわや	the privy	noun	place	00001505:8:220	provisional	n	printed with ruby-residue spacing -> Q624
つらら	つらら	an icicle	noun	object	00001505:8:210	provisional	n	
反逆者	はんぎゃくしゃ	a rebel	noun	term	00001505:8:271	provisional	n	en-collision: 裏切り者 (a traitor)
処刑	しょけい	execution	noun	term	00001505:8:271	provisional	n	cf. 死刑, 絞首刑
尊厳	そんげん	dignity	noun	concept	00001505:8:277	provisional	n	
稀有	けう	rare	adjective	concept	00001505:8:275	provisional	n	
平衡感覚	へいこうかんかく	her sense of balance	noun	term	00001505:8:416	provisional	n	
礎	いしずえ	a foundation	noun	concept	00001505:8:162	provisional	n	printed with ruby-residue spacing -> Q624
獲物	えもの	prey	noun	term	00001505:8:368	provisional	n	the bandits' word for her
小屋	こや	a hut	noun	place	00001505:8:152	provisional	n	distinct from 山小屋 and 廃屋
嗚咽	おえつ	sobbing	noun	term	00001505:8:251	provisional	n	
白い息	しろいいき	white breath	noun	term	00001505:8:198	provisional	n	the cold; used three times as a marker of the season
見初める	みそめる	to take a fancy to	verb	term	00001505:8:119	provisional	n	
高貴	こうき	highborn	adjective	term	00001505:8:116	provisional	n	
落ちぶれる	おちぶれる	to come down in the world	verb	term	00001505:8:117	provisional	n	
殿方	とのがた	a gentleman	noun	address	00001505:8:119	provisional	n	archaic, 糸姫's register
身分	みぶん	rank	noun	concept	00001505:8:76	provisional	n	the word the whole 00001505 memory turns on
骨折り損	ほねおりぞん	a wasted effort	noun	term	00001505:8:438	provisional	n	the bandits' exit line, over her body
棚からぼたもち	たなからぼたもち	a windfall	noun	term	00001505:8:372	provisional	n	said half only, as 「棚から何とか」 -> Q608
平氏	へいし	the Hei clan	name	org	00001505:8:492	provisional	n	named once, as the men who killed 皇子 at 元木
縊死	いし	death by hanging	noun	term	0000151C:8:96	provisional	n	repeated six times inside one cell -> Q622
殺戮ショー	さつりくショー	the slaughter show	noun	term	0000151C:8:78	provisional	n	the corpses' word for 翠眼呪殺
テリトリー	テリトリー	the thing's territory	noun	term	0000151C:8:97	provisional	n	en-collision: 縄張り
落雷	らくらい	a lightning strike	noun	term	0000151C:8:189	provisional	n	
火あぶり	ひあぶり	burning at the stake	noun	term	0000151C:8:189	provisional	n	
激痛	げきつう	searing pain	noun	term	0000151C:8:189	provisional	n	
パンドラの箱	パンドラのはこ	Pandora's box	name	concept	0000151C:8:265	provisional	n	quoted by 糸姫, sourced to 「ある人間の知性」 -> Q629
因果	いんが	cause and effect	noun	concept	0000151C:8:263	provisional	n	
摂理	せつり	the order of things	noun	concept	0000151C:8:226	provisional	n	自然の摂理, used three times
粒子	りゅうし	particles	noun	term	0000151C:8:297	provisional	n	
遺骨	いこつ	the remains	noun	term	0000151C:8:455	provisional	n	
弔い	とむらい	a proper funeral	noun	term	0000151C:8:444	provisional	n	cf. 法要, 供養, 弔問
徹夜	てつや	staying up all night	noun	term	0000151C:8:452	provisional	n	
腐食	ふしょく	decomposition	noun	term	0000151C:8:411	provisional	n	
団欒	だんらん	a family gathering	noun	term	0000151C:8:425	provisional	n	死後の団欒
呪縛	じゅばく	a binding spell	noun	term	0000151C:8:424	provisional	n	
撤去	てっきょ	removal	noun	term	00001533:8:87	provisional	n	
不可解	ふかかい	inexplicable	adjective	concept	00001533:8:88	provisional	n	
薬草	やくそう	medicinal herbs	noun	object	00001533:8:11	provisional	n	新村エリカ's salve
亀裂	きれつ	a crack	noun	term	0000151C:8:295	provisional	n	
野生生物	やせいせいぶつ	a wild organism	noun	term	0000151C:8:217	provisional	n	the narrator's final verdict on 死月妖花
分不相応	ぶんふそうおう	beyond its station	adjective	concept	0000151C:8:224	provisional	n	
不完全	ふかんぜん	incomplete	adjective	concept	0000151C:8:224	provisional	n	
狡猾	こうかつ	cunning	adjective	concept	0000151C:8:221	provisional	n	
取り憑く	とりつく	to take possession of	verb	term	0000151C:8:219	provisional	n	
裏切り者	うらぎりもの	a traitor	noun	term	0000151C:8:216	provisional	n	shouted at 糸姫 by the corpses
朽ちる	くちる	to rot away	verb	term	0000151C:8:402	provisional	n	
ただれる	ただれる	to be raw and weeping	verb	term	0000151C:8:342	provisional	n	the two corpses' skin
幹	みき	a trunk	noun	object	0000151C:8:188	provisional	n	
密着	みっちゃく	pressed up against	noun	term	0000151C:8:212	provisional	n	
教育ママ	きょういくママ	an education-obsessed mother	noun	term	00001533:8:17	provisional	n	新村美冬, after 荒田
桜並木	さくらなみき	the avenue of cherry trees	noun	place	00001533:8:40	provisional	n	
ハンカチ	ハンカチ	a handkerchief	noun	object	00001533:8:90	provisional	n	the hairpin is carried in it
席替え	せきがえ	the seating reshuffle	noun	event	00001533:8:151	provisional	n	
転校生	てんこうせい	a transfer student	noun	title	00001533:8:153	provisional	n	cf. 転校勧告
擬態語	ぎたいご	a mimetic word	noun	term	00001533:8:162	provisional	n	the narration names the category and then supplies 「キラキラ」
ツッコミ	ツッコミ	the straight-man retort	noun	term	00001533:8:211	provisional	n	-> Q612 (owner)
ボケ	ボケ	the daft setup	noun	term	00001533:8:189	provisional	n	-> Q612 (owner)
なんでやねん	なんでやねん	What are you on about!	interjection	interjection	00001533:8:197	provisional	n	the file's payoff line; shouted in class -> Q612 (owner)
大阪	おおさか	Osaka	name	place	00001533:8:173	provisional	n	
ウサギ跳び	ウサギとび	rabbit hops	noun	term	00001533:8:178	provisional	n	the joke's premise: 500 km of them
健康診断	けんこうしんだん	a medical check-up	noun	term	00001533:8:59	provisional	n	
発作	ほっさ	an attack	noun	term	00001533:8:60	provisional	n	新村エリカ's heart
職員室	しょくいんしつ	the staff room	noun	place	00001533:27:59	provisional	n	
屋上	おくじょう	the roof	noun	place	00001533:27:0	provisional	n	
朝礼	ちょうれい	morning assembly	noun	event	00001533:27:5	provisional	n	
握手	あくしゅ	a handshake	noun	term	00001533:8:220	provisional	n	
慈しみ	いつくしみ	tenderness	noun	concept	00001533:8:231	provisional	n	the narrator's word for the new girl's face
賭博師	とばくし	a gambler	noun	term	00001533:8:123	provisional	n	春花's word for 五島 and ロシアンたこ焼き
出席	しゅっせき	the roll call	noun	event	00001533:8:252	provisional	n	
24時間営業	にじゅうよじかんえいぎょう	open 24 hours	noun	term	00001533:8:118	provisional	n	ザッハ
不老不死	ふろうふし	eternal life	noun	concept	00001533:8:111	provisional	n	the thing's whole objective, named once at the end
関西弁	かんさいべん	the Kansai dialect	noun	term	00001533:8:179	provisional	n	not named on screen; the marker set is ～やねん, ～へん, ほんま, せや, ええ, ほな -> Q611
施設	しせつ	the home	noun	place	00001533:27:51	provisional	n	where 後白河糸織 is living; cf. 児童養護施設
生まれ変わり	うまれかわり	a rebirth	noun	concept	00001533:8:170	provisional	n	en-collision: 転生
遺言	ゆいごん	a dying wish	noun	term	00001533:8:94	provisional	n	
せやなあ	せやなあ	Aye, that's so	interjection	interjection	00001533:27:39	provisional	n	関西弁 -> Q611
ほな	ほな	Well then	interjection	interjection	00001533:8:250	provisional	n	関西弁 -> Q611; en-collision: よっしゃ (Right then)
やねん	やねん	(Kansai sentence-final copula)	particle	term	00001533:8:179	provisional	n	no English equivalent; carried by diction, not by an ending -> Q611
ええ人	ええひと	a good sort	noun	address	00001533:8:242	provisional	n	関西弁 -> Q611
しんどい	しんどい	rough going	adjective	term	00001533:8:179	provisional	n	関西弁 -> Q611
ほんま	ほんま	honest	adverb	term	00001533:27:47	provisional	n	関西弁 -> Q611
気にしいひん	きにしいひん	I don't mind	verb	term	00001533:27:23	provisional	n	関西弁 -> Q611
寝息	ねいき	sleeping breaths	noun	term	0000154E:8:8	provisional	n	
布団	ふとん	a futon	noun	object	0000154E:8:14	provisional	n	
サラ金	サラきん	a loan shark	noun	org	0000154E:8:49	provisional	n	五島's joke about a Ginza dinner
借金	しゃっきん	debt	noun	term	0000154E:8:49	provisional	n	
漏電	ろうでん	an electrical fault	noun	term	0000154E:8:82	provisional	n	
電気系統	でんきけいとう	the wiring	noun	term	0000154E:8:83	provisional	n	
立入禁止	たちいりきんし	off limits	noun	term	0000154E:8:100	provisional	n	
密会	みっかい	a secret meeting	noun	term	0000154E:8:167	provisional	n	幸太郎 and the corpse, for ten years
無実	むじつ	innocence	noun	concept	0000154E:8:180	provisional	n	
名目	めいもく	a pretext	noun	concept	0000154E:8:214	provisional	n	the stated reason for the electronic lock
蔵書部屋	ぞうしょべや	the book room	noun	place	0000154E:8:214	provisional	n	cf. 書庫, 蔵
追及	ついきゅう	pressing for answers	noun	term	0000154E:8:25	provisional	n	
火の元	ひのもと	a source of fire	noun	term	0000154E:8:82	provisional	n	
自負	じふ	pride in oneself	noun	concept	0000154E:8:130	provisional	n	
女々しい	めめしい	unmanly	adjective	term	0000154E:8:132	provisional	n	幸太郎's word for himself
幻影	げんえい	a phantom	noun	term	0000154E:8:132	provisional	n	cf. 幻影追想劇, 虚像
明け渡す	あけわたす	to hand over	verb	term	0000154E:8:194	provisional	n	
見返り	みかえり	something in return	noun	term	0000154E:8:194	provisional	n	
元木市	もときし	Motoki City	name	place	0000156A:8:6	provisional	n	the town of 元木町 was reclassified as a city about ten years before 祀耀815 (8:147-8:148); population over 150,000 (82:99). EN must keep the change visible because the narrator remarks on it
佐波大震災	さわだいしんさい	the Great Sawa Earthquake	name	event	0000156A:58:257	provisional	n	the media name for the 祀耀815年四月 quake; 震度7, magnitude 5.0, very shallow, damage confined to 元木市
ナナシナ事件	ナナシナじけん	the Nanashina Incident	name	event	0000156A:14:30	provisional	n	the 祀耀747 killing of the first 御神木 research group; the katakana name is the digits 747 read aloud and the same file also calls it 747年事件 -> Q647
747年事件	ななよんななねんじけん	the 747 Incident	name	event	0000156A:14:30	provisional	n	the researchers' own name for it; used in the same breath as ナナシナ事件 -> Q647
特別部隊	とくべつぶたい	the special unit	noun	org	0000156A:8:259	provisional	n	the ten-to-fifteen government personnel sent in for a site inspection; armed, in sealed suits, and all killed
官房長官	かんぼうちょうかん	the Chief Cabinet Secretary	title	title	0000156A:14:134	provisional	n	the government spokesman at every press conference in the file; 中嶋長司 -> Q669
記者会見	きしゃかいけん	press conference	noun	term	0000156A:14:132	provisional	n	
定期会見	ていきかいけん	the scheduled briefing	noun	term	0000156A:34:173	provisional	n	
国際研究所	こくさいけんきゅうじょ	the International Research Institute	name	org	0000156A:14:30	provisional	n	the state body in 元木市 that 五島絵梨奈 directed; publicly a research institute, actually the second attempt to study the 御神木
所長	しょちょう	director	title	title	0000156A:64:51	provisional	n	五島's post at the 国際研究所
公的機関	こうてききかん	a public body	noun	term	0000156A:14:26	provisional	n	
オカルト雑誌	オカルトざっし	occult magazine	noun	term	0000156A:14:9	provisional	n	
M	エム	M	name	title	0000156A:14:9	provisional	n	the long-running occult magazine that printed the first モトキザクラ様 story in its 祀耀747年7月号; a single Latin capital as a title -> Q648
元木刑務所	もときけいむしょ	Motoki Prison	name	place	0000156A:92:77	provisional	n	newly built; 茜 was being transferred there when the quake hit
佐波刑務所	さわけいむしょ	Sawa Prison	name	place	0000156A:92:13	provisional	n	the women's prison in 皆上市 where 茜 served fifteen years
刑務所	けいむしょ	prison	noun	place	0000156A:20:8	provisional	n	
刑務官	けいむかん	prison officer	noun	title	0000156A:20:11	provisional	n	
山垣	やまがき	Yamagaki	name	person	0000156A:92:84	provisional	n	the young officer on the transfer bus, starting at 元木刑務所 that day; reading unconfirmed -> Q668
204番	にひゃくよんばん	Number 204	name	address	0000156A:92:23	provisional	n	茜's prison number, used as her name by the guards; replayed inside the dream at 20:7 -> Q660
護送車	ごそうしゃ	the prison transport bus	noun	object	0000156A:92:53	provisional	n	
独房	どくぼう	a single cell	noun	place	0000156A:92:26	provisional	n	
雑居房	ざっきょぼう	a shared cell	noun	place	0000156A:92:26	provisional	n	
受刑者	じゅけいしゃ	inmate	noun	term	0000156A:92:54	provisional	n	
点呼	てんこ	roll call	noun	term	0000156A:92:19	provisional	n	
開房点検	かいぼうてんけん	cell inspection	noun	term	0000156A:92:19	provisional	n	
免業日	めんぎょうび	a non-working day	noun	term	0000156A:92:14	provisional	n	prison term for a day with no assigned labour
消灯	しょうとう	lights out	noun	term	0000156A:92:16	provisional	n	
刑期	けいき	sentence	noun	term	0000156A:52:15	provisional	n	
懲役刑	ちょうえきけい	a custodial sentence	noun	term	0000156A:52:16	provisional	n	
終身刑	しゅうしんけい	a whole-life sentence	noun	term	0000156A:92:9	provisional	n	en-collision: 無期懲役. 92:9 says 無期懲役 is 事実上の終身刑, so the two must read as different phrases
主文	しゅぶん	the operative judgment	noun	term	0000156A:92:0	provisional	n	the sentencing formula read out in court; opens block 92 and is reprinted at 201:119 -> Q651
出所	しゅっしょ	getting out	noun	term	0000156A:46:174	provisional	n	 en-collision: 放散 (release of spores)
再犯	さいはん	reoffending	noun	term	0000156A:46:174	provisional	n	
懲罰	ちょうばつ	penal discipline	noun	term	0000156A:46:188	provisional	n	 en-collision: 処罰
食事当番	しょくじとうばん	kitchen duty	noun	term	0000156A:34:134	provisional	n	the rota that taught 茜 to cook to specification
再審請求	さいしんせいきゅう	a petition for retrial	noun	term	0000156A:28:86	provisional	n	五島's offer; the legal lever for the 女ケ沢 retraction -> Q646
証言台	しょうげんだい	the witness stand	noun	term	0000156A:28:86	provisional	n	
立入禁止区域	たちいりきんしくいき	exclusion zone	noun	term	0000156A:70:118	provisional	n	100 km radius; made permanent in the last press conference (201:142)
毒ガス	どくガス	poison gas	noun	term	0000156A:14:112	provisional	n	the government's word for it; 五島 proves at 58:191-58:200 that there is no toxic gas at all, only spores
猛毒ガス	もうどくガス	lethal gas	noun	term	0000156A:70:110	provisional	n	the broadcast intensifier of the same non-existent gas
震度	しんど	seismic intensity	noun	term	0000156A:70:106	provisional	n	the JP intensity scale, not magnitude; the contrast between 震度7 and magnitude 5.0 is a plot point
マグニチュード	マグニチュード	magnitude	noun	term	0000156A:70:107	provisional	n	
震源	しんげん	the hypocenter	noun	term	0000156A:70:107	provisional	n	 | American form (Q1641 sweep 2026-09-25)
震央	しんおう	the epicenter	noun	term	0000156A:70:109	provisional	n	 | American form (Q1641 sweep 2026-09-25)
盆地	ぼんち	a basin	noun	term	0000156A:92:239	provisional	n	元木市 sits in one, ringed by 1,000 m high ground
市街地	しがいち	the town center	noun	place	0000156A:76:20	provisional	n	 | American form (Q1641 sweep 2026-09-25)
がれき	がれき	rubble	noun	object	0000156A:82:82	provisional	n	
倒壊	とうかい	collapse	noun	term	0000156A:82:79	provisional	n	
防災対策	ぼうさいたいさく	disaster preparedness	noun	term	0000156A:82:80	provisional	n	
地方都市	ちほうとし	a provincial city	noun	term	0000156A:92:99	provisional	n	
人骨	じんこつ	human bones	noun	object	0000156A:76:28	provisional	n	what is left of everyone who died out of doors
死後硬直	しごこうちょく	rigor mortis	noun	term	0000156A:82:117	provisional	n	
溶解	ようかい	dissolution	noun	term	0000156A:52:186	provisional	n	the petals' effect on a corpse; the verb form 溶ける runs throughout
粘液	ねんえき	clear fluid	noun	object	0000156A:52:176	provisional	n	what a dissolving body produces; do not render as "slime", the text treats it clinically
滋養	じよう	nutrient	noun	term	0000156A:14:66	provisional	n	en-collision: 滋養強壮. Here it is what the tree takes out of the soil and puts back by dissolving bodies
大地に還る	だいちにかえる	return to the earth	verb	term	0000156A:193:132	provisional	n	the 神使's euphemism for dissolving a living person; used twice (193:132, 201:113) and the second time about a friend -> Q667
選択毒性	せんたくどくせい	selective toxicity	noun	term	0000156A:58:212	provisional	n	五島's term for a poison lethal to one class of organism only
殺虫剤	さっちゅうざい	insecticide	noun	object	0000156A:58:214	provisional	n	
除草剤	じょそうざい	herbicide	noun	object	0000156A:58:214	provisional	n	
線虫	せんちゅう	nematode	noun	term	0000156A:58:232	provisional	n	
ハエ	ハエ	flies	noun	term	0000156A:58:117	provisional	n	alive in a town where every mammal is dead; the first clue that the killer is not a gas
生鮮食品	せいせんしょくひん	fresh food	noun	term	0000156A:58:114	provisional	n	
腐敗臭	ふはいしゅう	the smell of rot	noun	term	0000156A:58:115	provisional	n	
マウス	マウス	lab mice	noun	term	0000156A:64:207	provisional	n	
煮出す	にだす	boil out	verb	term	0000156A:64:203	provisional	n	the whole of the ドローガ extraction: boil the roots in water
天衣無縫	てんいむほう	seamless as a heavenly robe	noun	term	0000156A:34:70	provisional	n	a four-character idiom meaning flawless or artless; 五島 uses its LITERAL sense (an angel's robe has no seams) to argue the white robes are non-woven -> Q649
不織布	ふしょくふ	non-woven fabric	noun	term	0000156A:34:73	provisional	n	
縫い目	ぬいめ	a seam	noun	term	0000156A:34:68	provisional	n	
繊維	せんい	fibre	noun	term	0000156A:8:211	provisional	n	
タイムスリップ	タイムスリップ	a time slip	noun	term	0000156A:8:165	provisional	n	なつみ's word for 春花's thirteen missing years; 五島 narrows it to 「新村先輩の中では」
瞬間移動	しゅんかんいどう	instantaneous movement	noun	term	0000156A:8:145	provisional	n	
テレポート	テレポート	teleportation	noun	term	0000156A:8:235	provisional	n	五島 names the SF film convention and then cites a real experiment -> Q665
素粒子	そりゅうし	elementary particles	noun	term	0000156A:8:235	provisional	n	
冷凍保存	れいとうほぞん	cryogenic storage	noun	term	0000156A:8:223	provisional	n	五島's simile for 春花's unaged body
蓄電池	ちくでんち	the storage battery	noun	object	0000156A:58:49	provisional	n	the block's power reserve; the clock on 五島's life
太陽光発電	たいようこうはつでん	solar generation	noun	term	0000156A:58:48	provisional	n	
換気システム	かんきシステム	the ventilation system	noun	object	0000156A:34:32	provisional	n	
ナノフィルター	ナノフィルター	nanofilters	noun	object	0000156A:64:114	provisional	n	
オートロック	オートロック	the auto-lock	noun	object	0000156A:64:40	provisional	n	
合い鍵	あいかぎ	a spare key	noun	object	0000156A:64:42	provisional	n	
最上階	さいじょうかい	the top floor	noun	place	0000156A:46:100	provisional	n	
エレベーター	エレベーター	the elevator	noun	object	0000156A:40:98	provisional	n	its power budget is argued over three times | American form (Q1641 sweep 2026-09-25)
節電	せつでん	saving power	noun	term	0000156A:52:123	provisional	n	
貯水タンク	ちょすいタンク	the water tank	noun	object	0000156A:52:21	provisional	n	
物資	ぶっし	supplies	noun	term	0000156A:40:0	provisional	n	
使い捨て	つかいすて	disposable	adjective	term	0000156A:40:7	provisional	n	
紙皿	かみざら	paper plates	noun	object	0000156A:40:6	provisional	n	
紙コップ	かみコップ	paper cups	noun	object	0000156A:46:138	provisional	n	
バケツリレー	バケツリレー	a bucket chain	noun	term	0000156A:46:113	provisional	n	
耐震棚	たいしんだな	earthquake-proof shelving	noun	object	0000156A:58:108	provisional	n	the reason the supermarket displays are intact; 茜 has been away long enough not to know about it
レトルトカレー	レトルトカレー	retort curry	noun	food	0000156A:52:5	provisional	n	68 yen, on special offer; the contrast with the penthouse is the joke
ジャスミンティー	ジャスミンティー	jasmine tea	noun	food	0000156A:46:132	provisional	n	
アップルティー	アップルティー	apple tea	noun	food	0000156A:64:96	provisional	n	
番茶	ばんちゃ	bancha	noun	food	0000156A:46:171	provisional	n	the only hot drink served in prison
コーヒー牛乳	コーヒーぎゅうにゅう	coffee milk	noun	food	0000156A:46:169	provisional	n	in a carton, cold; the thing she thought she would never taste again
焼きそば	やきそば	yakisoba	noun	food	0000156A:34:137	provisional	n	boiled rather than fried for lack of gas, and the narration calls it 茹でそば instead
ナポリタン	ナポリタン	Napolitan	noun	food	0000156A:76:134	provisional	n	
弁当	べんとう	a lunchbox	noun	food	0000156A:76:111	provisional	n	
電子レンジ	でんしレンジ	the microwave	noun	object	0000156A:82:128	provisional	n	
ビニール袋	ビニールぶくろ	a plastic bag	noun	object	0000156A:58:121	provisional	n	
コンビニ	コンビニ	a convenience store	noun	place	0000156A:40:132	provisional	n	
スーパー	スーパー	the supermarket	noun	place	0000156A:40:109	provisional	n	windowless, so it cannot be used without a torch
パチンコ店	パチンコてん	the pachinko parlour	noun	place	0000156A:82:120	provisional	n	
万引き	まんびき	shoplifting	noun	term	0000156A:58:93	provisional	n	五島 and 茜 both name the crime they are committing and go on doing it
リュックサック	リュックサック	a rucksack	noun	object	0000156A:82:133	provisional	n	she unthreads the straps to get it on over handcuffs
反射式ストーブ	はんしゃしきストーブ	a radiant kerosene heater	noun	object	0000156A:76:100	provisional	n	なつみ uses one because it makes no draught, and draught triggers her 四月病
灯油	とうゆ	kerosene	noun	object	0000156A:76:105	provisional	n	
ノートパソコン	ノートパソコン	the laptop	noun	object	0000156A:8:89	provisional	n	
スマホ	スマホ	a smartphone	noun	object	0000156A:34:19	provisional	n	
メモ帳	メモちょう	a notepad	noun	object	0000156A:8:191	provisional	n	五島 still reasons on paper at 33
インターホン	インターホン	the intercom	noun	object	00000024:51:25	provisional	n	en changed from "the entryphone" (British) to "the intercom", the form STYLE Q1161 names as the American choice; first_seen corrected, the term first occurs at 00000024 (order 2), not 0000156A. Pass-2 review of part 1.
郵便受け	ゆうびんうけ	the mailboxes	noun	object	0000156A:8:80	provisional	n	how 春花 worked out which flat to try | American (Q1885)
表札	ひょうさつ	the nameplate	noun	object	0000156A:76:72	provisional	n	
客室	きゃくしつ	the guest room	noun	place	0000156A:8:180	provisional	n	
防護服	ぼうごふく	protective suits	noun	object	0000156A:193:18	provisional	n	described as 宇宙服のような; torn open on every one of the dead soldiers
自動小銃	じどうしょうじゅう	assault rifles	noun	object	0000156A:193:23	provisional	n	
マシンガン	マシンガン	machine guns	noun	object	0000156A:193:23	provisional	n	the narrator cannot tell which and says so
火器	かき	firearms	noun	object	0000156A:193:23	provisional	n	
心臓	しんぞう	heart	noun	term	0000156A:193:67	provisional	n	en-collision: 心の臓 (the archaic form, 000010C3). 春花 holds なつみ's, still beating
浦島太郎	うらしまたろう	Urashima Taro	name	person	0000156A:92:11	provisional	n	the folktale fisherman who returns from the sea palace as an old man; 茜's image of what a life sentence does
マッチ売りの少女	マッチうりのしょうじょ	The Little Match Girl	name	title	0000156A:76:157	provisional	n	she takes the sight of her daughter for the dying girl's visions
ゾンビアポカリプス	ゾンビアポカリプス	a zombie apocalypse	noun	term	0000156A:76:51	provisional	n	she narrates her own situation as a film and then lists everything the film would have given her and has not
灯台下暗し	とうだいもとくらし	right under my nose	noun	term	0000156A:70:94	provisional	n	the handcuff key was in the jacket she was wearing
不幸中の幸い	ふこうちゅうのさいわい	one small mercy	noun	term	0000156A:40:158	provisional	n	
老体に鞭打つ	ろうたいにむちうつ	drive these old bones	verb	term	0000156A:28:188	provisional	n	
若年性認知症	じゃくねんせいにんちしょう	early-onset dementia	noun	term	0000156A:46:142	provisional	n	なつみ's joke at 五島's expense about no longer being a 少女
うう	うう	Ngh	interjection	interjection	0000156A:34:30	provisional	n	pain or discomfort, low and closed-mouthed
きっつ	きっつ	That is rough	interjection	interjection	0000156A:58:140	provisional	n	なつみ, clipped, at the sight of crows feeding on a body
カチカチ	カチカチ	chattering	interjection	sfx	0000156A:28:99	provisional	n	teeth in the cold
ボボボボ	ボボボボ	whoomph	interjection	sfx	0000156A:76:104	provisional	n	a kerosene heater catching
プチプチ	プチプチ	fizzing	interjection	sfx	0000156A:52:175	provisional	n	the sound a corpse makes as it begins to dissolve; the text compares it to carbonation
チロチロ	チロチロ	flickering	interjection	sfx	0000156A:82:78	provisional	n	small fires here and there
パンパン	パンパン	crack crack	interjection	sfx	0000156A:28:185	provisional	n	gunfire heard from below
カラン	カラン	clink	interjection	sfx	0000156A:76:16	provisional	n	the sound of bone under the petals, mistaken for twigs
バシャバシャ	バシャバシャ	slushing	interjection	sfx	0000156A:64:5	provisional	n	tyres in dissolving petals; the text compares it to sleet
ぬるぬる	ぬるぬる	slippery	interjection	sfx	0000156A:76:11	provisional	n	
どろり	どろり	sludgy	interjection	sfx	0000156A:46:36	provisional	n	fallen petals liquefying with time
ごろり	ごろり	rolls over	interjection	sfx	0000156A:92:193	provisional	n	
こんもり	こんもり	mounded	interjection	sfx	0000156A:40:153	provisional	n	the heap of petals with なつみ under it
うつらうつら	うつらうつら	drowsing	interjection	sfx	0000156A:8:4	provisional	n	the file's first narration word, and the narrator is not named for another five cells
ふわふわ	ふわふわ	soft underfoot	interjection	sfx	0000156A:76:12	provisional	n	
立木三日	たちき みっか	Mikka Tachiki	name	person	000015C2:81:2	provisional	n	the menu navigator's own name, given for the first time in 203 files; reading of both halves unverified -> Q682
案内人	あんないにん	guide	noun	title	000015C2:81:2	provisional	n	her self-description: 「この世界の案内人をしております」
シナリオナビゲーター	しなりおなびげーたー	scenario navigator	noun	ui	000015C2:48:17	provisional	n	the scenario-board screen
元号	げんごう	era name	noun	term	000015C2:48:2	provisional	n	used to introduce 祀耀 to the player
西暦	せいれき	the Western calendar	noun	term	000015C2:48:5	provisional	n	祀耀800 is pegged to "around AD 2020" -> Q014
アーカイブ	あーかいぶ	archive	noun	ui	000015C2:48:11	provisional	n	her gloss on リファレンス
御来訪	ごらいほう	your visit	noun	term	000015C2:61:4	provisional	n	最上級敬語 for the player's arrival
終焉	しゅうえん	ending	noun	term	0000176E:22:1	provisional	n	her fixed word for a route ending; counted (最初の, 2つ目の...). Distinct from 結末 "outcome"
市村	いちむら	Ichimura	name	person	000016AE:11:43	provisional	n	五島's primary-school homeroom teacher, female, always 市村先生
野次馬	やじうま	rubberneckers	noun	term	000016AE:11:3	provisional	n	
本末転倒	ほんまつてんとう	the wrong way round	noun	concept	000016AE:11:8	provisional	n	四字熟語; she applies it to a stay-home order that gathers a crowd
聞き込み	ききこみ	door-to-door inquiries	noun	term	000016AE:11:33	provisional	n	shorter form of the existing 聞き込み調査
主観的情報	しゅかんてきじょうほう	subjective information	noun	concept	000016AE:11:35	provisional	n	
客観的情報	きゃっかんてきじょうほう	objective information	noun	concept	000016AE:11:36	provisional	n	
生まれ変わる	うまれかわる	to be born again	verb	term	000016AE:11:55	provisional	n	五島 on her own personality change
別次元	べつじげん	a different league	noun	concept	00001704:8:20	provisional	n	a classmate on 五島's ability
陰ながら	かげながら	out of sight	adverb	term	00001704:8:27	provisional	n	the teacher's word for 五島's effort
佐波郡	さわぐん	Sawa District	name	place	0000170A:8:2	provisional	n	元木町's county in 祀耀737
自治体	じちたい	municipality	noun	term	0000170A:8:2	provisional	n	
怪奇現象	かいきげんしょう	uncanny phenomenon	noun	concept	0000170A:8:3	provisional	n	en-collision: 超常現象 is rendered "paranormal phenomenon"
老木	ろうぼく	old tree	noun	object	0000170A:8:7	provisional	n	
貫録	かんろく	presence	noun	concept	0000170A:8:8	provisional	n	
井戸	いど	the well	noun	place	0000170A:8:11	provisional	n	金井桂子's daily errand; the path she walks is how the tree is noticed
周辺住民	しゅうへんじゅうみん	the people living nearby	noun	term	0000170A:8:13	provisional	n	
一卵性双生児	いちらんせいそうせいじ	identical twins	noun	term	00001715:8:5	provisional	n	
脳波	のうは	brainwaves	noun	term	00001715:8:23	provisional	n	
脳科学者	のうかがくしゃ	brain scientist	noun	title	00001715:8:8	provisional	n	
心理学者	しんりがくしゃ	psychologist	noun	title	00001715:8:8	provisional	n	
シンパシー	しんぱしー	sympathy	noun	term	00001715:8:18	provisional	n	printed in katakana and immediately glossed as 共鳴
共鳴	きょうめい	resonance	noun	term	00001715:8:19	provisional	n	
ブレイン・マシン・インターフェース	ぶれいん・ましん・いんたーふぇーす	brain-machine interface	noun	term	00001715:8:28	provisional	n	glossed in the next cell
受精卵	じゅせいらん	fertilised egg	noun	term	00001715:8:16	provisional	n	
細胞分裂	さいぼうぶんれつ	cell division	noun	term	00001715:8:16	provisional	n	
ジェシー	じぇしー	Jessie	name	person	00001715:8:12	provisional	n	the elder twin on the CCTV; never speaks
アンジー	あんじー	Angie	name	person	00001715:8:12	provisional	n	the younger twin on the CCTV; never speaks
バルセロナ大学	ばるせろなだいがく	the University of Barcelona	name	org	00001715:8:27	provisional	n	
アクシラム・ロボティクス社	あくしらむ・ろぼてぃくすしゃ	Axilum Robotics	name	org	00001715:8:27	provisional	n	
ハーバード大学医学大学院	はーばーどだいがくいがくだいがくいん	Harvard Medical School	name	org	00001715:8:27	provisional	n	
スターラボ社	すたーらぼしゃ	Starlab	name	org	00001715:8:27	provisional	n	
イカサマ	いかさま	a fix	noun	term	00001715:8:47	provisional	n	the scientist's closing retraction of his own exhibit
消息筋	しょうそくすじ	a source	noun	term	00001715:8:1	provisional	n	
極秘資料	ごくひしりょう	top-secret material	noun	term	00001715:8:1	provisional	n	
超自然科学	ちょうしぜんかがく	supernatural science	noun	concept	00001715:8:38	provisional	n	
通信技術	つうしんぎじゅつ	communications technology	noun	term	00001715:8:38	provisional	n	
資料室	しりょうしつ	the records room	noun	place	0000171B:8:46	provisional	n	元木警察署
不良少女	ふりょうしょうじょ	a delinquent girl	noun	term	0000171B:8:21	provisional	n	
妙な気	みょうなき	funny ideas	noun	term	0000171B:8:32	provisional	n	伊勢 on 五島 trying to catch the culprit herself
クリアンサス・ダ・アルマ・ボルタ・パラ・ウ・セウ	くりあんさす・だ・あるま・ぼるた・ぱら・う・せう	Criancas da alma volta para o ceu	noun	term	00001729:8:0	provisional	n	セレジェイラ聖教 funeral liturgy, Portuguese in katakana; joins the 00000A62 and 00000DE9 sets -> Q162
オブリガーダ	おぶりがーだ	Obrigada	interjection	term	00001729:8:5	provisional	n	Portuguese "thank you", feminine form, said by the officiant
補習	ほしゅう	supplementary lessons	noun	term	0000172F:8:1	provisional	n	
補習授業	ほしゅうじゅぎょう	supplementary classes	noun	term	0000172F:8:1	provisional	n	
大学受験	だいがくじゅけん	university entrance exams	noun	term	0000172F:8:12	provisional	n	
高校受験	こうこうじゅけん	high-school entrance exams	noun	term	0000172F:8:13	provisional	n	
休診日	きゅうしんび	the clinic's closed day	noun	term	0000172F:8:25	provisional	n	春花's slip: not knowing it means it was her first visit
体調管理	たいちょうかんり	looking after your health	noun	term	0000172F:8:4	provisional	n	
急用	きゅうよう	something urgent	noun	term	0000172F:8:30	provisional	n	春花's excuse for bolting
調書	ちょうしょ	the written record	noun	term	00001735:8:0	provisional	n	the police statement on 古郡なつみ
中央公園殺人事件	ちゅうおうこうえんさつじんじけん	the Central Park murder	name	event	00001735:8:0	provisional	n	the 祀耀800年四月八日 case under its official name
精神状態	せいしんじょうたい	mental state	noun	term	00001735:8:4	provisional	n	
送迎	そうげい	an escort home	noun	term	00001735:8:8	provisional	n	
飯沢いいジャン♪	いいさわいいジャン	Iisawa Ii Jan	name	brand	00001741:8:8	provisional	n	a 飯沢県 afternoon local-information programme; the ♪ is part of the title
VTR	ぶいてぃーあーる	the package	noun	term	00001741:8:13	provisional	n	broadcast jargon for a pre-recorded insert; printed in Latin script
惨殺事件	ざんさつじけん	the butchery case	noun	event	00001741:8:11	provisional	n	en-collision: 惨殺死体 is "butchered body"
死亡推定時刻	しぼうすいていじこく	estimated time of death	noun	term	00001741:8:12	provisional	n	
サラリーマン	さらりーまん	an office worker	noun	term	00001741:8:21	provisional	n	
フラミンゴ	ふらみんご	flamingo	noun	term	00001755:8:0	provisional	n	the toddler 五島's lecture topic
藍藻	らんそう	blue-green algae	noun	term	00001755:8:2	provisional	n	
カンタキサンチン	かんたきさんちん	canthaxanthin	noun	term	00001755:8:4	provisional	n	
βカロテン	べーたかろてん	beta-carotene	noun	term	00001755:8:4	provisional	n	printed as β-カロテン
ラテン語	らてんご	Latin	noun	term	00001755:8:6	provisional	n	she derives Flamingo from flamma
私服巡回員	しふくじゅんかいいん	plain-clothes patrolman	noun	title	00001755:8:28	provisional	n	女ケ沢動物園 staff; en-collision: 私服警官 is "plainclothes officer"
迷子センター	まいごせんたー	the lost-children point	noun	place	00001755:8:31	provisional	n	
誘拐犯	ゆうかいはん	a kidnapper	noun	term	00001755:8:34	provisional	n	
凌辱	りょうじょく	to violate	verb	term	00001755:8:35	provisional	n	used correctly by a child who cannot say her own name
虚辞	きょじ	falsehoods	noun	term	00001755:8:35	provisional	n	same register mismatch as 凌辱
女ケ沢動物園	めがさわどうぶつえん	Megasawa Zoo	name	place	00001755:8:44	provisional	n	reading follows Q012 | reading swept to Megasawa (Q012, 2026-09-25)
分岐点	ぶんきてん	a branch point	noun	term	0000176E:22:8	provisional	n	the navigator's structural vocabulary
もしも	もしも	a what-if	noun	concept	0000176E:22:6	provisional	n	in 『』 as 『もしも』の世界
絶望	ぜつぼう	despair	noun	concept	0000176E:22:4	provisional	n	
強制中断	きょうせいちゅうだん	a forced break-off	noun	ui	00001792:83:2	provisional	n	quitting mid-scenario
インターフェース	いんたーふぇーす	interface	noun	ui	00001792:83:4	provisional	n	the in-scenario save interface
ポスター	ぽすたー	poster	noun	object	00001792:83:8	provisional	n	the 桜祭り poster, named by the navigator as a リファレンス that will matter later
王道	おうどう	the orthodox answer	noun	concept	000017A5:96:4	provisional	n	her verdict on the 新村春花 theory
二重人格	にじゅうじんかく	a split personality	noun	concept	000017A5:96:2	provisional	n	
催眠術	さいみんじゅつ	hypnosis	noun	concept	000017A5:96:2	provisional	n	
疑わしきは罰せず	うたがわしきはばっせず	no one is punished on suspicion	noun	concept	000017A5:96:3	provisional	n	legal maxim, paired in one cell with the next entry
火のないところに煙は立たない	ひのないところにけむりはたたない	there is no smoke without fire	noun	concept	000017A5:96:3	provisional	n	
盲点	もうてん	a blind spot	noun	concept	000017A5:138:3	provisional	n	
着眼点	ちゃくがんてん	a point of view	noun	concept	000017A5:138:3	provisional	n	
仮説	かせつ	hypothesis	noun	concept	000017A5:108:0	provisional	n	
身体的特徴	しんたいてきとくちょう	a physical feature	noun	term	000017B6:82:7	provisional	n	what the navigator says her 能面 and 赤装束 hide -> Q702
信頼関係	しんらいかんけい	trust between us	noun	concept	000017B6:82:4	provisional	n	
別人	べつじん	a different person	noun	term	000017B6:82:5	provisional	n	her denial of being the masked killer
ただしイケメンに限る	ただしイケメンにかぎる	provided he's good-looking	noun	concept	000017CB:8:10	provisional	n	internet catchphrase; the girls say it does NOT apply here
不審者	ふしんしゃ	a suspicious person	noun	term	000017CB:8:4	provisional	n	the board post's word for the man with 五島 | Q1721 (2026-09-25): "person" (不審な男 = "a suspicious man" stays distinct)
シルエット	しるえっと	silhouette	noun	term	000017CB:8:11	provisional	n	
ハヤブサ宅配サービス	はやぶさたくはいさーびす	Hayabusa Delivery	name	org	000017D3:8:1	provisional	n	
サービスセンター	さーびすせんたー	the service center	noun	place	000017D3:8:1	provisional	n	 | American form (Q1641 sweep 2026-09-25)
亀田	かめだ	Kameda	name	person	000017D3:8:1	provisional	n	the Hayabusa call-centre clerk; one scene
部屋番号	へやばんごう	the flat number	noun	term	000017D3:8:6	provisional	n	603 written for 306, the same digit-reversal device as Q650
産婦人科	さんふじんか	an obstetrician	noun	term	000017FA:8:19	provisional	n	なつみ's joke about 春花's hospital visits
詮索	せんさく	prying	noun	term	000017FA:8:16	provisional	n	茜's word, repeated by 美冬 at 00001835:8:31
おめでた	おめでた	happy news	noun	term	000017FA:8:19	provisional	n	euphemism for a pregnancy
ホシ	ほし	the suspect	noun	term	00001800:8:4	provisional	n	police 隠語, never glossed on screen -> Q705
マルタイ	まるたい	the subject	noun	term	00001800:8:4	provisional	n	police 隠語 for the person under protection; never glossed -> Q705
隠密	おんみつ	covert	adjective	term	00001800:8:14	provisional	n	
田舎警察	いなかけいさつ	a country police force	noun	term	00001800:8:20	provisional	n	伊勢's self-description
応援	おうえん	backup	noun	term	00001800:8:7	provisional	n	en-collision: 応援団 is "cheering squad"
道畑	みちはた	Michihata	name	person	00001807:8:53	provisional	n	the 店長 of 五島桃子's three-day part-time job, named only when she destroys him
早退	そうたい	leaving early	noun	term	00001807:8:9	provisional	n	
休憩時間	きゅうけいじかん	the break	noun	term	00001807:8:8	provisional	n	
定休日	ていきゅうび	the shop's day off	noun	term	00001807:8:16	provisional	n	
落ちこぼれ	おちこぼれ	a dropout	noun	term	00001807:8:41	provisional	n	
不良娘	ふりょうむすめ	a delinquent	noun	term	00001807:8:35	provisional	n	en-collision: 不良少女 is "a delinquent girl"
アイスカフェオレ	あいすかふぇおれ	iced cafe au lait	noun	food	00001807:8:54	provisional	n	道畑's usual order at プリマベラ, extra milk
入店お断り	にゅうてんおことわり	barred from the premises	noun	term	00001807:8:51	provisional	n	
願い下げ	ねがいさげ	no thank you	noun	term	00001807:8:44	provisional	n	
導入部分	どうにゅうぶぶん	the opening section	noun	concept	0000180D:84:3	provisional	n	the navigator on 呪殺編
憎悪	ぞうお	hatred	noun	concept	0000180D:84:1	provisional	n	
不信	ふしん	distrust	noun	concept	0000180D:84:1	provisional	n	
地理	ちり	geography	noun	term	00001818:8:4	provisional	n	春花's subject
ストリートビュー	すとりーとびゅー	Street View	noun	brand	00001818:8:13	provisional	n	her study method
文系	ぶんけい	the humanities	noun	term	00001818:8:17	provisional	n	
理系	りけい	the sciences	noun	term	00001818:8:17	provisional	n	
一芸に秀でる	いちげいにひいでる	to be outstanding at one thing	verb	concept	00001818:8:18	provisional	n	
平均点	へいきんてん	the class average	noun	term	00001818:8:17	provisional	n	
講習料	こうしゅうりょう	tuition fees	noun	term	00001818:8:28	provisional	n	the joke about feeding 五島 as payment
クレイジーカウボーイ	くれいじーかうぼーい	Crazy Cowboy	name	person	0000181F:8:22	provisional	n	the 動画配信者's handle, named for the first time
クレイジーロケット	くれいじーろけっと	the Crazy Rocket	name	object	0000181F:8:22	provisional	n	
フィート	ふぃーと	feet	noun	term	0000181F:8:15	provisional	n	he measures in feet and kilograms in the same file
プロテクター	ぷろてくたー	the protector	noun	object	0000181F:8:25	provisional	n	his 侍-styled body armour
サムライ	さむらい	samurai	noun	term	0000181F:8:25	provisional	n	printed in katakana; his styling for a Japanese product
救命部隊	きゅうめいぶたい	a rescue team	noun	term	0000181F:8:27	provisional	n	
州警察	しゅうけいさつ	the state police	noun	org	0000181F:8:27	provisional	n	
木っ端微塵	こっぱみじん	blown to pieces	noun	term	0000181F:8:51	provisional	n	
白いミニバン	しろいミニバン	the white minivan	noun	object	0000182A:8:1	provisional	n	the stolen vehicle; the actual crime scene
犯行現場	はんこうげんば	the scene of the crime	noun	term	0000182A:8:12	provisional	n	
楽観視	らっかんし	taking an optimistic view	noun	term	0000182A:8:14	provisional	n	
道端	みちばた	the roadside	noun	place	0000182A:8:2	provisional	n	
釣り	つり	using someone as bait	noun	term	00001830:8:21	provisional	n	茜's accusation; en-collision: 釣り乙 is the board interjection
突入	とつにゅう	going in	noun	term	00001830:8:19	provisional	n	
身の安全	みのあんぜん	personal safety	noun	term	00001830:8:10	provisional	n	
すっぴん	すっぴん	bare-faced	noun	term	00001835:8:10	provisional	n	美冬 talks through a gap in the door because of it
おすそ分け	おすそわけ	a share	noun	term	00001835:8:12	provisional	n	茜's 煮物 sent next door
デリケート	でりけーと	delicate	adjective	term	00001835:8:40	provisional	n	美冬's word for 春花's problem, and her refusal to name it
アナボリックステロイド	あなぼりっくすてろいど	anabolic steroids	noun	term	00001844:8:15	provisional	n	
シブトラミン	しぶとらみん	sibutramine	noun	term	00001844:8:15	provisional	n	
五島メニュー	ごとうめにゅー	the Goto program	name	term	00001844:8:26	provisional	n	her own name for the training plan she builds | American form (Q1641 sweep 2026-09-25)
モチベーション	もちべーしょん	motivation	noun	term	00001844:8:3	provisional	n	
トレーニングメニュー	とれーにんぐめにゅー	training program	noun	term	00001844:8:2	provisional	n	 | American form (Q1641 sweep 2026-09-25)
達成感	たっせいかん	a sense of achievement	noun	concept	00001844:8:4	provisional	n	
ベンチ入り	べんちいり	a place on the bench	noun	term	00001849:8:33	provisional	n	
リベロ	りべろ	the libero	noun	term	00001849:8:19	provisional	n	volleyball position
蹴落とす	けおとす	to knock someone out of a place	verb	term	00001849:8:40	provisional	n	
人数枠	にんずうわく	the number of places	noun	term	00001849:8:31	provisional	n	
百も承知	ひゃくもしょうち	I know that perfectly well	noun	concept	00001849:8:6	provisional	n	the coach's answer to 五島's plea
定時連絡	ていじれんらく	the scheduled check-in	noun	term	00001854:8:1	provisional	n	
音信不通	おんしんふつう	out of contact	noun	term	00001854:8:3	provisional	n	
前触れ	まえぶれ	warning	noun	term	00001854:8:3	provisional	n	en-collision: 予知 is "premonition"
雄々しい	おおしい	valiant	adjective	concept	0000185D:22:3	provisional	n	the navigator on the three girls
業	ごう	karma	noun	concept	0000185D:22:8	provisional	n	in her fixed handover formula 「より深き彼らの業をご覧ください」 -> Q716
生還	せいかん	coming through alive	noun	term	0000185D:22:5	provisional	n	
物・概念	もの・がいねん	Things and Concepts	noun	ui	00001878:1235:0	provisional	n	事典 category name; the 「・」 is part of it
閲覧	えつらん	to view	verb	ui	00001878:1235:1	provisional	n	
不安定	ふあんてい	unstable	adjective	term	00001878:2495:0	provisional	n	「この世界は非常に不安定です」 — the game warning that corrupted entries are intentional
オールキャンセル	おーるきゃんせる	cancel all	noun	ui	00001878:1235:18	provisional	n	
話題	わだい	a topic	noun	ui	0000189A:139:1	provisional	n	
解禁元話題	かいきんもとわだい	unlocking topic	noun	ui	0000189A:1125:0	provisional	n	one of seven topic types in the 1125:0 legend
解禁先話題	かいきんさきわだい	unlocked topic	noun	ui	0000189A:1125:0	provisional	n	
旬の話題	しゅんのわだい	a topic in season	noun	ui	0000189A:1125:0	provisional	n	lost permanently once the story passes a point
ふつつか	ふつつか	unworthy	adjective	term	0000189A:133:0	provisional	n	her self-deprecation formula 「ふつつかではございますが」
元木桜祭り	もときさくらまつり	the Motoki Cherry Festival	name	event	0000191C:11:16	provisional	n	70th in 祀耀800; runs about a month; reading follows Q011
春の大食い大会	はるのおおぐいたいかい	the Spring Eating Contest	name	event	0000191C:11:16	provisional	n	the festival's headline event, 3rd running; the file itself prints two different titles -> Q723
大食祭800	おおぐいさい800	Great Eating Festival 800	name	event	0000191C:11:40	provisional	n	『大食祭800～冬の陣～』, the national contest 南崎しのり won two months earlier; four years before 大食祭804
イカ焼き	いかやき	grilled squid	noun	food	0000191C:11:109	provisional	n	the stall food that makes 五島 forfeit
マヨ醤油	まよじょうゆ	mayo and soy	noun	food	0000191C:11:109	provisional	n	printed as four staggered cells at 11:116-11:119 and again at 11:132-11:135 -> Q721
ソース焼きそば	そーすやきそば	sauce yakisoba	noun	food	0000191C:11:59	provisional	n	the contest dish, 200g a plate
紅ショウガ	べにしょうが	pickled red ginger	noun	food	0000191C:11:62	provisional	n	
青のり	あおのり	green seaweed flakes	noun	food	0000191C:11:62	provisional	n	
スーパーはなまる	すーぱーはなまる	Supermarket Hanamaru	name	org	0000191C:11:60	provisional	n	「元木町の台所」, supplier of the contest food
棄権	きけん	to withdraw	verb	term	0000191C:11:136	provisional	n	五島 forfeits with 30 seconds left
司会者	しかいしゃ	the compere	noun	title	0000191C:11:22	provisional	n	
ハウリング	はうりんぐ	feedback	noun	term	0000191C:11:70	provisional	n	
本醸造	ほんじょうぞう	properly brewed	adjective	food	0000191C:11:152	provisional	n	soy sauce grade, inside her eating rhapsody
表彰式	ひょうしょうしき	the prize-giving	noun	term	0000191C:11:165	provisional	n	
バレリーナ	ばれりーな	a ballerina	noun	term	0000191C:11:139	provisional	n	her own simile for jumping off the stage
挑戦者	ちょうせんしゃ	the challenger	noun	title	0000191C:11:30	provisional	n	the contest's billing for 南崎しのり
炭水化物	たんすいかぶつ	carbohydrate	noun	term	0000191C:11:112	provisional	n	「この炭水化物地獄」
余計なこと	よけいなこと	things you do not need to know	noun	concept	0000198D:111:5	provisional	n	the navigator's phrase for the 真相
詫言編	わびごとへん	the Apology Arc	name	title	000019C5:22:0	provisional	n	the third 編; joins 呪殺編 and 明徴編 -> Q008
人格	じんかく	personality	noun	concept	000019C5:62:1	provisional	n	「新村美冬の人格を完全に破壊してしまう、あの出来事」
起因	きいん	to originate in	verb	term	000019C5:22:1	provisional	n	
ケビン＝ホワイト	けびん＝ほわいと	Kevin White	name	person	000019E9:26:11	provisional	n	宗教学者; the ＝ is a full-width double hyphen in the source
宗教学者	しゅうきょうがくしゃ	scholar of religion	noun	title	000019E9:26:11	provisional	n	
滅びの預言	ほろびのよげん	the prophecy of destruction	noun	concept	000019E9:26:8	provisional	n	the gloss on アポカリプティックサウンド
地下空洞	ちかくうどう	underground cavities	noun	term	000019E9:26:5	provisional	n	
流星	りゅうせい	meteors	noun	term	000019E9:26:5	provisional	n	
気流	きりゅう	air currents	noun	term	000019E9:26:5	provisional	n	
集団的心理	しゅうだんてきしんり	crowd psychology	noun	concept	000019E9:26:22	provisional	n	
知覚現象	ちかくげんしょう	a perceptual phenomenon	noun	concept	000019E9:26:33	provisional	n	
情報化社会	じょうほうかしゃかい	the information society	noun	concept	000019E9:26:29	provisional	n	
この道、我、達人！	このみち、われ、たつじん	This Path, I Am Master!	name	brand	00001A4E:8:51	provisional	n	the 7:00 segment that follows the outside broadcast
折り紙手裏剣投げ	おりがみしゅりけんなげ	origami shuriken throwing	noun	term	00001A4E:8:52	provisional	n	the segment's subject, a year-6 primary pupil
オーソドックススタイル	おーそどっくすすたいる	the orthodox style	noun	term	00001A4E:8:39	provisional	n	the studio host on the yakisoba
一騎打ち	いっきうち	a head-to-head	noun	term	00001A4E:8:47	provisional	n	
第3の勢力	だいさんのせいりょく	a third force	noun	term	00001A4E:8:47	provisional	n	
吐き気止め	はきけどめ	an antiemetic	noun	term	00001A52:8:4	provisional	n	
抗生物質	こうせいぶっしつ	antibiotics	noun	term	00001A52:8:4	provisional	n	
始業式	しぎょうしき	the opening ceremony	noun	event	00001A52:8:6	provisional	n	the term-opening assembly, distinct from 入学式
個人差	こじんさ	it varies from person to person	noun	concept	00001A52:8:33	provisional	n	the doctor on 「あっちの方」 -> Q729
専門外	せんもんがい	outside my speciality	noun	term	00001A52:8:33	provisional	n	
玲ちん	れいちん	Rei-chin	name	address	00001A5C:8:18	provisional	n	pupils' nickname for 谷崎, built on a given name beginning 玲; she is female -> Q731
美山	みやま	Miyama	name	person	00001A5C:8:38	provisional	n	the third-year football goalkeeper who confessed to 谷崎; never appears
教頭	きょうとう	the deputy head	noun	title	00001A5C:8:30	provisional	n	
教育委員会	きょういくいいんかい	the Board of Education	name	org	00001A5C:8:59	provisional	n	
教師いじめ	きょうしいじめ	bullying a teacher	noun	concept	00001A5C:8:60	provisional	n	春花's framing of the staffroom campaign
雑学	ざつがく	trivia	noun	term	00001A5C:8:65	provisional	n	her cover for knowing anti-bullying procedure -> Q730
古典	こてん	classical Japanese	noun	term	00001A5C:8:11	provisional	n	the school subject
ファンクラブ	ふぁんくらぶ	a fan club	noun	term	00001A5C:8:39	provisional	n	
サッカー部	さっかーぶ	the football club	noun	org	00001A5C:8:38	provisional	n	
キーパー	きーぱー	goalkeeper	noun	term	00001A5C:8:38	provisional	n	
板書	ばんしょ	what she writes on the board	noun	term	00001A5C:8:21	provisional	n	谷崎 misspells it once every five minutes
正義の使徒	せいぎのしと	an apostle of justice	noun	concept	00001A5C:8:67	provisional	n	a classmate's mock-title for 春花
ビーナス鈴鹿	びーなすすずか	Venus Suzuka	name	person	00001A65:8:6	provisional	n	the departed third-year the board is replacing; never appears
留年	りゅうねん	being held back a year	noun	term	00001A65:8:1	provisional	n	
進級	しんきゅう	moving up a year	noun	term	00001A65:8:0	provisional	n	
エイプリルフール	えいぷりるふーる	April Fool	noun	term	00001A65:8:2	provisional	n	
外付けHDD	そとづけえいちでぃーでぃー	an external hard drive	noun	object	00001A65:8:25	provisional	n	
なでなで	なでなで	a pat on the head	interjection	term	00001A65:8:7	provisional	n	
メンヘラ	めんへら	a headcase	noun	term	00001A65:8:11	provisional	n	board slang aimed at 古郡なつみ; one poster objects that it goes too far
貧乳	ひんにゅう	flat-chested	noun	term	00001A65:8:40	provisional	n	
ドM	どえむ	a total masochist	noun	term	00001A65:8:47	provisional	n	
ドS	どえす	a total sadist	noun	term	00001A65:8:48	provisional	n	
紳士の社交場	しんしのしゃこうじょう	a gentlemen's club	noun	concept	00001A65:8:24	provisional	n	the board's own name for itself when telling women to leave
リスティング	りすてぃんぐ	a listing	noun	term	00001A65:8:41	provisional	n	
二重あごフェチ	にじゅうあごふぇち	a double-chin man	noun	term	00001A65:8:39	provisional	n	
写真フォルダ	しゃしんふぉるだ	a photo folder	noun	term	00001A65:8:25	provisional	n	the stalker post; the board reads it as 盗撮
デトロイト	でとろいと	Detroit	name	place	00001A6B:22:31	provisional	n	
ミシガン州	みしがんしゅう	Michigan	name	place	00001A6B:22:104	provisional	n	
超BDDPボンバー	ちょうびーでぃーでぃーぴーぼんばー	the Super BDDP Bomber	name	object	00001A6B:22:34	provisional	n	100 bottles of BDDP sauce worn as a suit
犯罪者殲滅スーツ	はんざいしゃせんめつすーつ	the criminal-annihilation suit	noun	object	00001A6B:22:34	provisional	n	
ガスマスク	がすますく	a gas mask	noun	object	00001A6B:22:37	provisional	n	
マフィア	まふぃあ	the mafia	noun	term	00001A6B:22:104	provisional	n	
潜入捜査官	せんにゅうそうさかん	an undercover officer	noun	title	00001A6B:22:65	provisional	n	
リモコンスイッチ	りもこんすいっち	the remote switch	noun	object	00001A6B:22:36	provisional	n	dropped, picked up, and it makes the arrest
チンピラ	ちんぴら	street thugs	noun	term	00001A6B:22:33	provisional	n	
指名手配	しめいてはい	wanted	adjective	term	00001A6B:22:104	provisional	n	
有志	ゆうし	a private citizen	noun	term	00001A6B:22:105	provisional	n	the news report's word for him
一網打尽	いちもうだじん	catch the lot in one net	noun	concept	00001A6B:22:45	provisional	n	
再生数	さいせいすう	the view count	noun	term	00001A6B:22:0	provisional	n	
ボトルマン	ぼとるまん	Bottle Man	noun	term	00001A6B:22:51	provisional	n	what the gang call him
英雄	えいゆう	a hero	noun	term	00001A6B:22:106	provisional	n	the police comment; en-collision: ヒーロー stays "hero" where 五島 uses it
ガトーパイ	がとーぱい	gateau pie	noun	food	00001A74:8:20	provisional	n	
サイダー	さいだー	cider	noun	food	00001A74:8:18	provisional	n	the fizzy drink, not alcoholic
勘繰る	かんぐる	to read too much into it	verb	term	00001A74:8:3	provisional	n	
応接間	おうせつま	the reception room	noun	place	00001A7F:8:17	provisional	n	
協調性	きょうちょうせい	she works well with others	noun	concept	00001A7F:8:21	provisional	n	谷崎's report on 春花
心配性	しんぱいしょう	a worrier	noun	term	00001A7F:8:43	provisional	n	春花's cover for her mother
敏感	びんかん	sensitive about it	adjective	term	00001A7F:8:32	provisional	n	
転校	てんこう	changing schools	noun	term	00001A7F:8:8	provisional	n	the move from 女ケ沢市 three years earlier
昼も夜も	ひるもよるも	day and night	adverb	term	00001A7F:8:65	provisional	n	春花 on her mother's working hours
経済的援助	けいざいてきえんじょ	financial help	noun	term	00001A85:8:24	provisional	n	forbidden by the 掟
移住	いじゅう	moving in	noun	term	00001A85:8:24	provisional	n	moving to 荒田集落, also forbidden
隔絶	かくぜつ	cut off	adjective	term	00001A85:8:20	provisional	n	
マイケル・ノーマン	まいける・のーまん	Michael Norman	name	person	00001A8C:8:16	provisional	n	アフリカ文化人類学者
ンザンビ	んざんび	Nzambi	name	term	00001A8C:8:9	provisional	n	the Congo deity the word zombie derives from
コンゴ	こんご	the Congo	name	place	00001A8C:8:9	provisional	n	
呪術者	じゅじゅつしゃ	a sorcerer	noun	title	00001A8C:8:13	provisional	n	the Japanese word the file pairs with ネクロマンサー
司祭職	しさいしょく	the priesthood	noun	term	00001A8C:8:11	provisional	n	
アンデッド・リベンジ2	あんでっど・りべんじつー	Undead Revenge 2	name	brand	00001A8C:8:4	provisional	n	a Hollywood film due next year
サイエンス・アポカリプス	さいえんす・あぽかりぷす	science apocalypse	noun	term	00001A8C:8:7	provisional	n	a genre label for virus/experiment zombie films
死体を操る	したいをあやつる	controlling the dead	noun	concept	00001A8C:8:11	provisional	n	in 『』; the file's central idea and the project's mechanism
未知の力	みちのちから	an unknown power	noun	concept	00001A8C:8:34	provisional	n	what the scholar says is the lazy conclusion
喪主	もしゅ	the chief mourner	noun	title	00001A97:8:2	provisional	n	美冬 at fifteen, for her father
前世	ぜんせ	a past life	noun	concept	00001A97:8:29	provisional	n	「私、悪人だったのかな……」
死別	しべつ	losing them to death	noun	term	00001A97:8:39	provisional	n	
悪人	あくにん	a wicked person	noun	term	00001A97:8:31	provisional	n	
けなげ	けなげ	brave about it	adjective	term	00001A97:8:9	provisional	n	the mourners on 美冬
たで食う虫も好き好き	たでくうむしもすきずき	there is no accounting for taste	noun	concept	00001AA5:8:10	provisional	n	the master says it, 桃子 glosses it back to him in the next cell
好奇の目	こうきのめ	stares	noun	term	00001AA5:8:16	provisional	n	
おもてなし	おもてなし	hospitality	noun	concept	00001AA5:8:12	provisional	n	
プリマベラの心	ぷりまべらのこころ	the Primavera spirit	noun	concept	00001AA5:8:12	provisional	n	the shop's creed, stated twice with different content
窮屈	きゅうくつ	uncomfortable	adjective	term	00001AA5:8:18	provisional	n	
ご祝儀袋	ごしゅうぎぶくろ	a congratulation envelope	noun	object	00001AAE:8:9	provisional	n	桃子 buys one for customers and is told to put it away
得やすいものは去りやすい	えやすいものはさりやすい	what comes easily goes easily	noun	concept	00001AAE:8:27	provisional	n	she pairs it in one cell with the English below
Easy come, easy go.	いーじーかむ、いーじーごー	Easy come, easy go.	noun	concept	00001AAE:8:28	provisional	n	printed in Latin script with its full stop inside the JP cell -> Q745
持論	じろん	a private theory	noun	term	00001AAE:8:26	provisional	n	the master's, about sudden happiness
不謹慎	ふきんしん	in poor taste	adjective	term	00001AAE:8:30	provisional	n	
サービス精神	さーびすせいしん	a spirit of service	noun	concept	00001AAE:8:15	provisional	n	
ぴゅーって	ぴゅーって	whoosh	interjection	sfx	00001AB5:8:7	provisional	n	the toddler 五島's word for a person falling -> Q746
引っ越し	ひっこし	moving house	noun	term	00001AC1:8:9	provisional	n	
プロレス	ぷろれす	wrestling	noun	term	00001AC1:8:8	provisional	n	良治's word for the two girls play-fighting
暗黙の了解	あんもくのりょうかい	an unspoken rule	noun	concept	00001AC1:8:74	provisional	n	the family always obeys なつみ's April warnings
本調子	ほんちょうし	her old form	noun	term	00001AC1:8:5	provisional	n	美冬 recovering, and overshooting
害悪	がいあく	a danger to us	noun	term	00001AC1:8:83	provisional	n	良治 on whoever sent the weapons
参列	さんれつ	attending	noun	term	00001AC1:8:69	provisional	n	the 十三回忌; only two outsiders were permitted
地上の楽園	ちじょうのらくえん	an earthly paradise	noun	concept	00001AD8:94:0	provisional	n	one of three player readings of 荒田集落 the navigator endorses in turn
近代化	きんだいか	modernisation	noun	concept	00001AD8:72:1	provisional	n	
孤立	こりつ	isolation	noun	concept	00001AD8:94:4	provisional	n	
手遅れ	ておくれ	too late	noun	term	00001AE8:8:48	provisional	n	美冬's last three cells, said to nobody
水面下	すいめんか	below the surface	noun	term	00001AE8:8:37	provisional	n	新村エリカ admitting she cannot see what her settlement does
方針	ほうしん	a policy	noun	term	00001AE8:8:37	provisional	n	
味方	みかた	on your side	noun	term	00001AE8:8:11	provisional	n	
死月編	しげつへん	the Dead Moon Arc	name	title	00001AF3:74:4	provisional	n	the fourth 編; the title shares its first two characters with 死月妖花 -> Q008
和解	わかい	reconciliation	noun	term	00001AF3:22:7	provisional	n	between the 新村 and 古郡 families
幕開け	まくあけ	the curtain going up	noun	term	00001AF3:22:9	provisional	n	
回収	かいしゅう	collecting	noun	ui	00001AF3:22:2	provisional	n	the navigator on an uncollected route item
元凶	げんきょう	the root cause	noun	concept	00001B3B:67:2	provisional	n	her hint: it predates 女ケ沢市事件
序盤	じょばん	the early stage	noun	term	00001B3B:61:0	provisional	n	
不手際	ふてぎわ	a slip on my part	noun	term	00001B47:60:2	provisional	n	the navigator apologising for scenes she says she did not intend -> Q754
欠片	かけら	a fragment	noun	term	00001B47:116:2	provisional	n	her word for the intrusions she tells the player to forget
うお	うお	whoa	interjection	interjection	0000181F:8:46	provisional	n	
へっ	へっ	hah	interjection	interjection	0000181F:8:7	provisional	n	クレイジーカウボーイ's scoffing opener
あばよ	あばよ	so long	interjection	interjection	00001A6B:22:113	provisional	n	his sign-off, paired with クソ野郎ども
わーい	わーい	yay	interjection	interjection	00001AB5:8:12	provisional	n	
うあああん	うあああん	waaah	interjection	interjection	00001755:8:14	provisional	n	the lost toddler
ぐお	ぐお	oof	interjection	interjection	00001807:8:45	provisional	n	道畑 taking a low blow
いだい	いだい	that hurts	interjection	interjection	00001807:8:48	provisional	n	a childish slurring of 痛い
ぐふっ	ぐふっ	hurk	interjection	interjection	00001807:8:64	provisional	n	en-collision: ぐは (00000EF6, an impact grunt); this one is a winded wheeze
死生観	しせいかん	view of life and death	noun	concept	00001B70:11:170	provisional	n	夏菜's; the narration uses it twice about her
道徳の授業	どうとくのじゅぎょう	moral education class	noun	term	00001B70:11:149	provisional	n	a Japanese school subject; keep it as a named subject
人権侵害	じんけんしんがい	violation of human rights	noun	term	00001B70:11:153	provisional	n	五島 discards it as an answer
動物愛護法	どうぶつあいごほう	the Animal Welfare Act	noun	term	00001B70:11:155	provisional	n	五島's counter to her own argument
矯正	きょうせい	correction	noun	concept	00001B70:11:206	provisional	n	in 『』 in the source; 五島 applies it to 夏菜's 死生観
シニガミウオ	しにがみうお	shinigami fish	name	food	00001B76:11:37	provisional	n	an 荒田 fish about 80cm, cutlassfish-like; built on 死神 like 摩訶鉢特摩アユ
太刀魚	たちうお	cutlassfish	noun	food	00001B76:11:36	provisional	n	used as the comparison for シニガミウオ
天才ハンター少女	てんさいハンターしょうじょ	genius hunter girl	noun	title	00001B76:11:22	provisional	n	新村エリカ's tag for 夏菜; a variant of the 天才少女 family
大食い大会	おおぐいたいかい	eating contest	noun	event	00001B81:8:24	provisional	n	the generic; 元木町春の大食い大会 is the named one
どんぶり飯	どんぶりめし	bowl of rice	noun	food	00001B81:8:31	provisional	n	counted in 杯 for 五島's portions
フランクフルト	ふらんくふると	frankfurter	noun	food	00001B8E:8:4	provisional	n	festival-stall food
風物詩	ふうぶつし	seasonal sight	noun	concept	00001B8E:8:23	provisional	n	五島 on mixing cherry blossom and fireworks
保育園	ほいくえん	nursery school	noun	term	00001B98:8:15	provisional	n	distinct from 幼稚園; 春花 and her 元木町 classmates
手先	てさき	agent	noun	term	00001BA8:8:12	provisional	n	「裏切り者は魔女の手先」
録画データ	ろくがデータ	recorded footage	noun	term	00001BAE:8:8	provisional	n	station camera data requested from 飯沢県警
ギシンアンキ	ぎしんあんき	GEE-SHIN-AN-KEE	noun	term	00001BB4:8:36	provisional	n	疑心暗鬼 echoed back in katakana by a child who does not know the word; recurs 00001BCE:8:53
成敗	せいばい	dealing with them	noun	term	00001BB4:8:10	provisional	n	夏菜's word for what she will do to the culprit; archaic-heroic register; en-collision: 処罰 00001459 is the 掟 formal punishment
ナイフ捌き	ナイフさばき	knifework	noun	term	00001BB4:8:26	provisional	n	夏菜's and 茅萱's
摩訶鉢特摩アユ	まかはどまアユ	makahadoma ayu	name	food	00001BC4:8:6	provisional	n	an 荒田 sweetfish named for the worst of the 八寒地獄; deliberately unattractive naming
八寒地獄	はっかんじごく	the eight cold hells	noun	term	00001BC4:8:11	provisional	n	Buddhist; the source of 摩訶鉢特摩
人間国宝	にんげんこくほう	Living National Treasure	noun	title	00001BC4:8:3	provisional	n	used loosely of 城崎 as a toolmaker
叔母さん	おばさん	Auntie	noun	address	00001BCE:8:6	provisional	n	kanji spelling used by 新村夏菜 and 新村茅萱 for 新村美冬; see Q377
雑炊	ぞうすい	rice porridge	noun	food	00001BF7:8:13	provisional	n	the closing dish after a drinking session
携帯ストラップ	けいたいストラップ	phone strap	noun	object	00001BDA:8:2	provisional	n	yellow; 五島 cannot account for it
掘り出し物	ほりだしもの	find	noun	term	00001BDA:8:19	provisional	n	五島 on her own cupboard
年長	ねんちょう	top year	noun	term	00001BDA:8:8	provisional	n	the oldest nursery-school year
伝言	でんごん	message	noun	term	00001BE8:8:15	provisional	n	新村エリカ's two messages relayed by 美冬
入れ替わり	いれかわり	the swap	noun	term	00001BE8:8:32	provisional	n	a plan between 茅萱 and 美冬, named once and cancelled; never explained
パーカー	ぱーかー	hoodie	noun	object	00001BEE:8:3	provisional	n	春花's fixed outfit with ショートパンツ
ショートパンツ	しょーとぱんつ	shorts	noun	object	00001BEE:8:3	provisional	n	春花's fixed outfit
ワンピース	わんぴーす	dress	noun	object	00001BEE:8:10	provisional	n	what 春花 used to wear
色気	いろけ	allure	noun	concept	00001BEE:8:17	provisional	n	なつみ on 春花's clothes
クリスマスタワーパフェ	くりすますたわーぱふぇ	Christmas Tower Parfait	name	food	00001BEE:8:26	provisional	n	a ザッハ seasonal item; 五島's requested present
改造計画	かいぞうけいかく	makeover plan	noun	term	00001BEE:8:21	provisional	n	春花's own word for what the other two are doing to her
反故	ほご	going back on it	noun	term	00001C02:8:25	provisional	n	良治 on breaking なつみ's instruction
危険因子	きけんいんし	risk factor	noun	term	00001C02:8:32	provisional	n	良治 about himself and 茜
乗換駅	のりかええき	transfer station	noun	place	00001C02:8:12	provisional	n	豊岳駅 is the last one before 荒田
最高級品	さいこうきゅうひん	top-grade goods	noun	term	00001C12:8:12	provisional	n	城崎's 鉈 and メイス, sold outside the settlement
財政	ざいせい	finances	noun	term	00001C12:8:13	provisional	n	城崎 claims to support 荒田's
魔女裁判	まじょさいばん	witch trial	noun	term	00001C1D:8:9	provisional	n	城崎's word for what the settlement does; distinct from 魔女狩り
思うつぼ	おもうつぼ	playing into their hands	noun	term	00001C1D:8:13	provisional	n	幸太郎 to 城崎
試練	しれん	ordeal	noun	term	00001C23:8:7	provisional	n	美冬 on the year inside 荒田集落 required of an incoming bride
特効薬	とっこうやく	specific cure	noun	term	00001C29:8:24	provisional	n	幸太郎's word for ファルシフィカソ
失神	しっしん	fainting	noun	term	00001C29:8:7	provisional	n	paired with 発狂 for 茅萱's condition
廃人	はいじん	a wreck	noun	term	00001C29:8:8	provisional	n	what 幸太郎 fears 茅萱 will become
抱っこ	だっこ	being carried	noun	term	00001C34:8:4	provisional	n	the infant narrator's word
偽名	ぎめい	false name	noun	term	00001CA0:144:5	provisional	n	立木三日 is admitted to be one
素顔	すがお	bare face	noun	term	00001CA0:58:4	provisional	n	what the navigator has been hiding
刺殺	しさつ	stabbed to death	noun	term	00001CA0:144:7	provisional	n	新村春花 on 古郡なつみ
進行率	しんこうりつ	completion rate	noun	ui	00001CA0:1059:0	provisional	n	全体進行率; a numeric variable injected between cells
真・呪殺編	しん・じゅさつへん	True Jusatsu Arc	name	title	00001D5F:21:1	provisional	n	the reopened 呪殺編; 編 names follow Q008
真・明徴編	しん・めいちょうへん	True Meicho Arc	name	title	00001E47:33:1	provisional	n	同上
感染	かんせん	Infection	name	title	00001CA0:258:6	provisional	n	a 呪殺編 ending title quoted by the navigator
会いに来たよ。	あいにきたよ	I Came to See You.	name	title	00001CA0:258:7	provisional	n	a 死月編 ending title quoted by the navigator, terminal stop included
導いた元凶	みちびいたげんきょう	The One Who Led Her	name	title	00001D5F:91:1	provisional	n	a リファレンス item title
ステラ優子	ステラゆうこ	Yuko Stella	name	person	00001D0E:8:19	provisional	n	a masked 占い師 and 人相学の権威; given name order is unusual, katakana first
人相学	にんそうがく	physiognomy	noun	term	00001D0E:8:24	provisional	n	ステラ優子's stated field
達人	たつじん	master	noun	term	00001D0E:8:1	provisional	n	the TV segment's word for its subject
生中継	なまちゅうけい	live outside broadcast	noun	term	00001D0E:8:3	provisional	n	cf. 中継 already present for a different sense
葛飾区	かつしかく	Katsushika Ward	name	place	00001D0E:8:5	provisional	n	a real Tokyo ward; the fortune-teller's building
おひめの歌	おひめのうた	The Ohime Song	name	title	00001D17:8:19	provisional	n	an 荒田 children's song in four numbered verses; retells the founding and the cliff
童謡	どうよう	children's song	noun	term	00001D17:8:19	provisional	n	the category 新村サクラ puts おひめの歌 in
お姫	おひめ	the Ohime	name	title	00001D17:12:0	provisional	n	the song's name for 糸姫; en-collision: 姫様 (00001D6F) is the same figure in a different register
輩	やから	the rabble	noun	term	00001D17:12:8	provisional	n	the song's word for the bandits of 00001505
三原	みはら	Mihara	name	person	00001D1E:8:6	provisional	n	a プリマベラ waitress trained by 五島桃子; surname only
さやか	さやか	Sayaka	name	person	00001D1E:8:6	provisional	n	a プリマベラ waitress; given name only, hiragana
ウェイトレス	うぇいとれす	waitress	noun	term	00001D1E:8:6	provisional	n	the プリマベラ job title
姫様	ひめさま	Hime-sama	name	title	00001D6F:8:112	provisional	n	the figure who grants an audience with ヴェルジ; = 糸姫
謁見	えっけん	audience	noun	term	00001D6F:8:112	provisional	n	granted to 新村美冬 before the ヴェルジ mummy
ドローン	どろーん	drone	noun	object	00001E41:11:0	provisional	n	the 祀耀900 broadcast platform
生放送	なまほうそう	live broadcast	noun	term	00001E41:11:0	provisional	n	cf. 生中継 is the segment, this is the mode
旧元木市	きゅうもときし	Old Motoki City	name	place	00001E41:11:4	provisional	n	the sealed zone as of 祀耀900; 元木町 had become a 市 by 祀耀815
調査隊	ちょうさたい	survey team	noun	term	00001E41:11:9	provisional	n	several, all vanished
航空写真	こうくうしゃしん	aerial photograph	noun	term	00001E41:11:10	provisional	n	defeated by fog
電波ノイズ	でんぱノイズ	radio noise	noun	term	00001E41:11:11	provisional	n	defeats X-ray and electromagnetic imaging
未踏峰	みとうほう	unclimbed peak	noun	term	00001E41:11:12	provisional	n	in the list of less-unknown places
言祝ぐ	ことほぐ	to bless	verb	term	00001E41:11:24	provisional	n	archaic; 糸姫 on the 神使
塔	とう	the tower	noun	object	00001E41:11:28	provisional	n	糸姫's word for the thing she is inside; never described
エデンの実	エデンのみ	the fruit of Eden	noun	term	00001EC0:32:2	provisional	n	a trailer voice's figure for the 荒田桜
スケープゴート	すけーぷごーと	scapegoat	noun	term	00001EFF:8:69	provisional	n	新村茅萱 about herself
白昼夢	はくちゅうむ	daydream	noun	term	00001EFF:8:43	provisional	n	she names it and then retracts the naming
幻視	げんし	visual hallucination	noun	term	00001EFF:8:56	provisional	n	paired with 幻聴 for what 死月妖花 does
あばら家	あばらや	shack	noun	term	00001FE9:8:1	provisional	n	a police officer on the 新村 flat
目撃者	もくげきしゃ	witness	noun	term	00001FEF:8:12	provisional	n	五島 presents herself as one
定期健診	ていきけんしん	routine check-up	noun	term	00002001:8:7	provisional	n	新村美冬's, where the second loss is confirmed
パチンコ	ぱちんこ	pachinko	noun	term	00002007:8:6	provisional	n	古郡茜's concealed habit
競馬	けいば	horse racing	noun	term	00002007:8:19	provisional	n	named alongside パチンコ as what 良治 dislikes
ギャンブル	ぎゃんぶる	gambling	noun	term	00002007:8:19	provisional	n	the category word
ルーシードール3	るーしーどーるスリー	Lucy Doll 3	name	brand	00002007:8:38	provisional	n	a pachinko machine of the odd-eyed doll of 00000E7B; the numeral is part of the name
新婚	しんこん	newly-wed	noun	term	00002007:8:52	provisional	n	茜 on her own position
絵本	えほん	picture book	noun	object	0000200D:8:2	provisional	n	offered to the child なつみ and refused
桜っこ	さくらっこ	them cherries	noun	term	0000200D:8:8	provisional	n	dialect diminutive used by なつみ's grandfather
じっちゃん	じっちゃん	Grandpa	noun	address	0000200D:8:5	provisional	n	dialect; the child なつみ's form for her grandfather
動画テスト	どうがテスト	video test	noun	term	00002013:8:5	provisional	n	五島 filming herself on a new phone
ネット通販	ネットつうはん	online resale	noun	term	00002013:8:20	provisional	n	where a used 元木高校 uniform is bought
ドッキリ	どっきり	prank	noun	term	00002019:8:16	provisional	n	新村夏菜's 歓迎計画
引継ぎ	ひきつぎ	handover	noun	term	00002026:8:52	provisional	n	of the 大魔女 office; no rite required
公知	こうち	public announcement	noun	term	00002026:8:52	provisional	n	the succession is announced to the settlement the next day
封印	ふういん	sealing	noun	term	00002026:8:44	provisional	n	the 大魔女's stated duty toward アバドン and the four 神使
アバドン	あばどん	Abaddon	name	person	00002026:8:41	provisional	n	the earliest attestation of the transmission; glossed as Hebrew at 000013FD
愛の戦士、インフィニティラブ！	あいのせんし、インフィニティラブ	Warrior of Love, Infinity Love!	name	title	00002026:8:78	provisional	n	a magical-girl anime catchphrase quoted by 新村エリカ
ネタバレ	ねたばれ	spoiler	noun	term	00002026:8:81	provisional	n	the 先代大魔女 tells her off for it
心得ます	こころえます	I will remember it	interjection	term	00002026:8:16	provisional	n	新村エリカ's formal acknowledgement to the 先代大魔女
退治	たいじ	putting it down	noun	term	0000202C:8:47	provisional	n	幸太郎's word to his daughters for killing the culprit
かたき	かたき	vengeance	noun	term	0000202C:8:53	provisional	n	「サクラのかたき」
お化け	おばけ	the monster	noun	term	0000202C:8:18	provisional	n	茅萱's word to a small child for whatever takes people in April
村八分	むらはちぶ	being cut off by the village	noun	term	00002057:8:23	provisional	n	城崎's stated reason for taking part in the killings
黒幕	くろまく	the one behind it	noun	term	00002057:8:48	provisional	n	城崎's question to 幸太郎; never answered
仕上げ	しあげ	the finish	noun	term	00002057:8:51	provisional	n	幸太郎 on the last stage of the plan
インド数学	インドすうがく	Indian mathematics	noun	term	0000205F:8:7	provisional	n	the small 五島絵梨奈's enthusiasm, cut off mid-sentence
眼科	がんか	the eye department	noun	term	00002066:8:2	provisional	n	
紹介状	しょうかいじょう	a referral letter	noun	object	00002066:8:7	provisional	n	
第一病院	だいいちびょういん	Daiichi Hospital	name	place	00002066:8:7	provisional	n	has the eye department the 元木町 clinic refers to
医療保険	いりょうほけん	medical insurance	noun	term	00002078:8:2	provisional	n	
先進医療保証	せんしんいりょうほしょう	advanced-treatment cover	noun	term	00002078:8:5	provisional	n	the rider 新村美冬 took out on her daughter
福利厚生	ふくりこうせい	welfare provision	noun	term	00002078:8:17	provisional	n	元木町's, given as the reason a two-year stay is possible
強制退院	きょうせいたいいん	mandatory discharge	noun	term	00002078:8:20	provisional	n	at three full years
転院	てんいん	transfer to another hospital	noun	term	00002078:8:16	provisional	n	
会長	かいちょう	president	title	title	0000207E:8:5	provisional	n	the 元木高校 student council president, a second-year
完全無欠	かんぜんむけつ	flawless	adjective	term	00002084:8:18	provisional	n	four-character compound, used of 五島桃子 by a regular
ナイスバデー	ナイスバデー	a great figure	noun	term	00002084:8:17	provisional	n	katakana English in a dated middle-aged register
ココア	ココア	cocoa	noun	food	0000208A:8:17	provisional	n	
くしゅん	くしゅん	atchoo	interjection	interjection	0000208A:8:14	provisional	n	a small child's sneeze; en-collision: ぶえっくしょん (the adult sneeze) keeps its own rendering
町長選挙	ちょうちょうせんきょ	the mayoral election	noun	event	00002090:8:1	provisional	n	
公約	こうやく	a campaign pledge	noun	term	00002090:8:17	provisional	n	中嶋長司 gives three
ブロークンウィンドウ理論	ブロークンウィンドウりろん	broken windows theory	noun	concept	00002090:8:31	provisional	n	named on screen in a stump speech
高齢率	こうれいりつ	the elderly ratio	noun	term	00002090:8:6	provisional	n	claimed at about 13%, lowest in Japan
地域活性化	ちいきかっせいか	regional revitalisation	noun	term	00002090:8:7	provisional	n	
補助金	ほじょきん	a subsidy	noun	term	00002090:8:19	provisional	n	paid to firms headquartered in 元木町
ブランディング	ブランディング	branding	noun	term	00002090:8:24	provisional	n	of the 元木町 cherry as a tourist asset
衆議院選挙	しゅうぎいんせんきょ	the House of Representatives election	noun	event	00002096:8:14	provisional	n	
元木町公式チャンネル	もときちょうこうしきチャンネル	the Motoki Town official channel	name	org	00002096:8:0	provisional	n	the video platform the retirement address is posted to
国政	こくせい	national politics	noun	term	00002096:8:15	provisional	n	
故郷に錦を飾る	こきょうににしきをかざる	come home in glory	verb	term	00002096:8:19	provisional	n	set phrase closing the retirement address
ベンズコーヒー	ベンズコーヒー	Ben's Coffee	name	brand	0000209C:8:3	provisional	n	a national chain; 五島 notes it has not reached 元木町
ペキーノ	ペキーノ	Pequeno	name	brand	0000209C:8:10	provisional	n	cup size, Portuguese for small; glossed on screen
メージュ	メージュ	Medio	name	brand	0000209C:8:11	provisional	n	cup size, medium
グレンジ	グレンジ	Grande	name	brand	0000209C:8:12	provisional	n	cup size, large
オーバサイゼド	オーバサイゼド	Oversized	name	brand	0000209C:8:13	provisional	n	cup size, extra large; the only English one in a Portuguese set
カフェラテ	カフェラテ	a caffe latte	noun	food	0000209C:8:7	provisional	n	
治験	ちけん	a clinical trial	noun	term	0000209C:8:47	provisional	n	五島 cannot read the kanji, which is how the scene shows her state
運転免許証	うんてんめんきょしょう	a driving licence	noun	object	000020A2:8:15	provisional	n	
身分証明証	みぶんしょうめいしょう	proof of identity	noun	object	000020A2:8:14	provisional	n	source writes 証明証 for 証明書 -> Q846
収監手続き	しゅうかんてつづき	committal formalities	noun	term	000020A2:8:18	provisional	n	
推薦案内状	すいせんあんないじょう	a letter of recommendation	noun	object	000020AE:8:10	provisional	n	the 国際研究所 approach to 五島絵梨奈
文部科学省	もんぶかがくしょう	the Ministry of Education	name	org	000020AE:8:13	provisional	n	
文部科学大臣	もんぶかがくだいじん	the Minister of Education	title	title	000020AE:8:19	provisional	n	
島津悠作	しまづ ゆうさく	Yusaku Shimazu	name	person	000020AE:8:19	provisional	n	signs the offer; never appears
年俸	ねんぽう	annual salary	noun	term	000020AE:8:21	provisional	n	54,000,000 yen for a fourth-year undergraduate
国家公務員	こっかこうむいん	a national civil servant	noun	term	000020AE:8:22	provisional	n	
大学院	だいがくいん	graduate school	noun	term	000020AE:8:23	provisional	n	
生物工学	せいぶつこうがく	bioengineering	noun	term	000020AE:8:23	provisional	n	the doctorate the post is conditional on
儀礼	ぎれい	a rite	noun	term	000020B4:8:41	provisional	n	新村サクラ calls 山籠 a 形骸化した儀礼
殲滅	せんめつ	annihilation	noun	term	000020BB:8:41	provisional	n	the stated mission against survivors and the 神使
1号車	いちごうしゃ	Vehicle One	name	term	000020BB:8:40	provisional	n	radio call sign of the lead vehicle
フラグ	フラグ	a flag	noun	term	000020BB:8:25	provisional	n	「フラグ立てんな」 — genre slang for announcing a wedding before a mission
三脚	さんきゃく	a tripod	noun	object	000020C0:8:5	provisional	n	the stand ファルシフィカソ is burned on; stolen with the pot
卒業式	そつぎょうしき	the graduation ceremony	noun	event	000020C6:8:13	provisional	n	荒田's primary school
中学生	ちゅうがくせい	a middle-school pupil	noun	term	000020C6:8:0	provisional	n	
末永く	すえながく	for years to come	adverb	term	000020C6:8:6	provisional	n	part of 新村夏菜's botched farewell formula
定期電車	ていきでんしゃ	the scheduled train	noun	term	000020CC:8:4	provisional	n	the 荒田駅 service, down to two drivers
麻雀	マージャン	mahjong	noun	term	000020CC:8:13	provisional	n	
隠居	いんきょ	retirement	noun	term	000020CC:8:9	provisional	n	
黙秘	もくひ	refusing to answer	noun	term	000020DE:8:15	provisional	n	新村夏菜 uses the legal word on a hostage
道案内	みちあんない	guiding someone	noun	term	000020DE:8:34	provisional	n	
ひえええ	ひえええ	yeeugh	interjection	interjection	000020E4:8:3	provisional	n	新村栄一郎 being poured another drink
覚醒	かくせい	waking	noun	term	000020F0:8:22	provisional	n	新村エリカ's word for the cycle 茅萱 runs, 覚醒と失神
逆さ吊り	さかさづり	hung upside down	noun	term	000020F6:8:21	provisional	n	新村幸太郎's guess at the ankle mark on his wife's body
TT	ティーティー	TT	name	person	000020FC:8:0	provisional	n	group-chat handle; the one who courts ハナちゃん
けん	けん	Ken	name	person	000020FC:8:1	provisional	n	group-chat handle
佐藤さん	さとうさん	Sato-san	name	person	000020FC:8:8	provisional	n	group-chat handle; ran from 新村茅萱
しま	しま	Shima	name	person	000020FC:8:27	provisional	n	group-chat handle
チガちゃん	チガちゃん	Chiga-chan	name	address	000020FC:8:21	provisional	n	the Tokyo drinking circle's form for 新村茅萱
お持ち帰り	おもちかえり	taking her home	noun	term	000020FC:8:11	provisional	n	mixer slang
おはっす	おはっす	Mornin'	interjection	interjection	000020FC:8:8	provisional	n	clipped おはようございます in a chat register
どんまい	どんまい	never mind	interjection	interjection	000020FC:8:17	provisional	n	from "don't mind"
ｗ	わら	lol	interjection	ui	000020FC:8:10	provisional	n	the typed JP laugh marker; extends to ｗｗｗ
洗礼	せんれい	the baptism	noun	term	000020FC:8:27	provisional	n	the circle's word for drinking with 新村茅萱 until morning
究極の選択	きゅうきょくのせんたく	the ultimate choice	noun	term	000020FC:8:54	provisional	n	
強制退会	きょうせいたいかい	forced removal from the group	noun	ui	000020FC:8:63	provisional	n	a joke expulsion from a chat app
許婚	いいなずけ	a betrothed	noun	term	00002108:8:18	provisional	n	ハナちゃん's joke guess at why 茅萱 is going home
送別会	そうべつかい	a farewell party	noun	event	00002108:8:62	provisional	n	
決意表明会	けついひょうめいかい	a declaration-of-resolve party	noun	event	00002108:8:62	provisional	n	ハナちゃん coins it against 送別会 in the same cell
性別の壁	せいべつのかべ	the barrier of sex	noun	term	00002108:8:59	provisional	n	ハナちゃん about herself; the uncensored form of the 000020FC 「×」 -> Q832
お礼回り	おれいまわり	thank-you rounds	noun	term	00002120:8:2	provisional	n	新村幸太郎's cover for questioning the settlement
親しき仲にも礼儀あり	したしきなかにもれいぎあり	good manners even among friends	noun	term	00002120:8:5	provisional	n	proverb, 新村エリカ
墓穴	ぼけつ	a grave pit	noun	term	00002127:8:3	provisional	n	the hole 新村エリカ matches to the アバドン transmission
才媛	さいえん	an accomplished woman	noun	term	0000212D:8:0	provisional	n	the word 新村桔梗 opens her whole narration by defining
才女	さいじょ	a clever woman	noun	term	0000212D:8:31	provisional	n	what she is locally known as, and the reason she is chosen
男尊女卑	だんそんじょひ	male dominance	noun	concept	0000212D:8:5	provisional	n	
居城	きょじょう	the Emperor's castle	noun	place	0000212D:8:38	provisional	n	帝の居城, in 東京
列強	れっきょう	the Great Powers	noun	term	0000212D:8:12	provisional	n	
そろばん	そろばん	the abacus	noun	object	0000212D:8:32	provisional	n	
父上	ちちうえ	Father	noun	address	0000212D:8:18	provisional	n	新村桔梗's address and reference form for her father
祀耀678年	しようろっぴゃくななじゅうはちねん	Year 678 of the Shiyo era	noun	date	0000212D:8:4	provisional	n	新村桔梗 at 16; 122 years before the story present
町人	ちょうにん	a townsman	noun	term	00002137:8:53	provisional	n	the class forbidden a surname in public
苗字	みょうじ	a surname	noun	term	00002137:8:51	provisional	n	
桔梗殿	ききょうどの	Kikyo-dono	name	address	00002137:8:50	provisional	n	新村晃's form for her until the marriage; 晃さん replaces 晃様 from her side at 0000217A:8:49
縁談	えんだん	a marriage offer	noun	term	00002143:15:102	provisional	n	
ガス燈	ガスとう	a gas lamp	noun	object	0000214F:8:30	provisional	n	the only street lighting in the 祀耀678 東京 scenes
花嫁衣装	はなよめいしょう	the bridal dress	noun	object	0000216E:8:25	provisional	n	
鳥居	とりい	the torii gate	noun	object	0000216E:8:23	provisional	n	
神社	じんじゃ	a shrine	noun	place	0000216E:8:15	provisional	n	the wedding venue
角隠し	つのかくし	the bridal hood	noun	object	00002174:8:0	provisional	n	why she sees only the groom's clothing, not his face
仲人	なこうど	the go-between	noun	term	00002174:8:8	provisional	n	she has not met either of them
貢物	みつぎもの	the tribute	noun	object	0000217A:8:18	provisional	n	what 新村晃 brings the 帝; it is ドローガ
蔵書	ぞうしょ	the storehouse books	noun	object	00002181:8:14	provisional	n	the 新村家 library; 新村桔梗 is given the key and the job of deciphering it
因果律	いんがりつ	causality	noun	concept	00002187:8:8	provisional	n	新村桔梗's governing principle and her whole method
戒め	いましめ	an injunction	noun	term	0000218D:8:13	provisional	n	her term for a rule set up in a crisis that decays into legend
投身自殺	とうしんじさつ	a leap to death	noun	term	0000219F:8:6	provisional	n	新村晃 and his mother, together, off the 墓地広場 cliff
敬礼	けいれい	a salute	noun	term	000021A5:8:11	provisional	n	篠崎ハジメ's greeting, part of the government impersonation
鉄道	てつどう	the railway	noun	term	000021A5:8:79	provisional	n	built solely to carry the 荒田 cherries out
訛り	なまり	an accent	noun	term	000021A5:8:63	provisional	n	the 飯沢県 accent that exposes 篠崎's lie; not written into his lines -> Q843
伐採	ばっさい	felling	noun	term	000021A5:8:81	provisional	n	
銃火器	じゅうかき	small arms	noun	object	000021AB:8:10	provisional	n	given to 荒田 in exchange for the cherries, replacing ドローガ for hunting; en-collision: 火器 (0000156A:193:23) keeps "firearms"
運搬	うんぱん	transport	noun	term	000021AB:8:18	provisional	n	
杖	つえ	a walking stick	noun	object	000021B1:8:13	provisional	n	新村桔梗 in old age
神器	じんぎ	a sacred treasure	noun	term	000021B7:8:30	provisional	n	what セレジェイラ聖教 made of ドローガ
禁止令	きんしれい	a ban	noun	term	000021B7:8:46	provisional	n	issued and forgotten repeatedly across 400 years
封石	ふういし	the sealing stone	noun	object	000021BD:8:16	provisional	n	set over the ヴェルジ mummy in the underground store
太閤殿下	たいこうでんか	His Highness the Taiko	title	title	000021BD:21:17	provisional	n	took the 分身 away; the 000010C3 内府 under another title
新村椿	にいむら つばき	Tsubaki Niimura	name	person	000021BD:8:6	provisional	n	the young 大魔女 of 祀耀482 who died driving the thing off; the 椿 of 00001355:8:83 with a surname -> Q535
1942年	せんきゅうひゃくよんじゅうにねん	1942	noun	date	000021BD:21:5	provisional	n	the same signature block that reads 祀耀735年 in block [8]; the project's only real-calendar year -> Q827
躯	むくろ	a corpse	noun	term	000021C9:8:6	provisional	n	「晃さんの 躯 をかぶった女神様」; ruby-residue spacing -> Q851
万物の長	ばんぶつのちょう	the lord of creation	noun	concept	000021C9:16:10	provisional	n	the thing's charge against humankind
ふっふっふ	ふっふっふ	heh heh heh	interjection	interjection	000021C9:16:11	provisional	n	the 女神 speaking through 新村晃's body
金崎勉	かなざき つとむ	Tsutomu Kanazaki	name	person	000021CF:8:69	provisional	n	the new 戸籍 name given to 篠崎ハジメ by the sect; printed with ruby-residue spacing -> Q877
土田	つちだ	Tsuchida	name	person	000021CF:8:185	provisional	n	stated at 8:199 to be a 偽名 of the 教団本部長 -> Q878
本部長	ほんぶちょう	the Chapter Head	noun	title	000021CF:8:57	provisional	n	the sect officer who renames 篠崎 and later has him killed
凍傷	とうしょう	frostbite	noun	term	000021CF:8:3	provisional	n	
内部告発	ないぶこくはつ	a whistle-blower's disclosure	noun	term	000021CF:8:51	provisional	n	what ends セレジェイラ聖教
失職	しっしょく	losing his post	noun	term	000021CF:8:55	provisional	n	
県庁職員	けんちょうしょくいん	a prefectural official	noun	title	000021CF:8:112	provisional	n	篠崎's cover job for the rest of his life
戸籍	こせき	a family register	noun	term	000021CF:8:58	provisional	n	cf 戸籍謄本 (00000EF6); 荒田 has none -> Q881
整形手術	せいけいしゅじゅつ	plastic surgery	noun	term	000021CF:8:122	provisional	n	
物心	ものごころ	old enough to remember	noun	term	000021CF:8:134	provisional	n	
説明会	せつめいかい	a briefing session	noun	term	000021CF:8:281	provisional	n	the pretext for gathering the whole settlement
ライフライン	ライフライン	utilities	noun	term	000021CF:8:305	provisional	n	
インフラ	インフラ	infrastructure	noun	term	000021CF:8:279	provisional	n	
ピッキング	ピッキング	lock-picking	noun	term	000021CF:8:282	provisional	n	
薪	まき	firewood	noun	object	000021CF:8:280	provisional	n	荒田 still uses it at this date
身辺調査	しんぺんちょうさ	a background check	noun	term	000021CF:8:312	provisional	n	
事実無根	じじつむこん	without foundation	noun	term	000021CF:8:312	provisional	n	
善行	ぜんこう	good works	noun	term	000021CF:8:317	provisional	n	
定年退職	ていねんたいしょく	retirement age	noun	term	000021CF:8:339	provisional	n	
出家	しゅっけ	taking holy orders	noun	term	000021CF:8:340	provisional	n	
煩悩	ぼんのう	worldly desires	noun	term	000021CF:8:338	provisional	n	Buddhist vocabulary in a man raised in a Portuguese-derived sect
仏	ほとけ	a Buddha	noun	term	000021CF:8:336	provisional	n	
ボランティア	ボランティア	volunteer work	noun	term	000021CF:8:335	provisional	n	
ホームレス	ホームレス	a homeless man	noun	term	000021CF:8:335	provisional	n	cf 浮浪者 (000010DD)
チャー坊	チャーぼう	Cha-bo	name	address	000021CF:8:375	provisional	n	篠崎's grandson; a diminutive on an unknown given name -> Q882
尾ひれ背ひれ	おひれせひれ	the story grew fins and a tail	noun	term	000021CF:8:164	provisional	n	idiom for a rumour being embroidered
埒があかない	らちがあかない	getting nowhere	verb	term	000021CF:8:275	provisional	n	also spelled ラチがあかない at 0000240C:11:44
社会福祉	しゃかいふくし	state welfare	noun	term	000021CF:8:473	provisional	n	cf 福祉 (00000C08); what 荒田 is allotted instead of 戸籍
操られた死体	あやつられたしたい	a corpse under control	noun	term	000021CF:8:475	provisional	n	the outside world's own explanation of the 祀耀747 massacre -> Q880
世界の秩序	せかいのちつじょ	world order	noun	concept	000021CF:8:481	provisional	n	the stated reason ドローガ is suppressed
詐欺	さぎ	fraud	noun	term	000021CF:8:254	provisional	n	
個室	こしつ	a private room	noun	place	000021CF:8:202	provisional	n	the 料亭 where the 本部長 meets him
1000円札	せんえんさつ	a 1,000-yen note	noun	object	000021CF:8:364	provisional	n	
ボツシナリオ	ボツシナリオ	a cut scenario	noun	term	000021D5:35:5	provisional	n	a finished route dropped from the game -> Q883
本編	ほんぺん	the main story	noun	term	000021D5:35:9	provisional	n	
次元	じげん	a dimension	noun	concept	000021E2:53:18	provisional	n	cf 別次元 (00001878)
終着点	しゅうちゃくてん	the end point	noun	concept	000021E2:64:2	provisional	n	
外道	げどう	a monster	noun	term	000021E2:64:3	provisional	n	moral sense: one who has fallen out of humanity
傍観者	ぼうかんしゃ	a bystander	noun	term	000021E2:734:3	provisional	n	the navigator's accusation against the player
他人事	ひとごと	somebody else's problem	noun	term	000021E2:734:3	provisional	n	
ご臨終	ごりんじゅう	He's gone	noun	term	000021FE:11:0	provisional	n	the doctor's formula at a death
永劫回帰	えいごうかいき	eternal recurrence	noun	concept	00002225:11:103	provisional	n	glossed on screen with a meaning that is NOT the philosophical one -> Q889
ミラノポリス	ミラノポリス	Milanopolis	name	brand	00002225:11:165	provisional	n	a pizza chain
ウルトラデラックスピザ	ウルトラデラックスピザ	Ultra Deluxe Pizza	noun	food	00002225:11:165	provisional	n	cf デラックスピザ (000005AC)
進学祝い	しんがくいわい	an entrance-to-school present	noun	term	00002225:11:163	provisional	n	cf 進級祝 (00000B0F) and 進級進学祝い (00000C50)
さつき	さつき	Satsuki	name	person	00002268:8:1	provisional	n	the author of the game; appears only in the afterword -> Q873
New++	ニュープラプラ	New++	name	org	00002268:8:1	provisional	n	the author's 創作サークル
創作サークル	そうさくサークル	a doujin circle	noun	org	00002268:8:1	provisional	n	
四月八日の魔女	しがつようかのまじょ	The Witch of April Eighth	name	title	00002268:8:7	provisional	n	the 2016 prototype title of this game
最後の声編	さいごのこえへん	the Last Voice arc	name	title	00002268:8:13	provisional	n	the fifth 編; the author's original intended ending
エデンの桜編	エデンのさくらへん	the Eden's Cherry arc	name	title	00002268:8:20	provisional	n	cf エデンの実 (00001D6F)
永劫回帰編	えいごうかいきへん	the Eternal Recurrence arc	name	title	00002268:8:20	provisional	n	
試作版	しさくばん	the trial release	noun	term	00002268:8:7	provisional	n	cf 試作機 (00000C81)
フリーゲーム	フリーゲーム	a free game	noun	term	00002268:8:5	provisional	n	
ノベルゲーム	ノベルゲーム	a novel game	noun	term	00002268:8:2	provisional	n	
制作ツール	せいさくツール	a game engine	noun	term	00002268:8:5	provisional	n	
パワーポイント	パワーポイント	PowerPoint	name	brand	00002268:8:5	provisional	n	
文字数カウント	もじすうカウント	the character counter	noun	ui	00002268:8:34	provisional	n	the in-game progress readout -> Q804
ジグソーパズル	ジグソーパズル	a jigsaw puzzle	noun	term	00002268:8:35	provisional	n	the レポートリファレンス minigame
誤変換	ごへんかん	an IME misconversion	noun	term	00002268:8:26	provisional	n	the stated origin of the title 死月妖花 -> Q874
あとがき	あとがき	the afterword	noun	term	00002268:8:37	provisional	n	
2024年	にせんにじゅうよねん	2024	noun	date	00002268:8:66	provisional	n	the author's own date; cf 1942年 (000021BD) -> Q875
干渉ノイズ	かんしょうノイズ	interference noise	noun	term	00002317:77:3	provisional	n	the navigator's excuse for scenes she says she did not intend -> Q754
諸悪の根源	しょあくのこんげん	the root of all evil	noun	term	00002325:37:1	provisional	n	the navigator's name for 死月妖花
ラストスパート	ラストスパート	the final sprint	noun	term	00002330:67:3	provisional	n	
朝ザッハ	あさザッハ	breakfast at Zahha	noun	term	0000235A:8:0	provisional	n	五島's coinage
合体	がったい	merging	noun	term	0000235A:8:14	provisional	n	春花's word for what the two selves do in the dream
もやし	もやし	bean sprouts	noun	food	0000241B:11:13	provisional	n	en-collision: モヤシ (00001124, the insult sense)
キャベツ	キャベツ	cabbage	noun	food	0000241B:11:14	provisional	n	
ニンジン	ニンジン	carrot	noun	food	0000241B:11:15	provisional	n	
たまねぎ	たまねぎ	onion	noun	food	0000241B:11:16	provisional	n	
豚肉	ぶたにく	pork	noun	food	0000241B:11:17	provisional	n	the meat 古郡茜 cannot bring herself to cut -> Q903
野菜室	やさいしつ	the vegetable drawer	noun	object	0000241B:11:33	provisional	n	
ラップ	ラップ	plastic wrap	noun	object	0000241B:11:32	provisional	n	 | American (Q1885)
フライパン	フライパン	a frying pan	noun	object	0000241B:11:36	provisional	n	
包丁	ほうちょう	a kitchen knife	noun	object	0000241B:11:22	provisional	n	
土鍋	どなべ	an earthenware pot	noun	object	0000241B:11:101	provisional	n	
おかゆ	おかゆ	rice gruel	noun	food	0000241B:11:99	provisional	n	
バスタブ	バスタブ	the bathtub	noun	object	0000241B:11:113	provisional	n	
保険	ほけん	insurance	noun	term	0000241B:11:12	provisional	n	古郡茜's word for the window she leaves open
株式会社IC	かぶしきがいしゃアイシー	IC Inc.	name	org	00002420:11:2	provisional	n	古郡良治's employer
パーラー桜色	パーラーさくらいろ	Parlour Sakurairo	name	place	00002420:11:18	provisional	n	古郡茜's workplace -> Q906
直行	ちょっこう	going straight to the client	noun	term	00002420:11:11	provisional	n	
行方不明	ゆくえふめい	missing	adjective	term	00002420:11:24	provisional	n	cf 失踪 (00000A18)
届け出	とどけで	a filed report	noun	term	00002420:11:40	provisional	n	
歯型	はがた	dental records	noun	term	00002420:11:97	provisional	n	
充電器	じゅうでんき	a charger	noun	object	00002420:11:152	provisional	n	
チェーン	チェーン	the door chain	noun	object	00002427:11:140	provisional	n	cut with a 鉈 on purpose so the damage looks human -> Q910
外廊下	そとろうか	the outside walkway	noun	place	00002427:11:136	provisional	n	
流し台	ながしだい	the sink unit	noun	object	00002427:11:160	provisional	n	
大動脈	だいどうみゃく	the main artery	noun	term	00002427:11:216	provisional	n	
灯油タンク	とうゆタンク	the kerosene tank	noun	object	00002427:11:390	provisional	n	
ガスホース	ガスホース	the gas hose	noun	object	00002427:11:390	provisional	n	
不完全燃焼	ふかんぜんねんしょう	incomplete combustion	noun	term	00002427:11:399	provisional	n	what kills 新村美冬
瞳孔	どうこう	the pupils	noun	term	00002427:11:350	provisional	n	
喀血	かっけつ	coughing up blood	noun	term	00002427:11:349	provisional	n	cf 吐血 (00000EF6)
安全装置	あんぜんそうち	the safety catch	noun	object	0000242E:11:131	provisional	n	五島桃子 cannot find it and it comes off by itself
引き金	ひきがね	the trigger	noun	object	0000242E:11:124	provisional	n	
銃口	じゅうこう	the muzzle	noun	object	0000242E:11:108	provisional	n	
薬莢	やっきょう	a shell casing	noun	object	0000242E:11:202	provisional	n	
電柱	でんちゅう	a utility pole	noun	object	0000242E:11:72	provisional	n	
火薬	かやく	gunpowder	noun	term	0000242E:11:207	provisional	n	
残像	ざんぞう	an afterimage	noun	term	0000242E:11:38	provisional	n	how 新村美冬 on the drug reads to a witness
生活基盤	せいかつきばん	a livelihood based outside	noun	term	00002433:11:77	provisional	n	the condition attached to the 16歳 掟 -> Q915
統率	とうそつ	cohesion	noun	term	00002433:11:48	provisional	n	
権威	けんい	authority	noun	term	00002433:11:47	provisional	n	the 大魔女's, which 茅萱 fears losing
杞憂	きゆう	needless worry	noun	term	00002433:11:49	provisional	n	
代理	だいり	standing in	noun	term	00002433:11:42	provisional	n	茅萱 deputises for 美冬 in the 魔女 role -> Q917
ギリギリと	ギリギリと	rasping	adverb	sfx	0000241B:11:26	provisional	n	a blade going into half-frozen meat; cf ギリッと (00000538) en-collision: ぐりぐり (00000F24)
新島	にいじま	Niijima	name	person	0000243F:11:109	provisional	n	one of the four 荒田 family lines; farming and the natural world
瀬	せ	Se	name	person	0000243F:11:111	provisional	n	one of the four 荒田 family lines; water and irrigation. A one-kanji surname; keep it as a name, not a common noun
瀬正照	せ まさてる	Masateru Se	name	person	0000243F:11:112	provisional	n	a year younger than 城崎健吾; lost a much younger sister in the second 呪殺; kills 新島香織 on screen. Western name order per STYLE.md
新島香織	にいじま かおり	Kaori Niijima	name	person	0000243F:11:125	provisional	n	nearly 60 with a high childish voice and stretched vowels; the only resident to survive the night (00002444:32:307)
灌漑	かんがい	irrigation	noun	term	0000243F:11:113	provisional	n	the 瀬 family's trade
分家	ぶんけ	a branch house	noun	term	0000243F:11:103	provisional	n	the settlement's four surnames have branched so often that the same name often means no close kinship
家系	かけい	a family line	noun	term	0000243F:11:102	provisional	n	used for the four 荒田 lines; keep it distinct from 分家
鎖骨	さこつ	the collarbone	noun	term	0000243F:11:153	provisional	n	新島香織's wound
反面教師	はんめんきょうし	a cautionary example	noun	term	0000243F:11:120	provisional	n	城崎's word for 瀬正照 — the man whose example keeps him level
過激派	かげきは	the hardliners	noun	term	00002444:14:415	provisional	n	五島's word for the faction that attacked; paired with 穏健派
穏健派	おんけんは	the moderates	noun	term	00002444:26:66	provisional	n	五島's word; her own narration then notes that what they did was just as extreme
核	かく	the core	noun	concept	00002444:26:382	provisional	n	the person at the centre of 死月妖花; 糸姫 was the first and someone absorbed about twenty years ago is the present one. Keep it the same EN word everywhere, including 「核になった人」
支配域	しはいいき	her domain	noun	term	00002444:26:425	provisional	n	the area the 女神様 controls, stated as the whole of 荒田
腫れ物	はれもの	a swelling	noun	term	00002444:32:213	provisional	n	the growth on the cave wall that splits and delivers 古郡なつみ
邪悪なる女神	じゃあくなるめがみ	the wicked goddess	noun	title	00002444:20:469	provisional	n	the phrase quoted from a settlement 書簡; archaic なる, so the EN should sound quoted rather than spoken
初動部隊	しょどうぶたい	the first-response unit	noun	org	00002450:12:4	provisional	n	en-collision: 特別部隊 (the special unit). Different bodies, different scale
宿舎	しゅくしゃ	the lodgings	noun	place	00002450:18:92	provisional	n	built solely to house the 御神木 research body; every researcher in it was beaten to death
死亡診断書	しぼうしんだんしょ	the death certificate	noun	term	00002450:18:62	provisional	n	新村栄一郎's, with an addendum the 警察庁 suppressed
研究書	けんきゅうしょ	a research monograph	noun	term	00002450:12:138	provisional	n	五島's word for 篠崎ハジメ's books, set against 神話 and おとぎ話 in the same cell
深夜徘徊	しんやはいかい	loitering after dark	noun	term	00002450:18:10	provisional	n	police vocabulary, paired with 補導
空き巣	あきす	a break-in at an empty house	noun	term	00002450:18:13	provisional	n	police vocabulary
オカルト雑誌M	オカルトざっしエム	Occult Magazine M	name	brand	00002450:18:83	provisional	n	a single Latin letter for the title; see Q947
回覧板	かいらんばん	the circulating notice	noun	object	00002457:11:33	provisional	n	the settlement's round-robin noticeboard; 新村幸太郎 writes the one that starts the hunt
生け捕り	いけどり	taking her alive	noun	term	00002457:11:22	provisional	n	幸太郎's fixed term for what he wants done to 古郡なつみ; it must be the same EN in the 回覧板, in his plan and in 五島's reconstruction at 00002444:26:308
へっきゅちん	へっきゅちん	Hekchoo	interjection	sfx	00002444:20:117	provisional	n	新村春花's sneeze, split 「へ……／へ……／へっきゅちん」. en-collision: ぶえっくしょん (Hbbtchoo, another character); 古郡なつみ has a third spelling at Q759. Three characters, three sneezes, three EN spellings
ずるり	ずるり	zururi	interjection	sfx	00002444:32:215	provisional	n	the body sliding out of the swelling; pure onomatopoeia, kept romanised per STYLE.md. SFX rule changed (rev. 2026-09-25, rules audit #12): a sound is romanised only where the text quotes it AS a sound; re-decide this row against the new STYLE rule before use
にゅー	にゅー	nyuu	interjection	sfx	00002450:12:48	provisional	n	a three-year-old's word for a hand stretching out of a hole, quoted verbatim twelve years later. Pure onomatopoeia, kept romanised. SFX rule changed (rev. 2026-09-25, rules audit #12): the text does quote this one as a sound (a three-year-old's word, requoted twelve years later), so the romanisation stands; it needs the one gloss the new STYLE rule requires
ぶおおおおお	ぶおおおおお	buooooo	interjection	sfx	00002450:12:44	provisional	n	the 猛き音 as a three-year-old heard it, glossed in the same cell as 「ラッパみたいだった」
拘置所	こうちしょ	the detention center	noun	place	00002478:11:101	provisional	n	pre-trial facility; GLOSSARY already holds 留置所 (the holding cells) and 刑務所 (prison) | American form (Q1641 sweep 2026-09-25)
アクリル板	アクリルばん	the acrylic panel	noun	object	00002478:11:4	provisional	n	the visiting-room screen
係員	かかりいん	the duty officer	noun	title	00002478:11:3	provisional	n	the detention-centre staff in the visiting room; distinct from 刑務官 (the prison officers)
差し入れ	さしいれ	a care parcel	noun	term	00002478:11:10	provisional	n	brought to a detainee
薬物検査	やくぶつけんさ	a drug test	noun	term	00002478:11:20	provisional	n	
もみ消す	もみけす	to hush up	verb	term	00002478:11:21	provisional	n	the narrator's word for what the state does to the test result
身柄拘束	みがらこうそく	being taken into custody	noun	term	00002478:11:91	provisional	n	
精神疾患	せいしんしっかん	a psychiatric illness	noun	term	00002478:11:17	provisional	n	
訃報	ふほう	the news of a death	noun	term	00002478:11:32	provisional	n	
口外	こうがい	speaking of it outside	noun	term	00002478:11:99	provisional	n	the 警察庁 gag order
見張られる	みはられる	to be watched	verb	term	00002478:11:116	provisional	n	the surveillance she says she can feel
称える	たたえる	to exalt	verb	term	00002478:11:80	provisional	n	shouted as 「称えろ！」 four times; must be the same EN word every time
故郷	ふるさと	my home	noun	term	00002478:11:107	provisional	n	荒田集落, closed; distinct from 故郷に錦を飾る
飯沢市	いいざわし	Iizawa City	name	place	00002478:11:108	provisional	n	the city in 飯沢県; romanisation follows the 飯沢県 decision
隠し通路	かくしつうろ	the hidden passage	noun	place	0000246E:11:309	provisional	n	from the 地下倉庫 toward 糸姫山
切り札	きりふだ	a trump card	noun	term	00002473:11:141	provisional	n	
触手	しょくしゅ	tentacles	noun	term	00002473:11:226	provisional	n	the mycelium coming out of the cherry tree
捕縛	ほばく	to hold prisoner	noun	term	00002473:11:305	provisional	n	what the corpses will do to 糸姫
嫉妬深い	しっとぶかい	jealous	adjective	term	00002473:11:290	provisional	n	said of the 女神様
罠	わな	a trap	noun	term	00002473:11:286	provisional	n	
幻想	げんそう	a fantasy	noun	term	00002473:11:298	provisional	n	distinct from 幻影
漫談	まんだん	a comedy turn	noun	term	0000246E:11:300	provisional	n	「漫談のような滑稽さだ」, his verdict on himself
お人形遊び	おにんぎょうあそび	playing with dolls	noun	term	00002473:11:115	provisional	n	his name for ten years of meeting his dead wife
器官	きかん	an organ	noun	term	0000245F:11:54	provisional	n	what he fears becoming
トラウマ	トラウマ	a trauma	noun	term	0000245F:11:21	provisional	n	
悪夢	あくむ	the nightmare	noun	term	0000245F:11:23	provisional	n	
遅咲き	おそざき	late-flowering	adjective	term	0000245F:11:77	provisional	n	of the 沈丁花 at 荒田
アジサイ	アジサイ	a hydrangea	noun	term	0000245F:11:89	provisional	n	her own comparison for 沈丁花
不死、不滅、永遠	ふし、ふめつ、えいえん	undying, imperishable, eternal	noun	term	0000245F:11:92	provisional	n	the 沈丁花 花言葉, quoted twice in two cells; must be word-identical each time -> Q192
子宝	こだから	a house full of children	noun	term	0000245F:11:73	provisional	n	
弔事	ちょうじ	a funeral occasion	noun	term	0000245F:11:68	provisional	n	paired with 慶事 in one cell
慶事	けいじ	a happy occasion	noun	term	0000245F:11:68	provisional	n	paired with 弔事 in one cell
カムフラージュ	カムフラージュ	camouflage	noun	term	0000245F:11:105	provisional	n	the flowers he lays at the river bank
口裏を合わせる	くちうらをあわせる	to get our stories straight	verb	term	00002464:11:10	provisional	n	
手ごま	てごま	a pawn	noun	term	00002464:11:74	provisional	n	his own word for what he was
待ち伏せ	まちぶせ	to lie in wait	noun	term	0000246E:11:13	provisional	n	the instruction in the 回覧板
冷や汗	ひやあせ	a cold sweat	noun	term	0000246E:11:136	provisional	n	
分が悪い	ぶがわるい	the odds are against me	adjective	term	0000246E:11:138	provisional	n	
つぶし合い	つぶしあい	tearing each other apart	noun	term	0000246E:11:143	provisional	n	what the thing is said to prefer
にらみ合い	にらみあい	a staring match	noun	term	0000246E:11:158	provisional	n	
口を割る	くちをわる	to give himself away	verb	term	0000246E:11:159	provisional	n	
鍛冶	かじ	smithing	noun	term	0000246E:11:230	provisional	n	城崎's trade, given as the reason he cannot be overpowered
刃こぼれ	はこぼれ	a nick in the blade	noun	term	00002473:11:119	provisional	n	
正念場	しょうねんば	the moment of truth	noun	term	0000246E:11:390	provisional	n	新村エリカ's last word to her son
落とし前	おとしまえ	to settle the account	noun	term	0000246E:11:386	provisional	n	「荒田の男なら落とし前はつけな」
腑抜け	ふぬけ	gutless	adjective	term	0000246E:11:376	provisional	n	
体罰	たいばつ	a smack	noun	term	0000246E:11:362	provisional	n	the narration's word for his mother's habit
隠れ家	かくれが	a bolt-hole	noun	term	0000246E:11:308	provisional	n	the 秘密基地 used as one
フラッシュバック	フラッシュバック	flashing back	noun	term	00002473:11:386	provisional	n	the narration's own word for the memory flood
化け物	ばけもの	monster	noun	term	00002473:11:251	provisional	n	「この化け物め」, 「化け物どもめ」, repeated at 00002478:11:59-11:60
よろしくお願い申し上げます	よろしくおねがいもうしあげます	I am in your hands.	phrase	refrain	000000F2	fixed	yes	Navigator-to-player formula (Fable ruling 2026-09-25, Q1042). Fixed wording; only the JP adverbial varies: 今回も -> "this time as well"; 今後とも引き続き -> "From here on as well, I remain in your hands." Never "kind favor", never "look forward to".
おい		Hey	interjection	interjection	00000024:16:44	fixed	yes	Fable ruling 2026-09-25 (Q1080): same word as ねえ; sharpness is carried by the JP punctuation and the line. Never "Oi" (regional). Locked per FUNCTION, not per string (rev. 2026-09-25, rules audit #2): the attention-getter. Tell: it opens a line aimed at somebody
よう		Hey	interjection	interjection	00000024	fixed	yes	Fable ruling 2026-09-25 (Q1080), REVISED (rev. 2026-09-25, rules audit #13): rough attention-getter; roughness carried by what follows and the punctuation (rules audit #13). "Yo" is banned as a placeable English register, so this row now shares the EN "Hey" with おい and ねえ by design; the three are locked per function, not per string, and the register step is carried by the line, not by the opener.
あの		Uh	interjection	interjection	00000024:51:2	fixed	yes	Q1081. えっと stays "Um". Locked per FUNCTION (rev. 2026-09-25, rules audit #2): hesitating before addressing someone. Tell: a person is being approached; filler mid-thought is えっと | Q1481: mid-sentence filler function = lowercase "uh"
いや		No	interjection	interjection	00000024:67:56	fixed	yes	Q1082. Self-correcting opener; "No," shared with ううん is normal English. Never "Or rather". Locked per FUNCTION (rev. 2026-09-25, rules audit #2): the self-correcting or negating opener. Tell: it contradicts what was just said or thought
やあ		Hi	interjection	interjection	00000024:51:42	fixed	yes	Q1085. Locked per FUNCTION (rev. 2026-09-25, rules audit #2): greeting on meeting. Tell: first contact in the scene
そうだね		You're right...	phrase	interjection	00000024:16:47	fixed	yes	Q1086, REVISED (rev. 2026-09-25, rules audit #2): locked per FUNCTION, not per string. It ANSWERS a stated opinion, and the tell is that somebody just stated one; then keep this wording verbatim in every printing. Musing そうだね with nothing to agree to is "Yeah..." / "I guess" — a second function that gets its own row, not a violation of this one.
事件	じけん	the incident	noun	concept	00000024:16:69	fixed	yes	Q1089. Refrain noun; 「あの事件」 = "that incident".
ドローガ		Droga	noun	title	00000024:51:14	fixed	yes	Q1083/Q004. Read aloud letter by letter as D / r / o / ga (four cells). 00000656 must reuse verbatim.
いただきます		Thank you for the meal	phrase	interjection	000001E3:000002A0:347	fixed	yes	Q1241 (Fable 2026-09-25). Before-meal set phrase; stretch carried when the JP stretches it. Pair of ごちそうさま "Thanks for the food".
作戦遂行		on to carrying out the Operation	phrase	refrain	000001E3:000002A0:277	fixed	yes	Q1242/Q020 gag set: 作戦開始 "Operation start", 作戦成功 "Operation successful".
ダメ		Don't!	interjection	interjection	000001E5:000004A5:19	fixed	yes	Q1243. Shouted prohibition, supplies no object. Distinct from いや/ううん "No".
どおおおお		Dooooooh!!!!	interjection	sfx	000001E5:000003E6:259	fixed	yes	Q1243. Wordless roar; vowel count follows the JP.
あら		Oh my	interjection	interjection	000002F6:11:36	fixed	yes	Q1480. Mild surprise opener (the mother); あーら keeps "Well, well".
えい		Here goes	interjection	interjection	000002FA:11:3	fixed	yes	Q1488. Cry of effort, function = bracing oneself.
んー？		Hmm?	interjection	interjection	000002FA:11:61	fixed	yes	Q1489. Stretched questioning ん; ん = "Hm", うーん = "Hmm".
ふっ		Heh	interjection	interjection	0000033D:11:58	fixed	yes	Q1491. Single amused exhale; shares "Heh" with あは/えへ by FUNCTION (amused exhale), by design.
すまん		Sorry...	interjection	interjection	0000033D:11:45	fixed	yes	Q1493. Blunt apology; shares "Sorry" with ごめん; bluntness carried by what follows.
実況モード	じっきょうモード	commentary mode	noun	system	0000001C	fixed	yes	Navigator/system term (2026-09-25).
中本美佳子	なかもと みかこ	Mikako Nakamoto	name	person	00000EDF	provisional	n	walk-on name on a death certificate; reading provisional -> Q1971 (ruled: shipped as is)
五島咲妃	ごとう さき	Saki Goto	name	person	リファレンスデータベース:22	provisional	n	五島絵梨奈 and 五島桃子's mother; no reading in the source -> Q2051, cf Q1972
ミーツ	ミーツ	Meets	name	org	事典場所:13	provisional	n	nationwide convenience store chain; its selling point is 普遍性, identical service everywhere
元木工業高校	もときこうぎょうこうこう	Motoki Technical High School	name	place	事典場所:10	provisional	n	reading follows 元木町 -> Q011
佐波大学	さわだいがく	Sawa University	name	org	事典場所:12	provisional	n	国立佐波大学 = "Sawa National University"; its 大学病院 is in 皆上市, 第一病院 is its 元木町 outpost
桜岡公園	さくらおかこうえん	Sakuraoka Park	name	place	事典場所:29	provisional	n	reading follows 桜岡
五島列島	ごとうれっとう	the Goto Islands	name	place	事典場所:1	provisional	n	in Nagasaki Prefecture; the stated origin of the 五島 name
五島会	ごとうかい	the Goto Association	name	org	事典場所:1	provisional	n	the annual gathering of the 五島 clan; printed in 『』 -> single quotes
元木学習塾	もときがくしゅうじゅく	the Motoki cram school	name	org	事典場所:7	provisional	n	the town's only 学習塾; cf GLOSSARY 塾 = "cram school"
城ケ丘保育園	じょうがおかほいくえん	Jogaoka Nursery School	name	place	事典出来事:8	provisional	n	reading unconfirmed -> Q2056
ピエール・パレ	ピエール・パレ	Pierre Palais	name	brand	事典物:5	provisional	n	a French tea brand; パレ could also be Pale or Palet -> Q2057
カタストロフィックフーズ	カタストロフィックフーズ	Catastrophic Foods	name	org	事典物:12	provisional	n	the maker of 超炭酸ボンバー
