from	to	calls_them	speech_level	as_of_file	changed_from	why
古郡なつみ	新村春花	春花 (bare given name)	タメ口, soft	00000024	—	lifelong best friends, next-door flats; 3p: 春花
新村春花	古郡なつみ	なつみ (bare given name); お前 when teasing	タメ口, boyish/blunt	00000024	—	1 year older; 3p: なつみ
古郡なつみ	五島絵梨奈	五島 (surname, no suffix)	タメ口, warm	000001E3	—	なつみ is 1 year senior; 3p: 五島
新村春花	五島絵梨奈	五島; お前	タメ口, rough teasing	000001E3	—	3p: 五島
五島絵梨奈	古郡なつみ	古郡先輩	敬語 (です・ます), never drops	000001E3	—	3p and in her own narration also 古郡先輩 -> Q034
五島絵梨奈	新村春花	新村先輩; 旦那 (comic)	敬語 (です・ます) + servile pastiche	000001E3	—	3p: 新村先輩; 旦那 only when begging food/praise -> Q019
古郡なつみ	古郡茜	お母さん	タメ口	000001DB	—	mother; 3p: お母さん / うちのお母さん
古郡茜	古郡なつみ	なつみ (bare given name)	タメ口, maternal (～なさい, ～わよ)	000001DB	—	3p of 春花: 春花ちゃん
古郡なつみ	新村美冬	おばさん	casual, no 敬語 despite age gap	000001DD	—	3p: 春花のお母さん / おばさん; the name 美冬 is not on screen until 0000037D:11:58
新村美冬	古郡なつみ	なつみちゃん	casual, elongated ～ねー！	000001DD	—	3p of 春花: うちの春花 / 春花
新村美冬	古郡茜	茜 (bare given name)	タメ口	000001DD	—	childhood friends since birth ("生まれた時から一心同体")
五島絵梨奈	古郡なつみ's parents	お父さん / お母さん	敬語 in dialogue, plain in narration	0000020B	—	she borrows the senpai's own kin terms rather than 古郡さんのお父さん
新村春花	unnamed man at the door	おとうさん (split across 5 cells)	stunned fragment	00000024	—	00000024:51:43-47; identity open -> Q003 is resolved for the FATHER but not for this line
unnamed man at the door	新村春花	春花 (bare given name)	casual-warm ～だね	00000024	—	00000024:51:42, his only line
古郡なつみ	伊勢大二郎	伊勢さん	casual + さん	00000024	—	mentioned only, never on screen in chunk 01 -> Q035 (resolved 000003B4)
向井	2年2組 students	みなさん	丁寧 (school notice)	000001DD	—	email text only, no spoken line
古郡なつみ	the red person (dream)	no address form	敬語 to a stranger	000001E1	—	000001E1:33:32 "大丈夫ですか！？" — she jumps UP a level for a stranger in danger
ザッハ staff	customers	お客様 / 3名様	敬語 (service)	000001E3	—	standard restaurant register
navigator (000000F2)	the player	<name>様	最上級敬語 (ございます, わたくし)	000000F2	—	menu/system voice; CAST block granted per brief -> Q006, Q007
古郡なつみ	五島絵梨奈	五島; 五島ってば	タメ口, teasing-affectionate	00000473	000001E3 row (タメ口, warm)	00000473:11:33 "ふふ、五島ってば。やっぱりかわいい後輩だね" — she names the junior relationship out loud for the first time; 3p: かわいい後輩
新村春花	五島絵梨奈	五島; お前; バカ／バカかよ	タメ口, rough but no longer teasing	0000033D	000001E3 row (rough teasing)	0000033D:11:25/55/58/64/66 — ~8 バカ in one file, all affectionate; the register has stopped being play and become need
五島絵梨奈	新村春花	先輩 (bare, no surname)	敬語 (です・ます), unbroken	0000033D	000001E3 row (新村先輩)	once they are alone the surname drops and 先輩 stands alone; 新村先輩 returns in her narration. Both forms coexist from here.
新村春花	古郡なつみ (to her severed head)	なつみ; お前	タメ口, tender	00000366	—	00000366:11:86 — same address forms, opposite tone. Do not change the words.
五島絵梨奈	五島桃子	お姉ちゃん	タメ口, flat and guarded	0000034C	—	0000034C:11:12-21; 3p: お姉ちゃん. She never uses a name or a nickname.
五島桃子	五島絵梨奈	あんた	blunt タメ口, deflecting ～し	0000034C	—	0000034C:11:15; she never uses 絵梨奈 to her face. 3p: あんた
五島桃子	guests (新村春花)	no address form	full 敬語, bright hostess voice	0000034C	—	0000034C:11:33-34 — the switch from the あんた register is instant and 五島 notices it
五島's mother	五島絵梨奈	絵梨奈 (bare given name)	タメ口, warm-maternal, question-heavy	000002F6	—	000002F6:11:30, 11:36; 000002F8:12:8
五島絵梨奈	五島's mother	お母さん	タメ口	000002F8	—	000002F8:12:7; 3p: お母さん
五島's father	五島絵梨奈	絵梨奈; 絵梨奈ちゃん (drunk); お前	タメ口, shouted, ～んだぞ	000002F8	—	000002F8:12:15-17; he refers to himself as おとーさん
五島's father	五島桃子	桃子 (bare given name)	タメ口	000002F8	—	000002F8:12:17, referred to, not addressed
古郡茜	五島絵梨奈	五島ちゃん	タメ口, warm (～なさいな)	0000034C	—	0000034C:11:302-303 — the first time an adult addresses 五島 directly; ちゃん, not さん
五島絵梨奈	伊勢大二郎	警部補殿; 伊勢さん	敬語 + ～であります military pastiche	000004A7	—	000004A7:11:61, 11:42 — the SAME comic layer she aims at 春花 as 旦那, retargeted -> Q019, Q055
伊勢大二郎	五島絵梨奈	君 -> 五島絵梨奈さん	plain-form barking, then flustered 丁寧	000004A7	—	000004A7:11:33 (君) shifts to 11:94 (五島絵梨奈さん) once he recognises the name; his pronoun goes 私 -> 俺
元木警察署 colleagues	伊勢大二郎	伊勢警部補; 警部補	敬語 to his face, タメ口 gossip behind his back	000003B4	—	000003B4:8:14 (behind) vs 8:27-28
伊勢大二郎	subordinates	おい; 巡査部長 (by rank)	plain-form command	000003BC	—	000003BC:8:9; 000004A7:11:102 — he addresses by rank, never by name
unnamed detective (0000037D)	五島絵梨奈	君; 五島絵梨奈さん	丁寧, folksy	0000037D	—	0000037D:11:43, 11:50; a different officer from 伊勢 (age mismatch, 000004A7:11:26)
unnamed interviewer (000003AE)	unnamed patient	no address form; ××さん on the phone	soft タメ口 to the patient, 丁寧 to colleagues	000003AE	—	the patient is never named; the blank is the point -> Q045, Q046
佐波放送 reporter	bystanders	すみません	丁寧 broadcast register	000003A8	—	000003A8:8:5; the register survives the harassment, the sentences do not
伊勢大二郎	五島絵梨奈	五島ちゃん	plain-form 俺 register, embarrassed-friendly	000004BB	000004A7 row (君 / 五島絵梨奈さん)	000004BB:8:42, and the narration names the change at 8:43 ("伊勢さんの私の呼び方は「五島ちゃん」になったようだ"). Holds for the rest of the chunk (00000522:11:38, 11:73).
五島絵梨奈	伊勢大二郎	おじさん	敬語 (です・ます) but with the comic layer gone	000004BB	000004A7 row (警部補殿)	000004BB:16:37, and he reacts to it at 16:38. One formal exception: 「伊勢警部補。」 at 00000522:11:77, used only to thank him while bowing — the rank returns exactly when she is most serious.
伊勢大二郎	古郡なつみ	古郡さん; 古郡なつみさん	plain-form 俺 register, gentle and hedging	00000538	—	00000538:11:25 (full name, procedural), 11:151, 11:158 (古郡さん). Never なつみちゃん. 3p to 五島: 古郡さん (00000522:11:73)
古郡なつみ	伊勢大二郎	伊勢さん	敬語 (です・ます), unbroken	00000538	00000024 row (casual + さん, mentioned only)	00000538:11:42-67 — first time they speak. She uses です・ます to him in every file of this chunk; she uses it to no other living adult.
伊勢大二郎	新村春花	新村さん; 新村春花さん	plain-form, careful, never accusing	00000550	—	00000550:11:21-22, 11:73, 11:92; 00000538:11:98. He is the only adult who addresses her as a person rather than a suspect.
新村春花	伊勢大二郎	no address form; おじさん once	タメ口, no 敬語 at all	00000550	—	00000550:11:25 ("どうして？　さっきの取り調べではバカバカしいって……"), 11:130 ("ありがとう、伊勢さん！"). She never uses 敬語 to a police officer. Consistent with her CAST, and it is a characterisation, not rudeness.
五島絵梨奈	古郡茜	おばさん	敬語 (です・ます), used as an accusation	00000522	—	00000522:11:86 (warm), then 11:102-128 — the same おばさん and the same です・ます while she says 「だから私はあなたを許せません……！」 and 「自首して下さい！」. Nothing in the surface form changes. Again at 0000057B:11:39.
五島桃子	五島絵梨奈	絵梨奈 (bare given name)	blunt タメ口, but she came	0000057B	0000034C row (あんた)	0000057B:11:89 — her first use of the given name on screen, at a police station at midnight. 11:96 「ったく……いつまでたってもガキなんだから……」 keeps the roughness.
五島絵梨奈	五島桃子	おねえちゃん (stretched, wailing)	no 敬語, no pastiche, childlike	0000057B	0000034C row (flat and guarded)	0000057B:11:94-95 — 「おねえちゃーん！　新村先輩が……！」 and she cries 「幼稚園児のように」. The only person who gets this voice.
新村美冬	古郡なつみ	なつみちゃん	flat, level, feminine plain form; NO elongation	00000564	000001DD row (elongated ～ねー！)	00000564:11:179-180 — same address form, and every marker of her usual voice removed. The absence is the reveal.
新村美冬	新村春花	春花 (bare given name)	flat imperative	00000564	—	00000564:11:191 「行くわよ、春花……」 — her only on-screen line to her daughter, and it is the last one.
古郡良治	古郡なつみ	なつみ (bare given name)	タメ口, warm-teasing, 俺	00000538	—	00000538:11:105-116 (flashback); 00000564:11:104-118 (letter, 3p). He never uses なつみちゃん.
古郡良治	古郡茜	茜 (bare given name); お前	plain, terse, imperative	00000564	—	00000564:11:97 (「茜へ」), 11:109 (「お前にはもう言ってあるが」), 11:119 (「頼むぞ」). The letter register.
古郡良治	新村春花	春花ちゃん	タメ口 + ちゃん	00000538	—	00000538:11:109, 11:114; 00000564:11:105-118. He uses ちゃん for both non-family girls.
古郡良治	五島絵梨奈	五島ちゃん	タメ口 + ちゃん	00000538	—	00000538:11:109, 11:114 — surname + ちゃん, the same form 伊勢 later lands on independently.
古郡良治	新村美冬	美冬さん	plain + さん, wary	00000564	—	00000564:11:102, 11:113-114 — he keeps the さん while calling her a threat. 3p only; they never speak on screen.
古郡なつみ	古郡良治	お父さん	タメ口	00000538	—	00000538:11:102-119; she talks to the body in the same register she used to his face
unnamed 西佐波警察 radio	伊勢大二郎	no address form	丁寧 radio procedure (了解しました, どうぞ)	000004F9	—	000004F9:11:136-143; the 「――」 inside these lines are dropouts, not speaker markers -> Q064
ザッハ high-school customers	each other	no address form	タメ口 whispering, ～だって hearsay	00000564	—	00000564:11:3-5; they refer to the girls only as 「あの子」 and 「あの3年」. Keep both vague.
五島桃子	古郡なつみ／新村春花 (as customers)	お客様 (implied); お三方	最上級敬語 (わたくし, ～でございます, ～くださいませ)	000005C1	—	000005C1:11:26-30, 11:300-301 — a THIRD register above her hostess 敬語, identical in surface form to the navigator of 000000F2 -> Q075
五島桃子	五島絵梨奈	五島様	最上級敬語, in front of customers	000005C1	0000034C row (あんた); 0000057B row (絵梨奈)	000005C1:11:289-293 — she serves her own sister by surname + 様 and does not break register while the table can hear
五島桃子	五島絵梨奈	no address form	blunt タメ口 (～なさいよ), leaning in	000005C1	000005C1 row (五島様)	000005C1:11:304-305 「この2人、他の人に見つかったまずいんでしょ？　早く行きなさいよ」 — the mask drops for exactly two lines and goes straight back on
五島絵梨奈	五島桃子	お姉ちゃん	stunned, 敬語 collapsing	000005C1	0000034C row (flat and guarded)	000005C1:11:290 「え！？　お、お姉ちゃん……！？」 — the same word as 0000034C, used in public by accident
元木成金 madams	each other	奥様	～ざますわ／～ですわ, stereotyped wealthy-lady	000005C1	—	000005C1:11:39-50; 21:32-42. A class register with no EN equivalent -> Q074
伊勢大二郎	五島絵梨奈	君; 五島さん	flustered 丁寧 over plain form; 私	000005D6	000004BB row (五島ちゃん)	000005D6:11:130, 11:135. A DIFFERENT branch: here they have never met, so 五島ちゃん has not happened yet. Do not carry the later form back.
五島絵梨奈	伊勢大二郎	伊勢さん; おじさん	敬語 (です・ます), no comic layer	000005D6	000004A7 row (警部補殿)	000005D6:11:94, 11:116-118 — おじさん arises independently in this branch too, and he reacts to it the same way (11:117)
伊勢大二郎	古郡なつみ	古郡なつみさん; 古郡さん; 君	私 register when announcing himself; plain-form barking otherwise	0000062C	00000538 row (俺 register, gentle)	0000062C:19:18 「私は元木警察署の伊勢だ！　君を保護しに来た！」 through a locked door; 00000641:11:55 「古郡さん何してる！」. The 私 comes back when he is being an officer at someone.
伊勢大二郎	古郡茜	古郡さん	plain form, urgent	00000641	—	00000641:11:129, 11:146 — the same 古郡さん he uses for the daughter, and the scene does not disambiguate
古郡茜	伊勢大二郎	伊勢さん	丁寧, broken by pain	00000641	—	00000641:11:147 「い……伊勢さん……。私はもう……ダメだから……」
古郡茜	古郡良治	良治君	plain + 君 on a husband	00000641	—	00000641:11:122-124 「良治君は……／お父さんはね……」 — she corrects herself mid-line into the child's kin term. The only spousal address form in the project.
古郡茜	新村美冬	美冬; あの子	flat, distancing, no suffix	00000641	000001DD-era (childhood friends, 茜/美冬 by given name)	00000641:11:138 「美冬は……あの子は……」 — the ちゃん and the warmth are gone; 3p only
古郡茜	新村春花	春花ちゃん	タメ口 + ちゃん, 3p	00000641	—	00000641:11:135, 11:142 「なつみには、春花ちゃんがいるじゃない……」
古郡なつみ	古郡茜	お母さん	タメ口, shouted, pleading	00000641	000001DB row (タメ口)	00000641:11:133-154 — the same word she has always used, now used over a dying body. Do not formalise it.
バレー部顧問	古郡なつみ	古郡 (surname, no suffix)	乱暴 coaching タメ口	00000617	—	00000617:8:46, 8:52, 8:178, 8:218. The ONLY person who used bare 古郡 before 五島 did; 五島 says so at 8:102
unnamed バレー部 teammates	古郡なつみ	古郡	タメ口, muttered within earshot	00000617	—	00000617:8:117-119 — three lines about her, not to her
古郡なつみ	五島絵梨奈	五島 (surname, no suffix)	タメ口, friendly	00000617	—	00000617:8:100 — the ORIGIN of the address form, two years before the story present; 8:102-109 is 五島's reaction to it -> Q037
五島絵梨奈	古郡なつみ	先輩; 古郡先輩	敬語 (です・ます) from her very first line	00000617	000001E3 row	00000617:8:67 「あの……お疲れ様です……」 — the 敬語 predates the friendship, so it was never chosen
五島絵梨奈	屋台の店員	お兄さん	敬語 with a wheedling 「だ・か・らー！」	0000066B	—	0000066B:11:9-12; he never speaks on screen
新村春花	古郡なつみ	なつみ	タメ口, deliberately cheerful	0000066B	00000024 row	0000066B:11:32-47 — the same doorstep scene as 000001DB:15:28-43 from 春花's side. Identical JP must get identical EN -> Q083
unnamed caller (00000656)	お姉ちゃん (on the phone, unheard)	お姉ちゃん	タメ口, calm and cheerful	00000656	—	00000656:11:172-183 — one side of a call; the speaker is never named or gendered -> Q080
新村春花	新村美冬	お母さん	タメ口, blunt but protective	00000697	—	00000697:8:33, 8:142, 8:190 — their first on-screen conversation. She argues with her, tells her she is over 40, and begs her to work less. 3p: お母さん / うちのお母さん. Same word in the 00000682 flashbacks at 11:81, 11:91.
新村美冬	新村春花	春花 (bare given name); 春花ー！ (called through the flat)	タメ口, elongated ～ねー！／～わよー！, high volume	00000697	00000564 row (flat imperative, no elongation)	00000697:8:30, 8:158, 8:162 — register 1 at full strength for a whole file. The 00000564 row is the SAME woman with every marker stripped; both rows are live and belong to different branches.
新村美冬	古郡なつみ	なつみちゃん	タメ口, warm, elongated — then flat	00000697	000001DD row	00000697:8:162-169 warm; 8:197-198 「今日はなつみちゃんと……／仲良くね」 with nothing in the eyes or voice. Same address form, two temperatures, three cells apart. -> Q106
新村美冬	新村栄一郎	お父さん	タメ口, present tense about a dead man	00000697	—	00000697:8:143 「お父さんは若いまま亡くなったのに、私1人だけおばちゃんになったら申し訳ないでしょー？」; 3p only, always the child's kin term
新村春花	新村栄一郎	お父さん	タメ口 + 敬語 at the shrine	00000682	00000024:47 row	00000682:11:217-218 「お父さん、今年は行けなくてごめんなさい。いつも私はお父さんのことを思っています。」 — she switches into です・ます to address the portrait, the only time she uses 敬語 to anyone
新村春花	御子神	御子神さん	タメ口, hesitant (「ね、ねえ。」)	00000682	—	00000682:11:44 — surname + さん to a classmate, the politest form she uses to anyone her own age
unnamed 女ケ沢市 bullies	御子神 / 新村春花	御子神; 新村; お前; こいつ	乱暴 タメ口, shouted	00000682	—	00000682:11:41-43 (primary school), 11:154-166 (middle school). Bare surname used as an attack — the same form that is a gift when なつみ uses it on 五島 (00000617:8:100) -> Q037
unnamed woman on the phone	新村春花	春花 (bare given name)	soft タメ口, every line opened with 「ん……」	00000697	—	00000697:8:61-87; she is never named, never placed, and 春花 never addresses her back by anything -> Q091
新村春花	unnamed woman on the phone	no address form; ばあちゃん and 夏菜 in 3p	タメ口, guarded	00000697	—	00000697:8:72 「なあ……ばあちゃん、怒ってないか？」, 8:78 「あーあいつか」 for 夏菜. She uses ばあちゃん to the caller but the caller says おばあちゃん.
谷崎	3年1組 students	みなさん	丁寧 (school notice), with mistakes in it	00000697	—	00000697:8:46-50; email text only, no spoken line. Contrast 向井 (000001DD), who is correct -> Q088
五島絵梨奈	新村春花	新村先輩; 先輩	敬語 (です・ます) with the pastiche live, then ～っす for one gag	000006E0	000005C1 row	000006E0:16:105-115 「手に収まらないっすねえ」「別に減るもんでもないっすよお」 — です・ます decays into っす while she gropes her, and returns intact at 16:147 -> Q094
古郡なつみ	新村春花	春花	修羅 register: ～かしら／～わ／～のよ, mock-gracious	000006F9	000006E0 row (タメ口, soft)	000006F9:17:86, 17:202, 17:214, 17:243 「さすが春花ね。私の親友なだけのことはあるわ。」 — the address form never changes; everything around it does -> Q077
古郡なつみ	五島絵梨奈	五島; あのちんちくりん (3p)	修羅 register, gloating	000006F9	00000473 row (タメ口, teasing-affectionate)	000006E0:16:129 「このチビの幼児体型がよくまあそんなことを！」; 000006F9:17:244 「あのちんちくりんとは、一味も二味も違うわ！」 — she insults 五島 to 春花's face, in the third person, while 五島 is at the table
古郡なつみ	新村春花	戦友; 春花	mock-archaic 老人 register, small-kana slurring	00000761	000006F9 row (修羅)	00000761:8:15-21 「ゃぁ……戦友……。」「すまぬのお、春花……。BDDP戦争が終わってもう、どれくらい経ったかのう……」 — a third comic voice, stacked on the second -> Q104
新村春花	古郡なつみ	なつみ; お前	タメ口, pleading, hands held	00000761	00000024 row	00000761:8:130-157 — the same お前 she teases with, now used to ask for help over a death. Do not soften it into a gentler word.
古郡茜	五島絵梨奈	no address form (phone)	丁寧 (unheard side of a call)	00000731	—	00000731:8:118-120 — 五島 answers なつみ's phone; only 五島's half is on screen. The caller is a police-station number, relayed as 「先輩のお母さん！？」
新村美冬	大魔女	大魔女様	最上級敬語, kneeling (お詫びいたします, ご存じなのですか)	00000779	—	00000779:8:43-8:53 — she goes to her knees in blood and holds the register through the whole interrogation; 3p: 栄一郎さんのお母さん (000008A2:8:127), お義母さん (8:129)
大魔女 (新村春花 impersonating)	新村美冬	美冬さん	丁寧 (です・ます) carrying flat imperatives (顔を上げなさい, 答えなさい)	00000779	—	00000779:8:31-8:97 — 春花 performing her grandmother; polite surface, total command underneath, no marker of her own register -> Q109
新村春花	新村美冬	お母さん	タメ口, blunt, shouted across a prison visiting table	000007A5	00000697 row	000007A5:8:66-8:121 — the same word as always, now used to tell her she is still loved; 8:100 「バカなこと言ってんじゃねえよ！」 is aimed at her mother for calling herself a failure
新村美冬	新村春花	春花	flat, level, no elongation, no exclamation marks	000007A5	00000564 row; 00000697 row	000007A5:8:123-8:136 — register 2 sustained for a whole scene, ending on the 四月八日 sentence repeated with a smile -> Q106
金井美冬	古郡茜	茜 (bare)	タメ口, dependent, ～よお and うぎゅ	000007BC	000001DD row	000007BC:8:10 onward — same word as the adult row, opposite power balance; 3p: 茜
古郡茜	金井美冬	美冬; あんた	タメ口, cool-elder-sister, ～なさい／～わよ	000007BC	000001DD row	000007BC:8:101 「あんたねえ……」 (five times across the chunk); 美冬 is her ordinary form, あんた her exasperated one
金井美冬	新村栄一郎	栄一郎さん	敬語 (です・ます), never dropped, not even after marriage	000007D3	—	000007D3:11:188 onward; still 栄一郎さん at 00000818:11:198 and 0000082F. The only married couple in the project where one side keeps 敬語
新村栄一郎	金井美冬	美冬さん -> 美冬ちゃん	丁寧 (です・ます) then plain-warm	00000818	000007D3 row (美冬さん)	000007D3:11:199 through the courtship; 00000818:11:29 「美冬ちゃん」 after the marriage. He never uses 呼び捨て on anyone
新村栄一郎	古郡良治	良治 (bare)	タメ口, still 僕	000007D3	—	000007D3:11:86 「おい良治……！　勘弁してくれよ……！」 — the only person he speaks to plainly, and even then the pronoun does not change
古郡良治	新村栄一郎	栄一郎 (bare); お前	タメ口, 俺, rough-affectionate	000007D3	—	000007D3:11:91 「そう力むなって」; 0000082F:11:130 「おい、栄一郎、無理するな！」. High-school friends, then colleagues at the same desk
古郡良治	新村美冬	美冬さん	plain form with さん, wary and then hostile	0000082F	00000564 row (3p only)	0000082F:27:4 「おい美冬さん！　落ち着け！」; 000008A2:8:50, 8:100. The first time they speak on screen anywhere in the project
新村美冬	古郡良治	良治さん	丁寧-ish タメ口 with さん	000008A2	—	000008A2:8:75; in the letter 00000874:11:51 「できれば良治さんにも来てもらってください」
古郡茜	古郡良治	良治君	タメ口, ～君 on a boyfriend and then a husband	000007BC	00000641 row	000007BC:8:80 「良治君のこと？」 — the same 良治君 she uses while dying at 00000641:11:122, twenty years later
古郡良治	古郡茜	茜 (bare); お前	タメ口, 俺	0000082F	—	0000082F:11:85 「なあ茜、さっきなつみに100円渡したんだ」; 00000846:11:15 「美冬さんとお前って、いつから知り合いなんだっけ？」
新村栄一郎	古郡茜	茜ちゃん	丁寧-warm, 僕	000007D3	—	000007D3:11:67; 00000818:11:156. ちゃん on an adult woman, the same habit 古郡良治 has with 春花ちゃん and 五島ちゃん
古郡良治	古郡なつみ (aged 4-6)	なつみ; お前	タメ口, 俺, warm-teasing	0000082F	00000538 row	0000082F:11:141 「なつみ！　そこをどきなさい！」; 0000085D:11:9 「よしよし、偉いぞなつみ」. Identical forms to the 00000538 flashback twelve years later
古郡なつみ (aged 4)	古郡良治	パパ	child タメ口	0000082F	—	0000082F:11:24 「ねえねえパパ！　ジュースちょうだい！」; 15:0 「ねえパパ、危ないよ」
古郡なつみ (aged 6)	古郡良治	お父さん	child タメ口	00000846	0000082F row (パパ)	00000846:11:37 「お父さん、今日は会社の車に乗らないでね」. The switch happens between 祀耀788 and the school-entrance year and is never remarked on
古郡なつみ (aged 4)	新村栄一郎	おじさん	child タメ口	0000082F	—	0000082F:11:26 「おじさん、私も！」
新村栄一郎	古郡なつみ (aged 4)	なつみちゃん	タメ口 + ちゃん	0000082F	—	0000082F:11:123 「なつみちゃん、泣かないでよ。ほら、おじさんがとってきてあげるから」 — his last words
新村栄一郎	新村春花 (aged 5)	春花	タメ口, father to daughter	0000082F	—	0000082F:11:37 「こらこら春花、そんな泣くことないだろ」
新村春花 (aged 5)	新村栄一郎	パパ	child タメ口	0000082F	00000682 row (お父さん, to the 遺影)	0000082F:11:46 「パパ！　100円ちょうだい！」 — the only time she speaks to him alive
古郡なつみ (aged 6)	五島絵梨奈 (aged 4)	絵梨奈ちゃん	child タメ口	00000874	00000617 row (五島, bare surname)	00000874:11:4 「絵梨奈ちゃん！　桃子ちゃん！　ばいばーい！」 — ten years before the bare surname of 00000617:8:100, and neither girl remembers it -> Q037
五島絵梨奈 (aged 4)	古郡なつみ (aged 6)	なつみちゃん	丁寧 (です・ます) already	00000874	00000617 row (先輩)	00000874:11:3 「さよならなつみちゃん！」; 0000085D:11:168 「当たる確率はどっちも同じですよ？」 — the 敬語 and the probability habit are both in place at four
古郡なつみ (aged 6)	五島桃子 (aged 6)	桃子ちゃん	child タメ口	00000874	—	00000874:11:4
五島's mother	五島桃子 (toddler)	桃子	タメ口, tired-patient, defers rather than refuses	00000801	—	00000801:8:167 「桃子、その話はまた後でね」; 8:175 「ちょっと桃子……！　大きい声で言わないで……！」
プリマベラ staff	金井美冬	金井様; 古郡様、新村様; お連れ様	最上級敬語 (ございます, いたします, なされますか)	000007EA	—	000007EA:11:169, 11:188-190; 00000801:8:145. The identical register 五島桃子 uses in the same shop twenty years later -> Q075
古郡良治	後輩 (unnamed junior)	お前	plain-form command, 俺	00000846	—	00000846:11:122, 11:129 「おい、明後日はお前がこれを1人で持って行け」. He never uses the junior's name, and the junior is never named
後輩 (unnamed junior)	古郡良治	古郡さん	丁寧 with ～っす as a baseline	00000846	—	00000846:11:55 「古郡さん、そろそろ出る時間っすよ」 — the same っす that is a one-off gag for 五島 at 000006E0 is this man's ordinary voice -> Q094
外崎 (古郡茜's parents)	古郡良治	良治さん	丁寧-warm; the father in unparsable dialect	0000088B	—	0000088B:35:42 「良治さん、茜、お疲れ様」; 35:52 「ええがだええがだ。だっだどいぎゃ！」, which 良治 says outright he cannot follow (35:53)
古郡良治	外崎 (古郡茜's parents)	お義父さん／お義母さん	丁寧, son-in-law register	0000088B	—	0000088B:35:41-35:56; he is thinking, while she pours tea, that her mother is where the whole story started (00000846:11:17-11:20)
五島絵梨奈	伊勢大二郎	おじさん	敬語 (です・ます), comic layer live	00000779	000004BB row; 000005D6 row	00000779:8:125-8:126 — a THIRD independent branch in which she arrives at おじさん on her own and he reacts the same way. Three branches, no shared history, same joke
古郡なつみ (aged 6)	新村美冬	おばちゃん	child タメ口, affectionate	000008B9	000001DD row (おばさん)	000008B9:29:10, 29:16, 29:19, 40:0. The adult なつみ says おばさん; the child says おばちゃん. Both are live and they belong to different ages, not different branches
新村美冬	古郡なつみ (aged 6)	なつみちゃん	タメ口, warm and then flat	000008B9	000008A2 row (openly hostile)	000008B9:29:13-29:18 she answers the hug; 29:40-29:43 she catches herself doing it. 良治 reads the whole day off this one face
古郡良治	新村美冬	美冬さん	plain + さん, pleading	000008D0	000008A2 row	000008D0:46:116 「美冬さん待ってくれ！」. The さん survives the mace, exactly as it survived the letter
新村美冬	古郡良治	良治さん	丁寧-ish タメ口 with さん, unchanged while killing him	000008D0	000008A2 row	000008D0:33:45, 33:51, 33:54 「じゃあ――良――治さん――。」 Nothing in the address form moves. Do not harden it in EN
新村美冬	古郡茜	茜	タメ口, jealous then murderous	000008D0	000007BC-era (childhood friends)	000008D0:33:6-33:8 「そうやって茜はいつも私の先を行って」; 33:33 「茜はどうしてほしい？」. The bare given name throughout
古郡茜	新村美冬	美冬; あんた	タメ口, cool-elder-sister, unchanged in twenty years	000008E8	000007BC row	000008E8:8:208 「美冬……／あんたは昔から……」, 8:261 「あんたねえ……」, 8:254 「ちゃんと、ご検討下さい」. The same two forms and the same spelt-out imperative
新村美冬	新村栄一郎	栄一郎さん	敬語 (です・ます) to a man twelve years dead	000008E8	000007D3 row	000008E8:8:274, 8:276, 8:291 — 3p and vocative both keep the さん and the です・ます
古郡なつみ	古郡良治	お父さん	タメ口, bossy-affectionate	00000916	00000538 row (the mortuary)	00000916:31:19-31:22, 31:52, 31:57. He is alive in this branch and she orders him about; she also lies to him about where a warning came from (31:60)
古郡良治	古郡なつみ (aged 16)	なつみ	タメ口, 俺, warm-teasing	00000916	0000082F row	00000916:31:27-31:29, 31:41. Identical forms to the ones he used when she was four
新村春花	古郡良治	おじさん	タメ口, breezy	00000916	00000538 row (春花ちゃん, from his side)	00000916:31:70 「おじさん、こんちわー！」 — she walks into their flat without knocking
新村美冬	古郡なつみ	なつみちゃん	register 1 at full strength, used deliberately to comfort	0000092D	00000697 row; 00000564 row	0000092D:11:150-11:157 — an annual ritual: she sees the guilt on なつみ's face and buries it in a story about her husband. A THIRD state of the same woman. EN keeps every stretched vowel here
古郡なつみ	新村美冬	おばさん	タメ口, grateful	0000092D	000001DD row	0000092D:11:154 「ありがとう、おばさん……。／おばさんって、すごく強い人なんだね……」
新村春花	新村茅萱	チガ姉	タメ口, blunt, family-familiar	00000944	—	00000944:8:21, 8:26, 8:59. A kin suffix on a cousin, not an elder sister -> Q137
新村茅萱	新村春花	春花 (bare given name)	soft タメ口, every line opened with 「ん……」	00000944	—	00000944:8:23 「ん……春花ったら、やっと気づいてくれたのね。」
新村茅萱	古郡なつみ	なつみちゃん	soft タメ口; she bans 茅萱さん and bans 敬語	00000944	—	00000944:8:161, 8:173 「私たち、先輩でも後輩でもないでしょ？」 — the only character who negotiates her own address form on screen
古郡なつみ	新村茅萱	茅萱さん -> チガ姉	敬語 -> タメ口, forced	00000944	00000944:8:160 row	00000944:8:160 「茅萱さん」, banned at 8:161; 8:162-8:164 春花 settles it on チガ姉. Her 敬語 to an adult is overridden for the first time in the project
新村茅萱	五島絵梨奈	五島ちゃん	soft タメ口, predatory-doting	00000944	—	00000944:8:47, 8:52, 8:68. The same form 伊勢 and 古郡良治 arrive at independently
五島絵梨奈	新村茅萱	チガ姉	敬語 (です・ます) with the pastiche live, used as an attack	00000989	00000944:8:78 row (「あれは何者ですか」)	00000989:11:56-11:66 「外見しか取柄のない見かけ倒しのチガ姉に、男は幻滅したんじゃないですかねえ」 — not one word leaves です・ます
新村美冬	新村茅萱	茅萱ちゃん	タメ口, elongated	00000944	—	00000944:8:136 「はいはい茅萱ちゃんも五島ちゃんも、シートベルト締めて！」
新村茅萱	新村美冬	叔母さん	soft タメ口 with 「ん……」	0000095B	—	0000095B:11:1 「ん……叔母さん、ずいぶん運転がうまくなったのね」 — 叔母 (aunt by marriage), written with that kanji
新村春花	新村エリカ	ばあちゃん; このコスプレババア	タメ口, rough, affectionate	0000095B	—	0000095B:11:77, 11:93, 11:135. The insult is the affection; do not soften it
新村エリカ	新村春花	お前; 春花	乱暴 タメ口 — but she is impersonating 春花 while she does it	0000095B	—	0000095B:11:71 「お前ら！　遅いぞ！」, 11:92 「クソして待ってな」 — one notch coarser than the real 春花 -> Q140
新村エリカ	古郡なつみ	お前 -> なつみ	乱暴 タメ口 in character, warm out of it	0000095B	—	0000095B:11:84 「お前がなつみか！」; 000009CF:11:58-11:59 「なつみちゃんと春花の仲は、昔からよく聞いていたよ」 — the ちゃん only arrives when she stops performing
古郡なつみ	新村エリカ	おばあさん	敬語 (です・ます)	0000095B	—	0000095B:11:83 「古郡なつみです！　今回は、よろしくお願いします！」; 000009A0:11:241 「おばあさん、この話って本当なんですか？」
新村美冬	新村エリカ	お義母さん	敬語 (です・ます), deferential	0000095B	—	0000095B:11:49 「お義母さん、戻りましたー！」; 000009A0:11:104 「お義母さん、その話は……」 — she tries to stop her and is overruled
新村エリカ	新村美冬	美冬さん	plain, and used to give orders	00000989	—	00000989:11:94-11:100 「美冬さん、今からやること、分かりますね？」 「は……／はい……」; 000009A0:11:133 「美冬さん、電気を」. The only person 美冬 obeys
新村エリカ	五島絵梨奈	五島ちゃん	warm タメ口 out of character	000009A0	—	000009A0:11:247 「次は五島ちゃんだね。飛び切りのやつを頼むよ」
五島絵梨奈	新村エリカ	おばあさん; 五島エリカ	敬語 (です・ます), pastiche live	00000989	—	00000989:11:33 「ここにおわすは五島エリカじゃないですか！」 — she answers an impression of herself by naming the impersonator
新村春花	新村幸太郎	幸太郎伯父さん; 幸太郎さん; あのデブ (3p)	タメ口, exasperated	0000095B	—	0000095B:35:14, 35:97; 00000989:11:104. The 3p insult is the same shape she uses on her grandmother
新村幸太郎	新村春花	春花ちゃん	タメ口, indulgent, laughs instead of acting	0000095B	—	0000095B:35:98 「はっはっは！　いいじゃないか！」
新村幸太郎	新村栄一郎	栄一郎 (bare)	タメ口, plain, 俺	0000095B	—	0000095B:35:21 「俺は新村幸太郎って言って、栄一郎の双子の兄だ」 — he uses 俺 and then 僕 in the very next cell (35:22)
古郡なつみ	新村幸太郎	幸太郎さん	敬語 (です・ます)	0000095B	—	0000095B:35:29 「さっきの女の子の声も、幸太郎さんが……？」
新村夏菜	新村幸太郎	パパ	child タメ口	0000095B	—	0000095B:35:37 「さっすがパパ！」 — at ten, the same form なつみ used at four (0000082F:11:24)
新村幸太郎	新村夏菜	夏菜 (bare given name)	タメ口, resigned	0000095B	—	0000095B:35:35 「おい、夏菜……。いるんだろ？」
新村夏菜	古郡なつみ	なつみちゃん	over-familiar タメ口, question-storm	0000095B	—	0000095B:35:39-35:44 — she introduces herself with her full name five times in five cells
新村夏菜	新村春花	春花ちゃん	タメ口, needling	0000095B	—	0000095B:35:51-35:54 「春花ちゃん口悪ーい！　だからモテないのよねー！」 — ちゃん on a person she is attacking. Keep the mismatch
新村春花	新村夏菜	夏菜; このクソガキ; ガキ	乱暴 タメ口, shouted at a ten-year-old	0000095B	—	0000095B:35:52, 35:55; 000009A0:11:45. Her くそ ceiling holds; うっせえ and クソガキ are new but no stronger
新村夏菜	新村茅萱	お姉ちゃん	child タメ口, admiring	0000095B	—	0000095B:35:103 「お姉ちゃん！　私今日は五島ちゃんと一緒に寝るの！」; 00000972:11:49
新村茅萱	新村夏菜	夏菜 (bare given name)	タメ口, competing with her	0000095B	—	0000095B:35:102 「ん……あ！　夏菜ずるい！」
五島桃子	五島絵梨奈	あんた	blunt タメ口, deflecting ～し, but warning her	000009B7	0000034C row	000009B7:11:13-11:20 「あんた今から出かけるの？」 「あんた誰とも電話しないでよ。ちょっとやばい感じがするから」 — inside 五島's ghost story, set three months before 0000034C
先代大魔女	新村エリカ	あなた	最上級敬語 (～のです, ～ましたよね style), unshakeable	000009A0	—	000009A0:11:223-11:227 「私にまで殺した事実を伏せるとは、あなたはとても口が堅いのですね」 — the same register 春花 performs at 00000779 -> Q109
新村エリカ	the guests collectively	お客さん; お客さん方	warm タメ口, showman	00000972	—	00000972:11:173; 0000095B:11:133 「ちゃんとエンターテイメントってやつを提供しないとね！」
unnamed Chinese-restaurant waiter	古郡なつみ (aged 6)	お嬢ちゃん	～アルね pseudo-Chinese register	000008B9	—	000008B9:36:13 「ありゃーお嬢ちゃん！　中国語上手アルねー！」 — one line; a stereotype with no safe EN equivalent -> Q149
モトキザクラ様	A子's family	あなたたち	丁寧 request forms (くださいます？), then one flat statement	000009FE	—	000009FE:11:48 「ここで降ろしてくださいます？」; 31:1 「あなたたちは私のお友達。」 — two registers, four cells apart
街角の占い師	新村茅萱	お姉さん	rough-warm タメ口, no honorific, refuses payment	00000A18	—	00000A18:11:14 「ちょいと、そこのオッドアイのお姉さん」; she opens on a physical feature and never asks a name
204号室の女	新村茅萱	no address form	broken 丁寧 (です), three utterances total	00000A18	—	00000A18:11:94 「後で行きます……」; 11:135-11:136 「あ、あの……！／　お礼……です……！」. 茅萱 repeats her words back verbatim at 11:271
新村茅萱	204号室の女	あなた	soft 丁寧 with 「ん……」 intact	00000A18	—	00000A18:11:90, 11:146 「ん……あの……。あなたもオッドアイなんですね」 — the same sentence is said TO her at 11:276 by the other side of the loop
古郡なつみ	新村エリカ	エリカちゃん	タメ口 — her 敬語 is banned and she complies inside one cell	00000A30	0000095B row (おばあさん, 敬語)	00000A30:11:185-11:190 「わ……わかりました、／いや、わかったよ！　よろしくね、エリカちゃん！」. Second adult in the project to override her 敬語, after 新村茅萱 -> Q136
五島絵梨奈	新村エリカ	エリカちゃん	敬語 dropped on request; the pastiche stays off	00000A30	00000989 row (おばあさん; 五島エリカ)	00000A30:11:158-11:182 — she reaches for the given name first, unprompted, and it is what opens the exchange
新村エリカ	五島絵梨奈	絵梨奈ちゃん	warm タメ口, out of character	00000A30	000009A0 row (五島ちゃん)	00000A30:11:176-11:183 「はい、よろしく絵梨奈ちゃん」 — 五島 grants the given name to exactly one person and says why (11:164-11:168). The 呼び捨て wound answered from the opposite direction -> Q037
五島絵梨奈	新村夏菜	夏菜ちゃん	丁寧 but big-sister soft; no pastiche, no 作戦	00000A48	0000095B-era (fleeing her)	00000A48:26:0, 32:0 「夏菜ちゃん、眠くない？　大丈夫？」 — なつみ says she has never seen 五島 speak to anyone younger (26:1, 32:2)
新村夏菜	五島絵梨奈	エリ姉	child タメ口, adoring	00000AF7	0000095B row (五島ちゃん)	00000AF7:11:137 「本物のお姉ちゃんも好きだけど、エリ姉も大好き！」 — coined on screen, same kin-suffix shape as チガ姉 -> Q171, Q137
新村幸太郎	五島絵梨奈	五島ちゃん	plain タメ口, teacherly	00000AC4	—	00000AC4:11:29 「なるほどね。五島ちゃんはどう思う？」 — the same form 伊勢, 古郡良治 and 新村茅萱 all arrive at independently
新村幸太郎	古郡なつみ	なつみちゃん	plain タメ口, teacherly, one question per turn	00000AC4	0000095B row	00000AC4:11:36, 11:43 「なつみちゃん、おめでとう！　答えは『起』だ」; 19:53 「なつみちゃん……俺からも質問してもいいかな？」
新村幸太郎	新村サクラ	サクラ (bare given name)	タメ口, 俺	00000A7C	—	00000A7C:11:14 「サクラ、体調は大丈夫か？」; 00000AC4:19:24 「サクラ！　早く戻ってこい！」. Never さん, alive or dead
新村サクラ	新村幸太郎	幸太郎 (bare given name)	soft タメ口	00000A7C	—	00000A7C:11:15 「あ、幸太郎。うん、もうだいぶ平気」; 11:107 「幸太郎……ごめん……」
新村サクラ	新村春花 (aged 7)	春花 (bare given name)	warm タメ口, opens on a question about her	00000A7C	—	00000A7C:11:4 「春花、こんにちは。頭の怪我はどう？」; 11:10 「あら？　春花、前よりも元気そうね。いいこと、あったの？」
新村春花 (aged 7)	新村サクラ	サクラさん	タメ口, stammering with awe	00000A7C	—	00000A7C:11:5-11:6 「さ、サクラさん……／こここ、こんにちは……」 — the only person 春花 stammers at anywhere in the project
新村サクラ	新村美冬	美冬ちゃん	warm タメ口 (letter and 3p)	00000A94	—	00000A94:11:100 「大変な思いをしたのね……」; 11:110 「美冬ちゃん。」 opening the letter. 3p at 00000A7C:11:59 「そう言えば美冬ちゃんどこかしら？」
新村美冬	新村サクラ	サクラさん	丁寧 (です・ます), pleading	00000A94	—	00000A94:11:102 「サクラさんには、一切迷惑かけません」; 11:132 「ですから、サクラさんは……！」. Never drops the さん, including twelve years later at 00000B3F:11:124
新村エリカ	新村サクラ	サクラ (bare given name)	plain, level	00000A94	—	00000A94:11:16 「じゃあ、サクラの命日は？」; 11:151, 11:156. The bare given name for a dead daughter-in-law, matching 美冬さん for the living one
新村エリカ	新村美冬	美冬さん	丁寧 (です・ます) delivering the law, then dropped inside two cells	00000A94	00000989 row (plain, orders)	00000A94:11:129-11:135 「 掟 を破ることは、処罰の対象です」 then 「まあ……／いいんじゃないかね！／　何もなかったんだろ！？」 — the register 春花 performs at 00000779, in the real woman's mouth, and the drop is what kills サクラ
新村美冬	新村エリカ	お義母さん	最上級敬語, offering to take a punishment	00000A94	0000095B row	00000A94:11:124-11:131 「処罰は全てこの身で受けます……」
新村茅萱	新村夏菜	夏菜	soft タメ口, correcting	00000B0F	0000095B row	00000B0F:11:7 「ん……夏菜、ダメじゃない、家に着くまで話しかけたら」
新村夏菜	新村茅萱	お姉ちゃん	child タメ口, proud	00000B0F	0000095B row	00000B0F:11:5 「お姉ちゃん！　魔女継承おめでとう！」
古郡良治	古郡なつみ	なつみ	タメ口, 俺, then shouted	00000B27	00000916 row	00000B27:11:43 「もしもし、なつみか？」; 11:111 「なつみ！　早くそこから逃げろ！　すぐに荒田から逃げ出すんだ！」 — his last words in this branch
古郡良治	古郡茜	茜 (bare given name)	shouted command	00000B27	0000082F row	00000B27:11:108 「茜、早く逃げろ！」 — unchanged from twelve and twenty years earlier
古郡茜	古郡良治	良治君	shouted warning	00000B27	00000641 row	00000B27:11:109 「良治君ダメ！　裏も囲まれてる！」 — the same spousal form as 00000641:11:122 and 000007BC:8:80, in a different branch and in her last line
城崎 and the 荒田 attackers	新村エリカ	大魔女様	敬語, reporting a killing as a service done	00000B27	—	00000B27:11:137 「大魔女様。呪殺事件の犯人を始末できました」 — spoken down a phone she is not on, to the title rather than the person. Same vocative 新村美冬 uses at 00000779:8:43
伊勢大二郎	新村春花	新村さん	丁寧 (です・ます) on the phone, procedural-warm	00000B3F	00000550 row (plain-form, careful)	00000B3F:11:35-11:68. A branch where they have never met: です・ます throughout, no 俺, and he still does more than he is asked
新村春花	伊勢大二郎	no address form	です・ます — the ONLY time she uses 敬語 to anyone	00000B3F	00000550 row (タメ口, no 敬語 at all)	00000B3F:11:34 「新村です！」, 11:52 「私、今遠いところにいて、そっちに行けないんです！」, 11:55 「もう起こってるんです！」, 11:67 「本当に、感謝します」. Her CAST says she uses 敬語 to nobody; this is the exception and it must be visible in EN
新村幸太郎	新村茅萱	茅萱 (bare given name); お前	flat, unmodulated タメ口, 俺 absent	00000B9F	—	00000B9F:11:101, 11:112-11:114 「茅萱……。／お前まで……／お前まで、魔女に洗脳されてしまったのか……？」 — his only on-screen address to his elder daughter, and it is an accusation delivered without volume
新村茅萱	新村幸太郎	お父さん	タメ口, shouted, the 「ん……」 tic GONE	00000B9F	00000944-era (never addressed on screen)	00000B9F:11:108-11:110 「お父さん！　もうやめて！／私は……／お父さんの操り人形じゃない！」 — the only lines anywhere in which she does not open on 「ん……」. The absence is the point
新村幸太郎	新村夏菜	夏菜 (bare given name); お前	タメ口, coaxing then disbelieving	00000B9F	0000095B row	00000B9F:11:195 「夏菜、こっちに来なさい。お前はまだ子供だ。パパのそばにいなさい」; 11:223 「夏菜、何してるんだ！　お前が使ったらダメだろ！」; 11:272 「このガキ……！」 — the form only hardens at the very end
新村幸太郎	新村春花	春花ちゃん	タメ口 + ちゃん, gentle while refusing her	00000B9F	0000095B row	00000B9F:11:134, 11:143 「春花ちゃん……だったら仕方ない……。／なつみちゃんに直接聞くことにするよ……」 — the indulgent uncle's form kept intact through a hostage demand. Do not harden it in EN
新村幸太郎	古郡なつみ	なつみちゃん; 君	the same teacherly form, now used about a target	00000B9F	00000AC4 row	00000B9F:11:103 「なつみちゃんは……／本物の魔女だ……」 (3p, to his daughters); 11:158 「なつみちゃん。君がこちらへ来てくれたら、2人はこのままそっちに返すよ」. 君 appears once, in the hostage offer
新村エリカ	新村幸太郎	幸太郎 (bare given name); お前たち	plain, tired, no anger	00000B9F	—	00000B9F:11:326-11:330 「幸太郎……。／まったく、お前たちってやつは……」 and 「やっぱり、10年前のことは間違いだったんだよ」, said immediately after taking his arm off with a nata
新村幸太郎	新村エリカ	かあさん	broken across two cells, dying	00000B9F	—	00000B9F:11:328 「か……あさん……。／俺は……」 — the sentence never reaches a verb
新村春花	新村幸太郎	幸太郎さん; このデブ; この野郎	タメ口 to his face, then 乱暴	00000B9F	0000095B row (幸太郎伯父さん; あのデブ, 3p)	00000B9F:11:132 「幸太郎さん。なつみは見逃してやってくれよ……」, then 11:311-11:313 「くたばれ、このデブ！」「離せこの野郎！」. The 3p insult of 00000989:11:104 arrives to his face. Her くそ ceiling still holds
新村夏菜	五島絵梨奈	エリ姉 -> 偽者のお姉ちゃん	child タメ口, used as a rejection	00000B9F	00000AF7 row	00000B9F:11:208-11:211 「エリ姉……。／やっぱり、エリ姉は……／偽者のお姉ちゃんだもん。／本物のお姉ちゃんとパパがいい」 — four cells before she injects herself to save her. The text never says it was a feint
五島絵梨奈	新村夏菜	夏菜ちゃん	丁寧, older-sister register, run to the deathbed	00000BB7	00000A48 row	00000BB7:11:74-11:143 「夏菜ちゃん、助かったんだよ！」, 「だって私、夏菜ちゃんのお姉さんでしょ！？」, 「こんな頼りないお姉ちゃんで……」. No pastiche and no 作戦 anywhere in the file
新村春花	五島絵梨奈	五島; お前	タメ口, rough, used as comfort	00000BB7	0000033D row	00000BB7:11:131 「お前もチガ姉も……夏菜にとって最高のお姉さんだよ……」 and 11:134-11:138 「お前……。／もっと大事なことがあるだろ……。」 — the same お前 as the teasing, aimed at a girl holding a dead child's hand
五島絵梨奈	新村春花	新村様; 新村氏	最上級敬語 pastiche with 小生 and 御〜様	00000BD6	000006E0 row (新村先輩; 先輩)	00000BD6:11:0-11:20 「新村様！　そのお荷物、小生がお持ちします！」, 「さすが新村氏！」 — a THIRD comic tier above ゲス／旦那／御意, and 春花 names it as male language at 11:19 -> Q177
五島絵梨奈	古郡なつみ	古郡様; 貴女	最上級敬語 pastiche, same tier	00000BD6	000001E3 row (古郡先輩)	00000BD6:11:0, 11:8-11:13 「古郡様！　貴女の御尊母様がお作りになった、この握り飯！」 and 「貴女の御一統様はこの日の本の地を平らかにされる全知全能の神！」. The same tier aimed at 古郡良治 on the phone at 00000C50:11:106 (御尊父様) and he does not understand it
新村夏菜	五島絵梨奈	エリ姉	child タメ口, adoring, coined a SECOND time	00000BED	00000AF7 row	00000BED:11:121-11:123 「ダメ！　エリ姉は私のものなの！」 — a different branch, no shared history, the same child coining the same name for the same person. It is a property of 夏菜, not of that night -> Q171
五島絵梨奈	新村茅萱	チガ姉	敬語 (です・ます), warm, then used as an interrogation	00000C08	00000989 row (used as an attack)	00000C08:11:183 「おお、チガ姉詳しいですねえ！」 warm; 15:0 「どうしてチガ姉はそこまで詳しいんですか？」 and 19:13 「相談と言いつつ、いきなり嘘ですか？」. Not one word leaves です・ます across the turn
城崎	古郡なつみ	なつみちゃん	loud friendly タメ口, 俺, exclamation marks	00000C38	00000B27 row (no address form, to a victim)	00000C38:11:25 「えっと、なつみちゃんって言ったかな！？」 through 11:82. His first on-screen speech anywhere. One flat break: 11:94 「今のことは忘れた」
古郡なつみ	城崎	城崎さん	敬語 (です・ます), shouted over an engine	00000C38	—	00000C38:11:27 「はい！　春花と幼なじみの古郡なつみです！」, 11:67. The same です・ます she uses to 伊勢 and to no other living adult
城崎	新村美冬	美冬ちゃん	タメ口 + ちゃん, 3p	00000C38	—	00000C38:11:53 「飛んでるハエを鉈で切るのは得意だぞ！　美冬ちゃんに教えたことがあるんだ！」 — the same ちゃん-on-an-adult habit 古郡良治 and 新村栄一郎 have
城崎	新村エリカ	大魔女様 -> ここの長老	he starts the title and substitutes in front of an outsider	00000C38	00000B27 row (大魔女様, to her subordinates)	00000C38:11:33-11:34 「でも、大魔女様――／えっと、ここの長老が色々と変えていってるんだよ！」 — the self-correction is the characterisation -> Q191
五島絵梨奈	新村幸太郎	幸太郎さん	敬語 (です・ます) with the pastiche live	00000C68	00000AC4-era	00000C68:11:21 「あ、幸太郎さん！　古郡先輩って、この時期にだけ働く超能力があるんですよ！」, and 11:82 「なるほどですねえ。略奪愛ですねえ……」 — she needles the man she suspects, in perfect です・ます, in front of his mother
古郡茜	古郡良治	良治君	flat, practical, assigning a murder	00000CB3	000007BC row; 00000641 row; 00000B27 row	00000CB3:11:16 「良治君はここにいて。1人で何とかしてくるから」; 11:74-11:75 「私は女の子の方をやるわ。／良治君はもう1人の方を」. The spousal form is unchanged across twenty years and three branches, including here
古郡良治	近藤課長	近藤課長 (surname + rank)	丁寧-collegial, opened with a plain 「なあ」	00000CE3	—	00000CE3:11:68 「――なあ、近藤課長」. They hold the same rank; the 課長 is the whole address form and no given name is ever used
近藤課長	古郡良治	古郡課長	丁寧 (です・ます) with 「はっはっは！」	00000CE3	—	00000CE3:11:69, 11:74, 11:78. He laughs at his colleague's idea twice, explains why it is impractical, and never asks why it was asked
新村美冬	古郡良治	良治さん; 古郡良治さん	丁寧-ish タメ口 with さん, unchanged through the whole killing	00000CFA	000008D0 row	00000CFA:11:15 onward; 11:284 「ねえ良治さん……」, 11:367 「良治さん、これでお別れ」, 11:377 「ふう、さようなら、古郡良治さん」. A second branch, a second killing, the same さん. The only variation is the full name at the end
古郡良治	新村美冬	美冬さん	plain + さん, negotiating then blackmailing	00000CFA	000008D0 row (pleading)	00000CFA:11:15 「美冬さん、春花ちゃんを返してくれないか？」, 11:54-11:55. The さん survives a threat to confess to a triple murder, and survives the flaying
古郡茜	古郡良治	良治君	タメ口, restraining and then proposing	00000CE3	00000CB3 row	00000CE3:11:109 「良治君、それくらいにしなよ……」, 11:119 「良治君、提案があるんだけど……」, 11:122 「春花ちゃんを、うちで引き取ろうよ」. The same spousal form, used to propose the thing that gets him killed
城崎	古郡なつみ	なつみちゃん; 君; お姉ちゃん	loud friendly タメ口, 俺 — then flat when he is setting a trap	00000D11	00000C38 row	00000D11:11:10, 11:23; 11:32 「これが君を『コンビニ』まで乗せていく条件だ」 — 君 arrives together with the knife and the flatness; 00000D29:19:113 「あいよ、お姉ちゃん！　頼りにしてるよ！」, a third form, market-stall warm, used once
古郡なつみ	城崎	城崎さん	敬語 (です・ます), unbroken, including while holding a knife to his throat	00000D29	00000C38 row	00000D29:19:12, 19:30 「降ろして！」, 19:34-19:35 「早くしないと……!／　本当に刺す！」. The 敬語 never drops and the threat is delivered inside it
新村エリカ	城崎	城崎 (bare surname)	plain タメ口, her own voice	00000D59	—	00000D59:11:21-11:37, five times. No さん for a man of about fifty; she is the 長 and the form says so
古郡なつみ	新村エリカ	おばあさん -> エリカちゃん	敬語 -> タメ口, granted a second time in a second branch	00000D59	0000095B row; 00000A30 row	00000D59:11:160-11:161 「はい。／いや……分かったよ！　エリカちゃん！」. The same override as 00000A30, arrived at independently in a branch with no shared history
新村美冬	五島絵梨奈	五島ちゃん	タメ口, elongated, small voice inside a rite	00000DE9	00000944 row (3p only)	00000DE9:11:109 「なつみちゃんと五島ちゃんは外で休んでて」 — the first time she addresses 五島 directly anywhere in the project
新村夏菜	五島絵梨奈	エリ姉	child タメ口, adoring, coined a THIRD time	00000D41	00000AF7 row; 00000BED row	00000D41:11:39 「エリ姉、どこいくの？」 and 00000D59:11:3. A third branch, no shared history, the same child, the same coinage. It is a property of 夏菜 -> Q171
五島絵梨奈	新村幸太郎	幸太郎さん	敬語 (です・ます), pastiche OFF, used as interrogation	00000DB9	00000C68 row (pastiche live)	00000DB9:11:18-11:108. なつみ's narration calls it 「もはや尋問だ」 (11:100), 夏菜 is frightened by her face (11:116), and not one word leaves です・ます
新村幸太郎	新村エリカ	母さん	タメ口, 3p, wary	00000DB9	—	00000DB9:11:35-11:36 「母さんと茅萱、そして夏菜は知らない」, 11:43 「母さん、怒るだろうな……」. He calls the 大魔女 母さん and expects to be told off like a boy
新村美冬	古郡なつみ	なつみちゃん	register 1, elongated, while opening a restricted place	00000D89	0000092D row	00000D89:11:12 「えー？　そうなのー？」, 11:20 「少しでも解決の手がかりになるなら、歓迎よー！」, 11:37. Register 1 intact for a whole file in this branch, with no flatness anywhere
新村茅萱	五島絵梨奈／古郡なつみ	五島ちゃんとなつみちゃん	soft タメ口 with the 「ん……」 tic intact	00000DE9	00000944 row	00000DE9:11:199 「ん……五島ちゃんとなつみちゃん、大丈夫だった？」. The tic survives her own 継承の儀 and her first turn as a 魔女
新村エリカ	古郡なつみ	なつみちゃん	plain タメ口, warm, giving an order	00000E01	0000095B row (お前 -> なつみ); 000009CF row (なつみちゃん)	00000E01:11:35 「お待ち！　なつみちゃん、これを持っていくといい」 and 11:41 「それを私だと思って、連れて行ってやっておくれ」 — her own voice, no impression, handing over the 大魔女の能面
古郡なつみ	新村エリカ	エリカちゃん	タメ口, 敬語 already banned	00000E01	00000A30 row; 00000D59 row	00000E01:11:43 「あ、ありがとうエリカちゃん！」 — the override of 00000D59:11:160 holds under fire, with no relapse into おばあさん
新村エリカ	新村幸太郎	幸太郎 (bare given name); お前	plain タメ口, ordering her son out of the way	00000E01	00000B9F row	00000E01:11:163-11:164 「幸太郎！　早くお前も地下に行くんだ！／　その出っ張った腹で戦うつもりじゃないだろうね！？」 — she insults his body and sends him to safety in one breath
新村茅萱	新村美冬	叔母さん	soft タメ口 with the 「ん……」 tic intact, shouted from a car roof	00000E01	0000095B row	00000E01:11:47, 11:94 「叔母さんごめん！　こっちは手が回らない！」, 11:141. The tic survives a running battle; the softness does not
新村美冬	新村茅萱	茅萱ちゃん	タメ口, REGISTER 1, giving tactical orders	00000E01	00000944 row	00000E01:11:50, 11:56, 11:58 「茅萱ちゃんの運動神経を甘く見たらダメよ。」 — the stretched-vowel register used to explain why her niece is safer on the roof than inside
新村茅萱	新村夏菜	夏菜 (bare given name)	soft タメ口, tic intact, flat imperatives	00000E01	00000B0F row	00000E01:11:29 「ん……夏菜は車を追いながら援護して。」, 11:77 「夏菜は絶対に戦っちゃダメよ！」, 11:123
新村夏菜	新村茅萱	お姉ちゃん	child タメ口, shouted over an engine	00000E01	0000095B row	00000E01:11:76, 11:117, 11:124 「あいよ、お姉ちゃん！」 — the same form as the admiring one, used as a combat callsign
新村春花	新村茅萱	チガ姉	タメ口, worried	00000E01	00000944 row	00000E01:11:49 「おいチガ姉、何してるんだよ！」, 11:57, 11:157 「チガ姉だけで大丈夫かよ……」
古郡良治	古郡なつみ	なつみ (bare given name)	タメ口, 俺, DAD register under pressure	00000E01	00000B27 row; 00000C50 row	00000E01:11:61-11:65 「なつみ、落ち着くんだ！　お前の直感が働かないのは、このままでも安全だからだ！」 — in this branch he is alive and gives her one usable instruction: keep the windows open
古郡なつみ	古郡良治	お父さん	タメ口, phone	00000E01	00000916 row	00000E01:11:60 「もしもし、お父さん！？」
新村幸太郎	古郡なつみ	なつみちゃん	the teacherly form, unchanged, used about a target	00000E19	00000B9F row; 00000AC4 row	00000E19:11:84 「必要なんだよ、なつみちゃんがね」 — 3p, to the girl herself, while walking at her with a 鉈. The ちゃん never leaves
新村幸太郎	五島絵梨奈	五島ちゃん; 君	plain タメ口, conceding her intelligence while refusing her	00000E19	00000AC4 row; 00000C68 row	00000E19:11:78 「さすが天才少女、ってとこかな？」, 11:105 「五島ちゃん……君の頭は認めるよ？」, 11:115 「これだから頭でっかちは……」
新村幸太郎	新村春花	春花ちゃん; かわいい姪っ子	タメ口 + ちゃん, gentle while killing her	00000E19	00000B9F row	00000E19:11:123, 11:160 「春花ちゃんも、そろそろ女性としての素養を身につけないと」, 11:164 「さあそろそろ死んでくれよ！　かわいい姪っ子よ！」. Do not harden the ちゃん in EN
新村幸太郎	新村夏菜	夏菜 (bare given name); お前	タメ口, coaxing, then nursery talk over an unconscious child	00000E19	00000B9F row	00000E19:11:126 「夏菜……お前は確かに強いよ。」, 11:142 「夏菜は少し、お昼寝してなさいね」 — 〜なさいね to a daughter he has just put down
新村夏菜	新村幸太郎	パパ	child タメ口, asking a direct question	00000E19	0000095B row	00000E19:11:89-11:94 「パパがママを殺したの……？」 and 「パパはいつも言ってた……。／ママを殺した犯人を見つけたら、同じ目に遭わせなさいって……！」 — she quotes his own instruction back at him
五島絵梨奈	新村幸太郎	幸太郎さん; あなた	敬語 (です・ます) unbroken, pastiche off, used as an accusation	00000E19	00000DB9 row	00000E19:11:99-11:110 「幸太郎さん……／あなた……／誰をかばっているんですか？」 — the 「あなた」 is new and is the only escalation she makes; not one word leaves です・ます
新村春花	新村幸太郎	幸太郎さん; このクソブタ野郎; この野郎	タメ口 to his face, then 乱暴	00000E19	00000B9F row	00000E19:11:70, 11:81 「幸太郎さん……どういうことだよ」, then 11:148 「食らえ！　このクソブタ野郎！」, 11:152. An invented compound, not a stronger swear word — the くそ ceiling holds -> Q225
新村栄一郎	古郡なつみ	なつみちゃん	丁寧-warm タメ口, 僕, no stammer	00000E31	0000082F row (to the four-year-old)	00000E31:11:9 through 11:119 — twelve years dead, speaking to her at sixteen with the identical address form he used at her fourth birthday. The stammer, the PANIC LISP and the apologies are all gone; only 「はは」 survives
古郡なつみ	新村栄一郎	おじさん	タメ口, apologising	00000E31	0000082F-era (child)	00000E31:11:25 「おじさん、私……／ずっと謝りたかった。」, 11:118 「おじさん、今までありがとう！」 — the child's kin term kept into the conversation in which she thinks she has died
新村栄一郎	新村幸太郎	兄貴	plain, 3p only	00000E31	—	00000E31:11:34 「兄貴は、僕が押さえつけた。」, 11:92-11:98. He never uses the name 幸太郎, and he asks that his brother not be blamed
新村栄一郎	古郡良治	良治 (bare given name)	plain, 3p, still 僕	00000E31	000007D3 row	00000E31:11:47 「良治たちは、なつみちゃんが20歳になったら言うつもりだったみたいだけど」 — the same 呼び捨て he used only for this one man in life
新村栄一郎	新村美冬	美冬ちゃん	warm, 3p, 僕	00000E31	00000818 row (美冬ちゃん, after the marriage)	00000E31:11:29 「ずっとなつみちゃんが春花や美冬ちゃんのそばにいてくれるから」, 11:119 「春花と美冬ちゃんのこと、くれぐれも頼むよ！」. Not 美冬さん; the courtship form is gone for good
古郡なつみ	新村春花	お姉さん	タメ口, teasing, one cell after being forbidden it	00000E49	00000024 row (春花, bare); 000006F9 row	00000E49:11:135-11:136 「もし本当に姉妹でも、お姉さんなんて呼ぶなよ！」 / 「分かったよお姉さん！」, repeated at 00000E31:11:54-11:56 as an imagined scene. 「お姉ちゃん」 and 「お姉さん」 are two different words here -> Q217
新村春花	古郡なつみ	なつみ; お前	タメ口, grateful, unchanged	00000E49	00000761 row; 00000024 row	00000E49:11:124-11:125 「なつみ……！　本当にありがとう！／　お前がかばってくれなかったら、私は間違いなく死んでいた」; 00000E61:11:66. The お前 of the teasing, used to thank her for a blade wound
五島絵梨奈	新村夏菜	妹よ; 夏菜ちゃん	she borrows 春花's ～だぞ register for one line	00000E49	00000A48 row; 00000BB7 row	00000E49:11:164 「おー妹よ！　無事で何よりだぞ！」 — the older-sister register with 春花's grammar bolted on, and 夏菜 answers in the same ～だぞ (11:165). なつみ's narration says the smile is forced (11:166)
新村夏菜	五島絵梨奈	エリ姉	child タメ口, adoring, in the branch where both live	00000E49	00000D41 row; 00000AF7 row	00000E01:11:17-11:23, 00000E49:11:165. Continuous use in the 00000BD6 branch, not a fourth coining -> Q171
新村夏菜	古郡なつみ	なつみちゃん	child タメ口, deliberately cheerful over her own father's arrest	00000E49	0000095B row	00000E49:11:158-11:179 「なつみちゃん、元気になったんだね！」 through 「だったらパパ、そのうち戻ってきてくれるよね！？」. なつみ's narration flags the composure (11:163)
古郡茜	新村美冬	美冬 (bare given name)	タメ口, warm, practical	00000E61	000008E8 row (distancing); 00000641 row	00000E61:11:74 「じゃあ美冬、くれぐれも、安全運転でね」 — in this branch the twenty-year friendship is intact and unremarked. Do not carry the other branches' coldness back
新村美冬	古郡茜	茜 (bare given name)	REGISTER 1, elongated	00000E61	000008D0 row (jealous, murderous)	00000E61:11:75 「大丈夫よー茜！　私に任せなさいなー！」
古郡良治	新村美冬	美冬さん	plain + さん, ordinary and friendly	00000E61	00000CFA row; 000008D0 row	00000E61:11:76 「美冬さん、休憩したくなったら連絡してくれよ。同じ道の駅で休憩することにしよう」 — the さん that survived a flaying in two branches, here attached to nothing worse than a rest stop
新村美冬	新村春花	春花 (bare given name)	REGISTER 1, then eight cells of a FOURTH state: quiet, sad, no elongation	00000E61	00000697 row; 00000564 row; 0000092D row	00000E61:11:87-11:103 — 「春花……／いい子に育ってくれて……ありがとね。／私と栄一郎さんの世界一の娘だわ」, with the stretched vowels and exclamation marks gone and nothing frightening about it, and then 11:107-11:109 「おーっほっほっほっほ！」 puts them all back. This is NOT the 00000564 flatness; do not play it as the reveal
新村春花	新村美冬	お母さん	タメ口, blunt, asking her to stay	00000E61	00000697 row; 000007A5 row	00000E61:11:88-11:95 「ずっと私のお母さんでいてくれよな？」 and 「私のことを女手一つで育ててくれたじゃないか！」 — the same blunt register used to refuse an exit nobody offered
新村美冬	新村エリカ	お義母さん	タメ口, 3p, comic	00000E61	00000A94 row (最上級敬語, offering to take a punishment)	00000E61:11:130 「お義母さん直伝のセクシーポーズよー！」 — the deference is intact and the context is a group photo
五島絵梨奈	五島桃子	お姉ちゃん	敬語, 3p, neutral and unprompted	00000E61	0000034C row (flat and guarded); 000005C1 row	00000E61:11:61-11:62 「多分お姉ちゃんのだと思いますけど、もしかしたら、新村先輩と気が合うかもしれませんね！」 — she volunteers a fact about her sister and offers an introduction. 春花's narration at 11:42 still says they are not close -> Q037
五島桃子	新村サクラ	サクラさん	敬語 (です・ます), unbroken, including while planning to shoot her	00000E7B	—	00000E7B:28:163, 54:125, 68:23. She keeps the です・ます after confessing her real name and her purpose (54:201-54:218); nothing in the surface form moves
新村サクラ	五島桃子	桃子さん	丁寧 (です・ます), warm, opens on a question about the listener	00000E7B	—	00000E7B:28:158, 54:105-54:106, 68:50. She uses the ALIAS's given name plus さん and keeps it after being told the real surname (54:206-54:219) — she never once says 五島さん
五島桃子	新村夏菜	夏菜ちゃん	タメ口, then elder-sister	00000E7B	—	00000E7B:28:123 onward; 48:118 「夏菜ちゃん……／私ね……／妹がいたの。」 and 48:282 「夏菜ちゃんって、ちょっと妹に似てる」. The last thing she says in the file is an apology to her (82:192)
新村夏菜	五島桃子	桃子さん	敬語 (です・ます), unbroken for a whole file	00000E7B	0000095B row (over-familiar タメ口, no 敬語 anywhere)	00000E7B:28:101 through 88:128. Her CAST says she uses 敬語 to nobody; here she uses it to one person for 2637 lines, including 「桃子さん、私、もうすぐママを殺すんです」 (48:10) and eleven shouted imperatives (48:197-48:205). This file is set four years later and she is 14
五島桃子	城崎	城崎さん	敬語 (です・ます)	00000E7B	—	00000E7B:34:61, 34:161 「城崎さん！　殺す必要なんてなかったんじゃないですか！？」, 34:178. The 敬語 holds while she has a gun at the back of his head (34:91)
城崎	五島桃子	藤野さん; お客さん	loud friendly タメ口, 俺, exclamation marks	00000E7B	00000C38 row (なつみちゃん)	00000E7B:34:29-34:30 「初めましてお客さん。／お客さんなんて、珍しいこともあるもんだな！」, then 藤野さん from 34:57. Identical voice to the 00000C38 branch, aimed at a stranger with a gun
新村幸太郎	五島桃子	藤野さん	タメ口, brisk	00000E7B	—	00000E7B:54:310 「藤野さん！　夏菜は！？」, 54:312 「藤野さん！　サクラを頼む！」. He never learns her real name
新村夏菜	新村サクラ	ママ	child タメ口	00000E7B	—	00000E7B:28:37 「頑張ってママ！」, 54:81, 68:154 「ママは……？」, 88:259. Her first on-screen address to her living mother anywhere in the project; 3p: ママ
新村サクラ	新村夏菜	夏菜 (bare given name)	soft タメ口, unchanged while being strangled by her	00000E7B	—	00000E7B:54:121, 68:163 「夏菜！」 (calling her into a lit room deliberately), 180:8 「夏菜……！／　早く逃げて……！」
新村サクラ	新村幸太郎	幸太郎 (bare given name)	soft タメ口, then shouted	00000E7B	00000A7C row	00000E7B:68:88 「幸太郎！　早くそこから逃げて！」; 88:249-88:251 「幸太郎……／ありがとうね。／愛してるわ」 — the only 愛してる anywhere in the project, and her last line
新村幸太郎	新村サクラ	サクラ (bare given name); お前	タメ口, 俺, dying	00000E7B	00000A7C row	00000E7B:34:13 「サクラ、体調は大丈夫か？」 (identical to 00000A7C:11:14); 88:31 「サ、サクラ……！　お前……！」. The お前 arrives only when he is bleeding out
新村幸太郎	新村夏菜	夏菜 (bare given name); お前たち	タメ口, instruction, then broken across cells	00000E7B	0000095B row; 00000B9F row	00000E7B:34:18 「夏菜、バギーが1台壊れてしまってな……」; 88:51 「お前たち……これを……」; 88:77-88:81 「夏菜……／ママと……／茅萱と……／仲良く……／な……」, then one empty 「」 cell -> Q237
新村春花	五島桃子	桃子さん; 五島のお姉さん	敬語 (です・ます), apologising	00000E7B	00000550 row (タメ口, no 敬語 at all); 00000B3F row	00000E7B:88:192 「もしかして、五島のお姉さんですか？」 through 88:219 「桃子さんにどれだけ詫びたって許されないのに……」. The SECOND exception to her CAST's "敬語 to nobody", and the first delivered face to face. It must be visible in EN
五島桃子	新村春花	春花さん	丁寧 (です・ます)	00000E7B	—	00000E7B:88:216 「春花さん、その話は後にしましょう」; 82:207-82:215 「春花さん、ごめんなさい」 in the apology sequence, where she asks whether 絵梨奈 was happy with her
新村春花	新村夏菜	夏菜 (bare given name)	タメ口, ～だぞ rescue register, no insult anywhere	00000E7B	0000095B row (夏菜; このクソガキ; ガキ)	00000E7B:88:167 「よう夏菜！　助けに来たぜ！」, 88:233 「夏菜、手伝え！」. Not one クソガキ in the file; the teasing form is simply absent when she arrives to save her
荒田集落の住人 (死神たち)	新村サクラ	大魔女様	敬語, requesting rather than threatening	00000E7B	—	00000E7B:88:120 「さあ大魔女様、夏菜をお渡しください」, 88:139, 180:67-180:71 「大魔女様、お退きください！」. In this branch SHE is the 大魔女; 新村エリカ died of illness years earlier (28:226) -> Q249
荒田集落の住人 (死神たち)	五島桃子	お客人	敬語, then a death sentence in the same register	00000E7B	—	00000E7B:88:142 「大魔女様、お客人、ご覚悟」, 88:147 「お客人、なぜそのことを？」; then 104:20 「客人を殺せ！」 shouted by the same people once she has turned
伊勢大二郎	五島絵梨奈	五島 (bare surname)	plain-form 俺 register, agreeing to help	00000E7B	000004BB row (五島ちゃん)	00000E7B:227:3 「そこまで五島に言われたら仕方ない。手伝うよ！」 — the bare surname, used once, in the last conversation they have
新村春花	古郡良治	お父さん (attempted once), then the old form	タメ口, embarrassed	00000E95	00000916 row (おじさん)	00000E95:11:63-11:69 「ええっと……お父さん、お母さん……」 / 「そうそう、今まで通りな」 / 「は、ははは……そうだよな！」 and she leaves the room. The attempt is not repeated
新村春花	古郡茜	お母さん (attempted once), then the old form	タメ口, embarrassed	00000E95	000001DD-era (おばさん)	00000E95:11:63-11:66 「そんな、お母さんだなんて……。今まで通りでいいのよ？」. 茜's 3p for her is still 春花ちゃん (11:71)
古郡なつみ	新村春花	お姉ちゃん	タメ口, teasing, using the word that was forbidden	00000E95	00000E49 row (お姉さん); 00000024 row (春花, bare)	00000E95:11:170-11:172 「姉妹だもん！　お姉ちゃんの真似！」 / 「お姉ちゃんって言うな！」 / 「分かったよ、お姉ちゃん！」. 00000E49 forbade 「お姉さん」; this is the other word, and it is banned too -> Q217
新村春花	古郡なつみ	バカ妹; 妹よ	タメ口, retaliating in kind	00000E95	00000024 row (なつみ; お前)	00000E95:11:173, 11:175 「分かったよ、妹よ！」 — 「妹よ」 is the form 五島 borrowed from her at 00000E49:11:164, returned to its owner
五島絵梨奈	新村春花／古郡なつみ	お2人さん	敬語 (です・ます), bright, on a video call	00000E95	000006E0 row; 00000BD6 row	00000E95:11:206 「はーいお2人さん！　家族水入らず楽しんでますかー？」 — a collective address form she has not used before, and no pastiche anywhere in the call
旅館の仲居	宿泊客	no address form	最上級敬語 (まことにありがとうございます), with a 三つ指 bow	00000E95	—	00000E95:11:93-11:97. The same service register as プリマベラ (000007EA) and 五島桃子's waitress voice (000005C1), a third time and in a third place -> Q075
五島絵梨奈	新村茅萱	茅萱さん	敬語 (です・ます), in writing and sign language	00000EAF	00000944 row (「あれは何者ですか」); 00000989 row (チガ姉)	00000EAF:16:16, 34:269, 91:10. A branch in which they meet as strangers on a contest bus: surname + さん, never チガ姉, for fourteen years and a Nobel ceremony (16:60 「パートナーの新村茅萱」)
新村茅萱	五島絵梨奈	五島さん	soft タメ口, 「ん……」 tic intact	00000EAF	00000944 row (五島ちゃん)	00000EAF:16:15, 34:246, 91:11, 97:326. She uses 五島ちゃん in every other branch; here they have no shared history. Do not carry the ちゃん back -> Q262
五島絵梨奈	南崎しのり	南崎さん; チャンピオン	敬語 in narration and in writing	00000EAF	—	00000EAF:22:46, 46:96, 97:324. She never once addresses her out loud (she is mute for the whole file)
南崎しのり	五島絵梨奈	あなた -> 五島さん	丁寧 (です・ます), level, no warmth and no hostility	00000EAF	—	00000EAF:46:137 「あら？　あなた、どこかで会いました？」; 22:51 「あの大会で五島さんが本気を出していたら、私は100％負けていた」; 97:320 「五島さん、本当におめでとう」. The name arrives only after she remembers the 4-year-old match
五島絵梨奈	五島's mother	お母さん	タメ口 in writing (straight quotes), affectionate	00000EAF	000002F8 row	00000EAF:28:184 「お母さん……／お腹すいた……。」, 52:146 「私、家を出ます。今までお世話になりました。」. Every line she says to her mother in this file is written or signed, never spoken
五島's mother	五島絵梨奈	絵梨奈 (bare given name)	タメ口, warm-maternal, unchanged after four years of silence	00000EAF	000002F6 row	00000EAF:28:181 「お帰り絵梨奈！　すごかったじゃない！」, 40:33, 28:261 「絵梨奈、負けてもいいんだから！」. She talks to a daughter who cannot answer and does not adjust her register at all
伊勢大二郎	五島絵梨奈	五島さん; あなた	丁寧 (です・ます) with the 美少女同好会 rant at full volume	00000EAF	000004BB row (五島ちゃん); 00000E7B row (五島)	00000EAF:28:264-28:288 「私、伊勢大二郎は、もう一度当時の輝きを五島さんに取り戻してもらいたく、こうしてお迎えに上がりました！」 — four years on, in a branch where the case was never solved, he is driving her to a helicopter and still ranting. 五島's narration works out that he is the one who talked the mayor into it (28:286)
鵜飼	五島絵梨奈	五島さん	丁寧 (です・ます), brisk television-production register	00000EAF	—	00000EAF:46:114, 46:127 「私、番組ディレクターの鵜飼と申します」, 28:200-28:206 (the call-up message), 40:69
新橋ゆき乃	the three finalists	〈surname〉選手; 選手のみなさん; お三方	丁寧 broadcast register, everything at full volume	00000EAF	—	00000EAF:22:1-22:60, 91:164-91:230, 97:0-97:279. She shouts 「みなさん、お聞きになりましたか！？」 (97:193) at the moment 五島 speaks, and stammers the only time she loses the register (97:190)
謝肉館のウェイター	五島絵梨奈	五島様; お客様	最上級敬語 with every final syllable stretched over ten or more characters	00000EAF	—	00000EAF:34:24-34:106 「おっまたせしました五島様！」; again as a spectator at 97:134 「五島さーん！　昨日の勢い、見せってくださぁぁぁぁぁぁぁぁぁぁい！」 and 97:286. Service register and fan register are the same voice
食堂の店主	五島絵梨奈	絵梨奈ちゃん	rough-warm タメ口, no allowance made for her silence	00000EAF	—	00000EAF:52:77 「お、絵梨奈ちゃんいらっしゃい！　仕事は順調かい？」, 52:120, 40:13-40:19. He is the one who tells the couple off at 52:108 and the one who has a dessert waiting
五島絵梨奈	食堂の店主	no address form	a nod and the ニカッと grin, nothing written	00000EAF	—	00000EAF:52:78, 40:18. With him she does not use the notepad at all; the grin is the whole answer, and 40:19-40:20 makes the point that it has been missing for four years
アルバイト先の社長	五島絵梨奈	五島さん; 君	丁寧 (です・ます), email only, persistent	00000EAF	—	00000EAF:52:32-52:34, 52:45-52:48 「君ほど優秀な人材なんて、他にいないんだ！」, 16:1-16:2. He asks her three times across five years and is refused three times; he never appears on screen
五島絵梨奈	アルバイト先の社長	社長	敬語 (です・ます), email only	00000EAF	—	00000EAF:52:37-52:39, 16:7-16:10 「社長、本当に申し訳ありません。／やっぱり、それはお受けできません。／私……／夢ができたんです。」 — the refusal that opens the file is the same refusal as 52:38 with the reason inverted
元木町民 (collective)	五島絵梨奈	絵梨奈ちゃん; 五島さん; ごっとうさん; 天才少女	タメ口 shouted in public, with no reference to her silence	00000EAF	—	00000EAF:40:41-40:43, 28:231 「ごっとうさーん！　来て下さいねー！」, 28:308, 97:130 「おい、元木町の天才少女、頑張れ！」, 97:261-97:262. The label she calls a complex is used to her face as pure affection -> Q098
五島絵梨奈	古郡なつみ／新村春花 (dead, in her own narration)	古郡先輩／新村先輩; 先輩たち	敬語 in narration, unchanged fourteen years after their deaths	00000EAF	0000020B row	00000EAF:52:2, 91:71, 16:170-16:174 「先輩たちは、この罪を許してくれるでしょうか。／やっぱり私は、死後は先輩たちに会いたいです。」 — the Q034 habit survives into her forties. Do not let EN naturalise it
新村春花	五島絵梨奈	五島; お前	タメ口, rough, used to say goodbye	00000EAF	0000033D row; 00000BB7 row	00000EAF:74:20-74:34 「五島……／私はお前も好きだ……／だからきっと、お前も今日死ぬ」 and 「さよなら、五島。お前だけでも、生き延びてくれ……」. The teasing お前 aimed at the one person she is about to leave alive -> Q025
露天風呂の占い師	古郡なつみ	お嬢ちゃん	rough-warm タメ口, ～かい／～かね, refuses to charge	00000EC7	—	00000EC7:11:44 「お嬢ちゃんは、誰と来たの？」, 11:58 「どれ、お嬢ちゃんを診てあげようかね」, 11:259 「お嬢ちゃん……。／いい人生を」. Same opening move and same particles as the 街角の占い師 of 00000A18, one age-bracket of address form down -> Q274
古郡なつみ	露天風呂の占い師	おばさん	敬語 (です・ます), unbroken	00000EC7	—	00000EC7:11:50 「おばさんは誰と来たんですか？」, 11:116, 11:192. The same です・ます she gives 伊勢 and 城崎 and no other living adult
古郡なつみ	新村春花	お姉ちゃん (3p, to a stranger)	タメ口, matter-of-fact	00000EC7	00000E95 row (お姉ちゃん, teasing, banned); 00000E49 row (お姉さん)	00000EC7:11:47 「お母さんと、えっと、お姉ちゃんはおしゃべりしてます」 — the forbidden word used behind her back with a hesitation in front of it, to someone who will never meet her -> Q217
新村春花	古郡茜	おばさん	タメ口, unchanged	00000EC7	00000E95 row (お母さん, attempted once)	00000EC7:11:271 「おばさんと話したんだけどさ、私たちは今まで通りでいようってことになったよ」, said two cells before 「この人が私を産んでくれたんだよな……」. The attempt of 00000E95:11:63 did not stick and the file says why
五島桃子	五島絵梨奈	あんた -> 絵梨奈 (bare given name)	blunt タメ口, unbroken	00000EDF	0000034C row (あんた); 0000057B row (絵梨奈, once)	00000EDF:37:161-168 — the narrator uses the given name first, the sister goes silent, and then 「名前で呼んでくれたから」 and 「初めてだよ。ずっと『あんた』だけだった」. The 0000057B use was one word at a police station; here it is named out loud as a first. -> Q291, Q037
五島絵梨奈	五島桃子	お姉ちゃん	タメ口, teasing, NO 敬語 anywhere	00000EDF	0000057B row (おねえちゃーん, wailing)	00000EDF:37:0-370 — 370 cells with her sister and not one です・ます in any of them. She insults her, jokes about her chest, wins arguments and says 「私……／お姉ちゃんが好き」 (37:352-353). The only person in the project who gets her タメ口.
五島絵梨奈	五島桃子	お姉ちゃん (3p, to strangers)	タメ口	00000EDF	—	00000EDF:202:114, 202:118 「小さい頃から、お姉ちゃんが学校の教科書見せてきて」 and 「うん……そうだったよ」 — the past tense is what stops the room (202:119-120)
五島桃子	古郡なつみ	貧相ちゃん (3p, never met her)	blunt タメ口	00000EDF	—	00000EDF:37:314, 37:326 — she coins the nickname for a dead girl she has never met, off her sister's word 「貧相だった」, and uses it twice without malice. Reused at 117:261-263 for somebody alive -> Q308
新村夏菜	五島絵梨奈	五島ちゃん; ゴトー団長; 旦那様	over-familiar タメ口, no 敬語	00000EDF	—	00000EDF:71:67, 83:63, 186:105. NOTE: 「エリ姉」 is NOT coined in this file — the one branch where she does not invent it -> Q171
五島絵梨奈	新村夏菜	夏菜ちゃん; ニームラ副団長	丁寧 with the older-sister register, then the 怪盗 game in full	00000EDF	—	00000EDF:77:17, 192:49 「しっかりお願いね！　ニームラ副団長！」 — she plays along on purpose after realising she has been too flat (192:48)
五島絵梨奈	新村茅萱	チガ姉	丁寧 (です・ます)	00000EDF	—	00000EDF:47:7, 47:66, 59:188 「チガ姉、それは無理ですよ……」 — she takes 春花's family kin-nickname for a woman she met the day before, in her own narration first
新村茅萱	五島絵梨奈	五島さん -> 五島ちゃん	soft feminine タメ口 with the 「ん……」 tic	00000EDF	00000EAF row (五島さん throughout)	00000EDF:71:31 「ん……えっと、五島さんだったかしら？」 at the first meeting; 59:194 「ん……五島ちゃん……ごめんなさい」 while face-down on the floor. Both forms in one file
新村夏菜	新村茅萱	お姉ちゃん	over-familiar タメ口	00000EDF	—	00000EDF:47:65, 71:83, 186:50-52. She never uses 茅萱 or チガ姉 to her face
新村サクラ	新村幸太郎	幸太郎 (bare given name)	soft feminine タメ口, ～わよ／～の	00000EDF	—	00000EDF:47:33-47:78 「もう、心配し過ぎよ……」, 「変なプライドにこだわらないの」, 53:46 「もう幸太郎、もっとゆっくり食べないと……」 — she nurses him and scolds him in the same register
新村幸太郎	新村サクラ	サクラ (bare given name)	タメ口, 俺, pleading	00000EDF	—	00000EDF:47:32 「サクラ、本当に違うんだ！　俺は覗きなんか……！」; 59:68 the grandmother uses the same bare form
新村サクラ	新村エリカ	お義母さん	敬語 (です・ます)	00000EDF	—	00000EDF:47:85 「お義母さん、何してるんですか？」; 59:145 「あの……／お義母さん、幸太郎……」 — the same です・ます she uses to say 「全ての命は……／平等です」 to her face
新村エリカ	新村幸太郎	幸太郎; お前	unhurried plain タメ口, then shouted	00000EDF	—	00000EDF:59:119 「この大バカ者！　昔からドローガを使うなと言っていただろうが！」; 59:136-138. Her own voice at full volume, no showman anywhere in it
新村幸太郎	新村エリカ	母さん	タメ口, defensive	00000EDF	—	00000EDF:59:13, 59:129 「母さんは……全ての命は平等だと思う？」 — he asks her the question rather than answering hers
新村エリカ	五島絵梨奈	五島ちゃん	unhurried plain 丁寧-casual, ～ね／～だね	00000EDF	—	00000EDF:59:3-59:8 「自己紹介がまだだったね。幸太郎の母親の新村エリカです」, 89:59-89:62 「あの本は、五島ちゃんにこそ必要なものだったんだ」. She grants no given name and bans no 敬語 in this branch
五島絵梨奈	新村エリカ	no address form; おばあさん (3p)	敬語 (です・ます)	00000EDF	—	00000EDF:59:2, 59:5 「いえ、迷惑かけて、本当にすみませんでした」; 117:243 「おばあさんだって、もう老人だ」. The 00000A30 friendship never happens here
新村エリカ	五島絵梨奈 (as an impression)	五島ちゃん	the 五島 impression, ～であります	00000EDF	00000989 row; 00000C68 row	00000EDF:47:82 「自他ともに認める天才少女、五島エリカ参上！」 — the third branch in which she does the same impression, this time to cheer her son up -> Q139, Q294
五島絵梨奈	新村美冬	新村先輩のお母さん; 新村美冬さん	敬語 (です・ます) used as an instrument	00000EDF	—	00000EDF:65:16 「私を殺すつもりですか？　新村先輩のお母さん」, 65:24, 117:170-117:184 「自殺せずに、この社会の裁きを受けてください！」. The 0000050E weapon, aimed at a woman holding a nata, in both threads
新村美冬	五島絵梨奈	no address form	shouted plain form, then broken	00000EDF	—	00000EDF:65:13 「く……！　どうして……！」, 117:181-182 「は……春花は……／春花は渡さない……！」 — she never once addresses the girl
五島絵梨奈	the eyeless woman	あんた; あなた	タメ口 with NO 敬語 — the only person anywhere who gets it besides her sister	00000EDF	—	00000EDF:53:133 「べ、別にあんたを刺したって、私は何とも思わない！」, 89:186 「あんたになんか助けられたくない……！」, 53:222 「あなたは誰なの？」. The politeness is simply absent
the eyeless woman	五島絵梨奈	サード・ジェネレーション; あなた	feminine ～のよ／～かしら, level and caressing	00000EDF	—	00000EDF:53:125, 89:130 「おはよう、サード・ジェネレーション」. She never uses the name 五島 and the narrator tells her twice to stop (53:189 「その名前で呼ぶな！」)
新村夏菜	五島桃子	師匠; 桃ちん	over-familiar タメ口 to a stranger on the phone and in person	00000EDF	—	00000EDF:202:193-196 (she shouts at her down a phone) and 117:254-259 「敗者は勝者にあだ名をつけられるルールでしょ！」 — she names her within one meeting
新村春花	五島絵梨奈	五島; お前	タメ口, protective, physical	00000EDF	0000033D row (rough teasing)	00000EDF:89:15 「何謝ってんだよ……。お前は正しいことをしたんだよ」, 89:73-74 「五島……／お帰り」, 202:42 「殺さなきゃいけないほど、五島が苦しんだってことだろ？」. Same two words, no roughness left in them
古郡なつみ	新村春花 (comatose)	春花	タメ口, unchanged, spoken to a woman who cannot hear	00000EF6	00000024 row	00000EF6:140:23-140:155 — two years of one-sided talk in exactly the register of 00000024. The words do not change; the listener does. ~24 empty 「」 cells stand for the replies -> Q320
the imagined 新村春花	古郡なつみ	なつみ; お前	タメ口, boyish, identical to the real character	00000EF6	00000024 row	00000EF6:67:107-67:126, 134:103-134:182 — the hallucination reproduces every address form and every particle. The identity of the two registers IS the device; do not differentiate them in EN -> Q318
新村春花 (waking)	古郡なつみ	な……つみ	broken, three cells in 2,717 lines	00000EF6	00000024 row	00000EF6:8:113, 8:129-8:130 「な……つ……み……／お……はよう……」 in a crushed voice. 8:154 names 「おはよう」 as the word that opened the new world -> Q339
古郡なつみ	新村春花	お姉ちゃん	タメ口, quiet, said once after a pause	00000EF6	00000E49 row; 00000E95 row	00000EF6:8:209-8:211 — she says it once, is answered 「はは、やめろよ……」, and drops it. Third branch, third handling of the same word -> Q217
五島絵梨奈	新村春花 (comatose)	新村先輩; 先輩	敬語 (です・ます), addressed as if present	00000EF6	000001E3 row	00000EF6:61:113 「新村先輩、それでいいですか？」 and 140:55 — she talks to the sleeping woman too, and knows she cannot answer. 8:186 「おめでとうございます、先輩」 to her awake
五島絵梨奈	古郡なつみ	先輩; 古郡先輩	敬語 (です・ます) carrying a mothering register	00000EF6	000001E3 row	00000EF6:61:215 「よしよし、先輩いい子」 while stroking her head; 61:43, 134:52. The older-sister voice of 00000A48 aimed UPWARD at a 先輩 for the first time
古郡なつみ	五島's mother	おばさん	casual タメ口, no 敬語 despite living in her house	00000EF6	—	00000EF6:134:7 「おばさん、洗い物残ってる？」 — their first on-screen exchange. The SAME word she used for 新村美冬 at 000001DD, and 新村美冬 is referred to as おばさん in the same file (8:165) -> Q349
五島's mother	古郡なつみ	なつみちゃん	warm タメ口, question-heavy, ～わよ	00000EF6	—	00000EF6:134:8, 134:11, 134:17-134:23. She relays 絵梨奈's worry rather than stating her own: 「絵梨奈が言ってるわよ、ちょっと頑張り過ぎじゃないかって」
古郡なつみ	店長	店長	敬語 (です・ます), unbroken	00000EF6	—	00000EF6:26:49 「店長、あの……すみません、シフト空けちゃって……」; 110:284, 110:308. She never uses a name; he has none on screen
店長	古郡なつみ	なっちゃん	rough-warm タメ口, employer-to-favourite	00000EF6	—	00000EF6:26:46, 110:283-110:306. Every line. He offers her a second branch to manage and raises her wage unprompted
古郡なつみ	居酒屋の常連 (長さん, 山さん)	長さん; 山さん; お客様	丁寧 service register with fast teasing on top	00000EF6	—	00000EF6:110:175 「あ、山さんはこれで3杯目ですね？」, 110:199 「長さん！　今度触ったら警察にしょっ引くっていいましたよねえ？」. Polite endings used as weapons, the same shape as 五島's -> Q330
居酒屋の常連	古郡なつみ	なっちゃん	タメ口, over-familiar, elderly-male	00000EF6	—	00000EF6:110:159-110:216. They never use another form; the student party uses お姉さん instead (110:259)
元木大学の学生集団	古郡なつみ	お姉さん	no register at all, one stretched syllable	00000EF6	—	00000EF6:110:259 「お姉さんお姉さん！　辛いの我慢できたらセーフ！？」 — their only ordinary line -> Q331
unnamed hospital doctor	古郡なつみ	古郡さん	丁寧 (です・ます), hedged before bad news	00000EF6	—	00000EF6:14:44, 14:214, 26:166, 36:167. He accuses her of drug use in the same register (36:177-36:180) and never apologises -> Q328
unnamed hospital doctor	新村春花	新村さん	丁寧, 3p only; she is never conscious to be addressed	00000EF6	—	00000EF6:14:80-14:102, 36:143-36:147, 20:264-20:286. Surname + さん for a patient who cannot hear it
古郡なつみ	unnamed hospital doctor	先生	敬語 (です・ます), unbroken	00000EF6	—	00000EF6:14:89 「先生……もし、麻酔を使わなかったら、どうなっていましたか？」; 20:277, 26:172
五島絵梨奈	unnamed hospital doctor	先生	敬語 (です・ます), and she is the one he confides in	00000EF6	—	00000EF6:36:190 「先生、どういうことですか？」; 20:201. She interviewed him for a paper on 無認可薬品 and he hands her the blood results without explaining (36:188-36:194)
古郡なつみ	新村美冬	おばさん	タメ口, 3p only, about a dead woman	00000EF6	000001DD row	00000EF6:8:165 「おばさんが埋葬されているのは荒田集落というところだが」, 8:167 「育ての親であるおばさん」, 140:224 「おばさんの三回忌でもあるわけだから」. The same word she uses to 五島's mother's face in the same file -> Q349
新村夏菜	伊勢大二郎	伊勢さん	敬語 (です・ます), unbroken through [14]-[50] and [74]	00000F0D	—	she 敬語s every adult in this file; her mother's instruction at 20:103 is the stated reason; 3p: 伊勢さん
新村夏菜	伊勢大二郎	伊勢さん	タメ口 (うん, ～でしょ, ～だよ)	00000F0D:68:36	00000F0D row (敬語)	one year later, at [68] and [74]; she keeps 敬語 with 古郡なつみ at the same table, so the drop is this relationship only
伊勢大二郎	新村夏菜	君	俺 + plain form, gentle	00000F0D	—	he refuses the name for the whole file and refuses it again when asked (26:186); every 君 is load-bearing -> Q354
伊勢大二郎	新村夏菜	夏菜 (bare given name)	俺 + plain form, shouted, then silent	00000F0D:56:253	00000F0D row (君)	56:253-56:254 while searching; 74:174 mouthed through a closed train door and never heard; 3p in his own narration: 彼女, then 夏菜 from 56:229
伊勢大二郎	新村夏菜	秋菜 (the alias, 呼び捨て)	俺 + plain form	00000F0D:44:96	—	one slip in front of 五島, using the false name; 夏菜's narration notices it as the first 呼び捨て (44:97)
新村夏菜	五島絵梨奈	五島さん (aloud); 五島絵梨奈 (bare full name, interior); このチビ once (44:103)	敬語 (です・ます) aloud	00000F0D	—	the aloud form and the interior form must stay split; she is the only character who fears her
五島絵梨奈	新村夏菜	秋菜ちゃん	タメ口, bright and probing	00000F0D:38:156	—	one 新村さん at 44:8, corrected and apologised for -> Q350
五島絵梨奈	新村夏菜	夏菜ちゃん	タメ口, protective	00000F0D:56:65	00000F0D:38:156 row (秋菜ちゃん)	once 伊勢 tells her the real name; used ten times in [56] and [68]
新村夏菜	古郡なつみ	古郡さん (aloud); 古郡なつみ (bare full name, interior)	敬語 (です・ます)	00000F0D	—	同じ split as with 五島; she never learns to say 先輩 and nobody offers it
古郡なつみ	新村夏菜	夏菜ちゃん	タメ口, level and warm	00000F0D:68:143	—	she asks permission for the form before using it (68:143-68:144)
新村夏菜	新村幸太郎	パパ	タメ口, wheedling then hard	00000F0D:26:82	—	telephone only; 3p: パパ. Her father is never named in this file
新村幸太郎	新村夏菜	夏菜 / お前	タメ口, paternal, then negotiating	00000F0D:26:83	—	「お前がそれを知る必要はない」 (32:63) is the same man as 「ちゃんとご飯は食べてるのか？」 (26:97)
新村夏菜	新村サクラ	ママ	no direct address anywhere	00000F0D:20:97	—	she refuses to be put on the telephone to her (26:114-26:115); 3p: ママ. The whole file is her avoiding this addressee
新村夏菜	新村美冬	叔母さん	no direct address; 3p only	00000F0D:8:186	—	kanji-spelled 叔母さん throughout, where 古郡なつみ uses おばさん for the same woman -> Q372
新村夏菜	新村春花	春花ちゃん	no direct address; 3p only	00000F0D:8:107	—	childhood friend; 3p: 春花ちゃん, ~20 occurrences
新村夏菜	unnamed 佐波県警の私服警官	no address form	敬語 (です・ます), performed-naive	00000F0D:8:100	—	she plays a runaway for him on purpose; 3p in narration: おっさん
unnamed 佐波県警の私服警官	新村夏菜	お姉さん, then 秋菜ちゃん	タメ口, over-familiar	00000F0D:8:96	—	the register does not change one word when he identifies himself as police (8:183-8:190)
unnamed そば屋のおばあさん	伊勢大二郎	大ちゃん	タメ口, teasing	00000F0D:20:0	—	the only diminutive anyone uses on him anywhere in the project
伊勢大二郎	unnamed そば屋のおばあさん	no address form	丁寧 (「どうも、ご無沙汰です」 20:1)	00000F0D	—	他 of the four registers; he is a regular here (20:130 行きつけの店)
unnamed そば屋のおばあさん	新村夏菜	お嬢ちゃん	タメ口, warm	00000F0D:20:26	—	she reads the pair wrongly and says so twice (20:4, 20:182)
五島桃子	五島絵梨奈	絵梨奈 (bare given name)	タメ口, protective, no あんた anywhere	00000F0D:44:104	0000034C row (あんた)	standard form in this branch, not a gift as at 0000057B / 00000EDF -> Q037
五島桃子	伊勢大二郎	伊勢さん	敬語 (です・ます)	00000F0D:56:12	—	four lines total; she hands her sister to him by name
五島絵梨奈	五島桃子	お姉ちゃん	タメ口	00000F0D:44:29	—	she calls the relationship シスコン to a third party (56:17)
新村夏菜	unnamed 園長先生	園長先生	敬語 (です・ます)	00000F0D:68:15	—	the address form is also the only name she is given
unnamed 園長先生	新村夏菜	夏菜ちゃん	warm 丁寧-casual	00000F0D:68:12	—	two lines; she is the only person who sees her off
新村春花	新村茅萱	チガ姉; お前 (once, 124:125)	タメ口, blunt, then hostile	00000F24	00000944 row; 00000E01 row	the kin form survives being beaten twice by her; 「お、お前……！」 (124:125) is the only time she drops it, and she is back to チガ姉 five cells later
新村茅萱	新村春花	春花 (bare given name)	soft タメ口, 「ん……」 tic intact through an assault and a rite	00000F24	00000944 row; 00000E01 row	00000F24:124:121-124:167 and 106:201-106:249. She pins her, explains grip powder and a foot sweep mid-fight, and says 「私、暴力は嫌いよ？」 twice. Not one line loses the tic
新村茅萱	新村サクラ	お母さん (spoken); わが母; 新村サクラ (announced); 女神ブルーシャ	soft タメ口 with the tic, public-ceremonial	00000F24:106:83	—	she announces her own mother's 一周忌, unveils her corpse under a new name and burns it without a pause; 3p to the hall: 「この出来そこないの女神となってしまい、新村家の汚点となってしまったわが母」 (106:138)
新村茅萱	五島絵梨奈	五島ちゃん	soft タメ口, the doting form used on a hostage	00000F24:106:203	00000944 row	「ん……その子、五島ちゃんは大事なお客様なの。／勝手に連れ出したらダメでしょ？」 (106:203-106:204). Same word as 00000944, opposite function
新村夏菜	五島絵梨奈	五島ちゃん	child タメ口, the hostage form	00000F24:106:267	00000AF7 row (エリ姉); 00000EDF row	「五島ちゃんは大事なお客様だよ？　邪魔したらダメだって！」 (106:267). Fifth branch, and the second in which she never coins 「エリ姉」 -> Q171
新村夏菜	新村春花	春花ちゃん	child タメ口: threatening (118), then begging (88), then apologising	00000F24	0000095B row; 00000F0D:8:107 row	first direct address to her in this branch: 118:19 「春花ちゃん、久しぶりだね！」 with two knives at her throat; 88:185 「春花ちゃん……助けて……」; 88:315 「ごめんね春花ちゃん……さっきはナイフ突き付けたり、殴ったりして……」. One suffix, three functions
新村春花	新村夏菜	夏菜 (bare given name)	タメ口, no insult anywhere in the file	00000F24	0000095B row (夏菜; このクソガキ); 00000E7B row	88:188 「夏菜、話せよ……。どうしたんだ？」, 88:246 「夏菜、もうやめろ……！」, and 88:324 「そして夏菜を引き取って、元木町で一緒に暮らす」 — she offers to adopt her. The クソガキ register does not appear once
新村春花	白般若	白般若; お前; あんた; 「意気地なしの般若さんよ」	乱暴 タメ口, taunting, to a figure that never answers	00000F24:88:50	—	~30 turns of one-sided abuse across 88, 100 and 106, including 88:99-88:101 「きっとお前はその面着けてる方がずっとイケメンなんだろうよ！／ほら、見せてみろよ、お前のブッサイクなご尊顔をよ！」. She is talking to her own mother and does not know it. She gives it 「あんた」 once, at 88:300, when thanking it
新村美冬	新村春花	春花 (broken across cells)	silent for ~500 cells, then six cells of level plain form	00000F24:142:156	00000E61 row; 00000564 row	inside the mask she says nothing at all and takes kicks and insults without a sound (88:270-88:283). Unmasked: 「春……花……！」 (142:156), 「春花……これを……！」 (142:162), 「春花……早く、私から離れて……。／もう……限界が……近い……」 (142:182-142:183). No elongation, no exclamation marks, no 「うぎゅ」
新村春花	新村美冬	お母さん	タメ口, blunt, shouted at a body with no pulse	00000F24:142:148	00000E61 row; 000007A5 row	「おい、しっかりしろ！　っていうか何でこんなところに！／っていうか、何で生きてるんだよ！」 (142:151-142:152) and 「生きてるじゃないか！　こうやってちゃんと生きてるじゃないか！」 (142:180). The word does not change; what changes is that she is arguing with a corpse
新村美冬	新村夏菜	夏菜ちゃん	level plain form, dying	00000F24:142:166	—	「ち、違う……これを……夏菜ちゃんに……」 — her last errand is for her niece, not her daughter
新村栄一郎	新村春花	春花 (bare given name)	タメ口, amused and cruel, 僕 intact	00000F24:142:195	00000E31 block (春花 in 3p only)	his first direct address to his daughter anywhere: 「はは、久しぶりだねえ、春花。／父親に向かってこいつなんて呼び方はダメだろ？」 (142:195-142:196), 「春花はなかなか察しがいいみたいだな」 (187:198 -> 142:198), 「春花、強いなら相手をしないと」 (187:78)
新村春花	新村栄一郎	お父さん; こいつ	タメ口, flat, no affection anywhere	00000F24:142:194	00000682 row (お父さん, 敬語 at the shrine)	「なつみ、違う。こいつは――」 (142:194) is cut off before she names him; then 「お父さん……。説明してくれよ。何なんだよ、これ……」 (142:197). She never once addresses him warmly and never asks him to stop
新村栄一郎	新村美冬	美冬ちゃん	です・ます-adjacent warmth used while pushing her downstairs	00000F24:187:16	00000E31 row; 00000818 row	「やあ美冬ちゃん、ついにドローガを使ったんだね」 (187:16) and 「さあ美冬ちゃん、一緒に行こう。美冬ちゃんは神使になれる」 (187:24). The address form of the courtship, unchanged, on the person he has just crippled
新村栄一郎	古郡茜	茜ちゃん	タメ口, 3p only, dismissive	00000F24:187:12	—	「茜ちゃんが美冬ちゃんの邪魔をしようとしていることに気づいた女神様は、僕を元木町に寄こした」 (187:12); 「ドローガの効果時間を考えれば、そんなのとても無理なのにね」 (187:22). ちゃん on both women and on neither man
新村美冬	新村栄一郎	栄一郎さん	敬語-adjacent 丁寧 to the man who has just broken her	00000F24:187:17	000008E8 row; 000007D3 row	「栄一郎さん！？」 (187:17), 「ぐ……ぐぐ……え、栄一郎さん……」 (187:23), 「栄一郎さんと……一緒に……？」 (187:26). Twelve years dead and the さん does not move
古郡茜	新村美冬	美冬; あんた	flat, level, giving orders, no warmth and no plea	00000F24:142:212	00000E61 row (warm); 000008E8 row	「美冬、その薬、こっちに渡して」 (142:212), 「さあ、ドローガを渡して」 (142:217), 「美冬を説得しようだなんて思っていない。／必要なら、美冬から力ずくで奪うだけ」 (142:221-142:222), and the farewell 「さよなら、美冬……」 (142:252)
新村美冬	古郡茜	茜	タメ口, level, contemptuous	00000F24:142:218	00000E61 row (elongated REGISTER 1); 000008D0 row	「茜は分かってないのね。／なつみちゃんを殺すってことは、茜も殺すってことよ？」 (142:218-142:219). REGISTER 2 throughout, no stretched vowel anywhere in the inset
古郡茜	新村春花	春花ちゃん	flat, practical, to a girl she is going to die for	00000F24:142:248	—	「私、春花ちゃんを助けに五島家に行く。／なつみと春花ちゃん、2人の娘を連れて、荒田集落の手から逃れられる場所へ行く」 (142:248-142:249). 「2人の娘」 — she says it alone, to nobody
古郡なつみ	新村春花	春花 (bare given name)	タメ口, soft — UNCHANGED through the whole conversion	00000F24:112:144	00000024 row	the address form, the softness and 「親友」 all survive being taken over: 「やっぱり春花も来たんだね！」 (112:144), 「春花は私の親友。／だから、春花もみんなと仲良くなれるよ？」 (112:201-112:202), 「たとえ春花が私を嫌いになっても、私は春花を嫌いにならない」 (112:259). Nothing in the surface tells the reader she has been converted -> Q396
新村春花	古郡なつみ	なつみ (bare given name); お前	タメ口, blunt, then cold	00000F24:112:184	00000024 row	「今のお前は……／親友なんかじゃない……！」 (112:233-112:234) is the hardest thing she says to her anywhere, and she strikes her two cells earlier. She is back to 「なつみも怖かったんだよな？」 (94:46) the moment なつみ is herself
五島絵梨奈	新村春花	先輩 (bare, dominant here); 新村先輩	敬語 (です・ます), unbroken, no pastiche and no 作戦 anywhere in the file	00000F24:64:3	000001E3 row	the bare 先輩 outnumbers 新村先輩 in the cave scenes — 「先輩、もう降ろしてください」 (64:3), 「先輩……バカ……」 / 「もう1人にしないで下さい……！　怖くて……」 (100:53-100:55). The ゲス／旦那／御意 layer, the 小生 tier and the 作戦 gag are absent for all 3,564 lines -> Q019, Q057
新村春花	古郡良治／古郡茜	お父さん、お母さん — attempted once, then abandoned	タメ口, embarrassed	00000F40	00000E95 row (おじさん／おばさん)	00000F40:11:16-11:26 「ええっと……お父さん、お母さん……」, and both of them tell her 「今まで通りでいいのよ？」／「そうそう、今まで通りな」 inside two cells. She never uses either word again in the chunk. 3p: なつみの両親 -> Q246
古郡良治	新村春花	春花ちゃん; 娘たちよ (plural)	loud タメ口, drunk, 俺	00000F57	00000B27 row (phone, sober)	00000F57:11:36 「よう娘たちよ！　家族風呂はどうだ？」 and 11:48 「な、何だ！？　どうしたんだ春花ちゃん！？」. The ちゃん-on-a-17-year-old habit is the same one 新村栄一郎 and 城崎 have
古郡茜	新村春花	春花ちゃん	タメ口, maternal, unhurried	00000F57	—	00000F57:11:136 「良治君、春花ちゃんに絡み酒しないでよ？」, 11:141. She is the one who tells the story of 新村美冬's childhood (11:147-11:152)
古郡茜	新村美冬	美冬 (bare given name)	タメ口, 3p to her friend's daughter	00000F57	—	00000F57:11:147 「美冬はね……／あの子、ああ見えても昔はすごく泣き虫で甘えん坊だったわね」. The bare given name for a woman of the same age; 美冬 returns 茜 bare in every branch
新村美冬	新村春花	春花	level, quiet, no stretched vowels and no exclamation marks, delivering a death	00000F57	00000697 row (REGISTER 1); 00000E61 row (the tender fourth state)	00000F57:11:166-11:171 「あ、春花……／ごめんねこんなときに」 / 「荒田のおばあちゃん、さっき亡くなったって……」. 春花's narration names the absence: 「お母さんの声に、いつものような覇気がない」 (11:168). A SIXTH state; it is not the 00000564 unmasking and not the 00000697 goodbye -> Q106
五島桃子	五島絵梨奈	あんた	blunt タメ口, correcting her manners	00000F6F	0000034C row	00000F6F:11:59 「あんた……先輩に対していつもあんな上から目線で話してるの？」 and 11:99-11:103 「五島一族きってのチビなんだから気をつけなよ」 / 「そういう時はごめんじゃなくてありがとうでしょ？」. Rough words, protective errand, for the fifth time
五島絵梨奈	五島桃子	お姉ちゃん	タメ口, NO 敬語 anywhere in two whole files	00000F6F	0000034C row (flat and guarded); 00000EDF row	00000F6F and 00000F87, ~500 cells with her sister and not one です・ます. Second branch in which her universal 敬語 simply does not exist for this one addressee -> Q094
五島桃子	五島絵梨奈	絵梨奈 (bare given name)	blunt タメ口 that stops being blunt	00000F87	00000F6F row (あんた, same branch, the previous evening)	00000F87:11:240 「絵梨奈は私のこと、嫌いでしょ？」 is the first, mid-confession; 11:331 「絵梨奈、明日はあんまり泣くんじゃないよ」 is the last line she speaks in the chunk. Sixth branch, sixth handling of the same wound, and the only one where the switch happens on screen inside one conversation -> Q037, Q291
五島's father	五島絵梨奈	絵梨奈	loud cheerful タメ口	00000F6F	—	00000F6F:11:189 「おー桃子！　絵梨奈！　どうだった？」, 11:192. He reads neither daughter's mood
新村茅萱	五島絵梨奈	五島ちゃん	soft feminine タメ口, the 「ん……」 tic intact	00000F9F	00000944 row	00000F9F:11:19-11:24 「ん……こんにちは、五島ちゃん」 / 「ん……うふふ。第一印象の五島ちゃんも好きだけど、私、今の五島ちゃんも好きよ」, said to a girl who is answering her flatly at a funeral
新村茅萱	新村美冬	叔母さん	soft feminine タメ口 with the tic	00000FB7	—	00000FB7:11:17 「ん……叔母さん、私もそう思うわ」. Kin term, no 敬語, exactly as she refuses 敬語 in both directions elsewhere
新村美冬	新村茅萱	茅萱ちゃん	タメ口, REGISTER 1 with the volume down	00000FB7	—	00000FB7:11:33 「茅萱ちゃんは先に戻ってて。私は春花と行くところがあるから」
城崎	古郡なつみ	なつみちゃん	quiet タメ口, 俺 — the exclamation marks entirely absent	00000F9F	00000C38 row; 00000D11 row (君)	00000F9F:11:70-11:88 「なつみちゃん……」 / 「そんな大したことじゃないさ……。／嫌な予感がしたから、何とか伝えようと思ったけど、間に合ってよかった」. Same man, same address form, and not one exclamation mark in the whole scene
古郡なつみ	城崎	城崎さん	敬語 (です・ます)	00000F9F	00000C38 row	00000F9F:11:72, 11:75, 11:84. Unchanged, and she uses it to decline him
五島絵梨奈	城崎	城崎さん	敬語 (です・ます), declining an invitation she wants	00000F9F	—	00000F9F:11:87 「城崎さん、すみませんけどやっぱり私も帰ります」, and 11:119 「先輩、私、明日城崎さんに会ってきます」 the moment they are alone
新村春花	五島絵梨奈	お前; 無関係のやつ	タメ口, shouting, the coldest she is to her anywhere	00000FCF	00000550 row; 00000E7B row	00000FCF:11:54-11:55 「お前だって、こことは関係ないだろ！／　無関係のやつは黙ってろよ！」. 五島 punches her in the face for it (11:56-11:59) and neither of them refers to it again
五島絵梨奈	新村春花	新村先輩	敬語 unbroken on either side of a punch	00000FCF	—	00000FCF:11:36-11:52 「嫌です……。／そんなの嫌です！」 through 「血がつながってないと姉妹にはなれないんですか！？」, then she hits her, then 11:99-11:101 「新村先輩の……／バカ！／　ここの大自然で、その大バカな頭を治して下さい！」. The です・ます does not drop for the violence
新村エリカ	新村春花	春花; お前	her own unhurried voice, ～ておくれ／～しな, posthumous and disembodied	00000FCF	0000095B row (impressions); 00000A30 row	00000FCF:15:0 「全く、世話の焼ける孫だね。」, 31:0 「最後くらい黙って言うこと聞きな！」, 31:4 「お前は元木町で、荒田のことを守っていておくれ」. No impression, no showman, no 「はっはっは！」 — only her own voice, and only on the wind -> Q428
新村春花	新村エリカ	ばあちゃん; このコスプレババア	タメ口, shouted at the air	00000FCF	0000095B row	00000FCF:27:0 「ばあちゃん！　でも、私……！」 then 39:0 「黙れこのコスプレババアーー！！！」 — the 0000095B insult reused as the punchline of a miracle. Her profanity ceiling is not crossed
新村栄一郎	新村エリカ	母さん	僕, 丁寧-warm, two cells	00000FCF	—	00000FCF:47:1-47:2 「そうだね母さん。後はみんなに任せよう。／もう、僕たちがでしゃばる必要はない。」 Neither speaker is tagged; 僕 is the only identification -> Q429
新村エリカ	新村栄一郎	栄一郎 (bare given name)	her own voice, unhurried	00000FCF	—	00000FCF:47:0 「さあ栄一郎、行こうか。もう心配いらないね。」 The first time she addresses her son anywhere in the project, and he has been dead for twelve years
皇子	糸姫	糸姫 (the 姫 granted on screen); 糸 once	plain, level, instructions rather than orders, no 敬語 downward and no contempt	0000107B	—	0000107B:11:59 「糸姫、大丈夫だからな。今日はもう歩かないから、ゆっくり休むんだ」, 11:103-11:104 「糸姫、お前は小さいから食べる所なんてない。／死んでも無駄死にだ。だから、死ぬんじゃないぞ」. 11:68 uses the bare 糸 five cells before the 姫 is granted at 11:73 -> Q445, Q419
糸姫	皇子	皇子様	最上級敬語 (申し訳ありません, ございます-adjacent), 私	0000107B	—	0000107B:11:60 「皇子様……申し訳ありません……」, 11:197 「皇子様の行く場所が、私の居るべき場所です」. She never drops it once, including while offering her own body as food (11:100-11:101)
皇子	湊綱宗	綱宗 (bare given name)	plain タメ口, consultative	0000107B	—	0000107B:11:35 「綱宗、今はどこまで来ただろうか」, 11:214 「綱宗、この地に名前を付けたい」. He asks rather than orders
湊綱宗	皇子	no address form at all	plain タメ口 to the Emperor's son	0000107B	—	0000107B:11:36 「東の都よりもだいぶ北の方へ逸れてしまったようだ」, 11:203 「もう、決心はついたか？」. The rank collapse is stated in narration at 11:29-11:30 and this is where it shows -> keep the plainness in EN
藤吉郎	豊吉	豊吉 (bare given name)	loud タメ口, オレ, the greeting mirrored word for word	00001092	—	00001092:11:27-11:29 「よう吉郎！　久しぶりだなあ！」 / 「よう豊吉！　久しぶりだなあ！」 — 「おうむ返しのあいさつ」. The two lines must be identical in EN except for the name
豊吉	藤吉郎	吉郎 (NOT 藤吉郎)	loud タメ口, 俺	00001092	—	00001092:11:27, 11:35, 11:44, 11:65. The only person who uses the short form -> Q443
藤吉郎	お館様	お館様	reverential 3p with honorific verbs (下さった, おられる) inside his own オレ narration	00001092	—	00001092:11:15-11:19, 11:91, 11:127. He never addresses him on screen; the deference is entirely in the narration and it does not weaken when he withholds the drug from him (000010AA:11:267)
藤吉郎	新村儀之助	儀之助殿	敬語 with self-lowering (ありがたきことで, もったいなきことで), kneeling	000010AA	—	000010AA:11:18-11:19, 11:37, 11:110-11:111 「儀之助殿、折り入って相談があります」 with both hands on the floor. He keeps オレ for himself while doing it
新村儀之助	藤吉郎	藤殿	level 丁寧 (です・ます), warm and unchanging	000010AA	—	000010AA:11:41 「藤殿、ここは荒田という村です」 through 11:230. The temperature does not move when he says 「私は、あなたがここへ来たことを――／とても警戒している」 (11:134-11:136) or 「今頃、あなたは死んでいたでしょう」 (11:178). That is the effect
内府	殿下	殿下	最上級敬語 (はっ！, 有り難き幸せ, 心得ております), and honorific verbs in his private narration	000010C3	—	000010C3:11:31 「これはこれは殿下、ご機嫌うるわしゅう」, 11:212 「はい、有り難き幸せ」. He keeps the honorifics at 11:262 while predicting the end of the man's house
殿下	内府	内府 (the office used as a vocative)	plain imperative, わし	000010C3	—	000010C3:11:36 「内府よ」, 11:54 「ほう、わしに意見するか？」, 11:69 「内府よ、分かっておるな？」. He never uses a name for him and the file never gives either man one -> Q421
新村栄一郎	新村サクラ	サクラ (bare given name)	タメ口, 僕, no honorific ever	000010DD	—	000010DD:11:154, 11:195, 11:211 「サクラ、今日は見てもらいたいものがある。」 — besides 古郡良治 she is the only person he 呼び捨てs, and it is fixed from childhood, long before the です・ます he gives 金井美冬
新村サクラ	新村栄一郎	栄一郎 (bare given name)	soft feminine タメ口, every line a question about him	000010DD	—	000010DD:11:45 「ごめんね、栄一郎……」, 11:165, 11:221. 3p: 栄一郎 bare in her own narration (000010F5:8:0)
新村栄一郎	新村幸太郎	兄貴	タメ口 with 僕	000010DD	00000E31 row (兄貴 twelve years later)	000010DD:11:69 「兄貴……」, 11:73, 11:88. The form is already fixed at fourteen and never changes anywhere in the project
新村幸太郎	新村栄一郎	栄一郎 (bare); お前	タメ口, 俺	000010DD	—	000010DD:11:87 「栄一郎は、栄一郎にしかできないことをやってくれ」; 11:89 「お前がサクラのそばにいてやるだけでも、あいつは安心するはずだ」
新村栄一郎	新村エリカ	母さん	タメ口, 僕, asking permission	000010DD	—	000010DD:11:350 「母さん、荒田にはほとんど桜がないでしょ？」, 11:357. The same 母さん he uses at 00000FCF:47:1
新村エリカ	新村栄一郎	no address form	flat タメ口; 「まあ、いいんじゃないかね」 twice	000010DD	—	000010DD:11:346, 11:359-11:360. She grants both requests and asks not one question; the narration says she saw through him anyway (11:349)
新村サクラ	新村幸太郎	幸太郎 (bare given name)	soft feminine タメ口, no honorific	000010F5	—	000010F5:8:191 「ねえ幸太郎、この前、美冬ちゃんに会った話、したわよね？」, 8:316, 8:319. Unchanged from the courtship to ten years of marriage
新村幸太郎	新村サクラ	サクラ (bare); お前	タメ口, 俺	000010F5	—	000010F5:8:67 「なあ、サクラ」; 8:78 「俺はお前を幸せにできる」; 8:270 「サクラ何やってる！　早く逃げろ！」; 8:343 「サクラ、お前はそこまで知る必要ない。後は俺に任せろ」
新村サクラ	新村エリカ	お義母さん	です・ます upward; 「分かりました……」 to an order	000010F5	—	000010F5:8:278, 8:296 「お義母さん、私はどうすれば……」; 0000110D:24:15 「離してください、お義母さん！」. The same form 新村美冬 uses (00000989:11:98)
新村エリカ	新村サクラ	サクラ (bare given name)	plain imperative, 私, no softening	000010F5	—	000010F5:8:281 「サクラ、入りな」; 8:297 「サクラは茅萱が治まるまで、これまで通り普通に振る舞うんだ」; 0000110D:24:16 「サクラ！　バカな考えはよすんだ！」
新村サクラ	新村茅萱	茅萱 (bare given name)	soft feminine タメ口	000010F5	—	000010F5:8:149 「茅萱、ちょっと出かけてくるからもう少し夏菜をお願いね？」; 0000110D:8:60 「よしよし茅萱、怖かったね。もう大丈夫よ」
新村茅萱	新村サクラ	お母さん	child タメ口 with the 「ん……」 tic already in place at ten	000010F5	—	000010F5:8:89-8:90 「ん……／お母さん、どうしたの？」 — the earliest attestation of the tic anywhere, at age ten -> Q138, Q091
新村サクラ	城崎	城崎さん	third-person reference only; she never speaks to him	000010F5	—	000010F5:8:135, 8:142 「城崎さんが作った鉈とメイスを、実際に外に売ることだってあるのだ」
新村茅萱	新村エリカ	おばあちゃん	child タメ口 with the tic; unchanged into adulthood	0000110D	—	0000110D:8:33 「ん……もう大丈夫！」; the same kin term in her narration across all eight files of the chunk
新村エリカ	新村茅萱	茅萱 (bare given name)	warm タメ口, 私, no imperative	0000110D	—	0000110D:8:32 「どうだい茅萱、もう調子は大丈夫かい？」; 8:38 「大丈夫だよ、茅萱。何も心配しなくていい」. The opposite temperature to the same woman's orders to サクラ four cells' worth of file earlier
新村茅萱	新村幸太郎	お父さん	child タメ口, tic intact; narration only — she never addresses him in this chunk	0000110D	00000B9F row (shouted, tic gone)	0000110D:8:106, 24:56; 0000113D:8:17. The kin term is unchanged for the ten years in which she believes he beheaded her mother
新村茅萱	新村夏菜	夏菜 (bare); お姉ちゃん for herself	soft タメ口 to an infant, tic intact	0000110D	0000095B row	0000110D:24:111-24:112 「ん……どうしたの？　夏菜、怖くないよ？／　お姉ちゃんがいるから、怖くないよ？」 — said at ten, over her mother's body, and the narration says no sound came out
新村春花	新村茅萱	チガ姉	child タメ口, bright	0000110D	00000944 row	0000110D:8:75 「あはは！　チガ姉！　もう元気になったの！？」, 8:141 「バイバイチガ姉！」 — at six, the earliest attestation of the form
新村美冬	新村茅萱	茅萱ちゃん	REGISTER 1 breaking into a stammer	0000110D	00000944 row	0000110D:8:127 「ああ、茅萱ちゃん。私たち、もうこれで帰るね」 then 8:132-8:135 「ななな、何でもないのよ！／　おおお母さんは……」 — the only place her stretched-vowel register stammers
新村美冬	新村茅萱	茅萱ちゃん	REGISTER 1 with the stretched vowels ON while the content is a threat	0000113D	00000944 row; 0000110D row	0000113D:8:64-8:67 「だったら茅萱ちゃん……／茅萱ちゃんは、隠し事をしていないって言えるの？」 / 「もっともっと大きなこと、隠してない？」 — the narration says 「叔母さんの口調はとても軽い。／だけど私にとっては、とても重い」
新村茅萱	新村美冬	叔母さん	soft タメ口 with the tic, then a demand	0000113D	0000095B row	0000113D:8:53-8:55 「ん……なつみって子、本当にそれだけの理由で来るの？」 and the unvoiced 8:62 「さあ、言って！　言いなさいよ！」 — the first time she pushes an adult anywhere
新村美冬	新村サクラ	サクラさん	丁寧-adjacent, third person, ten years after her death	00001184	00000A94 row	00001184:16:19, 16:28 「お義母さんは最後、サクラさんの手をつかんで引き上げようとしたのよね？」 — the same さん she keeps for 栄一郎さん
城崎	城崎百合子	百合子 (bare given name)	タメ口, no exclamation marks, pleading	00001154	—	00001154:8:18 「百合子、落ち着くんだ。確かに幸太郎君は疑いがかかりやすい立場にある。」 — nine years before every other 城崎 scene, and the only place his wife is named
城崎百合子	城崎	あなた	タメ口, shouted	00001154	—	00001154:8:20 「あなた何言ってるの！？」, 8:28 「人殺しと一緒の集落にあなたは居たいの？」. She uses 大魔女様 for 新村エリカ (8:21) and サクラちゃん for the dead woman (8:22)
城崎	新村幸太郎	幸太郎君	タメ口, defensive	00001154	—	00001154:8:18, 8:23-8:24 「でも、幸太郎君がやった証拠はなかったじゃないか！」 — a -kun suffix on a man in his thirties from a neighbour about twenty years older
新村茅萱	ハナちゃん	ハナちゃん	soft タメ口 with the tic, apologising	00001154	—	00001154:8:5 「ん……もしもし、ハナちゃん？」; 0000119C:8:8 「ん……ごめんハナちゃん！　今日親戚が来るんだ……」
ハナちゃん	新村茅萱	茅萱 (bare given name)	bright タメ口, no honorific, no suffix	0000119C	—	0000119C:8:4 「茅萱、今年の新入生、なかなかノリがいいよ！」 — the only person in the project who uses her bare given name
新村茅萱	五島絵梨奈	五島さん -> 五島ちゃん	敬語 (「新村茅萱と申します」) -> soft タメ口 with the tic	0000119C	00000944 row (五島ちゃん); 00000EAF row (五島さん)	0000119C:8:23, 8:40-8:41 formal; the slip at 8:78 「五島ちゃんだって、今日はどんな用事で来たか分かってるでしょ！？」 and the narration flags it at 8:79. THE ORIGIN of the form; story time precedes 00000944 -> Q464
五島絵梨奈	新村茅萱	茅萱さん -> チガ姉	敬語 (です・ます) throughout both forms	0000119C	00000944 row; 00000989 row; 00000EAF row	0000119C:8:35 「この方が新村先輩のいとこの茅萱さんですね！？」, then 8:93 「じゃあ、私もチガ姉って呼んでいいですか？」, granted at 8:96. THE ORIGIN, asked for and given on screen -> Q464, Q262
五島絵梨奈	新村美冬	おばさん	敬語 (です・ます) with over-familiar content	0000119C	—	0000119C:8:286 「おばさんからものすごい酒乱だって聞きましたよ？」; 000011B4:8:47 「おばさん、ごちそうさまでした！」, 8:53
新村美冬	五島絵梨奈	五島ちゃん	REGISTER 1, stretched vowels, correcting every dish she misnames	0000119C	—	0000119C:8:28 「おーっほっほっほ五島ちゃん！　それはタイのお造りよー！」, 8:30, 8:48
銀座の料亭の仲居	新村茅萱	新村様; 御令姪様	最上級敬語	0000116C	—	0000116C:8:53 「ああ、新村様ですね、お待ちしておりました。ご案内いたします」; 8:75 「まあまあ、新村様の御令姪様で」 -> Q479
プリマベラのウェイトレス	新村美冬	新村様	最上級敬語, service register	00001124	000007EA row (the same chain twenty years earlier)	00001124:8:91-8:93 「いらっしゃいませ、新村様。／よく元木町本店をご愛顧いただいていると承っております」 — the Tokyo branch of the 元木町 café of 000005C1
unnamed 豊岳駅の駅員	新村春花	no address form	丁寧 (です・ます) plus a PA-announcement register shouted through a megaphone	000011CC	—	000011CC:8:184-8:192. Two registers in four cells: the fixed announcement twice word for word, then a hesitant 「えっとですね……／それが、何と言えばいいのか……」 before he says a cherry tree has grown there
新村美冬	新村春花	春花	タメ口, shouted — the only time she shouts her daughter down	000011E3	existing 春花-bare row	000011E3:8:160-8:164 「私は元木町よりも、春花の方が大事よ！」 / 「住むところなんてどこでもあるんだから！」. She brakes the car to do it and loses the argument
新村春花	新村美冬	お母さん	タメ口, shouted back	000011E3	existing お母さん row	000011E3:8:163 「元木町も荒田集落もチガ姉も見捨てる気かよ！」. 3p: お母さん throughout the chunk, unchanged after the disappearance
古郡茜	新村美冬	あんた	タメ口, quoted at second hand	000011E3	—	000011E3:8:205, quoted by 美冬 in 『』: 『あんたはそろそろ子離れして、旅をさせる時期なんじゃないか』. The only words 茜 has in the chunk
新村サクラ	新村栄一郎	栄一郎 (bare given name)	soft feminine タメ口, UNCHANGED ten years after both deaths	00001214	000010DD row	00001214:8:247 「さあ、栄一郎、運びましょう」, on a recording, while carrying an unconscious woman out of a storehouse. Nothing in the register is wrong, and that is the horror -> Q496
新村栄一郎	新村サクラ	サクラ (bare given name)	タメ口, UNCHANGED, one flat instruction	00001214	000010DD row	00001214:8:248 「よし、サクラはそっちを持って」. No 僕 in it and no です・ます; identical in shape to his living voice alone with 古郡良治
新村サクラ	新村茅萱	茅萱 (bare given name); お母さん for herself	soft feminine タメ口, apologising	00001214	—	00001214:8:227, 8:238-8:240 「茅萱……／ごめんね……／お母さん、やっと帰ってこられたの」. Three cells, then she strikes her
新村茅萱	新村サクラ	お母さん	broken across cells, weeping	00001214	—	00001214:8:233 「おかあ……さん……？」, 8:237, 8:241-8:242 「お母さん……／お母さん！」. The 「ん……」 tic is absent from every one of these cells
新村夏菜	五島絵梨奈	エリ姉	child タメ口, adoring, coined a FOURTH time and the first time it is ASKED FOR	00001247	00000AF7 row; 00000BED row; 00000D41 row	00001247:8:46-8:52 「ねえ五島ちゃん、エリ姉って呼んでいい？」 / 「みんながお姉ちゃんをチガ姉って呼ぶなら、私は……」, granted after an ellipsis cell -> Q171, Q498
五島絵梨奈	新村夏菜	夏菜ちゃん	丁寧, older-sister register, in a grief scene; then shouted once	00001247	00000A48 row	00001247:8:20-8:56 is the warmest version of it; 000012C5:8:22 「か、夏菜ちゃん！　しゃべったの！？」 with both her shoulders held is the only time she frightens her, and she apologises for it at 8:72
新村茅萱	新村春花	春花 (bare given name)	the tic intact, flat imperatives, delivered while pinning her to the ground	0000127A	—	0000127A:8:148-8:153 「ん……いい、春花。このまま山道を進めば廃屋につく。／叔母さんはそこにいるから、寄り道しないですぐに行くこと」. The address form does not change; the delivery does, and the text never says whether she is controlled, mad or lucid
新村エリカ	古郡なつみ	なつみちゃん	warm plain タメ口, no impression and no pastiche anywhere	00001295	0000095B row (お前 -> なつみ)	00001295:8:95-8:96 「なつみちゃん……よく来てくれたね。／その気持ちだけでも、十分嬉しいから」, said to a girl crying on her floor whom she has never spoken to before
古郡なつみ	新村エリカ	おばあさん -> エリカちゃん	敬語 -> タメ口, granted a THIRD time in a THIRD branch	000012AD	00000A30 row; 00000D59 row	000012AD:12:15-12:23. New here: なつみ notices the 敬語 has already dropped by itself and apologises for it BEFORE the given name is offered -> Q499
新村幸太郎	古郡なつみ	no address form	丁寧-warm self-introduction	000012AD	00000AC4 row	000012AD:12:30-12:31 「やあ、いらっしゃい、春花ちゃんの伯父の新村幸太郎です」. Written 伯父, the elder-brother spelling, which nothing else in the project states
古郡なつみ	新村幸太郎	no address form	敬語 (です・ます)	000012AD	—	000012AD:12:29 「初めまして、古郡なつみです」. Four words; they never speak again in the chunk
新村夏菜	古郡なつみ	なつみちゃん	child タメ口, first meeting in this branch	000012AD	0000095B row	000012AD:12:54 「あ、初めまして！　あなたがなつみちゃん！？」, 12:56 「あい！　いつも元気でピチピチの新村夏菜です！」
古郡なつみ	新村夏菜	夏菜ちゃん; 君 once	タメ口, level and warm	000012AD	00000F0D:68:143 row	000012AD:12:55 「えっと、君が夏菜ちゃんかな？」 — she uses 君 before she has the name and never again
五島絵梨奈	古郡なつみ	古郡先輩	敬語 intact, used for a flat unexplained order and for deliberate withholding	000012C5	—	000012C5:8:31 「もう目も閉じて、耳もふさいでください！」, 8:40 「絶っっっ対にこの部屋から出ないでください！」, 8:42 「それは説明できません！」. Same weapon as 0000050E, aimed at protecting the person it is aimed at; 000012DE:8:36 names it as deceiving her
荒田集落の住人	新村夏菜	夏菜 (bare given name)	archaic flat imperative, no honorific to the 長's granddaughter	000012DE	—	000012DE:8:78 「夏菜、お客人、すぐに引き返すのだ。ここから先へ行ってはならない」. ～のだ／～てはならない matches no other modern voice in the project
荒田集落の住人	古郡なつみ and 五島絵梨奈	お客人	the same archaic flat register	000012DE	00000E7B row	000012DE:8:78. The identical address form in which 00000E7B pronounces a death sentence on a visitor; keep the two EN renderings the same word
新村夏菜	大翔	大翔君	shy タメ口, in writing only	00001325	—	00001325:8:144, 8:224. The boy does not exist: both halves of the diary are hers, so this row records how she imagines addressing him -> Q525
大翔	新村夏菜	夏菜 (bare); お前	boys' タメ口, in writing only	00001325	—	00001325:8:180-8:181 「なあ夏菜、／お前はおれのこと……」. 3p: none. The register is a ten-year-old girl's idea of how a boy writes
新村茅萱	新村夏菜	夏菜 (bare given name)	the MOTHER-SUBSTITUTE register: ～なさい imperatives, 「お姉ちゃん」 for herself	00001325	00000E01 row (soft タメ口, flat imperatives)	00001325:8:131-8:136 「ほら、怒らないからお姉ちゃんに言ってごらんなさい？」 and the stated cause 「私たちのお母さんはもう10年前に亡くなったの。だから姉である私は、母親の代わりもしないといけないの」. The tic is on every line of it
新村サクラ	新村茅萱	茅萱 (bare); お母さん for herself	soft feminine タメ口, unchanged as a walking corpse	0000136D	00001214 row	0000136D:8:110-8:111 「茅萱……ごめんね……／お母さん、やっと帰ってこれたの」 — all but identical to the recording at 00001214:8:238-8:240. 000013B5 adds a whole pleading scene in the same register -> Q545, Q496
新村栄一郎	新村茅萱	茅萱ちゃん	僕, 丁寧-warm with amusement under it, as a walking corpse	0000136D	—	0000136D:8:228 「ははは、茅萱ちゃん、面白いこと考えるなあ」; 000013CD:8:352 「さあ、茅萱ちゃん、ご苦労様だったね」. The 00000F24 register with the cruelty replaced by patience -> Q390
新村茅萱	新村栄一郎	叔父さん	soft タメ口 with the 「ん……」 tic	0000136D	—	0000136D:8:251. Her first address form for him anywhere; he died when she was about fifteen and she never says his name
新村茅萱	新村サクラ	お母さん; then 「お母さんの声を出すな！」	the tic intact, then the only shout she gives the corpse	0000136D	00001214 row	0000136D:8:109 「ん……お母さん……！　どうして……？」 and 8:300 「お母さんの声を出すな！　お母さんのマネをするな！」 — the kin term kept and then the voice forbidden
新村茅萱	新村美冬	叔母さん	the tic intact while punching her in the solar plexus	000013CD	00000FB7 row	000013CD:8:35, 8:51 「ん……叔母さん、よく聞いて」. Kin term and 敬語-free softness survive a fight she deliberately loses
新村茅萱	新村春花	春花 (bare given name)	the tic intact, flat imperatives delivered from on top of her	000013CD	—	000013CD:8:184 「ん……いい、春花。このまま山道を進めば廃屋につく」, spoken with a hand over her mouth
新村美冬	新村茅萱	茅萱ちゃん	タメ口, then a flat threat	000013CD	—	000013CD:8:61-8:63 「茅萱ちゃん……／もし、春花に手を出そうものなら……／誰だって容赦しないわ……！」. She kicks her in the face two cells later
新村春花	新村茅萱	チガ姉	rough タメ口, relieved and then panicked	000013CD	—	000013CD:8:171 「チ……チガ姉。無事……だったんだな」; her next and last utterance in the file is 「――――」 -> Q556
unnamed 荒田集落の住人 (corpses)	新村茅萱	茅萱ちゃん	乱暴 タメ口, frightened	000013CD	000012DE row (お客人, archaic flat imperative)	000013CD:8:285 「ち、茅萱ちゃん、やめろ……！」 and 8:291-8:292 「や、やめろ！」「来るな！」 — the only time the masked group speaks in ordinary modern register, and it is fear of her fresh blood
城崎	五島絵梨奈	君	warm 俺 タメ口, the exclamation-mark voice damped right down	000013FD	00000E7B row (藤野さん; お客さん)	000013FD:8:67-8:77 「ああごめん、驚かせちゃったかな……俺は城崎って言うんだ」. Not one exclamation mark in the whole scene, and he does not wait for her answer before walking her home
五島絵梨奈	城崎	城崎さん	敬語 (です・ます), minimal, given under suspicion	000013FD	00000F9F row	000013FD:8:69-8:70 「…………／五島……絵梨奈です……」 — an ellipsis cell first, then her name, then silence for the whole walk. 8:74 「私はこの人を信用していいのか分からない」
新村エリカ	五島絵梨奈	お嬢ちゃん; then 絵梨奈ちゃん	unhurried plain 丁寧-casual, given name offered unprompted	000013FD	00000EDF row (五島ちゃん)	000013FD:8:127, 8:137, 8:297 「なつみちゃんだって、私のことをエリカちゃんって呼んでるし、絵梨奈ちゃんだって、そう呼んでいいんだよ？」. First meeting in this branch -> Q561, Q562
五島絵梨奈	新村エリカ	おばあさん; 大魔女様 (3p, via 城崎)	敬語 (です・ます), wary then trusting	000013FD	00000EDF row	000013FD:8:164 「おばあさんは……死体が動く話は知っていますか？」. She DECLINES エリカちゃん at 8:298 「でも……それは馴れ馴れしすぎじゃ……」 — the first refusal of that offer anywhere -> Q561
新村エリカ	城崎	城崎 (bare surname)	unhurried plain タメ口	000013FD	00000D59 row	000013FD:8:126 「ああ、城崎、ありがとうね」. Unchanged across branches
城崎	新村エリカ	大魔女様	丁寧 upward, one line	000013FD	00000C38 row (大魔女様, broken off in front of an outsider)	000013FD:8:121 「大魔女様、この子」. Here he uses the title in front of the outsider with no hesitation, where at 00000C38:11:33-11:34 he substituted 長老 -> Q191
新村桔梗	未来の荒田の者たち	未来の荒田の者たちよ、子孫たちよ	written 丁寧 that hardens into classical imperative	00001355	—	00001355:8:46 「どうか、これを役立ててください」 and 8:89-8:91 「これから述べることをしかと後世へ伝えよ」. Two registers in one document, four cells apart
unnamed セレジェイラ聖教の研究者	これを読む者	あなた	written report 敬体, breaking frame in the last four cells	00001355	—	00001355:8:221 「これを見る権限を与えられた者はそのことを充分に理解しておいてほしい」 and 8:272-8:275 「もし、これを読んでいるあなたに予知能力があるなら。」 -> Q541
五島絵梨奈	新村エリカ	エリカちゃん	敬語 (です・ます) kept; the given name taken up one file after refusing it	00001414	000013FD row (おばあさん; refused エリカちゃん at 8:298)	00001414:8:234 「気を付けてください、エリカちゃん……」, unprompted, at a parting she thinks may be the last. The narration then uses エリカちゃん for the rest of the chunk -> Q561
新村エリカ	新村茅萱	茅萱 (bare given name)	flat imperative, her own voice	00001414	0000110D row (茅萱, warm, no imperative)	00001414:8:173 「待ちな、茅萱！　お前には別のことをしてもらわないといけないんだ！」 — she overrides her granddaughter's plan inside one cell and sends her to 糸姫山
新村茅萱	新村エリカ	おばあちゃん	soft タメ口 with the 「ん……」 tic	00001414	0000110D row	00001414:8:221 「ん……分かったわ、おばあちゃん。私、行くわ」. Unchanged from age ten, and it is intact in the cells where she has already been converted
新村茅萱 (第四世代)	五島絵梨奈	五島ちゃん; 天才少女 (as an insult)	the soft feminine タメ口 and the tic intact, contents threatening	0000142B	00000944 row (五島ちゃん, doting)	0000142B:8:59 「邪魔しないで！」, 8:67 「死ぬ？」, 8:133 「情けないわね、天才少女が……」, 8:203 「この子、何の使い道もないでしょ？」. Every surface marker of the doting register survives the conversion -> Q569
新村栄一郎 (corpse)	五島絵梨奈	五島ちゃん	僕, 丁寧-warm, the register of 000007D3 with nothing frightening on it	0000142B	—	0000142B:8:110 「えっと、みんなには五島ちゃんって呼ばれているのかな？」, 8:201 「五島ちゃん、よければおんぶして行こうか？」, 8:218 「五島ちゃんは貴重な人質なんだから」. He is kind and he is the abductor in the same cell
五島絵梨奈	新村栄一郎 (corpse)	あなた; 幸太郎さん (mistaken)	敬語 (です・ます), unbroken while terrified	0000142B	—	0000142B:8:148 「あの……あなた、幸太郎さん、ですよね……」. She never settles on a form for him and the narration keeps 「新村栄一郎らしき人」 beside the flat 「新村栄一郎」 -> Q570
新村茅萱 (第四世代)	新村栄一郎 (corpse)	叔父さん	soft タメ口 with the tic, impatient	0000142B	0000136D row (叔父さん, as a living niece)	0000142B:8:152 「叔父さん、腕をナイフで刺してみたら？」, 8:213 「気絶させて連れて行ったら？」. The form is unchanged and the content is not
新村サクラ (corpse)	新村春花	春花 (bare given name)	the warm soft タメ口 of 00000A7C, unchanged, opening on a question about the listener	00001442	00000A7C row (to the seven-year-old)	00001442:11:176 「久しぶりね、春花」, 11:183 「春花、横、いいかしら？」, 11:197 「ふふ、敬語なんて使わなくていいのに」. Every kind thing she says here is retracted at 000014D7:8:219-8:226 -> Q574
新村春花	新村サクラ (corpse)	サクラさん	敬語 for six cells, then her ordinary rough タメ口 after being told to drop it	00001442	00000A7C row (サクラさん, stammering with awe at seven)	00001442:11:196 「あ……会いました……」 then 11:245 「呪殺事件だよな……」, 11:306 「サクラさんはサクラさんにできることをやってくれよ！」. Both registers inside one scene
新村美冬	新村春花	春花 (bare given name)	level plain form; the stretched vowels and exclamation marks are ABSENT for the whole file	00001442	00000697 row; 00000FB7 row	00001442:11:83 「春花は足手まといよ」, 11:92 「いいから、早く行きなさい！　今しかないの！」. She says the cruellest thing she says anywhere in order to make her daughter leave -> Q572, Q106
新村エリカ	新村春花	春花 (bare given name)	her own unhurried voice; no impression and no showman anywhere in the file	00001459	0000095B row (impressions); 00000FCF row (posthumous)	00001459:8:99 「春花か！？」, 8:255 「ほら、急ぐよ。ぼやぼやしていられない」, and the flat 「私がサクラの亡骸を見た時には、もう首が切り落とされていた」 (8:146)
新村美冬	新村エリカ	大魔女様 (corrected mid-cell from お義母さん)	最上級敬語, presenting herself for punishment	00001459	00000A94 row (お義母さん, 最上級敬語)	00001459:8:203-8:204 「お義母さん……／いえ、大魔女様、今日は裁きを受けるために参りました」. Quoted inside エリカ's own retelling; the only time she uses the title to her face
古郡良治	古郡なつみ	なつみ (bare given name)	ordinary タメ口 emptied of subject, predicate and modifier on purpose	00001477	—	00001477:8:100 「なつみ、こういうことなんだ」 and the message 「なつみ、今はただ、みんなに従いなさい。」 (8:45). He uses a message rather than a call because the listening app is his own -> Q577
古郡茜	古郡なつみ	なつみ (bare given name)	ordinary タメ口, the same deliberate omissions, cut off the moment the word ヒント is said	00001477	—	00001477:8:109-8:125 「私たちには声が聞こえているわ」 / 「でも、春花ちゃんと五島ちゃんの声もちゃんと聞こえている」 / 「なつみ！　そこまで！　もう、切るわね」 -> Q577, Q578
新村夏菜	古郡なつみ	なつみちゃん	over-familiar タメ口 intact while confessing; 「ごめんなさい！」 twice	0000148E	—	0000148E:8:189 「お姉ちゃんは、もうダメかもしれない」, 8:222-8:223 「私、今朝……／お姉ちゃんを見つけてたの」, 8:258 「ごめんなさい！　私、昨日からお姉ちゃんが怖かったの！」. Her ～じゃん and stacked questions survive the whole confession
新村美冬	古郡なつみ	なつみちゃん	level plain form, apologising before naming the thing apologised for	000014A5	000001DD row (register 1); 0000116C row	000014A5:8:72 「なつみちゃん、ごめんね……」 then 8:91-8:95 「春花がどこへ行ったかは言えないわ。……分かってちょうだい、春花のためなの」. Two whole files with no stretched vowel and no exclamation mark and nothing being revealed -> Q106
新村夏菜	新村美冬	叔母さん	over-familiar タメ口, volunteering	000014A5	00000F0D row (叔母さん in writing)	000014A5:8:79 「叔母さん、だったら私が探しに行くよ！」, 8:140 「じゃあ、叔母さんが先頭に行って」. She gives the marching order and the adult takes it
新村栄一郎 (corpse)	古郡なつみ	なつみちゃん	僕, 丁寧-warm, through a telepathic relay and then face to face	000014BC	00000E31 row (なつみちゃん, twelve years dead, in a dream)	000014BC:8:241 「久しぶりだねなつみちゃん、僕だ、春花の父、新村栄一郎だ」; 000014D7:8:49 「僕は君が飛ばした風船を取ろうとして死んだんだよ？　言うことないの？」. The register of 00000E31 aimed at extracting an apology for his own death
新村栄一郎 (corpse)	新村美冬	美冬ちゃん	僕, warm surface with an insult about her age inside it	000014D7	00000E31 row; 00000F24:187:16 row	000014D7:8:54 「美冬ちゃんなら、分かってくれるよね？　僕が死んで1番苦労したの、君だよ？」, 8:62 「君だって、昔はあんなにきれいだったのに、歳をとるって悲しいよなあ」
新村美冬	新村栄一郎 (corpse)	あんた; 偽物	タメ口, shouted — the ONLY time she drops 栄一郎さん and です・ます for him anywhere	000014D7	000007D3 row; 000008E8 row; 00000F24:187:17 row	000014D7:8:58-8:60 「あんた誰よ！　栄一郎さんは絶対にそんなこと言わない！……黙りなさい！　偽物！」. Twelve years of 敬語 to a dead man, dropped in three cells
新村栄一郎 (corpse)	新村夏菜	夏菜ちゃん; 栄一郎叔父さん (of himself)	stretched-vowel baby talk while throwing her seven metres	000014D7	—	000014D7:8:82-8:83 「初めまして夏菜ちゃん、栄一郎叔父さんだよー！／　そんなおもちゃで遊ぶなんて、悪い子だなあ」, said with a knife in his arm
新村サクラ (corpse)	古郡なつみ	なつみちゃん	soft feminine タメ口, the opening-question habit intact, inviting her to be absorbed	000014D7	—	000014D7:8:235-8:236 「なつみちゃん、こちらへいらっしゃい。／あなたがこちらに来れば、もう終わりなの」, 8:257 「なつみちゃんはもう分かるでしょ？」
新村サクラ (corpse)	新村栄一郎 (corpse)	栄一郎 (bare given name)	soft feminine タメ口, unchanged, now used to hurry him along	000014D7	000010DD row; 00001214 row	000014D7:8:230-8:231 「さあ栄一郎、もう前置きはいいわ。／ほんと、栄一郎は本題に入るのが苦手よね。そう言うところ、死ぬ前とおんなじ」 — a widow's affectionate complaint delivered by two corpses about a third state
死月妖花 (糸姫)	古郡なつみ	古郡なつみさん; あなた	敬語 (～ます), a girl's voice, unhurried	000014D7	—	000014BC:8:289-8:290 「私は、長い間あなたを待ち焦がれていました。／どうぞ、こちらへ来て下さい」; 000014D7:8:451 「ようこそ、みなさん。お待ちしておりました」, 8:459-8:461 「古郡なつみさん、初めまして。／私は……／糸姫と申します」. The 最上級敬語 of the ten-year-old servant at 0000107B, 800 years on -> Q591, Q597
死月妖花 (糸姫)	新村栄一郎 and 新村サクラ (corpses)	栄一郎; サクラ (bare given names); あなたたち	丁寧 (です・ます) giving an order, no anger word anywhere	000014D7	—	000014D7:8:384 「殺しはダメだと言いましたよね？」, 8:387-8:388 「もういいです。／栄一郎、サクラ。あなたたちは下がっていなさい」. They answer 「女神様……！」 and beg her to calm down, and the ground shakes
新村幸太郎	新村茅萱	茅萱; お前	plain タメ口, 俺, written, imperative	000014D7	—	000014D7:8:353-8:356, a note in five bare cells: 「茅萱、お前はドローガを注射されたが、俺がファルシフィカソで治しておいた。……頼むぞ。」 signed 「幸太郎」 on its own cell. His only appearance in the chunk and his only written register anywhere -> Q593
新村茅萱	新村夏菜	夏菜 (bare given name)	soft タメ口 with the tic, flat imperatives, cutting her arm without warning	000014D7	—	000014D7:8:365 「ん……夏菜、腕を出して」, 8:369 「ん……夏菜、よく見てて」. The tic is on both and she does not explain until afterwards
糸姫	古郡なつみ	古郡なつみさん at first, なつみさん from 000014EE:16:427	最上級敬語 (～です／～ます), unhurried, no anger word anywhere, apologising as a matter of form	000014EE	死月妖花 (糸姫) -> 古郡なつみ (000014D7, 古郡なつみさん only)	000014EE:8:9 「古郡なつみさん、あなたにずっと渡したいものがありました」; the short form arrives only after なつみ offers to take her to 元木町. 0000151C:8:242 「なつみさん……最後に出会ったのが、あなたで本当に救われました」
糸姫	新村美冬	新村美冬さん, then 美冬さん	最上級敬語, unchanged while being slapped twice and kicked in the jaw	000014EE	—	000014EE:8:45 「新村美冬さん、新村春花さんにも謝ります」; 16:132 「美冬さん！　これで栄一郎といつまでも一緒にいられます！」
糸姫	新村春花	新村春花さん, then 春花さん	最上級敬語; she offers her the 神使 place as a kindness	000014EE	—	000014EE:16:56 「春花さんが第一世代の生者になれば、他の人たちは無傷で帰ることができます」
糸姫	新村茅萱	茅萱さん	最上級敬語, and she says 「失礼します」 before running at her with the syringe	000014EE	—	000014EE:16:120-16:121 「茅萱さん、／失礼します」
糸姫	新村夏菜	夏菜さん	最上級敬語	000014EE	—	000014EE:16:34 「そこに夏菜さんの全血液を足せば可能だったかもしれませんが……」
糸姫	五島絵梨奈	五島さん	最上級敬語	000014EE	—	000014EE:16:143 「五島さん、あなたは――」, cut off by 夏菜
糸姫	皇子	ニイ様	最上級敬語 (～です／～ます, お仕えする, おそば), 私, and she never once uses タメ口 to him in ~450 cells	00001505	皇子様 (0000107B)	the change is asked for and granted on screen: 00001505:8:89 「私は、ニイ様って呼びたいです！」, from 新村 and misheard by him as 兄様 -> Q606. 3p: ニイ様 in her own narration throughout
皇子	糸姫	糸姫; 糸 once, at the promise	plain, level, unchanged from 0000107B; instructions rather than orders, and no 敬語 downward	00001505	—	00001505:8:290 「糸姫、やっぱりお前を連れて行くことはできない」; 8:314 「糸を迎えに来る」 -> Q607. He also uses お前 to her for the first time, in the refusal
湊綱宗	糸姫	糸姫	plain タメ口, kindly, and he engineers the whole overheard conversation for her benefit	00001505	—	00001505:8:131 「どうした糸姫、足でも怪我したのか？」; 8:267 「綱宗がお前に聞かせるために、わざと仕組んだようだ……」
山賊 (00001505)	糸姫	女 / お嬢ちゃん	gutter タメ口 with mock-gentleness laid over it	00001505	—	00001505:8:376 「おい女！　荷物全部置いて行きな！」 against 8:400 「はいはいお嬢ちゃん、大人しくしましょうね」 and 8:407 「僕たち、ほんとはとっても優しいんだから！」
古郡なつみ	糸姫	糸姫ちゃん once, then 糸姫 bare	タメ口 from the first word — the 敬語 she gives every other stranger never appears	000014EE	—	000014EE:16:292 「ねえ、糸姫、1つだけ解決する方法があるよ」; 0000151C:8:294 「――またね、糸姫。」 She is the only person in the file who does not raise her voice at her
新村美冬	糸姫	この小娘 / 糸姫のお嬢ちゃん / あんた	タメ口, and the only register she has for her is the one she used on the corpse wearing her husband's face	000014EE	—	000014EE:16:72 「糸姫のお嬢ちゃん、あなたが何のつもりか知らないけど、ここで死んでくれたらいいの」; 16:173 「さあ、お仕置きの時間よ。800年分の悪事、楽に死ねないわよ？」
新村春花	糸姫	お前 / こいつ	rough タメ口 at full volume	000014EE	—	000014EE:16:4 「ふざけんな！　なんでお前のわがままで元木町がゴーストタウンになるんだよ！」; 16:177 「私のお母さんに何する気だよ」
新村夏菜	糸姫	糸姫ちゃん	over-familiar タメ口, the ちゃん intact while threatening to bleed on her	000014EE	—	000014EE:16:23-16:25 「糸姫ちゃんだっけ？……私の血、たっぷり浴びせるよ？／自分の致死量くらい分かってるから」
五島絵梨奈	糸姫	その子; no direct address at all	です・ます about her, never to her, and she is the one who argues for letting her speak	000014EE	—	000014EE:16:233 「待って下さい。それでは魔女狩りのように、昔の野蛮な刑罰と同じです」; 16:316 「だからこそ私は、この子を純粋にかわいそうって思えます」
新村茅萱	糸姫	この子 / あなた	soft feminine タメ口 with the 「ん……」 opener intact, used to describe cutting her into pieces	000014EE	—	000014EE:16:73 「ん……もし、あなたが生者だと言うなら、あなたの頸動脈をこれで切り裂いたらどうなるのかしら？」; 16:343 「ん……許せないけど……。／でも、この子はどうしたら助かったのかしら？」
新村栄一郎 (corpse)	新村美冬	み……ふゆ……ちゃん	the living 丁寧-warm register for four cells, broken up by the body failing	0000151C	新村栄一郎(corpse) -> 新村美冬 (000014D7, 美冬ちゃん with an insult inside it)	0000151C:8:346-8:349 「み……ふゆ……ちゃん……」 / 「ごめん……ね……。／僕は……ずっと……」. This is the register of 000007D3, not the one the thing was using an hour earlier
新村サクラ (corpse)	新村夏菜	か……な……	warm, feminine, broken up by the body failing; the only direct address to the daughter who does not remember her	0000151C	—	0000151C:8:395-8:406 「ふふ……／小さい頃の……私に……よく似てる」 and 「ママはね……／会えて……嬉しい……よ……」
新村サクラ (corpse)	新村茅萱	ちが……や……	warm, and she names all three of them in one cell before anything else	0000151C	—	0000151C:8:381-8:382 「ちが……や……／夏菜……こうた……」
新村幸太郎	新村サクラ (corpse)	サクラ / お前	the ordinary relaxed タメ口 of a marriage, 俺, used across ten years of secret meetings with a corpse	0000154E	—	0000154E:8:149 「サクラ……！？　どうして……」; 8:198 「それに俺までここを離れてしまったら、サクラに会えなくなるじゃないか！」; 0000151C:8:136-8:137 「サクラ……心苦しいけど、もう、これで終わりにしよう。／俺が死んだら、向こうで待っててくれ」
新村サクラ (corpse)	新村幸太郎	幸太郎 (bare)	～のよ／～わ, warm and practical, while proposing that he cover for her own annual murders	0000154E	—	0000154E:8:178-8:180 「だったら、幸太郎が疑われないように協力するわ。／来年、幸太郎は自分からみんなに見張ってもらうようにして」; 8:209 「ごめん……」 when refusing to say why 茅萱's 翠眼 must be left alone
後白河糸織	古郡なつみ	古郡さん, then なつみ from 00001533:27:4	関西弁 タメ口 from her first line, no 敬語 to anyone including the teacher	00001533	—	00001533:8:242 「古郡さん、めっちゃええ人やな」; 27:2-27:4 「えっと、なつみちゃんでええかな？」 / 「なつみでいいよ」 / 「じゃあ、なつみ」 — asked and granted on screen inside three cells
古郡なつみ	後白河糸織	後白河さん, then 糸織 from 00001533:27:20	タメ口, and she is the one who hesitates over the name	00001533	—	00001533:27:19-27:20 「糸織でいいって！」 / 「うん、じゃあ糸織」. 3p in her own narration: 後白河さん until 27:20, 糸織 after it, including in the file's last cell
向井	古郡なつみ	古郡さん	丁寧 (です・ます), mild, formulaic	00001533	向井 -> 2年2組 students (000001DD, email text only)	00001533:8:143-8:144 「お、古郡さん今日から復帰ですね。／法事はどうでした？」. THIS IS HIS FIRST SPOKEN LINE ANYWHERE IN THE PROJECT; before this he existed only as school-notice text
向井	後白河糸織	後白河さん	丁寧, and he loses control of his own classroom twice inside twenty cells	00001533	—	00001533:8:248 「古郡さん、後白河さん、初対面で盛り上がるのもいいけど、そろそろ静かにしてくださいね」
新村茅萱	五島絵梨奈	五島ちゃん	soft feminine タメ口 with the 「ん……」 opener intact, now carrying an apology for the three files she spent frightening her	0000154E	—	0000154E:8:35 「ん……ごめん、五島ちゃん……」; 8:45 「ん……でも、やっぱり五島ちゃんを私は……」. The physical habit is absent for the first time in a two-person scene
五島絵梨奈	新村幸太郎	幸太郎さん	です・ます unbroken while accusing him of arson to his daughter's face and then to his	0000154E	—	0000154E:8:112-8:113 「幸太郎さん、話してもらえませんか？／　ここで、何があったんですか？」; 8:125 「もしあなたがもっと早くこのことを言っていたら、呪殺事件なんて何年も前に解決していたんじゃないですか？」
新村美冬	新村春花	春花	タメ口, and the stretched-vowel high-energy register is fully restored after four files without it	00001533	新村美冬 -> 新村春花 (00001442, flat and cutting: 「春花は足手まといよ」)	00001533:8:16 「春花は今年受験生だからねー！　びしびししごくつもりよー！」; 8:18 「栄一郎さんががっかりするような育て方はできないからねー！」
古郡茜	古郡なつみ	なつみ (bare given name)	タメ口, maternal, unchanged after fifteen years apart	0000156A	00001477 row	0000156A:40:169 「早く帰るわよ！」, 70:67 「いいなつみ。なつみはまだ30過ぎたばかり」 — the ～なさい／～わよ register of 000001DB survives prison intact
古郡なつみ	古郡茜	お母さん	タメ口, unchanged	0000156A	00000641 row	0000156A:70:10 「お母さん、来てたんだね」; at 201:9 the same word is used to talk her into dying
五島絵梨奈	古郡茜	お母さん	敬語 (です・ます), unbroken	0000156A	00000522 row (おばさん, used as an accusation)	0000156A:8:20, 28:0 「お母さん！　起きて下さい！」, 28:43 — she uses a kinship word for a woman who is not her mother and keeps every です・ます. The biggest address move she makes anywhere -> Q645
古郡茜	五島絵梨奈	五島ちゃん	タメ口, warm, unchanged	0000156A	0000034C row	0000156A:46:146 「五島ちゃん、お茶ありがとう」 — same form fifteen years and one apocalypse later
新村春花	古郡茜	おばさん, corrected to 本物のお母さん	rough タメ口	0000156A	00000EC7 row (おばさん); 00000E95 row (お母さん attempted once)	0000156A:193:125-193:126 「もちろん、おばさん……／ううん、本物のお母さんも」 — the correction is made out loud and is not taken back; 201:52 「実の娘なのに、1度も抱きしめてもらったことないだろ？」
古郡茜	新村春花	春花ちゃん	タメ口, maternal	0000156A	00000F57 row	0000156A:8:9 「春花ちゃんだ」 — the ちゃん survives even in narration where she calls her 娘 (8:182, 40:80)
五島絵梨奈	新村春花	新村先輩	敬語 (です・ます), deliberately cold	0000156A	—	0000156A:8:29 「お久しぶりです、新村先輩」, and the narration calls it 「感情の薄い再会の挨拶」 (8:30). The 先輩 form survives fifteen years, a resurrection and open suspicion -> Q034
新村春花	五島絵梨奈	五島 (bare surname)	rough タメ口, teasing	0000156A	—	0000156A:8:172 「五島なんて、チビのままオバハンになったんだな」 — her first words to a woman she has not seen in thirteen years are a height joke
五島絵梨奈	古郡なつみ	古郡先輩	敬語 (です・ます), unbroken	0000156A	—	0000156A:34:192 「古郡先輩、それは違います」 — both 先輩 forms intact at 33 -> Q034
新村春花	古郡なつみ	なつみ (bare given name)	rough タメ口, unchanged	0000156A	—	0000156A:8:3 「なつみ……？」, and 193:115 「なつみも必要なんだよ」 spoken with her hand inside her chest
古郡なつみ	新村春花	春花 (bare given name)	タメ口, unchanged	0000156A	—	0000156A:14:195 「春花……ごめん……」, said to a camera image while refusing to open the door
新村美冬	古郡茜	茜 (bare given name)	level, warm, no stretched vowel and no exclamation mark	0000156A	00000E61 row (REGISTER 1, elongated)	0000156A:20:41 「久しぶりね、茜。これで4人そろったわ」 — inside 茜's dream and as a 神使; REGISTER 2's temperature used for an invitation
古郡茜	新村美冬	美冬 (bare given name)	タメ口, unchanged	0000156A	00000F24 row	0000156A:34:115 「でも、美冬はちょっと弱いところが……」 — 3p to her daughters, fifteen years after killing her
山垣	古郡茜	古郡さん	丁寧 (です・ます), volunteered kindness	0000156A	—	0000156A:92:80 「古郡さんは、家族が元木町にいるんですよね？」 and the whispered 92:89 「私、今日から元木刑務所勤務です。よろしくお願いします」 — an officer introducing herself to a prisoner
古郡茜	山垣	山垣さん	丁寧 in narration and in address	0000156A	—	0000156A:92:87 「新米の山垣さん、か」, 92:198 「山垣さん、山垣さん！」 shouted at a body
unnamed 刑務官 (護送車)	山垣	山垣さん	丁寧 rebuke	0000156A	—	0000156A:92:84 「山垣さん、そこまでになさい」 — the only line the senior officers have
記者たち	中嶋長司	官房長官	丁寧, shouted, prefixed 「――」	0000156A	—	0000156A:14:134 「官房長官！　こういうことは、人命が最優先ではないんですか！？」 -> Q656
中嶋長司	記者たち／国民	no address form	です・ます, official, deliberately unhelpful	0000156A	—	0000156A:34:174-34:185, 58:260-58:269, 201:140-201:150 — 五島 reads the flatness as a coded warning (14:136-14:160)
五島絵梨奈	中嶋長司	中嶋長司さん	敬語, 3p, admiring	0000156A	—	0000156A:14:156 「名君と言われた中嶋長司さんです」 — she is the only person who names him
伊勢大二郎	古郡なつみ	古郡さん	plain form, urgent, quoted inside a montage	0000156A:143:12	00000641 row	0000156A:143:12 「古郡さんも新村さんも絶対に1人になるなよ！？」 — reprinted from the 元木町事件 files with no frame -> Q643
立木三日 (navigator)	the player	<name>様	最上級敬語 (ございます, わたくし), with ～ですわ four times	000015C2	000000F2 row (navigator, unnamed)	she NAMES herself at 81:2 and states she is female at 81:6. 3p for the cast: bare full names with no honorific everywhere (五島絵梨奈, 新村春花, 古郡なつみ) -> Q682, Q699
市村先生	五島絵梨奈	五島さん	teacherly 丁寧 over feminine タメ口 (～わね, ～なさい)	000016AE	—	000016AE:11:37-11:68 and 00001704; the only adult who knew her before the personality change
五島絵梨奈	市村先生	市村先生	です・ます with the bright register fully on	000016AE	—	000016AE:11:43-11:67; she supplies her own old description 「陰気で、根暗で、暗い児童でした？」 (11:52)
unnamed 小学校のクラスメイト	五島絵梨奈	絵梨奈ちゃん	friendly タメ口	00001704	—	00001704:8:6-8:25; every line is ABOUT her in the third person and she answers none of them
unnamed 元木警察署 junior	伊勢大二郎	伊勢警部補	です・ます with open amusement in it	0000171B	—	0000171B:8:2-8:48; closes the file with 「趣味さえまともならモテるだろうに……。もったいない」
五島桃子	五島絵梨奈	絵梨奈 (bare given name)	warm タメ口, 「よしよし、絵梨奈はいい子だね」	00001755	—	00001755:8:37-8:49 and 00001AB5:8:1-8:2, both when 絵梨奈 is a small child. EARLIEST instance anywhere: the given name is simply how she talks before the あんた register starts -> Q037
unnamed 私服巡回員	五島絵梨奈	no address form	丁寧 to a small child, 僕	00001755	—	00001755:8:15-8:55; accused of being a kidnapper and a 凌辱魔 and takes it politely
道畑	五島桃子	桃ちゃん	familiar タメ口 that curdles into contempt (お前, 落ちこぼれ姉妹)	00001807	—	00001807:8:8-8:41; asks her out, threatens to sack her, insults her sister
五島桃子	道畑	道畑様	最上級敬語 (お久しゅうございます, ～でよろしいですか) used as a weapon	00001807	000005C1 row (professional register to customers)	00001807:8:53-8:63; the register is the reveal, and it ends 「今度絵梨奈の悪口言ったら……／マジで殺す」 -> Q707, Q075
伊勢大二郎	佐波県警本部	no address form	です・ます, 私, procedural	00001800	—	00001800:8:0-8:19; the uniform setting of the 私/俺 tell, on an open line
伊勢大二郎	古郡茜	古郡さん	です・ます, 私, condolence register	0000182A	—	0000182A:8:17-8:24 and 00001830 whole file. 俺 returns the instant she hangs up (00001830:8:40-8:41) -> Q712
動画配信者 (クレイジーカウボーイ)	his audience	クソ野郎ども	乱暴 タメ口 with 俺, affectionate abuse	0000181F	—	0000181F:8:0 and 00001A6B:22:0, 22:113 (「あばよクソ野郎ども！」). He is NAMED at 0000181F:8:22
unnamed バレー部 coach	五島絵梨奈	五島さん	plain タメ口 with 俺, treating her as an equal negotiator	00001849	00000617 row (to the team)	00001849:8:1-8:60; and his 3p for the other girl is bare surname 古郡, against 五島's 古郡先輩
南崎しのり	五島絵梨奈	五島絵梨奈さん / あなた	です・ます, formal to the point of ceremony	0000191C	—	0000191C:11:168-11:170, spoken to her back and never heard. FIRST meeting, four years before 00000EAF -> Q722
五島絵梨奈	南崎しのり	南崎さん	です・ます, no rivalry in it	0000191C	—	0000191C:11:53, 11:97; she does not know who the champion is
新橋ゆき乃	unnamed studio host	no address form	bright broadcast です・ます	00001A4E	—	00001A4E:8:1-8:49; he returns ゆきちゃん. Her first appearance, four years before 00000EAF and in a different job
unnamed 女医	新村春花	春花ちゃん	warm feminine 丁寧 over タメ口 (～かしら, ～わね, ～よ？)	00001A52	—	00001A52:8:0-8:35; she is 春花's regular doctor and calls her by given name with ちゃん
新村春花	unnamed 女医	先生	です・ます	00001A52	—	00001A52:8:3-8:35; she uses です・ます to no other adult except 谷崎
unnamed 女医	谷崎	谷崎先生	the same warm feminine 丁寧-タメ口 she uses on 春花	00001A6B	—	00001A6B:8:0-8:49; almost certainly the same doctor, never stated -> Q734
unnamed クラスメイト2人	谷崎	玲ちん	affectionate タメ口 about a teacher	00001A5C	—	00001A5C:8:18-8:57; they mock her Japanese and then defend her
新村春花	谷崎	谷崎先生	respectful です・ます, and she defends her while the others mock	00001A5C	—	00001A5C:8:19-8:66 and 00001A7F:8:56
谷崎	新村春花	新村さん	warm feminine 丁寧 with a teacher's タメ口 (～のよね？, ～わね, ～てね)	00001A7F	00000697 row (email, みなさん)	00001A7F:8:6-8:75; her first spoken lines anywhere, and the file that establishes she is FEMALE -> Q731
谷崎	新村美冬	春花さんのお母さん, then bare お母さん as a vocative	です・ます	00001A7F	—	00001A7F:8:13-8:29; she uses the kin term as an address form for a parent she has just met
新村美冬	谷崎	先生	です・ます, with the stretched-vowel REGISTER 1 completely absent for the whole file	00001A7F	—	00001A7F:8:14-8:52; she cuts the teacher off twice and closes 「それでは、娘をよろしくお願いします」
新村美冬	古郡なつみ	なつみちゃん	maternal タメ口 with REGISTER 1 almost entirely off	00001835	—	00001835:8:30-8:47; the file explains the flatness as having just woken, which makes the loud register switchable on a domestic pretext -> Q114
新村サクラ	新村美冬	美冬ちゃん	soft feminine タメ口, the same register she uses on children	00001A85	—	00001A85:8:6-8:27; she refuses the request outright and apologises for being useless -> Q740
五島桃子	unnamed プリマベラのマスター	no address form	です・ます, straight professional	00001AA5	—	00001AA5 and 00001AAE; the same voice as her waitressing register but without the 最上級敬語
unnamed プリマベラのマスター	五島桃子	君 / 看板娘さん	warm タメ口 with 僕	00001AA5	—	00001AA5:8:25 「君ほどの子なんて、なかなかいないと思うけどなあ」; 00001AAE:8:35 「じゃあ看板娘さん、幸せをお2人に届けておくれ」
新村美冬	新村エリカ	お義母さん	です・ます unbroken, no stretched vowel and no exclamation mark anywhere	00001AE8	—	00001AE8:8:2-8:48; consistent with 00000989:11:98-11:100 twelve years later
新村エリカ	新村美冬	美冬さん	unhurried plain タメ口, her own voice with no showman in it	00001AE8	—	00001AE8:8:1-8:45; offers refuge and sets aside the sixteen-year 掟 for it -> Q750
金井美冬	古郡茜	茜 (bare given name)	dependent タメ口, REGISTER ZERO	00001A97	—	00001A97:8:15-8:55, at her father's funeral at about fifteen. The 極端 trait and the 家族を失う fear are both placed here -> Q114
古郡茜	金井美冬	美冬 (bare given name)	cool-elder-sister タメ口 (～なさい, ～わよ, ～のよ)	00001A97	—	00001A97:8:3-8:53; the same form she still uses at 00000641 and 0000156A forty years later
匿名	古郡なつみ / 新村春花 / 五島絵梨奈	bare full names	imageboard register, crude, self-policing	00001A65	000001E1 row	00001A65:8:10-8:55; the fourth attestation of the board's fixed voice -> Q031
unnamed 女ケ沢市民	the reporter	no address form	ordinary 丁寧 to a camera	00001741	—	00001741:8:18-8:35; three vox-pop interviewees, the third of whom says she saw something that was not human
新村エリカ	五島絵梨奈	絵梨奈ちゃん	unhurried plain タメ口, warm	00001B76	—	first meeting in this branch; she uses the given name unprompted at 11:42 and 五島's narration says she was openly flustered by it (11:44). 3p: 絵梨奈ちゃん
五島絵梨奈	新村エリカ	エリカちゃん	です・ます around it, the form itself familiar	00001B76	おばあさん (00001B70:11:11)	accepted in one cell at 11:54 after a handshake and 「ようこそ荒田へ」; fifth branch, fifth handling of the given-name offer -> Q561, Q499
新村夏菜	新村エリカ	おばあちゃん / ババア	over-familiar タメ口, insulting in absentia	00001B70	—	11:60 「あんなババアほっとけほっとけ！」, word for word 新村サクラ's line at 00001D17:8:18 in a branch where 夏菜 never knew her mother -> Q810
新村茅萱	新村夏菜	夏菜	soft feminine タメ口 with ～なさい, the 「ん……」 tic on every line including the disarming	00001BB4	—	the New Year quarrel; she offers her own throat and then takes the knife off her in one cell
新村夏菜	新村茅萱	お姉ちゃん	タメ口, and a death threat with the address form intact	00001BB4	—	8:30 「今お姉ちゃんを殺す」, 8:53 「お姉ちゃんのうそつき！」
新村美冬	新村夏菜	夏菜ちゃん	maternal タメ口 with ～なさい; REGISTER 2 with no stretched vowel in 87 lines	00001BCE	—	she does not defend 幸太郎, she reframes 茅萱's motive, and gets the knife put away
新村夏菜	新村美冬	叔母さん	over-familiar タメ口	00001BCE	—	kanji 叔母さん, the same spelling 新村夏菜 uses throughout 00000F0D -> Q377
新村美冬	新村茅萱	茅萱ちゃん	warm タメ口 with ～かしら; REGISTER 2 throughout	00001BF7	—	she brings 雑煮, reports the reconciliation, and then asks why she suspects her father
新村茅萱	新村美冬	叔母さん	soft feminine タメ口, the 「ん……」 tic on every line	00001BE8	—	also 00001BF7; she answers a direct question about her own father and is closed down
城崎健吾	新村夏菜	夏菜ちゃん	the exclamation-mark voice at full strength	00001C12	—	a birthday knife and a promise to drink with her at twenty
新村夏菜	城崎健吾	城崎さん	over-familiar タメ口	00001C12	—	「荒田の人間国宝」; she asks how the workshop makes money
新村茅萱	城崎健吾	城崎のおっさん	drunk, loud, every vowel stretched	00001BCE	—	8:72 「あっはははは城崎のおっさんロレツ回ってなーい！」; her drunk register, the only rude address form she has
城崎健吾	新村茅萱	茅萱ちゃん / ちがやたん	the exclamation-mark voice; drunk slurring at 00001BCE:8:71	00001BCE	—	「ちがやたん」 must be audibly the same name in EN -> Q809
城崎健吾	新村春花	春花ちゃん	loud 俺 タメ口 with an exclamation mark on nearly every line	00001BC4	—	絡み酒 on a minor; 新村エリカ tells him off and 春花 says she is used to it
新村幸太郎	城崎健吾	城崎さん	relaxed タメ口 turning 丁寧-ish under pressure	00001BBA	—	also 00001C1D and 00002057; the register does not move while he coerces him
新村栄一郎	新村サクラ	サクラ	僕, plain タメ口	00001C08	—	pre-marriage; the same bare form as 000010DD and the 00001214 recording
新村サクラ	新村栄一郎	栄一郎	soft feminine タメ口	00001C08	—	「栄一郎が一緒にいてくれているんだもの」
新村栄一郎	新村エリカ	母さん	僕, 丁寧-warm	00001FFB	—	the departure from 荒田; he apologises and she asks nothing
新村エリカ	新村栄一郎	お前 / bare	unhurried plain タメ口	00001FFB	—	「まあ、お前が決めたことだ」; the flat permissiveness of 000010DD:11:346-11:360
新村サクラ	新村エリカ	コスプレババア	drunk, loud, every vowel stretched	00001D17	お母さん (sober, reported)	8:18 and 8:21; the only insulting form she has anywhere, and only with drink. 3p: お母さん
新村エリカ	新村サクラ	サクラ	unhurried plain タメ口	00001D17	—	「まったく、サクラの酒癖ときたら……」; also 00001BCE:8:76 about her ten years dead
先代大魔女	新村エリカ	エリカさん	unhurried plain タメ口 with flat imperatives and two refusals	00002026	—	the succession scene; she names her as heir, gives three instructions and refuses the reason for the first twice
新村エリカ	先代大魔女	お義母さん	です・ます throughout, 「心得ます」, 「失礼致しました」	00002026	—	the only person 新村エリカ gives 敬語 to anywhere; the same shape 新村美冬 gives her
新村幸太郎	新村茅萱	茅萱	relaxed タメ口, bare given name	0000202C	—	he instructs her to 退治 the culprit and then goes silent when asked whether it would harm him
新村幸太郎	新村夏菜	夏菜	relaxed タメ口, bare given name	0000202C	—	also 00002019; 「偉いぞ夏菜！」
新村茅萱	新村幸太郎	お父さん	soft feminine タメ口, the 「ん……」 tic on every line including the accusation	00001EFF	—	「お父さん！　なに被害者ぶってるの！？」 and then 「一緒に家に帰ろうよ」 in the same scene
五島絵梨奈	新村茅萱	チガ姉	です・ます unbroken through an accusation and a knife at her throat	00001C5D	—	she accuses her of the 呪殺 killings without one word leaving です・ます; same weapon as 0000050E and 00000DB9
新村茅萱	五島絵梨奈	五島ちゃん	soft feminine タメ口, the tic intact; the tic DROPS only inside the collapse at 11:150-11:169	00001C5D	—	second place in the project her tic is absent; the first was to her father at 00000B9F:11:108
新橋ゆき乃	ステラ優子	ステラさん / ステラ優子さん	です・ます, broadcast-bright	00001D0E	—	a live television reading
ステラ優子	新橋ゆき乃	お姉さん	plain タメ口 with ～かい／～だよ, an old woman's register	00001D0E	—	she reads her private life off her face and prescribes a knife and fork
五島桃子	プリマベラのマスター	マスター	です・ます	00001D1E	—	her last shift; she declines to explain why she is leaving
プリマベラのマスター	五島桃子	桃子ちゃん	plain タメ口, regretful	00001D1E	—	「君以上の子なんて、もう……」
三原	五島桃子	桃子さん	です・ます, worshipful, in tears	00001D1E	—	she started at プリマベラ because of her; her lines are prefixed 「――」
五島桃子	三原	三原さん	丁寧 with a correction in it	00001D1E	—	「私、お店で泣いていいなんて、教えてないでしょ？」; rough words, protective errand, the pattern intact
五島絵梨奈	新村春花	新村先輩	です・ます unbroken	00001CA0	—	in the police car, to a girl covered in the blood of the friend she has just killed; 「私がそれを証明してみせますから」
新村春花	古郡なつみ	なつみ	わたくし, 最上級敬語 around a bare given name	00001CA0	—	as the navigator confessing the killing; the bare form is her ordinary one and it survives inside the assumed register -> Q763
五島桃子	五島絵梨奈	あんた (and the bare 絵梨奈 twice, in the cruelty)	blunt タメ口 breaking into 乱暴 for eight cells	0000205F	the competent warm register of 00001755 / 00001AB5	THE BREAK ITSELF. 0000205F:8:24 「うるさい！　2度と話しかけるな！」 and 8:30 「脳みそしか取り柄のないやつは黙れよ！」. The only file in the project that shows the あんた register starting, and the trigger is a funeral she will not name -> Q862
五島絵梨奈	五島桃子	お姉ちゃん	bright タメ口, then apologising	0000205F	—	0000205F:8:0 「あ、お姉ちゃんお帰りなさい！」 and 8:37 「うう……ごめんなさい……」. 3p: 「お姉ちゃん」 to her mother
五島's mother	五島絵梨奈	絵梨奈 / あなた	soft 丁寧-warm, refusing to assign blame	0000205F	—	0000205F:8:46 「絵梨奈、あなたは何も悪くないの。お姉ちゃんも悪くないの」. 3p: お姉ちゃん for 桃子 when speaking to 絵梨奈
unnamed 女医	unnamed patient (green eye)	no form used	warm plain タメ口 with ～ねえ	00002066	—	00002066:8:6 「ずいぶんくっきりとした緑だものねえ」. Same doctor's register as 00001A52 / 00001A6B -> Q735, Q829
荒田の長老	新村幸太郎	幸太郎君	unhurried 丁寧 with authority; no threat is ever stated	00002072	—	00002072:8:0 「幸太郎君、君にこんなことを聞くのは忍びないが」 and 8:21 「我々に隠し事をするようじゃ、新村家の信頼は大きく失墜する」. 3p: 茅萱ちゃん, 夏菜ちゃん — the diminutive is kept on the children he is proposing to kill
新村幸太郎	荒田の長老	no form used	です・ます, short, and twice broken	00002072	—	00002072:8:31 「ま、待って下さい！　夏菜を殺すなんて！」 — the only time he raises his voice to the settlement
unnamed 生徒会長	五島絵梨奈	五島先輩	bright です・ます that keeps pushing after a refusal	0000207E	—	0000207E:8:23 「なんかそれ……五島先輩らしくないんですよねえ」 and 8:30 「病院に行きづらい理由、あるんじゃないですか？」
五島絵梨奈	unnamed 生徒会長	no form used	plain タメ口, advisory	0000207E	—	0000207E:8:6 「ちゃんと自分が言いたいことを伝えるようにしてね」. 3p: 「入院している先輩」 for 新村春花 and 古郡先輩 for 古郡なつみ, to a junior who knows neither
unnamed 店長 (izakaya)	古郡なつみ	なっちゃん	です・ます to customers, warm plain to her	00002084	—	00002084:8:20 「うちにはなっちゃんがいますから。／彼女さえいてくれたら大丈夫です」. His cells are the 「――」 channel throughout -> Q844
古郡茜	新村春花	春花ちゃん	soft 丁寧-warm, and the warmth is what is being withheld	0000208A	—	0000208A:8:12 「春花ちゃんはなつみよりもお姉さんだから、1人で拭けるでしょ？」 and 8:19 「ごめんね、春花ちゃん……」 said where 春花 cannot hear. She is the child's mother and may not act like it -> Q782
古郡なつみ	古郡茜	お母さん	plain タメ口, unchanged by the prison	000020A8	—	000020A8:8:57 「お母さん、もうそういうことは言っちゃダメだよ」 — she stops her mother apologising, the same move 茜 used on her
古郡茜	古郡なつみ	なつみ	soft タメ口, mother to adult daughter	000020A8	—	000020A8:8:50 「なつみももう成人したんだし、あとはなつみの思うように生きていけばいいと思う」. 3p: 春花ちゃん for the daughter she gave away, never 春花
新村春花	新村サクラ	サクラさん	her ordinary blunt masculine タメ口, unchanged at a funeral	000020B4	—	000020B4:8:32 「なあサクラさん、私はここに住んでいいんだよな？」 and 8:20 「何でサクラさんが謝るんだよ……」
新村幸太郎	五島絵梨奈	君	level 丁寧-ish plain, no hostility at all	000020D8	—	000020D8:8:11 「正直、君はどちらでもいい。／用があるのはなつみちゃんの方だ」. 3p: なつみちゃん, 春花ちゃん — the diminutives are intact while he abducts them
古郡なつみ	五島絵梨奈	五島	plain タメ口, unchanged by the conversion	000020D8	—	000020D8:8:44 「もしここから逃げて世間にここのことをばらすつもりなら……。／私がここで五島を殺す」 — the address form, the register and the flatness are exactly those of every earlier file -> Q396, Q857
新村サクラ	新村美冬	美冬ちゃん	soft feminine タメ口 from the first meeting	000020E4	—	000020E4:8:26 「美冬ちゃんは子供欲しい？」 at a first proper introduction; the form never changes anywhere afterwards
新村美冬	新村サクラ	サクラさん	です・ます, formal even after being waved off	000020E4	—	000020E4:8:39 「サクラさんが心配するってことは、あまりいい理由じゃないんだろうなって」
新村エリカ	新村茅萱	茅萱 / お前	plain タメ口, flat refusals under pressure	000020F0	—	000020F0:8:10 「それもダメだ、茅萱、きっとよくなるから」 — she refuses to kill her and refuses to kill her mother, in the same cell
新村エリカ	新村幸太郎	お前	plain タメ口, and one sentence she stops herself finishing	000020F6	—	000020F6:8:5 「お前はもう……」 cut off at 000020F6:8:7 with 「いや、何でもない」 -> Q778
ハナちゃん	新村茅萱	茅萱 (bare given name)	bright タメ口, no honorific	00002108	0000119C (same form)	00002108:8:42 「だったら、茅萱は大丈夫だよ。だって茅萱はすごく強いもん」 — her longest scene; the bare form holds through a farewell in which 茅萱 says she may die
新村茅萱	ハナちゃん	ハナちゃん	soft タメ口 with the 「ん……」 tic on every line	00002108	00001154 (same form)	00002108:8:57 「ん……うん、ありがとうハナちゃん。私、絶対帰ってくるから」. 3p: she is 「1番の友達」 in ハナちゃん's mouth, not hers
五島桃子	五島絵梨奈	あんた, then 妹 once	blunt タメ口; the only warm word is a noun	0000210E	0000205F (the break)	0000210E:8:55 「そんなとこに妹を行かせられるわけないでしょ！」 after eight cells of 「あきれた。興味本位で危険を冒すなんて」. Rough words, protective errand, ninth instance
五島絵梨奈	五島桃子	お姉ちゃん	plain タメ口, one request and no explanation	0000210E	—	0000210E:8:65 「無事に帰ってきたら……／そしたら……2人で一緒にご飯行きたい」, answered with 「分かった。覚えておく」
新村桔梗	父上 (unnamed)	父上	formal です・ます upward, obedient and unconvinced	0000212D	—	0000212D:8:18 「父上、この本の続きはどこにあるのでしょう？」. 3p: 父上 in narration throughout, never 父
父上 (unnamed)	新村桔梗	桔梗 / お前	plain タメ口, exasperated then unexpectedly soft	0000212D	—	0000212D:8:16 「桔梗、お前はまたそんなことをしているのか……」 and 00002143:15:13 「桔梗、お前の結婚相手が決まったぞ」
新村晃	新村桔梗	桔梗殿	です・ます with 俺 — polite sentence-endings on a rough pronoun, which is his whole surface	00002137	—	00002137:8:47 「よろしくお願いします。貴女のお名前は？」 and 0000215E:8:76 「だったら、荒田集落に来て下さい」. He raises his voice once, at 0000215E:8:38
新村桔梗	新村晃	晃様	です・ます, deferential, with one running joke she uses to break it	00002137	—	00002137:8:20-8:22 「私、／ものっっっっすごく／暇なんで！」 — four occurrences, a different number of っ each time -> Q842
新村桔梗	新村晃	晃さん	です・ます, now domestic and direct	0000217A	晃様 as of 00002137	0000217A:8:49 「ただいま、晃さん」 — the change is on screen, immediately after the 山籠, and is permanent
新村晃	新村桔梗	桔梗 (bare given name)	plain タメ口, warm	0000217A	桔梗殿 as of 00002137	0000217A:8:50 「桔梗！　無事だったか！」 — both forms change in the same two cells, and neither is remarked on
篠崎ハジメ	新村桔梗	新村桔梗さん / 大魔女様	maximal 敬語 with military edges (a salute, 「参上しました！」)	000021A5	—	000021A5:8:13 「私は政府より派遣されました、篠崎ハジメと申します！」 and 000021B7:8:0 「新村桔梗さん、お元気そうで何よりです」. He lies twice about who he is and the register never slips
新村桔梗	篠崎ハジメ	篠崎さん	level です・ます; she lies to him as calmly as he lies to her	000021A5	—	000021A5:8:67 「いえ、もうそのようなことはないはずです」, with her own narration one cell later: 「私も嘘をついた」
新村桔梗	先代大魔女 (晃の母)	お義母さん	です・ます upward, and she borrows her documents	00002199	—	00002199:8:3 「お義母さんに頼み、当時のことを書き記した書簡を見せてもらった」. Same address form 新村エリカ uses upward at 00002026
女神 (新村晃の躯)	新村桔梗	桔梗 (bare given name)	plain タメ口 with 私, mocking, none of 晃's です・ます	000021C9	新村晃's です・ます as of 00002137	000021C9:16:1 「だから愚かだと言っているんだ」 and 16:14 「桔梗、さようなら」. The voice and the name are 晃's; the register is not -> Q861, Q545
教団本部長 (土田)	篠崎ハジメ	篠崎君, then 金崎君	superior's タメ口 with 敬体 flourishes; never raises his voice	000021CF	—	000021CF:8:59 「篠崎君、これからこの国で生きていくためにはそうするしかあるまい」; 8:190 「久しぶりだな、金崎君」. He apologises with his hands on the desk (8:90) and has the same man killed 15 years later
篠崎ハジメ	教団本部長 (土田)	本部長	です・ます, unbroken even after being sacked, renamed and accused	000021CF	—	000021CF:8:79, 8:98, 8:206. The only cell where it cracks is 8:87 「しかしあなたは実験の継続を命じた……！　なぜですか！？」, and it is back by the next line
篠崎ハジメ	妻	no address form	plain タメ口, consulting her and dropping the idea when she objects	000021CF	—	000021CF:8:124 「ああ、どうかな……」, 8:131 「そうだな、やっぱりダメだよな……」
妻	篠崎ハジメ	no address form	丁寧 with feminine endings (～下さいな, ～ますの)	000021CF	—	000021CF:8:128 「お考え直し下さいな。／それに子供たちには何て言いますの？」
篠崎ハジメ	チャー坊 (孫)	チャー坊	warm grandfather タメ口 with an old-fashioned ending	000021CF	—	000021CF:8:375 「おお、チャー坊！　迎えに来てくれたのかい？」; 8:395 「ちょっと助けただけよ」 — the ～よ on a man in his sixties
チャー坊	篠崎ハジメ	おじいちゃん	child タメ口	000021CF	—	000021CF:8:371, 8:393 「おじいちゃん、今の女の人、誰？」
篠崎ハジメ	the young woman on the street	お嬢さん	archaic-kindly 敬語 (乗りなされ, ご加護がありますように)	000021CF	—	000021CF:8:362-8:366. A register he uses nowhere else; it is the performance of the good man he has decided to be
荒田集落の住人	篠崎ハジメ	この泥棒め	shouted 乱暴, no honorific	000021CF	000021A5 / 000021B7 rows (visitor received and granted an audience)	000021CF:8:14-8:16 「何しに来た！」 「この泥棒め！」 「桔梗さんに何をした！」 — the same settlement, after 新村桔梗's death
新村春花 (案内人)	新村春花 (別次元)	あなた; わたくし自身	わたくし, ～ございます, 最上級敬語 to her own double	000021E2	—	000021E2:53:19 「あなたは、どの次元のわたくしなのでしょう？」. She keeps the navigator register while talking to herself
新村春花 (別次元)	新村春花 (案内人)	お前	blunt タメ口, 私, 「ははは」	000021E2	—	000021E2:53:32-53:33 「お前と私は同じ人間。／だから、1つになればいいだろ？」. Her ordinary register, aimed at the masked one -> Q885
古郡なつみ	新村春花	春花	soft タメ口, question-led, refuses to tell her what to do	000021E2	—	000021E2:901:48 「春花はどうしたい？」 and 901:51 「すべきことじゃないの。／どうしたいかを聞かせて」. She ends on 「大好きだよ……」 (901:138)
新村春花	古郡なつみ	なつみ	blunt タメ口 breaking down, then swearing at her after she leaves	000021E2	—	000021E2:901:126 「私はずっとなつみと一緒だから！」 then 901:148 「ふざけんじゃねえよ！　あんな別れ方ないだろ！」 — the anger is the grief
五島絵梨奈	新村春花	新村先輩	です・ます, and one direct challenge	00002225	—	00002225:11:76 「先輩は、この世界に帰ってきてよかったですか？」 and 11:81-11:82 「例えそれで新村先輩が目を覚まさなくても、先輩が幸せなら……」 — she says she would have let her stay asleep, then takes it back
新村春花	五島絵梨奈	五島	タメ口, unchanged in wording, softened in manner	00002225	—	00002225:11:137-11:147; 五島 names the change (「雰囲気がやわらかくなりましたよね」) and 春花 says 「さすがに言葉遣いはなかなか変わらないけどな」 -> Q890
古郡茜	古郡良治	良治君	タメ口 with a wife's ～の, and 丁寧 when frightened	00002306	—	00002306:8:3 「良治君……」, 8:25 「良治君の方は大丈夫？」; 0000241B:11:127 「良治君……！　お願い、早く連絡をちょうだい！」
古郡良治	古郡茜	茜; お前	俺, blunt タメ口, and one question he asks only when she has gone	00002306	—	00002306:8:2 「おい茜！　大丈夫か！？」, then alone at 8:36-8:38 「茜……／お前は本当に……／本当にやったのか……？」 -> Q892
古郡茜	古郡なつみ	なつみ	bright タメ口, lying fluently and noticing that she is	0000241B	—	0000241B:11:43 「急に北海道に出張になったって」 with the narration 「自分でも驚くほど滑らかに嘘が出た」; 00002420:11:137 「春花ちゃんとよろしくやってるー？」 while sitting in a police interview room
新村春花	新村栄一郎	お父さん	blunt タメ口, transactional; she summons him by shouting	00002340	—	00002340:11:26 「おい！　お父さん！　聞いてんだろ！？　出てこいよ！」 and 11:38 「じゃあ、取引をしよう」
新村栄一郎	新村春花	春花	僕, bright タメ口, laughing	00002340	—	00002340:11:30 「ほう、春花、なぜか色々と知っているみたいだな」, 11:36 「はっはっは！　まあそうだね」. Identical to the 00000F24 antagonist voice
新村美冬	古郡茜	茜	blunt タメ口 with ZERO exclamation marks for a whole file	00002427	000005C1-era rows (loud, stretched vowels)	00002427:11:113-11:119 「春花を奪い取ろうとするあなたたちが悪いんでしょ？」. Her narration calls her 茜 throughout; the loud register does not appear once -> Q907, Q114
古郡茜	新村美冬	美冬	タメ口, accusing, then imperative	00002427	—	00002427:11:115 「白々しい嘘はやめて。なつみを殺すつもりなの？」, 11:117 「よくも良治君を……」, 11:186 「犯人は美冬よ！　逃げなさい！」
新村美冬	古郡なつみ	なつみちゃん	soft タメ口 with ～わよ, kept unchanged while killing her	00002427	—	00002427:11:222 「なつみちゃん、抵抗したら余計苦しいわよ？」. The register does not move at any point in the file
五島桃子	五島絵梨奈	あんた	blunt タメ口; the errand is to remove herself	000023E7	0000034C row	000023E7:8:29 「やっぱり私はいない方がいい。あんたもその方がいいでしょ」, after 「誰かに見つかったらまずいんでしょ？」. Rough words, protective errand, tenth instance
新村美冬 (能面の怪人)	五島桃子	no address form	whispered, no 敬語, two lines only	0000242E	—	0000242E:11:147 「お願いだから、道をあけて……」 and 11:188-11:189 「どうか娘たちを……／お願い……」. She embraces her instead of killing her -> Q912
五島桃子	新村美冬 (能面の怪人)	こいつ; やつ (narration only)	she never speaks to it	0000242E	—	0000242E:11:107-11:174. The whole exchange is one-way: the figure speaks twice, she answers with four rounds and then lowers the gun
新村エリカ	新村茅萱	茅萱	plain タメ口, teacherly, and she asks questions rather than states	00002433	—	00002433:11:6 「茅萱、美冬さんだって新村家に嫁いで20年近くなんだ」; 11:73 「茅萱は今のままで、この集落がずっと平和でいられると思うかい？」
新村茅萱	新村エリカ	おばあちゃん	タメ口 with the 「ん……」 opener on every line	00002433	—	00002433:11:55 「おばあちゃん、2人で話したいんだけど……」; 11:126 「ん……分かったわおばあちゃん。私もできることはやってみる」
新村エリカ	新村美冬	美冬さん	さん plus タメ口, defending her in her absence	00002433	—	00002433:11:6-11:8 and 11:98 「美冬さんも春花も私の家族なんだよ。栄一郎が残した大切な家族」; 11:135 「美冬さんが素直に私を頼ってくれたらいいんだけど……」
新村夏菜	新村茅萱	お姉ちゃん	over-familiar タメ口, no 敬語	00002433	—	00002433:11:26 「というわけでお姉ちゃん、春花ちゃんによろしく言っといてね！」
新村茅萱	新村春花	春花	タメ口 with the 「ん……」 opener	00002433	—	00002433:11:28 「ん……春花、久しぶりね」, 11:30 「ん……私の番号登録してなかったの？」
亀田 (株式会社IC)	古郡茜	古郡さん (of the husband); no address form to her	最上級敬語 (ございます, 少々お待ち下さい)	00002420	—	00002420:11:4-11:11 「えっと課長の古郡でございますね」. A different 亀田 from the ハヤブサ宅配 one -> Q905
パーラー桜色の店長	古郡茜	古郡さん	familiar タメ口, granting the day off without being asked twice	00002420	—	00002420:11:20 「ああ、古郡さん。どうしたの？」, 11:28 「まあ分かったよ。今朝あんなこともあったばかりだし」
新村茅萱	新村夏菜	夏菜 (bare given name)	soft タメ口 with the 「ん……」 tic, pleading and then ordering, through three knife wounds	00002439	00000E01 row (soft タメ口, flat imperatives)	00002439:11:70 「ん……夏菜！　ダメよ！　その人たちを傷つけちゃダメ！」, 11:174, 11:188 「やめなさい！」, 11:226 「ま、待ちなさい……！」. The form does not move while she is stabbed three times and then puts a nata across her sister's back
新村夏菜	新村茅萱	お姉ちゃん	child タメ口, flat and mocking, crying, the form intact through all three stabbings	00002439	00001BB4 row (タメ口 with a death threat, the form intact)	00002439:11:58 「油断したね、お姉ちゃん」, 11:100 「はは、私、お姉ちゃんを刺しちゃった」, 11:145, 11:209 「お姉ちゃん、ごめんね。お姉ちゃんを殺すつもりはなかったのに」, 11:228 「お姉ちゃん、裏切ったんだね」
新村茅萱	新村美冬	おばさん	third-person only, inside narration; she never names her in the file	00002439	—	00002439:11:9 「全てはその人――おばさんの頼みだ」, 11:28, 11:31. 3p: おばさん -> Q924
城崎健吾	荒田集落の住人たち	みんな; お前 to 瀬	俺 タメ口, pleading twice and then shouting	0000243F	—	0000243F:11:11 「みんな、本当にやるつもりなのか？」, 11:19, 11:94 「おい、魔女殺しよりもあの2人を助けないと！」, 11:140 「おい！　ふざけるな！」
荒田集落の住人たち	城崎健吾	城崎; お前	「――」 channel, bare surname, flat タメ口	0000243F	00000B27 row (敬語 to 新村エリカ, shouted fragments to victims)	0000243F:11:29 「――城崎、お前も――。」, 11:95 「――静かにしろって！」. No さん for a man of about sixty; the crowd uses the bare name -> Q928
瀬正照	城崎健吾	城崎	「――」 channel, bare surname, flat タメ口	0000243F	—	0000243F:11:97, 11:141 「――俺は本気だ。邪魔する奴はみんな敵だ。」. Also to 新島香織: 「――香織さん、あんたの家族で呪殺されたのは？」 and then he cuts her down
城崎健吾	瀬正照	こいつ; お前	俺 タメ口, hostile; bare 瀬 in narration	0000243F	—	0000243F:11:99, 11:111 「俺に胸ぐらをつかまれているこいつは瀬」, 11:140 「お前いいかげんにしろよ！」. 3p: 瀬 bare, never 瀬さん, and 瀬 is a year the younger of the two
新島香織	城崎健吾	ケンちゃん	high childish タメ口, stretched vowels	0000243F	—	0000243F:11:123 「ねえ、ケンちゃんの言うとーりだよ！」, 11:149, 11:155 「ケンちゃんも行きなよ……」. She is nearly 60 and he is about the same age -> Q931
城崎健吾	新島香織	香織さん	俺 タメ口 with さん, commands while treating her wound	0000243F	—	0000243F:11:148 「おい香織さん、しっかりしろ！」, 11:152 「香織さん、大丈夫だ。急所は外してるし出血も大したことない」. He also remembers サクラ mimicking her as a child (11:127)
新島香織	瀬正照	マーくん	high childish タメ口, to the man who then cuts her down	0000243F	—	0000243F:11:130 「マーくん、何でそんなこと聞くの？」 and 11:136 「あ……がが……マーくん……なんで……」, her line while falling
新島香織	新村茅萱	チーちゃん	high childish タメ口, third person	0000243F	—	0000243F:11:124 「チーちゃんどころかカナカナまで殺すことないよ！」, 11:132. 3p: チーちゃん -> Q931, Q171
新島香織	新村夏菜	カナカナ	high childish タメ口, third person	0000243F	—	0000243F:11:124, 11:132 「チーちゃんとカナカナは助けよーよ」. Two coined nicknames in one cell, from a woman of nearly 60 -> Q931, Q171
城崎健吾	五島絵梨奈	君, then 五島ちゃん	俺 タメ口, slow and gentle; the exclamation-mark voice entirely absent for 900 cells	00002444	000013FD row (君)	00002444:14:116 「落ち着いて。俺は君の味方だ」, 14:120, then 14:289 「じゃあ五島ちゃん、君が能面と装束を着けるんだ」 after she gives the name. Same 君 as the 00000D11 knife scene
五島絵梨奈	城崎健吾	城崎 (bare, in narration), then 城崎さん	敬語 (です・ます) unbroken, from an accusation of murder to dependence	00002444	000013FD row (城崎さん)	00002444:14:142 「い、いや！　来ないで！　人殺し！」, 14:178 「死人を出しておいて、この程度で罪滅ぼしですか？」, 14:285 「はい。お世話になります」. Her narration says 城崎 bare while she distrusts him (14:139-14:172) and 城崎さん from 14:282 on; the spoken form is 城崎さん throughout
糸姫	新村春花	春花さん	最上級敬語-adjacent です・ます, unbroken, including while confessing to mass murder	00002444	—	00002444:20:101 「新村春花さんですよね？」, 20:141 「はい、春花さん」, 20:211 「ごめんなさい春花さん……！」, 20:354 「春花さん！　はやく走って！」. The same register as 0000107B and 000014EE
新村春花	糸姫	糸 (bare, 呼び捨て); お前	blunt masculine タメ口, unchanged for a girl who says she is 800 years old	00002444	—	00002444:20:140 「じゃあ、糸って呼ばせてもらうよ」, 20:145 「なあ、糸って何者なんだ？」, 20:178 「じゃあお前自身のことも言えないのか？」, 20:387 「はっきり言ってお前もめちゃくちゃ怪しいけど、話は後だ」
城崎健吾	糸姫	君	俺 タメ口, level, with a hunting rifle raised and then lowered	00002444	00000D11 row (君, arriving with the knife)	00002444:20:471 「じゃあこの子は今までどこにいたんだ？」, 20:512 「君を撃ったらどうなる？　死ぬのか？」, 20:525 「君をここで殺すのは簡単だ」, 20:530 「俺はこのまま、君を見張る」
糸姫	城崎健吾	城崎健吾さん	です・ます, full name plus さん, confessing to killing his wife	00002444	—	00002444:20:484 「城崎健吾さん、おっしゃる通り、私が全ての元凶であり、あなたの奥さんを殺した張本人です」. The only person in the project she addresses by full name
五島絵梨奈	糸姫	糸ちゃん	敬語 (です・ます) with ちゃん, to the person who ordered ten years of killings	00002444	—	00002444:26:360 「ねえ糸ちゃん、ちょっといい？」, 26:362, 26:385. The suffix arrives inside one scene and does not move; 新村春花 uses 糸 bare in the same conversation
古郡良治	城崎健吾	あんた, then 城崎さん	俺 タメ口, open suspicion and then a request	00002444	—	00002444:14:500 「おい、あんたは本当に信用できるのか……？」 then 14:505 「分かった。じゃあ城崎さん、案内を頼みたい」, one cell after 五島 vouches for him
城崎健吾	古郡良治	旦那さん	俺 with です・ます to an outsider adult	00002444	00000C38 row (loud 俺 タメ口)	00002444:14:492 「まあ、俺のことを信用できないのは仕方ないです」, 14:499 「俺と旦那さんとで集落へ行きます」. The only adult man he gives です・ます to anywhere
城崎健吾	古郡茜	奥さん	俺 with です・ます	00002444	—	00002444:14:498 「バギーは奥さんに貸しますので、できるだけ安全なところへ避難して下さい」
新村春花	the 核 (女神様)	お前, corrected to 君	blunt masculine タメ口 deliberately softened for what she takes to be a child	00002444	—	00002444:32:75 「お前、人だろ……？」, then 32:168-32:169 「お前の……／君の名前は……？」 — she corrects herself inside one cell break and keeps 君 from there. Compare her 「あんな 猿 」 register two blocks earlier
the 核 (女神様)	新村春花	あなた	broken infant speech, no 敬語 and almost no particles	00002444	—	00002444:32:274 「あなたの名前……／春花って言うの？」, 32:289 「私からあなたへのお願いは1つだけ」. She has no other addressee anywhere
五島桃子	五島絵梨奈	絵梨奈 (bare given name), and she denies having used it	blunt タメ口 that is doing favours all evening	00002450	0000034C row (あんた)	00002450:12:178-12:179 「絵梨奈って、何回か」 / 「覚えてない」, and 12:87 「私が絵梨奈に協力……？」. Seventh branch, and the only one where the given name is used and disclaimed inside one scene -> Q037
五島絵梨奈	五島桃子	お姉ちゃん	タメ口, careful, asking for a favour and then thanking her	00002450	—	00002450:12:78 「お姉ちゃん、確かどこかの喫茶店でバイトしてるんだよね？」, 12:82 「お願い！　お姉ちゃん協力して！」, 12:175. Unchanged from every branch
伊勢大二郎	unnamed 部下 (元木警察署)	お前	俺, plain タメ口, easy and unguarded	00002450	—	00002450:18:48 「これは誰にも言わないって約束してくれ。周囲に知れたら面倒なことになる。お前の責任も俺が負う」, 18:113. The 俺 register, not the 私 uniform, with a subordinate
unnamed 部下 (元木警察署)	伊勢大二郎	伊勢警部補; 警部補	敬語 (です・ます), 僕	00002450	—	00002450:18:1 「伊勢警部補、眠そうですね」, 18:67 「警部補……／それ、妄想じゃないですよ……！」, 18:137 「僕、元木町に住むのが怖くなってきましたよ……」. 僕 rather than 自分, which is not the police register the 000003B4 collective uses
新村幸太郎	古郡なつみ	なつみちゃん	relaxed タメ口 in 俺 narration, the diminutive intact throughout a plan to abduct her	00002457	000020D8 row (なつみちゃん, mild while abducting)	00002457:11:3, 11:19 「なつみちゃんに死なれるわけにはいかない。／彼女は貴重な生きた第二世代なのだから」, 11:41
新村幸太郎	新村サクラ	サクラ (bare)	俺 narration; the file's last cell is addressed to her	00002457	—	00002457:11:12, 11:24 「でないと、サクラとは2度と……」, 11:44 「これで、サクラとは永遠に……」 -> Q952
新村幸太郎	城崎健吾	城崎さん	です・ます under interrogation, with two 僕 slips and one 俺 in the same scene	0000246E	00001BBA row (relaxed タメ口 turning 丁寧-ish)	0000246E:11:52 「どうやら、みんながなつみちゃんを捕まえようとしているみたいです！」; 11:57 and 11:62 use 僕 and 11:70 uses 俺 three cells later -> Q995
城崎健吾	新村幸太郎	幸太郎君	level タメ口 with no heat anywhere, and he offers his own throat	0000246E	00001154 row (幸太郎君, defensive)	0000246E:11:50 「幸太郎君、みんながどこへ行ったか知らないか？」; 11:213 「それとも、今ここで俺を殺すかい？」; 11:226-11:227 「じゃあな幸太郎君…達者で」. He uses the -kun suffix while accusing him of murder
新村エリカ	新村幸太郎	幸太郎 (bare given name); お前	unhurried plain タメ口, then two slaps and an order	0000246E	00000EDF row; 000020F6 row	0000246E:11:376 「何を腑抜けたことを言ってるんだ！」; 11:386 「荒田の男なら落とし前はつけな。／命を賭してでもね」; 11:391 the settlement motto as a send-off -> Q972
新村幸太郎	新村エリカ	母さん	タメ口, and for the first time he puts the beheading to her directly	0000246E	00000DB9 row; 00000EDF row	0000246E:11:319-11:334 「ねえ、母さん……」 then 「母さん、覚えてるだろ？　俺がサクラの首を切ったこと」 -> Q968
新村サクラ	新村幸太郎	幸太郎 (bare given name)	the soft feminine タメ口 CARRYING CONTEMPT, the only time anywhere	00002464	0000154E row (warm and practical); 00000A7C row	00002464:11:40 「幸太郎って、頭悪かったかしら？」; 11:54 「だからこうやって生きた人間である幸太郎に頼んできたんでしょ？」. The grammar does not move and only the content does -> Q967
新村幸太郎	新村サクラ	サクラ (bare); お前; この化け物め	俺, the marriage register, and then the only abuse he aims at her anywhere	00002473	0000154E row; 00000EDF row	00002473:11:251 「だ、黙れこの化け物め！　裏切り者はお前だ！」; 11:384 「サクラ！　裏切ったのか！」, near-identical to 00000E49:11:117
新村栄一郎	新村幸太郎	兄貴	the bright 僕 antagonist register, mocking, no cruelty in the words	00002473	00000E31 row; 000010DD row; 00002444 row	00002473:11:220 「よう兄貴」; 11:229 「やっぱり、兄貴じゃこんなもんか」; 11:270 「ほんとバカだなあ兄貴は」. 兄貴 is intact at every age and on both sides of his death
新村幸太郎	新村栄一郎	栄一郎 (bare); お前ら	俺, shouted, no honorific	00002473	000010DD row	00002473:11:228 「やめろ栄一郎！　離せ……！」; 11:336 「黙れ栄一郎！」
新村幸太郎	新村春花	春花ちゃん; かわいい姪っ子; うっとうしいガキ	タメ口 + ちゃん while swinging a nata, word-identical to the 00000E19 printing	00002473	00000E19 row; 00000B9F row	00002473:11:116, 11:157-11:159, 11:180. From his side the diminutives are stated to be cover for a performance -> Q973
新村幸太郎	古郡なつみ	なつみちゃん; 君	the teacherly diminutive intact while he stages her abduction	00002473	00000E19 row; 00002457 row	00002473:11:54 「必要なんだよ、なつみちゃんがね」; 11:193 「くそ……！　君が死んだらダメじゃないか！」 as the blade lands
新村幸太郎	五島絵梨奈	五島ちゃん; 天才少女	plain タメ口, conceding her intelligence, word-identical to 00000E19	00002473	00000E19 row; 00000AC4 row	00002473:11:49 「さすが天才少女、ってとこかな？」; 11:70 「五島ちゃん……君の頭は認めるよ？」
新村夏菜	新村幸太郎	パパ	child タメ口, the same two questions as 00000E19 asked from the other side	00002473	00000E19 row; 0000095B row	00002473:11:59-11:64 「パパ！　何言ってるの！？」, 「パパがママを殺したの……？」
新村茅萱	新村幸太郎	お父さん	soft feminine タメ口 with the 「ん……」 tic intact, across an acrylic panel	00002478	00001EFF row; 0000154E row	00002478:11:8 「ん……お父さん、久しぶり」; 11:56 「ん……お父さん、何か知らないかしら？」; 11:92 「ん……お父さん！」. She keeps the tic while he has lost his register entirely
新村幸太郎	新村茅萱	茅萱 (bare given name)	shouted imperatives with no register left	00002478	000014D7 row; 0000202C row	00002478:11:77 「茅萱！　女神を殺せ！」 — the only thing he says to her in the file, immediately contradicted by 「称えろ！」 -> Q984
拘置所の係員	新村幸太郎	新村 (bare surname)	flat shouted タメ口, custodial	00002478	—	00002478:11:81 「やめろ新村！　離れろ！」; 11:43 「おい、やめなさい！　面会中止にするぞ！」
拘置所の係員	新村茅萱	新村茅萱さん; あなた	です・ます, procedural, no softening at any point	00002478	—	00002478:11:89 「もう終わりです。ご退室下さい」; 11:91 「これ以上続けるとあなたの身柄が拘束されます」; 11:99 「新村茅萱さん、今日のことは決して口外しないで下さい。これは警察庁からの命令ですので」
新村茅萱	拘置所の係員	no form used	です・ます with the 「ん……」 tic intact under protest	00002478	—	00002478:11:73 「ん……待って下さい！　まだ5分経ってないです！」; 11:90 「ん……でも！」
