シナリオ名	ID	連番	編名	シナリオ解禁	シナリオ値	好感度	リファ解禁	リファ値	話題解禁	話題値	話題選択	話題選択値	ロック	ロック値	1回	抜粋	鍵	選択	Aページ	Bページ	Cページ	Dページ	Eページ	キャプション1	A1 cha 158	A2 cha 180	A3 cha 168	A4 cha 166	A5 cha 162	A6 cha 159	A7 cha 142	A8 cha 133	A9 cha 110	キャプション2	キャプション3	キャプション4	キャプション5	好感度1	好感度2	好感度3	好感度4	A評価	B評価	C評価	D評価	B1 cha 170	B2 cha 168	B3 cha 156	B4 cha 148	B5 cha 178	B6 cha 160	B7 cha 138	B8 cha 104	B9 cha 120	C1 cha 152	C2 cha 172	C3 cha 156	C4 cha 152	C5 cha 180	C6 cha 180	C7 cha 168	C8 cha 112	C9 cha 106	D1 cha 120	D2 cha 169	D3 cha 176	D4 cha 159	D5 cha 128	D6 cha 132	D7 cha 146	D8 cha 155	D9 cha 110	E1 cha 101	E2 cha 142	E3 cha 168	E4 cha 156	E5 cha 134	E6 cha 136	E7 cha 130	E8 cha 142	E9 cha 120	E8 cha 0	E9 cha 0
事典	282	000	Jusatsu Arc [Killing by Curse]	st169	99														3	2	3	0	0	Scary guy in encyclopedia!!!!	P-please calm down, /VAR/-sama. Something scary in the encyclopedia...?	It may be that some element of this world has carelessly slipped into a place it has nothing to do with.	There was an oversight, and I do apologize most sincerely. I shall lock it completely so that nothing of the sort occurs again.							Yeah, make sure it doesn't come out again!	But it's interesting, so leave it as it is.											Understood. Nothing strange will cut into the encyclopedia suddenly any longer, so please rest assured.	If /VAR/-sama should change your mind, I will loosen the lock, so please call on me again.								Well, /VAR/-sama, you are a bold one.	Certainly. Then I shall leave things so that intrusions by things of unknown nature are permitted.	If you should wish to have it not appear, please call on me again.																										
四月病	0	001	Jusatsu Arc [Killing by Curse]	st85	3														4	2	1	0	0	How long have you been here?	In fact, not so much time has passed since this world came into being.	Since /VAR/-sama arrived not long after I had built this world up, in all honesty the surprise was greater than the joy.	So there is no great difference between /VAR/-sama and myself in the time we have spent in this world, I should think.	Did you perhaps think I had been here for hundreds of years all this time?						I did think that.	That would be going a bit far...											Hee hee hee, I ought to have said so sooner.	Though I look like this, I am still in my teens.								At any rate, I am a human being the same as /VAR/-sama. It is my fate to age in the ordinary way and to die in the ordinary way.																												
四月病	1	002	Jusatsu Arc [Killing by Curse]	st85	3											2			5	0	0	0	0	What food do you like?	Food I like... Let me see. There is nothing in particular worth mentioning, but...	Though I look like this, I prefer the rich sort of food to the light sort.	In all my life I have never once experienced what they call a heavy stomach, and I am perfectly fine with grilled meat first thing in the morning.	Ah, but I do watch my figure, so... probably I am all right on that count, I think, but...	Even looking the way I do, appearances still matter to me...																																																						
四月病	2	003	Jusatsu Arc [Killing by Curse]	st85	5	2											2		3	2	3	0	0	I want to see your real face.	I am sorry, but that I cannot do.	I have a small complex about my face, so I make a point of showing it to no one.	In all likelihood I shall never show /VAR/-sama my bare face.							What sort of complex?	That's a shame...											A complex, or should I say... that is...	I am sorry; if you would let this topic end about here...								Please imagine what is under the mask however you like.	Ah, but... for what it is worth, I am on the expressive side, even so.	So please think of the face under the mask as changing expression each time.																										
四月病	3	004	Jusatsu Arc [Killing by Curse]	st85	5											1			6	0	0	0	0	Where did /立木/ come from?	I too am originally an inhabitant of an ordinary world.	Strictly speaking, it is not the same dimension /VAR/-sama lives in, but...	I am not a youkai or an alien, so I am not so far outside human understanding as you may be hoping.	For example, I do not think there is a prefecture called 'Sawa Prefecture' in /VAR/-sama's world, nor an era name of Shiyo.	In this way, /VAR/-sama's world, the world I was in, and the world of this story look alike and yet each differs in subtle ways.	The largest difference for /VAR/-sama would be the point that /VAR/-sama does not exist in my world, nor in the world of the story.																																																					
四月病	4	005	Jusatsu Arc [Killing by Curse]	st85	5											2			7	0	0	0	0	What do you do mid-scenario?	Of course, I am checking /VAR/-sama's progress.	I have a duty to record your progress and always present /VAR/-sama with the latest state of it.	So even if /VAR/-sama closes this world suddenly, all of the progress is recorded, so please rest assured.	However, on rare occasions, when unexpected trouble severs the point of contact between /VAR/-sama and this world, a distortion arises in time.	In that case I am sorry, but it will begin from the point at which /VAR/-sama last came to this world.	So please take good care in managing the interface that connects this world and /VAR/-sama.	I do take care that this does not happen, but there are also cases where a defect in this world disconnects you by force.																																																				
前兆	5	006	Jusatsu Arc [Killing by Curse]	st104	5											1			4	0	0	0	0	How many scenarios in all?	Quite a lot. You could most likely not read the whole of it through in 24 hours.	And for that very reason, a deeply rooted story unfolds.	If you go on thinking simply as it comes to you, "Is that how it is?", there may be a pitfall you did not expect.	That said, /VAR/-sama has only to watch, so of course there is no danger to your person. Please rest assured.																																																							
前兆	6	007	Jusatsu Arc [Killing by Curse]	st104	5												2		2	2	3	0	0	How long will /立木/ stay here?	I have not particularly decided, but...	As long as there are guests who visit this world, I intend to receive them.								Am I your first guest?	That sounds hard...											Yes, that is right. /VAR/-sama is my first guest.	There are points at which I am inexperienced, but I beg your understanding.								However, there are very few who can find this world.	So I do not think any other guest is at all likely to come.	/VAR/-sama's visit was a probability that could truly be called a miracle.																										
始動	7	008	Jusatsu Arc [Killing by Curse]	st203	5				6	2							2		3	5	3	0	0	What kind of world is this?	This is a world I built up, a place where a mental image has been given form, so to speak.	So whatever I picture can be made to exist here.	It is what is called a dream world. Would it be right to say that /VAR/-sama is watching my dream from beside me?							Why did you make a world like this?	What becomes of this world in the end?											Why...?	Does /VAR/-sama wonder why people dream, each time you dream?	It may be that the real me does not even know that I am building this world up.	Whether the real me is awake or asleep is not certain either.	This is that sort of unstable world.					There is no world that lasts forever. In time this world too will perish in some form.	What will set it off I do not know either, but it is the same thing as the dream world vanishing when one wakes from a dream.	Both I and /VAR/-sama will simply return to the real world.																										
始動	8	009	Jusatsu Arc [Killing by Curse]	st203	5				2	2									2	5	7	0	0	Don't you get sleepy?	There is no occasion on which I am driven by physiological urges in this world.	I neither grow sleepy nor grow hungry; I devote myself solely to having /VAR/-sama come to know this world deeply.								Aren't you yawning under that Noh mask?	Don't you get an appetite?											Um...	In all honesty, while /VAR/-sama is viewing a scenario I have rather more time on my hands than I need, so...	Once in a while, I might just...	Ah, ah, but, but, I do check /VAR/-sama's progress properly. On that one point you may trust me!	I-I am doing my job properly, so please rest assured.					Well, let me see, when appetizing food appears in a scenario I am sometimes tempted, but...	I have no need to eat in order to stay alive.	Which is to say, it makes no difference whether I eat or not.	Oh? In that case, what would happen if I overate. Would I become fat, or would nothing change...? I have never tried it, so I do not know, but...	If nothing changes, then my figure will not change any further. Which means there would be no point in dieting even if I wanted to...	As long as I am in this world, my figure not changing is a happy thing and also a slightly troublesome one.	Of course, I cannot rule out the possibility of overeating and getting fat.																						
野次馬	9	010	Jusatsu Arc [Killing by Curse]	st306	5														1	3	4	0	0	What era is this world in?	Do you mean when this world sits on the timeline?									That's right.	No, the era /立木/ came from											This world has no concept of time.	It can be called a subspace for going to a particular time and place, so there is no when or where that this world itself is.	I do count the time since /VAR/-sama came here, however, so please use that for reference.							The world I came from...	I think it is probably not much different from the age /VAR/-sama is in.	Cars run and there are smartphones, so I do not think the feel of the age differs much between /VAR/-sama and me.	Please think of it as the equal of the world /VAR/-sama is in now.																									
野次馬	10	011	Jusatsu Arc [Killing by Curse]	st306	5														4	3	4	0	0	How does /立木/ relate to this?	It is not that there is any particular connection.	It is blunt to put it this way, but /VAR/-sama should have had no connection to this world either to begin with.	Through a tie of some kind you came here all the same. I am much the same.	I merely happened to imagine a world like this and give it form.						Why did you imagine this world?	Am I really unconnected to it...?											Every one of the stories that unfold here is wretched and cruel. That there is a route which avoids it by a miracle is as I said in my first greeting.	I simply took an interest: I wanted to see a world like that.	That is, this world did not exist to begin with; it is a world that exists by my will alone.							............	In all honesty, I do not grasp the whole of /VAR/-sama's background, so I cannot declare that there is absolutely no connection.	If this world were one deeply connected to /VAR/-sama...	That too would be most interesting.																									
好奇心	11	012	Jusatsu Arc [Killing by Curse]	st113	5											6			8	0	0	0	0	Any tips for the references?	I see, I had not yet told you that. Allow me to explain it again.	A reference is a side story, or reference material, that you do not necessarily have to view in order to follow the story.	As for the quickest way to make use of a reference: view it as soon as you obtain it. And if it is in the object format, please make a point of collecting every node.	When your thinking comes to a dead end, it may also be good to look back over the references once through.	And this is important, so please keep it well in mind.	It is impossible to know all of this world without viewing the references at all.	If you wish to see the very end of this world for yourself...	The viewing of references will be a help to /VAR/-sama.																																																			
好奇心	12	013	Jusatsu Arc [Killing by Curse]	st113	5											2	2		4	0	0	0	0	Any special controls? 1	Yes, there are.	The R button for the references, D for the encyclopedia (Dictionary) and T for the chatter (Talk) shortcut from the navigation screen to each menu.	Please use them when calling me out each time and then choosing a menu is troublesome.	I shall say it once more. The R button shortcuts to the references, D to the encyclopedia, T to the chatter. Only on the scenario navigator screen.																																																							
小さな探偵	13	014	Jusatsu Arc [Killing by Curse]	st116	5				12	2						2	2		5	0	0	0	0	Any special controls? 2	Then this time let me explain the controls during a scenario.	At the top of the screen during a scenario there is an information bar, where you can see information on the scenario you are viewing.	Clicking the information bar releases it from being fixed, and lets you hide the information bar.	You may also use the scenario-related option menu with a right-click.	Also, holding the Ctrl button down lets you fast-forward the scenario. Please use it as needed.																																																						
小さな探偵	14	015	Jusatsu Arc [Killing by Curse]	st116	5				13	2						2			3	0	0	0	0	Any special controls? 3	Aside from that... I do not think you will have much use for this, but...	Pressing the space key during a scenario lets you hide the text box.	If you should wish to look at the background at leisure, please make use of it.																																																								
警告	15	016	Jusatsu Arc [Killing by Curse]	st119	5	10											2		9	3	5	0	0	Say something interesting 1	What...!	That is a most unreasonable thing to spring on me...	Well then... a little about the Noh mask.	The Noh mask I wear is called a koomote, and it is modelled on a young woman.	In fact there are many kinds of Noh mask. The hannya and the oni masks of course, but the hyottoko and the okame masks are classed as Noh masks too.	Nogaku and kagura stage masks are collectively called Noh masks, so any mask used on such a stage can be called a Noh mask.	Mine covers the whole face, but an ordinary Noh mask leaves the chin out. They are designed so the performer's jaw shows.	............	I am sorry; this is the only sort of story I can manage...	That was interesting.	Thank you.											Oh...! It is I who am grateful. I am very glad a story of only that much could please you.	But I shall not rest content with that. I shall strive so that /VAR/-sama may enjoy your time in this world a little more.	I do not wish to be a dull guide who only guides.							I am much obliged. I shall strive to polish my art of conversation a little more...	Though since there is no one in this world but /VAR/-sama and myself, I have no one to polish it on but /VAR/-sama...	If you would not mind, for the sake of my art of conversashion, conversation, I would be glad of your company.	............	I did not trip over my words, all right?																								
警告	16	017	Jusatsu Arc [Killing by Curse]	st119	5	10			15	2							2		7	7	9	0	0	Say something interesting 2	Again...!	No, as a guide, this sort of training matters for polishing my conversation.	Then, right away...	There is a tale called Momotaro. An old story about a boy born from a peach who goes off to subdue the oni.	But originally, the mainstream version had him as a child born to an old couple who grew young again after eating a peach.	Which is to say, the old couple who grew young from the peach went straight on into the night and shared a bed...	Honestly, of all the things to do first upon growing young... Do two people really fall into that mood so suddenly?			A dirty joke, of all things?	And the rest?											............	I am glad I am wearing the Noh mask. I could never show you the expression I have just now.	............	............	I-It is not a dirty joke! It is merely one person's impression! I-It is /VAR/-sama, who thunks, thinks of that as a dirty joke, who is at fault!	............	Right! This topic is finished now!			Um... well...	Being young is a fine thing...	............	And so the two shared a bed... um...	That night, the old couple, one another's newly young bodies...	Yes, um, a year later, a healthy boy was born!	The child was named Momotaro, grew strong, and went off to subdue the oni!	That is all! And so, happily ever after!	Whew...																				
小さくも大きな鼓動	17	018	Jusatsu Arc [Killing by Curse]	st129	5	10			16	2									2	9	9	0	0	Say something interesting 3	...but I shall do my best...!	Um... what sort of story shall it be...								A funny story	A sad story											A funny story, you say...	Oh yes, this is from last summer. That night I was making dinner by myself. The menu was somen.	The garnish was just green onion. Somen, noodle sauce and onion were set on the table. I ate as usual, dipping onion and somen in the sauce, but...	But for some reason that somen had no taste.	No, there was a somen-like flavor, but oddly no taste, not appetizing at all. Still, it was strangely refreshing, so I ate it to the end as it was.	After eating I opened the refrigerator meaning to drink some barley tea, but...	What I had taken for noodle sauce was in fact the barley tea.	Ah, um, what I took for sauce was barley tea, so I was eating somen dipped in tea... that is...	/小/Uuu... and I thought it was funny...	A story to cry over, you say... That was the winter 2 years ago.	As I walked along a road with a thin layer of snow on it, I found something black twitching on top of the snow.	It was a baby black cat. The baby black cat was badly hurt, and had stained even the snow red with blood.	There was no animal hospital nearby. I am allergic to cats, so all I could do was wrap it in the scarf I was wearing...	In less than 10 minutes that kitten came to the end of its short life.	Had it been abandoned by its parent, or had it strayed and been hurt?	Still, at least at the end it could pass the time in a warm scarf and not on cold snow, and even now I truly think that was good.	Even now I cannot forget the kitten's last cry and its eyes just before its life ended.	Less a good deed than a day that forced my own uselessness on me: in the end I could only let it die.																				
小さくも大きな鼓動	18	019	Jusatsu Arc [Killing by Curse]	st129	5	15													4	7	3	0	0	What are your hobbies?	A hobby...? A hobby...	Watching movies, I suppose. I enjoy watching more or less any genre.	I like both watching at the movie theater and watching at home.	Oh yes, just the sort of thing Natsumi Kogori and Haruka Niimura were doing. Seeing a movie at the theater, then viewing it at home later.						What kind of movies do those two like?	Any other hobbies?											They seem to like anything. The point seems to be simply that the two of them spend an enjoyable time together.	They also seem to play games together and cook meals together.	Not only indoors; they apparently go out together often as well.	To me, always being with someone feels a little confining, but for them it seems comfortable.	Ah... that does not mean being here with /VAR/-sama all the time is confining...	Having you keep me company like this makes me very glad.	Yes, very. Truly. There is no one for me but /VAR/-sama.			I like going out alone as well. Without a thought in my head, just a stroll on my own.	Going into a shop I happen to notice, or trying a drink I have never seen before at the convenience store.	I only recently realized there is a fresh surprise you can find only alone. How you look at things changes the impression the thing makes.																										
決意	19	020	Jusatsu Arc [Killing by Curse]	st154	5	10											2		4	2	6	2	0	Mika Tachiki your real name?	No; let me state clearly that this is an assumed name. My real name is something else.	The keyword of this world is April 8, but what relation does the 'Mika' in my name have to it? [TN: her 'Mika' is written with the characters for 'third day']	There may be some connection, or it may in fact be a suggestive nothing with no connection at all.	Well, pay it no mind and call me whatever you like.						Tachiki-san!	Mika-chan!	Noh Mask-chan!										Yes, this is Tachiki.	Hee hee, an assumed name though it is, being called by a name is a glad thing.								............	............	Ah, I see, you mean me. Forgive me.	No, it is only that I never expected to be called by my given name with -chan on it...	Ah, but I do not dislike that way of calling me either. If anything it is refreshing and I am glad of it.	Please, call me whatever you like.				Oh my my, so that is how you come at it. Hee hee, very well.	Then from now on, please do call me Noh Mask-chan.																		
決意	20	021	Jusatsu Arc [Killing by Curse]	st154	5	10												2	2	3	3	0	0	Do you have family?	Yes. I have a father, a mother, and a younger sister.	I am on good terms with both my parents and my sister, so I suppose you could say I have been quite blessed in my surroundings.								What are your parents like?	What is your little sister like?											Being asked outright like that is rather difficult, but...	I respect them. I think they poured a great deal of love into me, and I like the way they live and the way they think.	I want to become like my parents in the future, but it seems rather difficult.							My sister is relatively close to me in age.	Our values are fairly close as well, so we often go out together.	Well, we are what you often hear called 'a family like friends'.																										
監視	21	022	Jusatsu Arc [Killing by Curse]	st157	12	10										1			6	0	0	0	0	What do you normally wear?	Normally I do not wear the Noh mask, and I dress in an ordinary, current sort of way.	If anything, I prefer clothes that are easy to move in over dressing up showily.	Accessories and skirts and the like are not to my taste.	Well, they are simply not to my taste; it is not that I never wear them...	When I am given a skirt as a present I am a little at a loss, but I am glad of it all the same, so I do wear them now and then.	Hee hee hee, looking as I do, you could hardly picture me in a miniskirt.																																																					
監視	22	023	Jusatsu Arc [Killing by Curse]	st157	12	10													3	3	4	0	0	What do you do on days off?	On days off I surf the internet at home, or watch movies...	And chatting with friends, I suppose. Very ordinary, I think.	And /VAR/-sama, what do you do on your days off?							Fairly outdoorsy.	Being here should tell you enough.											I see; I like the outdoors as well. Camping, swimming at the beach, that sort of thing.	When I cook outdoors I always prepare fried noodles in sauce. Sauce scorched over a strong flame is quite addictive.	I should also like to go to a ski resort once. I have never been.							Ah... I see, indoors then?	There is plenty of entertainment inside the house these days. I am rather fond of indoor things myself.	I especially like spending a rainy day indoors at leisure. That feeling of taking your ease between the cold outside and the warmth within...	Hee hee, though spending a fine day indoors on purpose is not bad either.																									
決意	98	024	Jusatsu Arc [Killing by Curse]	st154	8		rk182	1											6	8	5	0	0	What is a letters reference?	A letters reference is a handwritten document made more than 100 years before the year Shiyo 800.	They contain important matter that the main story does not tell, so I should very much like you to view them.	However, to view a letters reference you must spend the thing called 'points' at the lower left here.	Spending points widens the range you can view.	However, since the letters references are old things, they are soiled and cannot be read clearly.	If you bring the readable range to 100%, the stains and tears are purified and you can view it as clean as when it was first written.				How do I increase points?	How should I take the contents of a letters reference?											To explain roughly how points increase: the more /VAR/-sama comes to know of this world, the more are added.	Specifically, they are added according to your progress through the scenarios and the state of your reference viewing.	Oh yes, since it is 'of this world', chatter with me also seems to increase them a little.	The points /VAR/-sama holds are limited, so it is best to think carefully about which reference to spend them on before viewing.	One thing to be careful of: viewing the encyclopedia adds no points at all.	The encyclopedia is best used purely for picking up background knowledge or for review.	Well, there is information found only in the encyclopedia. Even so, no points are added.	And please note that viewing a point-spending reference, like the letters, adds none either.		As I said earlier, the letters references contain important information the main story does not tell.	Even matter that looks unrelated at first glance will somewhere supplement the information of the main story.	Some of them record events of long ago, and I think much of it differs from the historical fact of /VAR/-sama's world.	But it is certainly important information about this world, so it would be good to keep it in mind.	In what form it will be a hint, and in what form it will be a help to /VAR/-sama. Later on it will certainly come up in some form.																								
決意	99	025	Jusatsu Arc [Killing by Curse]	st154	8		rk190	1									2		9	4	7	5	0	What is a report reference?	A report reference appears to be a research report written by a certain person.	I do not know the details either, but it seems to set down matters of the utmost importance and the strictest secrecy, bearing on the root of the main story.	However, because of that secrecy the reports are in a state you cannot make out by simply looking.	Specifically, the reports are torn to pieces, or painted over.	So by spending points you can add the parts that were torn away and lost, and restore the report.	It is a trouble, but I should like that restoration work to be done directly by /VAR/-sama's own hand.	When every part is restored, the places that were hard to read will be fully restored and clear.	The repair method also calls for special controls, so I strongly recommend using the 'Help' button each time.	Do you understand? With a report reference, please make use of the help.	Is something that important written in them?	Is the restoration work hard?	What is in the help?										Yes, I do grasp that something extremely important is written there.	For that reason the content itself seems to demand some understanding, but set against the information of the main story it should come smoothly.	That is, even if a report means nothing when you view it, much information appears later that connects: "So that was what it meant."	A fully restored report can be viewed clean at any time, so you may look back later at whatever concerns you.						Let me see; the restoration work runs from easy to extremely difficult, in great variety.	Also, gimmicks that obstruct the restoration work appear from time to time.	There seem to be several kinds of obstructing gimmick, so for details please see that report reference's help. The gimmicks are explained there.	And I have not confirmed the details myself, but there is something I should like you to watch for when restoring.	Some of them seem to hold important information that can only be seen before repair.	Which is to say, once you complete the restoration you cannot see that information.	Do you follow? The restoration work matters, but there is grave information you can only see at that moment. Please keep it well in mind.			I imagine /VAR/-sama is using a mouse, and the controls call for the mouse's full range.	Those controls can only be confirmed by looking at the help, so if you overlook the help I believe you will have a very hard time.	You follow? If the controls trouble you, please check the help.	For some report references the restoration work is very hard, so there is also an Assist function as a relief measure.	However, the Assist function spends points, so please think well about where to use it.															
自責	100	026	Jusatsu Arc [Killing by Curse]	st158	5		rk193	1											3	6	2	0	0	What is a side-tale reference?	A side-tale reference... I am sorry, but I have little information myself; it is a reference with many mysteries.	What I do grasp is that it is a reference in the scenario format depicting one particular person's whole life, and that it gathers up the letters and report references.	The content is not so hard and viewing costs no points, but the unlock conditions are very strict, and gathering every side-tale reference takes no ordinary effort.							Can I learn the truth from them?	So I should view the side tales properly too?											The truth...	/VAR/-sama has no need to know the truth; it is enough that you see the happy ending of the characters. So I should like to say, but...	If the unlock conditions are as ferociously strict as the side tales', then surely information to match can be had.	Even what /VAR/-sama calls the 'truth', at that.	Knowing the truth is not asked of /VAR/-sama, but I am in no position to stop that will and those actions.	Please judge that for yourself, /VAR/-sama.				There is nothing better than viewing them, and I cannot imagine what effect your viewing may have on this world.	I leave that judgment to /VAR/-sama.																											
自責	23	027	Jusatsu Arc [Killing by Curse]	st158	5	10													2	4	3	3	7	/立木/: student? Working adult?	I am a student. On weekdays I go to school.	And what is it that /VAR/-sama does?								Student	Working adult	Already retired	Huh? You ask things like that?									Oh? Then perhaps we are close in age?	Those around me often tell me that 'your student days are your bloom', so I mean to enjoy what I can while I can.	Well, even this world might be called an extension of my hobby.	If I am wrong, I am sorry.						Well, so you are already active out in the world.	Since one lives in a capitalist world it is a road most people walk, but seen from a young thing like me, working adults really are impressive.	When I think that /VAR/-sama contributes to society too, I cannot help but feel respect.							To think you were already retired!	To have come this far while tasting so much bitterness in your life so far: I truly respect it.	If this world can add even a little pleasure to /VAR/-sama's life, that is all I could wish for.							Ah...	I see...	Well...	Life...	different for each person...	that is how it is...	............				
新村さん	24	028	Jusatsu Arc [Killing by Curse]	st160	5	20											2		2	3	3	3	6	Anything you want to ask me? 1	A question for /VAR/-sama? Let me see...	Where are you from?								North side	East side	West side	South side									The north side means a cold region, then.	In my region a fair amount of snow piles up in winter, but seeing how people in northern Japan live, I am truly impressed by their hardiness.	I imagine /VAR/-sama has had all sorts of hardship from the cold and the snow as well.							The east side means the Kanto region, or far across the sea, Hawaii or the American mainland...	In my own mind eastern Japan gives an impression of cities. Well, of course there must be deep mountain areas and coastal areas too.	Perhaps /VAR/-sama is a city child. I should like to live in such a place once myself.							Western Japan, or Asia, or far off in Europe...	I do like the culture of western Japan. Lightly seasoned food especially is to my taste. I should like to travel there once, over about a week.	There are all sorts of tempting things, flour dishes and ramen, and I am interested in the Seto Inland Sea and the islands of Nagasaki as well.							South side!	South side!	A warm region, then? I am no good with the cold, so I have a particular longing for it.	Ah... let me say just in case: this outfit is not because of the cold. It is purely to hide myself.	Would this outfit be hot in Okinawa in summer? Meaning to hide myself, I collapse and am left exposed, unseemly―	No, anywhere in Japan is hot in summer. In case it turns hot here as in summer, I must think of a different costume.					
新村さん	25	029	Jusatsu Arc [Killing by Curse]	st160	5	20			24	2							2		2	4	4	3	2	Anything you want to ask me? 2	A question for /VAR/-sama... Let me see...	What sort of games do you like?								Reflex types, action and shooters	Strategy types, RPGs and simulations	Text types, novels and adventures	Other									The reflex type. I like those too, but I am truly bad at them...	I mean to press the button, but somehow only my body moves, and my intention and my posture are not reflected in the game at all...	Still, playing with a lot of people is truly fun and I love it. Alone, though...	I carry the sorrow of a game over by myself, which makes for a rather forlorn feeling.						Strategy types are truly fun once you understand the rules.	Until you understand the rules you are groping, but recent games guide you kindly there, so you reach the fun part smoothly.	Conversely, I like the retro sort, simple and a little standoffish. Simple, so easy to grasp, and how to beat a strong enemy with limited strategy―	Even so, people have their own strategies more than you would think, and hearing them is a pleasure as well.						Text-type games, I see...	In all honesty I am not very good with print, but made into a game, with the staging of picture and sound, some of them draw you right in.	And growing attached to the characters, or minding what comes next so much that you cannot stop; when one takes hold of me it takes hold completely.							I see, there are many game genres. Puzzles, rhythm games and more besides.	Ah, but personally I like horror. Well, it is that urge to look at frightening things.									
容疑者の悲鳴①	26	030	Jusatsu Arc [Killing by Curse]	st163	5	20			25	2									2	3	7	4	6	Anything you want to ask me? 3	A question for /VAR/-sama... And then...	What sort of place does /VAR/-sama live in?								A big metropolitan area	A regional city, comfortable enough	A bit rural. The convenience store and supermarket are far.	Deep countryside with no convenience store or supermarket									Well, you have your home in a metropolitan area.	I have heard it said that Tokyo is a gathering of country folk, and for that very reason dreams and chances must be lying about everywhere.	I have never lived in such a place, but I am very interested. Changing trains at random and getting off at an unknown station: I should like that.							I see; Motoki-cho, the setting of the story, is exactly that.	Motoki-cho's population keeps growing, so though it is designated a 'town' it is apparently already big enough to become a city. It will go on developing.	However, until a little while ago Motoki-cho was apparently a place of few people and much nature.	There are in fact not a few voices that mourn the Motoki-cho of cherry trees watched over by the goshinboku.	Ah, I am sorry. I asked about the place /VAR/-sama lives and then talked about the story instead.	If I lived somewhere, a regional city with no real inconvenience would suit me. People neither too many nor too few, some civilization and some nature together: that is the appeal.	If you want things you go to the station front; if you want nature you go a little way out. In a sense it may be more convenient than a metropolitan area.			The countryside, with the convenience store and supermarket far away.	I find myself imagining a place where hills and fields, or the sea and rivers, stretch out wide.	I have never lived in such a place, so this is purely imagination, but I suppose that on weekends you go out to a downtown some way off, or to a large shopping mall.	Then every weekend would be an event tickling the adventuring spirit. Even a familiar place, steeped in an air you cannot usually feel, is its own pleasure.						My, as rural as that...	A question arises to begin with as to how /VAR/-sama makes contact with this world at all, but...	Well, in these times I suppose the internet has come to take priority over the convenience store and the supermarket.	By now the internet has become one lifeline that cannot be done without.	And in a place so far from any village, I find myself wondering whether you meet wild creatures more often than people.	I have set foot in such places a few times myself, and the local produce eaten there is very good indeed.					
容疑者の悲鳴①	27	031	Jusatsu Arc [Killing by Curse]	st163	5	10											2		5	9	1	0	0	Do you play sports?	As for sports, I have no particular experience to speak of.	But I do not think my athletic sense is so bad. At running and swimming both, I think I can manage better than average times.	I still hardly know the rules of baseball or soccer, and I once fouled at the best moment of a sports festival and was terribly embarrassed...	............	Would you like to hear about that great embarrassment?					Please do!	Another time, then...											Then, though it is a little embarrassing... It was when I was playing volleyball at a sports festival.	It was a crucial moment: one more point and we won, 3 points against and we lost. And the ball that decided it came flying toward me.	And that ball was on an extremely doubtful path, where you could not tell whether it was out.	My side shouted "Out! Out!", the other side "It's in! It's in!", and I was thoroughly confused about what to do.	If it was out, dodge the ball and we win! If it was in, receive it! And while I was thinking this and that, the ball reached me―	I caught the ball.	I did not know myself what had happened. Catching the ball is of course a foul.	My side crumpled, the crowd roared with laughter... It was truly embarrassing.	Uh, I know I brought it up myself, but please keep it in your heart alone, /VAR/-sama.	Let me see... It is embarrassing even now to recall, so there is nothing to tell at this point.																												
容疑者の悲鳴②	28	032	Jusatsu Arc [Killing by Curse]	st168	5	30			27	2									1	4	2	0	0	Are you good at stretching?	Haah!? What is this!? That sudden a topic...									Is it a secret?	It just came to mind.											It is not something I particularly keep secret; I was only startled by the suddenness.	Well, I think I am reasonably flexible. I can do a 180 degree split, and I can walk while holding a bridge.	............	I am not going to do it, all right?						I should rather have you explain how such a thing came into your head...	Ah, no, truly, there is no need to explain...																											
容疑者の悲鳴②	29	033	Jusatsu Arc [Killing by Curse]	st168	5	10											2		2	2	2	5	0	Are you good at cooking?	I believe I cook as well as most. I can use a knife properly, and I manage the heat all right.	But holding heavy cookware is hard for me, so I am better at simmered and grilled dishes than at stir-fries.								How did you get good at cooking?	Can you make sweets?	Any dishes you are bad at?										Because I often help my mother. My mother cooks by hand almost every day.	But I am still no match for my mother. Her skill at cooking is truly of another dimension.								Yes, of course I can. I often made them for my sister as well.	It takes time, but I often make cakes and sweet buns and the like.								Dishes I am bad at... nothing comes to mind at once... Let me see...	Chinese stir-fries, after all. You cannot make them taste good without shaking the pan or the wok properly.	Ah, in that sense pasta is a little beyond me too. Mixing it quickly with the sauce takes considerable technique.	Once I say that, a rice omelet is no good either. I cannot roll it well.	I still have far to go. I shall keep at it.															
容疑者の悲鳴②	30	034	Jusatsu Arc [Killing by Curse]	st168	5	30			29	2									6	4	4	2	5	Let me taste /立木/'s cooking!	Huh? My own cooking?	Making it is no trouble in itself, but the ingredients that matter are not here.	I can widen space, but bringing into being what does not exist is impossible. I am sorry.	There seem to be all sorts of things in this room, but every one is an unreal image, so you cannot take them in your hand.	But should the chance come, I should dearly like to cook for you.	What sort of dish do you prefer?				Something hearty that goes with rice!	Japanese food with delicate seasoning!	Sweets!	High-class French!									Dishes that go with white rice are my strength. Ginger pork, meat and potato stew, simmered dishes: leave them to me.	This is my own way, but to make a dish that goes with white rice, season it sweeter than you would think.	Simmered fish especially comes out very well if you add plenty of sugar and cook it until the broth thickens.	If you are interested, please try it.						I see. I feel somewhat tested, but you will certainly be surprised.	Tempura, vinegared dishes, hot pot: you will certainly be pleased.	And with Japanese food I should want to be particular about the plating too. The staging on the plate is part of its real pleasure.	Not with Japanese food alone: enjoying a dish with all five senses, not the tongue and nose only, is its own pleasure.						Sweets, how nice. These I like making with several people rather than alone.	If the chance truly comes, I should be glad of /VAR/-sama's help as well.								High-class French... so that is how you come at it.	With French the dishes themselves matter, of course, but so does which dish in what combination and in what order it is served.	Consulting with whatever ingredients can be had that day, I shall make you the very best.	But for high-class French, even the ingredients must be costly things...	There is rarely a chance to cook such a thing, so I am very excited! I look forward to the making more than the eating!						
嘔吐	31	035	Jusatsu Arc [Killing by Curse]	st171	5	10											2		3	2	3	3	4	Rice or bread for breakfast?	I am decidedly of the rice camp. Perhaps because of where my parents are from, my breakfast staple has been anything but rice only a handful of times.	A hotel breakfast was bread once, and I could not feel I had eaten at all, so I went and bought a rice ball at the convenience store afterward.	Which is /VAR/-sama?							Rice!	Bread!	Other	I don't eat breakfast									Ah, lately there are so many of the bread camp that I was at a loss. I feel I have met a comrade for the first time in a long while.	I should like to enjoy an elegant breakfast with /VAR/-sama once.								Ah... you too...	I do not deny eating bread. But eating rice is Japan's food culture, one of the treasures carried on from ancient times.	If the chance comes, do please try white rice for breakfast.							I see, there are cereals and noodles as well. That it cannot be flatly rice or bread is the troubling part.	I recall seeing photographs of breakfasts of the world, and they were truly varied and interesting.	Rice in the morning. That is the sure thing, but I too have the wish to try the various breakfasts of the world.							Well, that will not do.	Breakfast is the source of a day's vigor and the root of spirit and will. I do not say make it rice, so please eat at least a little.	My recommendation is seasoned egg over rice. Make a soft-boiled egg beforehand, then steep it sealed overnight in noodle sauce thinned as for cold soba.	That alone gives you a superb seasoned egg the next day, so do try it. It keeps, and it is ideal for shoveling down on a busy morning.							
嘔吐	32	036	Jusatsu Arc [Killing by Curse]	st171	5	40			31	2									4	3	9	0	0	Team bamboo? Team mushroom?	............?	What on earth are we talking about...	But if I must say...	I am of the mushroom camp. [TN: rival chocolate snacks shaped as bamboo shoots and mushrooms]						Comrade!	Enemy!											Well! I thought myself in the minority, and here you are one of us!	Those around me mostly find it distasteful, so I did not much want to speak of it, but...	I am glad I could tell /VAR/-sama.							............! You too, then...!	I know, I know...! Go to the supermarket and the bamboo shoots mostly outsell them, and everyone around me says bamboo shoot, bamboo shoot...	Granting every concession, let us say the bamboo shoot camp is larger! But the bamboo shoot camp must be grateful to the mushroom camp!	Humans in the end believe the majority is great. Only because the mushroom minority exists is the bamboo shoot camp drunk on a relative, illusory win.	What becomes of the bamboo shoot camp if mushrooms vanish? Passing joy, of course; but with the mushroom camp gone, the concept of a majority goes. They lose their place to flock.	Yes, that is what the bamboo shoot camp comes to. By the time they see the mushroom camp's point it is too late: no flock to cling to, and no idea why they clung to bamboo shoots.	Their superiority stands only because the mushroom camp exists. Not noticing that, they insult and despise it. A foolish crowd, blind to essence and to worth.	............	Hee hee... I said it...																				
証明	281	037	Jusatsu Arc [Killing by Curse]	st173	5												2		3	3	0	0	0	Some topics I can't choose?	Ah... so you noticed after all...	Guide though I am, there are times I hesitate over whether a topic is really one I may discuss with /VAR/-sama...	So it is a matter of the distance between us, or should I say... it may be a rude way to put it, but...							Is it an affection rating?												Let me see; put plainly, that is what it comes to.	As conversations with /VAR/-sama build up I do feel a closeness growing, so the more you talk with me, the more that 'affection' rises.	You may think it forward, but I too have feelings, so I beg you to understand.																																			
証明	33	038	Jusatsu Arc [Killing by Curse]	st173	5	50													5	7	3	0	0	Do you have a boyfriend?	/大文字//揺れ/Wh...!	/大文字//揺れ/Wh-wh-wh...!	/小/Th-that is, well...	I leave it to your imagination...	No, to begin with, there could not be a man who would care for a Noh-mask woman like this...					That's not true.	What if you took off the mask?											Thank you... /VAR/-sama, you are kind.	............	But! But still, to ask a question like that... well...	You have no delicacy...	N-now then, nyat shall we talk about?	/小/...I bit my tongue...	Whew...			Even if I took off the Noh mask, getting a boyfriend...	No, quite the reverse. A man who judges a woman by whether she wears a Noh mask would surely not suit me.	Am I being selfish...																										
放棄	34	039	Jusatsu Arc [Killing by Curse]	st177	12	40													3	9	0	0	0	Let's have a staring contest	A staring contest...?	Hee hee, /VAR/-sama, you have more of a child's heart than I expected.	Very well. Shall we begin, then?							Begin!												......	............	..................	........................	Uh...	Since I am wearing a Noh mask, I do not think there can be a winner or a loser...	............	I am sorry. I have made it awkward...	/小/Ah... if I had laughed it would not have turned awkward...																													
放棄	35	040	Jusatsu Arc [Killing by Curse]	st177	12	20													6	2	3	4	4	Spring, summer, fall, winter?	The season I like...	I like summer. The nights especially.	As a diary written by a noble of old has it, summer's charm lies in its nights. It is the season when natural light, moonlight and fireflies, shows best.	I only remember it because I heard it in class recently.	But it is true; the fireflies I once saw deep in the summer mountains were truly splendid.	Which does /VAR/-sama like?				Spring	Summer	Fall	Winter									Spring. A great many people like it. Of course I like it too.	That thrill of having finally got out of the cold air, and the lovely flowers and the fresh wind, belong to spring alone.								Well, /VAR/-sama too? Then we are of a kind.	Summer is the season when even cold-blooded reptiles and insects move about briskly. That air brimming with life is summer's own.	Yeah, I do like the glaring summer afternoon as well.							Fall. The fall of the harvest, the season when food tastes best.	I especially like the new rice of that time. No, not the new rice alone; it is a truly splendid season for the mountain's bounty as well.	............	Forgive me. Where fall is concerned my appetite is stirred whether I will or not...						Oh? Only about 4% of people like winter, they say. /VAR/-sama has quite an individual sensibility.	Though according to surveys the commonest reason for liking winter best is the negative one that there are no insects.	Others say they can do winter sports, or that they like snow, or that they can dress in layers, and those too belong to winter alone.	In my case, common as it is, ice cream at the heated table cannot be left out. Ice cream is best not in summer but in winter. I say it flatly. Winter.							
新村さん	36	041	Jusatsu Arc [Killing by Curse]	st160	8	20											2		1	3	3	0	0	How far does this world go?	Do you mean how far the scenarios go on?									Yeah	No, how far can /立木/ widen space?											The hint is the completion rate on the scenario navigator. That is the scenarios you have viewed so far against the number of scenarios in that arc.	However, this world is extremely unstable. On some trigger it swells greatly or shrinks, or even collapses.	That I cannot tell either.							If I meant to widen it, it would widen without limit, but doing so has no meaning. Space merely widens.	Would it give you the picture to call it the space you imagine inside your head? Inside your head you can widen imagined space as far as you like.	But doing so does not produce any productive phenomenon. It is an abstract explanation, but there is no other way to put it.																										
新村さん	37	042	Jusatsu Arc [Killing by Curse]	st160	8	20			36	2									4	3	4	0	0	Can I go anywhere from here?	Yes, that is possible. The age of the dinosaurs or the far end of the universe, either is possible.	However, you cannot go physically; you can do no more than see and hear what happens.	And I present a scenario at each point I think important, so which place in which age you go to depends entirely on my will.	I am sorry to say it, but I should like /VAR/-sama to follow my guidance and view the story from this world.						Do stories of the future come up too?	Do stories of the past come up too?											As for stories of the future―	No, nothing so far ahead. 2 years at the most, I suppose.	As a rule you cannot see anything unrelated to this story. But if some element reached 100 years ahead, you would be able to see it.							There are stories of the past as well. A few years, a few decades, and hundreds of years ago.	You will have obtained the thing called 'letters' among the references; that is the proof of it.	Only what relates to this story can be seen across time. What is unrelated, regrettably...	The age differs, but the writing should be such that /VAR/-sama can read it, so do please look.																									
天才の焦燥	38	043	Jusatsu Arc [Killing by Curse]	st164	5	30			7	2							2		2	6	2	0	0	Not going back to your world?	............	For the present I have no plans to.								Why?	I see.											I believe I once said that 'this world is something like the inside of a dream'.	/VAR/-sama views this world through an interface, and I exist in this world by sending my will into it.	As long as the real me does not wake, I will not go back.	Put that way you may think I am escaping reality, but I came to this world of my own will.	It is the same for /VAR/-sama. As long as no thought of returning to your original world works in you, you will go on seeing this world.	You may think it vague, but there is no other way to put it.				I am glad you understand.	So /VAR/-sama is free to come here or to go home. This is that sort of world.																											
天才の焦燥	39	044	Jusatsu Arc [Killing by Curse]	st164	5	20										1	2		5	0	0	0	0	How many people in this story?	My memory is hazy, but about 15.	Well, that is... the further in you go the richer the characters are, so please take care not to get a heavy stomach...	From the first arc to the third there is no great difference.	From the fourth arc the air changes completely and many characters are added.	For the rest, please see for yourself.																																																						
感染	40	045	Jusatsu Arc [Killing by Curse]	st169	12	30			39	2							2		2	4	3	0	0	Nobody else in this world?	Yes, there is only myself and /VAR/-sama.	At present I am shutting out intrusion from outside, so no guest other than /VAR/-sama will come.								That's lonely.	Then I can take it easy.											You are right; just the two of us, myself and /VAR/-sama, is a lonely thing.	But I find it comfortable. The time with /VAR/-sama, who chatters with me like this, puts my heart at ease.	............	Oh dear, I have said something rather embarrassing...						Yes, please relax at your leisure, without reserve.	This world has no concept of time. You may advance the scenarios at whatever timing /VAR/-sama wishes.	Ah, but chattering alone will not do, so to widen the topics, do please advance the scenarios.																										
感染	41	046	Jusatsu Arc [Killing by Curse]	st169	12	30			40	2						2	2		5	0	0	0	0	Did /立木/ make this story?	No, it was not I.	Strictly speaking, it was not my will.	To begin with, a story is not something someone makes; it is the sum of the tracks of how people thought and how they acted at the time.	So if I must say, it comes to this: the characters built this story up.	We only follow that story. We do not interfere with it.																																																						
警告	42	047	Jusatsu Arc [Killing by Curse]	st119	8	30			41	2							2		4	2	4	0	0	Is anyone but /立木/ involved?	No, no human besides myself is involved.	It is not that I built this world up with a purpose... that is...	It is a little hard to explain...	The unconscious region of me built this world up. And I am shut inside it. Please think of it that way.						Don't you think of leaving this world?	Do you like this world?											I do not. As long as there are guests who come to this world, I remain here.	That is my mission and the reason I exist.								Whether I like this world...	I do not, in all honesty.	However, when the only choices are bad fortune and great bad fortune, one can only choose bad fortune.	That is my circumstance.																									
警告	43	048	Jusatsu Arc [Killing by Curse]	st119	8	50			42	2							2		3	2	3	0	0	What happened in /立木/'s world?	I wonder... As I said earlier, this world was built by the unconscious region of me, so why it came to be is unknown.	If I knew what happened in the world I was in, the purpose of this world coming to be might become clear.	At the least, I think it was nothing very good.							Have you lost your memory?	Is it hard for you now?											It is not that I have lost my memory, but...	There are things I too would rather not recall... Forward of me though it is, I should be grateful for your consideration.								I wonder... It is my own affair, and yet I do not really know.	But it is only because of this world that I can speak with /VAR/-sama. For me even that alone―	No, it is nothing.																										
元木美少女同好会	44	049	Jusatsu Arc [Killing by Curse]	st131	5	40			43	2							2		2	3	3	4	3	Anything you want to ask me? 4	If I had a question for /VAR/-sama...	Let me see: how did you come to take an interest in this world?								It looked interesting.	Someone told me about it.	Just came to take a peek.	Because I like blood and corpses.									I am glad you think so. Since you have come, I want you to enjoy it.	Whatever the ending, nothing would please me more than for it to lead to even a little joy for /VAR/-sama.	All the same, /VAR/-sama, you do seem very fond of blood. Hee hee hee.							Oh? Is this world so well known? It should be posted only in special places.	Even so, in this world there are only the two of us, /VAR/-sama and myself. No one else comes.	Perhaps parallel worlds exist, and in a world just like this one a person who is my spitting image is receiving other guests.							Just came to take a peek...?	For that, you seem to have been here a very long time already. Have you perhaps taken a liking to this world?	If so, nothing could please me more.	Please, savor this world to your heart's content.						I see, /VAR/-sama is of that sort after all.	That is quite all right; it is precisely such people I want to come to this world, and they should enjoy it.	Though as the guide of such a world I too may be thought to have questionable taste.								
元木美少女同好会	45	050	Jusatsu Arc [Killing by Curse]	st131	5	40			44	2							2		3	4	4	2	9	Anything you want to ask me? 5	I have come to want to know all sorts of things about /VAR/-sama.	That said, let me try a slightly risky question about myself.	What do you imagine my bare face is like?							Beautiful or cute	A bad injury	An ugly face	Actually a man									I see; so this mask plays its part in stirring up that sort of imagination.	In that case I can all the less take this Noh mask off. I have no confidence of meeting /VAR/-sama's expectations.	But I should like /VAR/-sama to go on imagining me as a beautiful woman.	I am a woman too. Being thought of that way is a glad thing.						It is true; with an injury like that one would not want to be seen. All the more so for a woman.	I cannot say whether I have such a mark, but if I did... even then I might not go so far as to wear a mask.	Oh, that gives away that there is no bad injury on my face. How careless of me.	Yes, I have no particularly conspicuous injury. That much I may say.						I see, a perfectly natural guess. If I were too ugly every guest in this world would flee.	Of course, being told such a thing does not put me out of temper. That /VAR/-sama takes an interest in me at all is what makes me glad.								My word...!	Hmm... actually a man...	An interesting premise.	Then shall I try talking a little like a man?	Hey, /VAR/! How about it if I talk like this!? Still feels off?	Well, which sex I am doesn't matter either way, so let's get along!	But me turning out to be a man, you've got it rough getting mixed up with a weirdo. Hahahaha!	............	A failure of characterization... If anything I have turned into Haruka Niimura. Difficult...		
警察官の顔	46	051	Jusatsu Arc [Killing by Curse]	st137	5	40			45	2							2		3	6	5	8	5	Anything you want to ask me? 6	So I may ask another question.	Then let me ask another slightly risky question. Talking with you is a pleasure.	Which of the characters is to your taste?							Natsumi Kogori	Haruka Niimura	Erina Goto	Momoko Goto									Natsumi Kogori, I see.	A frail girl with a little shadow on her. That sort of thing does stir the imagination.	............	Oh, me... why did I use a word like imagination...	Ah, uh, I do not mean it indecently! Only imagination in the sense of what might be hidden in that shadow, that sort of, uh―	Oh, me... Why did I make excuses when no one even asked... That makes it worse...				Haruka Niimura, is it.	A woman who pulls those around her along as the older one, and who carries herself while taking all the care she can.	And her plain, unspiteful character must be her charm.	But she has a side that fixes hard on an idea, and cannot easily say plainly what is inside her. That this complicates the incident you have seen.	If you understand that much of her, she will surely make a good partner.					Erina Goto, is it. I see, I see...	She is certainly clever, bright, plucky and earnest. Very charming, I think.	However, her height is said to be about the average for a fifth-grade girl, so saying you like her is bound to invite misunderstanding.	No, I do not suspect /VAR/-sama of such tastes. I was merely speaking of tendencies.	............	I do suspect you.	Ah, sorry, I misspoke. I do not suspect you.	Yes, not in the least do I suspect you.		Ooh, Momoko Goto.	She is on bad terms with her sister Erina Goto and is said to be the type who is seldom at home.	Momoko Goto is mostly spoken of from her sister's point of view, but seen objectively, is she the type who goes her own way?	She seems a woman of considerable independence, so taking hold of her heart may be quite hard.	But if /VAR/-sama says you will face that challenging trial, I shall cheer you on with all my strength.						
警察官の顔	47	052	Jusatsu Arc [Killing by Curse]	st137	5	30			31	2							2		3	3	4	0	0	Is there no tea or anything?	Tea...?	I am sorry; there is nothing in this world you can take in your hand. It is all unreal images...	I am most sorry, but could /VAR/-sama provide such things yourself?							Understood.	Doesn't /立木/ get thirsty?											I am glad you understand.	If I ever meet /VAR/-sama in the real world, I should dearly like to take tea together.	Talking over tea and sweets is more enjoyable than with nothing at all.							Not particularly. If it were set in front of me I would take it, but...	...I have started to want a little tea.	But there are no drinks, so I can only bear it.	Ah, /VAR/-sama, please pay it no mind and take whatever is in your own world.																									
混乱	48	053	Jusatsu Arc [Killing by Curse]	st140	5	40			47	2									2	2	7	0	0	I want to lie down a bit	Are you tired? Please rest as you like.	This world has no concept of time. Please spend it exactly as /VAR/-sama pleases.								Never mind.	Give me a lap pillow											Is that so. How you spend it is also /VAR/-sama's own freedom.	It is a place with nothing in it, but pay me no mind and do as you please.								/大文字//揺れ/Haah!!?	............	F-forgive me.	Being told so suddenly, I was only a little startled...	Uh, waking up with a Noh mask like this in front of your eyes would be most unpleasant, I think, so it would be better to refrain...	But if you insist...	That, then, another time...																						
混乱	49	054	Jusatsu Arc [Killing by Curse]	st140	5	40										3			8	0	0	0	0	A hint for this scenario	A hint? Let me see...	In fact I do not know everything myself. Speaking from that vantage―	Checking a reference that looks meaningless more carefully, or thinking back over a scene that seemed not to matter.	What is called foreshadowing is laid out all over. And not the coded sort, wordplay or riddles.	There are many scenes written as plain, clear hints.	Erina Goto said it, did she not. Force a hypothesis into being, then set it against the facts and test it.	That way may be the best suited for thinking this world through.	For a more concrete way of thinking, the reference 'Erina Goto's Memo' is worth consulting.																																																			
能面	50	055	Jusatsu Arc [Killing by Curse]	st141	5	40											2		2	7	1	0	0	How many arcs in all?	The number of arcs? I have no objection at all to telling you, but...	It amounts to what is called a spoiler; do you truly wish to hear?								I want to hear.	Never mind after all.											Understood. Then I shall tell you.	The scenarios of this world make 5 arcs in all. The volume differs a good deal by arc, though: the longest and the shortest differ by about 5 times.	Would it do to say that an arc here means a route split off at some large branch point?	A different arc does not mean an entirely different world or dimension.	You know that there are branches within the scenarios; please understand that a large-scale branch of that kind divides into different arcs.	For instance, what would have happened if the Megasawa City incident had not occurred.	This is as much as I can say now. For the rest, please see for yourself.			Yes, I think that is best. You will see it with your own eyes in time, so it is better to save the pleasure.																												
能面	51	056	Jusatsu Arc [Killing by Curse]	st141	5	40			50	2						2	2		5	0	0	0	0	What does that outfit mean?	Come to think of it, at the third ending of the Jusatsu Arc [Killing by Curse] there was someone dressed the same as I am.	Shall I say this outfit was simply convenient? If this story has a Noh mask and red vestments that hide a figure, I merely thought I might as well hide with them.	So there is no connection between me and the one who appeared then.	But this Noh mask and these red vestments are both unreal images.	Under these clothes there is only the real me and my clothes.																																																						
山の果て	52	057	Jusatsu Arc [Killing by Curse]	st153	5	50			51	2							2		5	3	7	0	0	How about a better outfit?	A better outfit? You mean this Noh mask and these red vestments?	Yes, as you say, I am aware this outfit is quite eerie, and I certainly have not the courage to walk the town in it.	So, as /VAR/-sama says, it is not as if I could not receive you in different dress, nor am I so particular about it.	Wanting to show as little of my own person as possible, I chose an imitated outfit.	That way my identity is less likely to be known.					That suits you too.	If you could choose freely, what would you wear?											Um...	Thank you. I shall take that as praise.	For guiding a world like this, the outfit may be good for the staging.							Let me see... if I could hide myself and choose freely...	How about Western armor? The type that covers the whole body in metal plate and hides the face completely.	I should like to wear that once. Walking about clanking sounds like fun.	But it must be heavy. Add a sword and a shield and I might not even be able to walk.	...In that case perhaps I should have worn it here instead. Weight is no matter for an unreal image.	No, but... if Western armor came out it might confuse my guests all the more... It does not fit the world at all...	After all, this outfit does seem the least bad for me.																						
山の果て	53	058	Jusatsu Arc [Killing by Curse]	st153	5	40											2		2	6	4	0	0	More about the characters! 1	About the characters, is it.	Very well. Which of them shall we talk about?								Natsumi Kogori	Haruka Niimura											Natsumi Kogori was a bright, lively, spirited girl from early childhood.	Because of the April sickness she is drawn with a shadow on her during the scenarios, but past that season you would see a brighter side of her.	She is liveliest in summer, and in fall the food is good so she eats heartily and stores up nourishment for winter.	Then in winter she idles at the heated table as if hibernating. She does not seem to mind gaining some weight.	And in spring her health goes, her weight drops, and she returns to her old shape.	She seems to have her own yearly internal cycle.				It may surprise you, but as a child Haruka Niimura had long hair and often dressed in a girlish way.	She takes a boyish manner now, but she was probably more girlish than Natsumi Kogori back then.	I hear that when Haruka Niimura came back from Megasawa City to Motoki-cho she cut her hair right off and her bearing turned somewhat boyish.	It is interesting to consider why such a change took place inside her.																									
月の影に	54	059	Jusatsu Arc [Killing by Curse]	st156	5	40			53	2							2		1	5	4	0	0	More about the characters! 2	Next, let me see, shall we make it these two?									Erina Goto	Momoko Goto											Erina Goto is probably the type older people take to. She has a detached side compared with others her age, so she seems to find classmates hard to get along with.	You will know this already, but behind the cheerful, innocent manner there is a calculating mind.	Someone who can understand that much could become a one-of-a-kind friend to her; someone who cannot will think her sly and black-hearted.	This story draws her as able to get along with anyone, but that is likely why no scene has her actively engaging with anyone outside the cast.	If anything, she suits a person who builds deep relationships within a narrow circle better than one with many friends and wide acquaintance.					Momoko Goto ― Erina Goto's older sister. Born early in the year, she is 4 years older than her sister, five school years apart.	The bad blood between the sisters is emphasized, but for now the scene that shows its cause ― in fact, you can see it in a much, much later arc.	Do they really get along so badly, or are they merely passing each other by somewhere? I should like you to watch that point as well.	It is described in one scenario or another: her looks and her figure are both said to be quite something.																									
月の影に	55	060	Jusatsu Arc [Killing by Curse]	st156	5	40			54	2							2		1	7	7	0	0	More about the characters! 3	Then, next are these two.									Akane Kogori	Mifuyu Niimura											Akane Kogori and Mifuyu Niimura began their association through a certain connection not long after they were born. They seem to be a pair who need each other.	Akane Kogori is the type who pulls Mifuyu Niimura along, and I hear she gave her warm counsel over her adolescent troubles in particular.	Even after more than 40 years they are still right beside each other, so the bond tying them must be stronger than one would imagine.	In fact, I hear Akane Kogori was hooked on pachinko when she was young.	But Ryoji Kogori, her sweetheart even then, hates gambling of any kind, so she seems to have kept it secret all this time.	If her pachinko past were ever to reach Ryoji Kogori's ears...	Hee hee hee hee hee! It thrills me just to imagine it!			Mifuyu Niimura's appearance made quite an impact, did it not?	She dresses young, yet she is past 40 and it is starting not to work, and Natsumi Kogori seems to think of her as a sad older woman.	For all that, I hear she was very shy until she married, so innocent that she could not even talk properly with a man.	Her catchphrase then was 'Uugh...', and she was often downcast, so it came out every time.	The one who kept supporting her through that, I hear, was Akane Kogori.	Akane Kogori is, if anything, the type who could live on her own, but where Mifuyu Niimura was concerned she could not leave her be.	Being as they are, that is surely how they have kept a well-balanced association all this time.																						
私にできること	56	061	Jusatsu Arc [Killing by Curse]	st172	12	40			55	2									1	9	8	0	0	More about the characters! 4	Next are these two.									Ryoji Kogori	Daijiro Ise											Talking too much would amount to a spoiler, so I shall avoid the subject of the case; his daughter Natsumi Kogori is quite the daddy's girl.	Apparently the two of them still bathe together. She is in her second year of high school now, and still bathing with her father...	I could never conceive of it myself, but I learned recently that there are unexpectedly many women like that.	But still, I could not... family or not, bathing with the opposite sex is beyond me.	Also, he is very fond of drink, and I hear he is a nasty drunk with his daughter and with his neighbor Haruka Niimura.	Once he nearly stripped in front of everyone, and Akane Kogori scolded him severely for it.	Oh, I have talked of nothing but things that lower Ryoji Kogori's reputation.	In fairness to him: he is very capable at work, and always spends his days off with his family.	A man who balances work and home; a good husband and a good father, one might say.	As for Daijiro Ise, I doubt much explanation is needed...	Well, his defining trait is lopsided enough that it can be put in a single word.	But apart from that point: a very earnest, good-looking police officer who rises quickly. A most attractive man, I should think...	To think that a single hobby could disillusion women to this degree...	...I am sorry, that turned into mere backbiting.	I say all this, but it is not that I dislike him. If anything I think him a splendid police officer.	Which is just why... how shall I put it...	Well, he truly is a disappointing man.																					
私にできること	57	062	Jusatsu Arc [Killing by Curse]	st172	12											1	2		3	0	0	0	0	How to use the encyclopedia? 1	The encyclopedia is material that sets down this world from an objective viewpoint. It is good to look back over it now and then.	Scenarios and references can give you information enough, but subjective matter from the viewing character creeps in, so I find them somewhat short of fair.	The encyclopedia is swept clean of such subjectivity, so please use it when you want accurate information.																																																								
混乱	58	063	Jusatsu Arc [Killing by Curse]	st140	8				57	2						1	2		4	0	0	0	0	How to use the encyclopedia? 2	Another feature of the encyclopedia is that it holds a great deal of information the scenarios and references never tell.	For example, under encyclopedia → Places → Motoki-cho there is an entry called 'Zahha Store No. 35'.	In the scenarios Zahha is drawn as no more than a family restaurant, but the encyclopedia carries a great many behind-the-scenes stories about it.	To learn the underside of this story, viewing the encyclopedia is surely the best way.																																																							
再会	59	064	Jusatsu Arc [Killing by Curse]	st143	5				58	2						3			4	0	0	0	0	How to use the encyclopedia? 3	There are two kinds of encyclopedia unlock: the kind that unlocks and stays as it is, and the kind that keeps updating with the latest information.	What keeps updating is People; everything else, once unlocked, does not change to the end.	So it is best to check People often and keep the information in order.	The other categories hold mostly behind-the-scenes material, so I think they are best read as a breather.																																																							
犯人像	60	065	Jusatsu Arc [Killing by Curse]	st149	5	70													3	6	7	9	0	What is your type in men?	What!? That subject, all of a sudden!?	Um... I have not spoken of such things to anyone much, so I do not know how I should put it...	Someone earnest, the sort who would quietly support me without making a show of it... perhaps.							Is that all you want?	Don't you care about looks?	Do you want to be treated on dates?										Naturally one cannot live with a person on that alone, so I should want him to have at least a minimum of good sense and a head for money.	He need not be rich, and he need not be flashy.	When I am finding things a little hard, to be quietly supported is a great comfort.	In return I should like to devote myself to him as well, though...	............	L-let us leave it at that!				Looks...? Certainly a good-looking man is fine, but it is not something I ask of my own partner.	I cannot think looks alone make anyone happy... looks do not matter. Though a lack of cleanliness is a little much...	How shall I say it; this may be only me, but...	I cannot quite trust good-looking men. I cannot explain it well, but I am simply bad with them...	After all, other women would like him too, and I have little confidence that such a man would look only at me...	It is not jealousy, but I feel I would be uneasy the whole time we were together, and probably could not bear it partway through.	Good-looking people are just right for me at the distance of television and photographs.			Being treated on a date...	Honestly, I do rather admire the idea. Being treated at the moment that matters, and so on.	Ah, by the moment that matters I mean my birthday and occasions of that kind.	If I were told we were splitting the bill at my own birthday celebration, I would draw back a little...	In return, on his birthday I mean to give him the best hospitality I can.	Conversely, to be treated on ordinary dates would feel confining. A one-sided giving is uncomfortable...	My ideal date splits the bill as far as possible.	And, as you will already have noticed.	I have never been on a date.											
失踪	61	066	Jusatsu Arc [Killing by Curse]	st151	5	50													5	3	4	0	0	Do you have a dream?	By a dream, do you mean a prospect for the future?	To speak honestly, I have none now. Or rather, I had no clear dream before I came here either.	I think my days were vague ones, wondering whether I would live on ordinarily and end ordinarily.	But I do not believe I spent those days idling. If anything I think they were quite full.	Which may be just why my eyes did not turn much toward the future.					So that's how it was.	What about now?											Well, I think it is a way of thinking much like young people today. Put that way, it may be misleading.	For it seems that since the age of ancient Greece people have gone on saying 'young people these days will not hold a dream'.	So what one is now was in fact one's own dream. A dream may be a thing that is already there when you notice it.							My dream now...	For now, my duty is to receive guests here. I have no reason to exist beyond that.	Now, rather than a dream, well...	No, it is nothing. Please forget it.																									
葛藤	62	067	Jusatsu Arc [Killing by Curse]	st204	12	50			42	2							2		4	7	7	9	5	Anything you want to ask me? 7	A question for /VAR/-sama...	You have let me hear so much already that nothing comes to mind at once.	But since we have the chance...	What sort of character do you think you have yourself, /VAR/-sama?						I like real-life company	I like socializing online	I like being alone	I like them all									I see, so you are the sort who actively keeps company with your acquaintances.	The internet has developed a great deal, so this is an age when one can communicate without meeting face to face ―	Still, there is a great difference between actually meeting and not.	Whatever I may look like, I am fond of company myself. Otherwise I could not do a guide's work.	That said, I prefer a deep and narrow acquaintance to keeping company with many friends.	Making a noise with a large group is fun too, but time spent at ease with someone close is exceptional.	Oh, I am sorry. Here I am talking about myself.			I see; these days not only mail but social media and video calls come easily.	What I find most attractive in that ease is meeting people unknown to you. There is a limit to how many one can meet in person.	And it is good that one can meet people whose values are close to one's own. To find someone of the same tastes, the internet is now common sense.	I have never met anyone unknown to me over the internet, though ―	Oh?	Hee hee hee, forgive me. In a sense one could say /VAR/-sama and I met through the internet.	/VAR/-sama is the first person I ever came to know over the internet.			Ah, someone who treasures time alone. I think that is splendid.	This is an age when you can get anything and do anything without leaving the house, and just because of that I think treasuring time alone takes considerable skill.	This too is possible only in a networked society: you need not go out to buy things, and payment is settled at home. Only someone truly versed in this age can manage it.	The only occasion to go out may now be taking out the trash.	............	Could it be that liking to be alone did not mean that at all?	Simply that you like being alone because you are bad with people, perhaps...	Um, I do sometimes speak from my own assumptions...	I consider it a fault of mine. I am sorry for carrying on alone.	I see, this is an age when you can choose how you meet people.	Once there was a culture of brokering ties: feelings sent in classical verse, matches made by formal introduction. Now that is scarcely seen.	In a sense, meeting people has become something you seek out and deepen at your own responsibility. That has good sides and bad.	Still, being able to choose how you meet people is a very great thing. If you wish, you can connect easily with anyone in the world.	I am glad to have been born in this age.						
好奇心	63	068	Jusatsu Arc [Killing by Curse]	st113	8	50			62	2							2		2	5	7	6	4	Anything you want to ask me? 8	As for what I still do not know about /VAR/-sama...	What hobbies do you have?								Karaoke	Surfing the internet	Reading	Free games									Well, so you are fond of karaoke. I envy you.	I say that because I am rather bad at singing in front of people...	There is the option of karaoke alone, but singing itself puts me off a little...	But when I see people enjoying karaoke I cannot help envying how purely they enjoy it.	Truly, it is a thing that would change with nothing but my own frame of mind.					Surfing the internet: I like that too. It really is enjoyable.	In my case, once the computer is up I go around all my regular sites, and from there I search out whatever information catches my interest.	Oh yes, I saw it said that cherry trees contain a substance related to stimulants. Similar information appears somewhere in this world's story.	Because such a substance is in them, spring makes people giddy and perverts come out, or so it goes.	Speaking of perverts, there is a summary site ranking the perverts of Japanese history, and I once laughed at it until I held my sides.	If it interests you, do search for it on the internet.	Um, let me say for the record that it is not that I like deviants.			Oh, reading. Being bad with print myself, I truly respect those who like to read.	Is it a contradiction for me, guiding a story such as this, to say a thing like that?	I am often told the aversion is because I have not yet met a book that suits me...	Come to think of it, in media other than books ― the internet, games ― I have no resistance to reading words.	Surely the resistance to print was born from book reports and homework in elementary school.	Should the chance arise, I should be glad to be told of any book you recommend.				Free games...	I see, so that is your answer.	Yes, I know very well that /VAR/-sama likes free games.	Any further and it becomes a rather recursive remark, so I shall restrain myself. Hee hee hee.							
お父さんの話	64	069	Jusatsu Arc [Killing by Curse]	st122	5	50			63	2							2		2	2	5	7	0	Anything you want to ask me? 9	And as for what else I should like to ask /VAR/-sama...	Am I any different now from your first impression?								Not really changed	You were better before	You're better now										Oh, then as a guide I pass. To wait upon my guests so that they enjoy this world. That is my part.	From here on I shall serve with all sincerity, so that /VAR/-sama may enjoy this even a little.								Oh, have I talked a little too much?	At our first meeting I had this eerie outfit and a flat manner of speaking, so I had thought that was my lowest point for impressions.	But as we talk and even a little of my own view enters, the personal side of me shows. Is it that this did not suit /VAR/-sama?	Everyone finds some people suit them and some do not. Please set that aside and see this world through to the end.	If I can show /VAR/-sama the far end of this world, I am satisfied with that.					Oh! To think you would say such a thing...	/VAR/-sama and I have had a good many conversations by now, and I am glad to be thought of in that way.	That said, it is not hard to imagine my first impression was the worst possible, so perhaps there was no lower it could go...	But you have kept up this chatter with me so far, and my impression of /VAR/-sama ― if it is not rude to say so ― has certainly grown warmer.	I ask for your continued kindness, /VAR/-sama.	If ever the day comes that I show my bare face...	No, it is nothing.													
ごめんね。	65	070	Jusatsu Arc [Killing by Curse]	st127	5	50											2		5	4	9	0	0	What is Motoki-cho like?	Ah, I have not yet spoken to you of the setting.	It is written up in the encyclopedia as well, so you can get objective information there, but if I venture my own thoughts ―	I think it a very good town. In the year Shiyo 800 nature and development stand together there, and the people revel in it.	Only, there are not a few voices fearing that nature will go on being destroyed as the population grows.	It was a thinly populated area to begin with, so the locals may be finding it a little more stifling by degrees.					What's the nature like there?	Did the population change that much?											Motoki-cho is a basin ringed by mountains, so there is no sea, and the rivers are small.	I hear the basin was once a broad plain. For hundreds of years a small number of people lived there in step with nature.	There are few rivers, but being a basin the water flows in easily, so small ponds and well water were plentiful.	So with the rich bounty of the mountains gathered in, they would never have wanted for food.						About 50 years ago it was a truly small town of some 1000 people. Then one event changed it greatly.	Yes: the goshinboku in Central Park. Its growing there is what set the population rising.	They say you must see it to understand, but the goshinboku draws people, and I hear more and more have moved to Motoki-cho charmed by that cherry.	As a result, to revive the town as a cherry-blossom spot, they planted more cherries here and there all over it.	As a result many tourists came, Motoki-cho developed rapidly, and by the year Shiyo 800 the population was about 40,000.	It is said that by the year Shiyo 815 the population will pass 150,000.	So by the year Shiyo 800 the rich are racing each other to buy land, apartment buildings are going up everywhere, and an unprecedented property bubble is under way.	Locals call those suddenly grown rich this way, with some irony, 'the Motoki new money'.	This story should appear somewhere in the scenarios too.																				
逃避行	66	071	Jusatsu Arc [Killing by Curse]	st138	5	50			65	2						3	2		5	0	0	0	0	What kind of place is Megasawa City?	I have not explained that one yet either, have I.	Megasawa City is a city spread over a wide area, with a population of about 200,000. It faces mountains and a vast lake.	Until the Megasawa City murders began, it seems to have been a perfectly ordinary city with nothing in particular to set it apart.	That is why I think something like the Megasawa City murders truly shocked and frightened its citizens.	In the end, the regularly recurring cases shrank the population somewhat, and seem to have hit the city's finances more than a little.																																																						
訪問者	67	072	Jusatsu Arc [Killing by Curse]	st145	5	50			66	2						2			6	0	0	0	0	What kind of place is Sakuraoka?	Properly speaking, Sakuraoka is the name of a town within Nishisawa City, Sawa Prefecture.	Before the cherry blossoms of Motoki-cho became famous, this was the famous cherry-blossom spot of Sawa Prefecture, hence the name.	But once Motoki-cho took its place as the famous spot, the visitors drifted away, and in the end it fell into the desolate state you saw.	Normally few people set foot there. Only some photographers and mountaineers visit, so I expect its station will be gone someday too.	One could say it was truly bad luck that Natsumi Kogori and the others got off the train there in the previous scenario.	Had they gotten off somewhere livelier, the outcome might have been different.																																																					
乙女の聖戦～抵抗～	68	073	Jusatsu Arc [Killing by Curse]	st147	5	60			64	2							2		4	2	2	2	2	You bring up a topic 1	A topic...?	Let me see... It would be rude of me to keep having /VAR/-sama supply all the topics...	Then, out of the blue, shall we have a quiz on what we have seen so far?	/出題/Here is the question. If you put the following 3 in order of school year, which is correct?						Erina Goto < Natsumi Kogori < Haruka Niimura	Erina Goto < Natsumi Kogori = Haruka Niimura	Erina Goto = Natsumi Kogori < Haruka Niimura	Erina Goto < Haruka Niimura < Natsumi Kogori									/正解/Correct. Impressive.	They are each one school year apart. Natsumi Kogori and Haruka Niimura talk without polite speech, but that is likely because they are childhood friends.								/不正解/...... I'm afraid that is incorrect.	Their birthdays are listed in the encyclopedia, so it would be good to look through it once.								/不正解/...... I'm afraid that is incorrect.	Their birthdays are listed in the encyclopedia, so it would be good to look through it once.								/不正解/...... I'm afraid that is incorrect.	Their birthdays are listed in the encyclopedia, so it would be good to look through it once.									
乙女の聖戦～修羅～	69	074	Jusatsu Arc [Killing by Curse]	st205	5	60			68	2							2		2	2	2	4	2	Mika Tachiki's Quiz Corner 1	Another quiz? Certainly.	/出題/In Jusatsu Arc [Killing by Curse], which is the correct pairing of the drinks the 3 were having at Zahha's?								Natsumi Kogori → cola  Erina Goto → tomato juice	Haruka Niimura → tomato juice  Erina Goto → cola	Natsumi Kogori → tomato juice  Erina Goto → cola	Natsumi Kogori → tomato juice  Haruka Niimura → cola									/不正解/...... Incorrect. What a shame.	It was a very fine detail, but it was clearly stated, so if you like, please take another look.								/不正解/...... Incorrect. What a shame.	It was a very fine detail, but it was clearly stated, so if you like, please take another look.								/正解/Correct! Congratulations!	When Erina Goto said 'the skin of the whole body had been peeled off,' Natsumi Kogori stopped drinking her tomato juice.	When Natsumi Kogori came back from the restroom, Erina Goto was drinking her cola without a straw.	You remember even the fine details. Impressive.						/不正解/...... Incorrect. What a shame.	It was a very fine detail, but it was clearly stated, so if you like, please take another look.									
新しい世界	70	075	Jusatsu Arc [Killing by Curse]	st162	5	60			69	2									2	2	3	2	2	Mika Tachiki's Quiz Corner 2	The next quiz is.... Hee hee, I did have some material in mind already, you know.	/出題/Now, the question. Which of these is correct for the qualifications Momoko Goto earned in junior high?								Judo 2nd dan, Eiken Grade 2	Eiken Grade 2, Kanken Grade Pre-1	Judo 1st dan, Eiken Grade Pre-2	Eiken Grade 3									/不正解/...... Too bad, incorrect.	For the answer, please see the reference 'Momoko Goto's Resume.'								/正解/Correct! Impressive!	That you remember even the fine details of the references makes me so very glad.	I am deeply honored that you take this much interest in this world.							/不正解/...... Too bad, incorrect.	For the answer, please see the reference 'Momoko Goto's Resume.'								/不正解/...... Too bad, incorrect.	For the answer, please see the reference 'Momoko Goto's Resume.'									
信じていた	71	076	Jusatsu Arc [Killing by Curse]	st170	5	60													4	2	2	0	0	The topics have really piled up, huh!	Yes, thanks to you advancing this far through the scenarios, the number of topics has grown quite large.	However, we cannot have a conversation based on a topic neither of us has ever brought up.	What I mean is that in chatter, there are related topics.	In other words, choosing a certain topic makes yet more topics appear.						I know that much.	So that's how it works!											My apologies. Someone like /VAR/-sama, who has talked with me this much, must have noticed already.	So let us talk through the older topics first, as far as possible. The next topics should come to mind one after another.								Yes, this is how topics spread.	So let us start with the older topics you have not chosen yet. The topics should keep on spreading.																											
やっぱり、ごめんね。	72	077	Jusatsu Arc [Killing by Curse]	st206	5	60											2		6	1	6	0	0	Does anything change depending on how I answer in chatter?	No, nothing changes whichever answer you choose.	I exist purely so that /VAR/-sama can enjoy this world.	Even if /VAR/-sama were to say something unpleasant to me, I would never change my attitude.	So please, say whatever you wish without holding back.	Also, the same goes if /VAR/-sama chooses the same conversation.	Even with a topic you have chosen before, I will act as though I am hearing it for the first time.				Got it	You're like a robot...											Yes, thank you.									A robot....	Yes, you are quite right. In a sense I am a robot. I exist so that /VAR/-sama can enjoy this world.	So changing my attitude, or letting my feelings out in full, is not something I would...	M-maybe I do, a little... I am still inexperienced, you see...	But I will say clearly that I am able to honestly enjoy my conversations with /VAR/-sama.	Thank you for keeping me company.																							
春花と魔女と死神	73	078	Jusatsu Arc [Killing by Curse]	st202	12	60			52	2									2	4	4	0	0	Aren't you tired of that outfit by now?	No, I am fine. This outfit is only an illusion.	It looks as if it exists, but it has no weight and I cannot feel it on me, so it is more comfortable than it looks.								What do you wear under the red robes?	I want to try it on too											Oh, just ordinary clothes. Ordinary clothes that would not look the least bit out of place walking around town.	Though I like clothes that are easy to move in, so I may be dressed more lightly than /VAR/-sama imagines.	To say a little more...	I like fashion that shows my legs, so that is more or less what I have on now.						Hee hee hee, /VAR/-sama, how amusing, wanting to try an outfit like this.	Sadly, though, I cannot lay a hand on /VAR/-sama's world.	If /VAR/-sama had a body in this world, I would have you try on anything you like: red robes, a dress, a suit.	It is all illusion, of course, but being able to change outfits freely is rather fun, you know.																									
春花と魔女と死神	76	079	Jusatsu Arc [Killing by Curse]	st202	12	60			38	2									3	3	2	0	0	So what was Jusatsu Arc [Killing by Curse] about, in the end?	Let me see. I will explain a little.	'Jusatsu' is a word with a special meaning in this world.	I cannot tell you what it is right now, but you will understand when the time is right.							So it's a code word?	So it's a key word?											Yes, put simply, it is a code word.	It is a concept used only in a certain place, and a story with it at its core will also unfold.	Please look forward to that time.							Yes. It is an extremely important word, but I think working out its meaning from Jusatsu Arc [Killing by Curse] alone would be very difficult.	Please wait a little longer, until it appears again.																											
四月病の友人	74	080	Jusatsu Arc [Killing by Curse]	st84	1	50			72	2									2	4	4	0	0	How do you usually talk?	My usual way of speaking is completely different from now.	I do not use this much polite language, and naturally I put things a bit more casually.								Then talk like you normally do	Doesn't that feel stiff?											Um...	I am terribly sorry, but that I cannot do.	I am the guide and /VAR/-sama is the guest. Too much familiarity could break that relationship.	With respect, as long as I am serving as the guide, please let me stay as I am.						...... Honestly, it is hard.	Have you noticed that my polite speech sometimes slips?	Simply put, I lack the knowledge and skill for polite speech that fluent, so my natural way of talking slips out sometimes.	So if I end up talking strangely, please do not poke at it too much.																									
四月病の友人	75	081	Jusatsu Arc [Killing by Curse]	st84	1	60			46	2									3	3	2	0	0	The stories here are really long, huh.	Just as you say, this world is very wide, and the stories that unfold in it are vast, both along the timeline and in the directions they branch.	So please do not try to see it all at once; take breaks as needed. Watching this world nonstop affects /VAR/-sama's health more than a little.	Above all, please make sure to get enough sleep. To enjoy this world, a healthy body and mind are essential.							I can't tell when to stop	Got it, thanks											Basically, once you are back at the scenario navigator, that is a good time to stop.	The scenario navigator is a base camp of sorts. Please stop whenever you like.	I record your progress as we go, so there is no need for any saving procedure either.							Health comes first above all. I do not want /VAR/-sama to keep viewing this world at the cost of your health.	Please, do be sure to get plenty of rest.																											
乙女の聖戦～女王～	77	082	Meicho Arc [Clear Sign]	st307	5	60													4	5	5	0	0	How lively does the Motoki-cho cherry-blossom festival get?	As of Shiyo 800, many tourists come from all over the country.	Motoki-cho seems to be putting effort into tourism as well, so it gets very busy, I hear.	Also, many companies in Motoki-cho apparently encourage their employees to take paid leave during the cherry-blossom festival.	Even on weekdays it is crowded with the people of Motoki-cho, and you can see blossom viewers everywhere.						Have you ever been, /立木/?	Why does it get so lively in the first place?											Um...	I am sorry, but I cannot answer that.	If I say yes, you will know I live in Motoki-cho; if I say no, you will know I have nothing to do with the people in the scenarios.	Please do not let it trouble you.	Who I really am does not matter to you, /VAR/-sama.					I suppose the goshinboku is a big part of it.	They say the goshinboku in person is truly divine, with an overwhelming presence.	There are many cherry trees across the country, but I think it is rare for one to become as famous as the goshinboku.	Tourists often come especially for the goshinboku, and I hear more than a few are so drawn to it that they move to Motoki-cho.	If that goshinboku were ever gone, Motoki-cho would lose a precious tourist attraction.																								
乙女の聖戦～女王～	78	083	Meicho Arc [Clear Sign]	st307	5	70			2	2									3	1	9	0	0	Isn't it about time you showed me your face?	Ah, you said before that you wanted to see my real face as well.	But I am sorry; I am afraid I still cannot do that.	I am very glad you are interested in me, but rather than me, please look to this world...							Well, if that's how it is, it can't be helped	But I still want to know!											Thank you for understanding. After all, /VAR/-sama, you should be more interested in the stories of this world than in me.									…………。	Then...	Um...	Just a little...	N-no! No! Absolutely not!	If you saw my real face, /VAR/-sama, you would surely be put off...	I am sorry, I just do not have the courage to show this face to anyone...	I am sure it is a face that would horrify you...	Please, forgive me.																				
魔女が生まれた日	79	084	Meicho Arc [Clear Sign]	st87	5	60													6	8	3	0	0	Who is Shinori Minamizaki-san?	Shinori Minamizaki...?	Ah, you mean the eating champion who competed against Erina Goto.	As far as I know...	I am told that in Shiyo 800 she was 20 years old, a university student in Tokyo, and slender, not at all someone who looks like a big eater.	Apparently, in February of Shiyo 800, she entered an eating contest hosted by a TV program half for fun and won, overwhelming everyone else.	That made her famous overnight, and now she is in demand at eating contests all over the country, they say.				Is /立木/ a big eater?	Is she stronger than Erina Goto?											No, I am not an especially light eater, but I am certainly not good enough to enter a contest...	Even so, a big eater who is slender...	Reaaaaaaaaaaaaaaaaaaaaaaaaaaaaaaaaaaaaaaaaaaaaaaaa	aaaaaaaaaaaaaaaaaaaaaaaaaaaaaaaaaaaaa	lly, I envy her no end.	I, too, would love to eat my fill of yakiniku and cake without worrying about my weight.	Why is it that eating plenty of delicious food makes you gain weight and harms your health...	God is cruel...		Hmm, how would that go? As in the scenario you watched, Shinori Minamizaki seemed to rate Erina Goto quite highly, but...	After all, Erina Goto was not going all out, so the full extent of her ability is unknown.	If the two of them ever get the chance at a serious eating showdown somewhere, that will become clear as well.																										
魔女が生まれた日	80	085	Meicho Arc [Clear Sign]	st87	5	50													9	6	9	9	8	What's your favorite stall food?	Stall food...	Let me see. At festival-style stalls, more than the food itself, just having the stalls there is exciting.	So rather than having one favorite, I like walking around eating a little of many different things.	But if I had to name a favorite... yes...	Fried chicken!	And the kind only stalls have, which you eat with a toothpick or a skewer out of something like a paper cup!	I love the fried chicken itself, and I love eating it while walking in that style!	Being able to share it with the person you came with is part of the appeal, too.	What do you like from the stalls, /VAR/-sama?	Same here, fried chicken!	Griddle food like yakisoba and okonomiyaki	Grilled food like frankfurters and beef skewers	Sweets like candy apples and baby castella									Oh my! You too, /VAR/-sama!	Fried chicken truly is a must among stall foods.	Handed over piping hot and freshly made, no questions asked...	The oil and juices that burst out when you bite in...	The loneliness and the thrill of having only one piece left...	If I ever get out of this world, perhaps I will eat fried chicken first thing.				Ah, griddle food is tempting as well.	That slightly burnt, somewhat rough quality of something made by a person who is clearly no professional.	And for that very reason, a texture and aroma that feel familiar.	It has a charm that is allowed only because it is a stall.	This may be a little unorthodox, but I especially like it when it was made ahead and has cooled just a little.	That feeling of chomping right into it without worrying about the heat...	Oh... I'm drooling...	Ugh, what do I do, I can't wipe it while I'm wearing the Noh mask...	A-anyway, this topic... (slurp)... is enough for now...	Skewers, yes! They are great, aren't they!	Only, once you get to beef skewers, they are a bit pricey even for a stall, so I find them hard to reach for.	Oh, I once split the cost of one with the person I was with, and we each had one piece.	At the time I was so full of the triumph of 'I ate a beef skewer!' that...	To be honest, I do not remember the taste very well.	But how to put it... the feeling of having splurged at a stall that it gives you is beyond words.	Frankfurters, on the other hand, you can eat without a second thought, and they are satisfying as food.	I like to eat them as they are, without ketchup or mustard.	Thinking about it like this, I realize once more that everyone enjoys the stalls in their own way.	Sweets! Candy apples! Baby castella! Chocolate bananas! Cotton candy!	In summer, shaved ice or soft-serve! Those are a must!	A friend of mine always buys a candy apple to take home on the way back from the stalls.	I would like to take a candy apple home too, if I can...	But by the time I head home my wallet has already grown light, and I give up in tears.	It is always like that.	Always like that... I am so slow to learn when it comes to that...	Next time I'll buy the candy apple first and take it home.			
紙人形	81	086	Meicho Arc [Clear Sign]	st102	5	60													4	7	5	0	0	So Haruka Niimura was bullied.	Yes, so it seems. And that apparently connects to the cases you have seen so far.	Mifuyu Niimura took matters into her own hands to drive off the threat of that bullying.	Even for a parent, killing children does seem rather extreme...	I suppose she had no other choice.						Do you sympathize?	Murder is still wrong											Honestly, I do sympathize.	If she could have avoided killing, she would not have killed, I imagine.	Unless there was some other purpose, that is...	But the means that made crimes like spiriting people away possible, and the root of it all...	I feel there is something behind the Megasawa City case...	Well, there is no need to dig that deep.	If I can see them reach a happy ending, that is all I need.			As you say. Whatever the reason, murder cannot be forgiven.	The law seems to have something called self-defense by necessity, but...	Even so, I think she should have chosen some other way.	Or, if something else drove her to decide on murder...	Well, that is only speculation, so let us leave it there.																								
紙人形	82	087	Meicho Arc [Clear Sign]	st102	5	60										4			4	0	0	0	0	What's the curse book?	You mean the book Mifuyu Niimura handed to Haruka Niimura.	I am told it is a children's book, with content aimed at children.	Even if such curses really existed, making one work from a children's book seems a bit of a stretch to me.	You can see what is in the book in the References, so if you have not yet, you might take a look.																																																							
五島の疑惑	83	088	Meicho Arc [Clear Sign]	st114	5	80											2		3	3	5	0	0	Is Haruka Niimura a nudist?	Wha!? What is this all of a sudden!	Ah... I see, after her bath she walked around without even a towel, and Mifuyu Niimura scolded her...	I do not know whether she is a nudist, but it is a house of only women, so they may be fairly relaxed about such things.							Look into it properly	Well, it doesn't matter either way											What!? Do you really need to know that much!?	Just to be clear, whether she is a nudist has nothing, nothing at all! to do with the cases ahead!	Really... /VAR/-sama... you're so naughty...							That's right! It doesn't matter either way! Yes!	Um... just so you know...	I am not very good with dirty jokes and such...	If you could refrain, I would appreciate it...	I am sorry I cannot suit your tastes, /VAR/-sama...																								
五島の疑惑	84	089	Meicho Arc [Clear Sign]	st114	5	60													4	5	3	0	0	Why does Mifuyu Niimura dress so young?	As in the scenario you watched, there seems to be a reason Mifuyu Niimura dresses young.	Her husband, Eiichiro Niimura, died young, and she cannot bear to grow old alone.	Had he lived, she might dress her age, but her heart is still where it was when he died.	It seems there was a deep reason, not simply that she is painful to watch.						Won't she remarry...	They really loved each other											She seems to have no intention of that at all.	She and Eiichiro Niimura were that close as a couple, and she still cannot forget him.	Holding on to love like that is beautiful in a way, but in another sense it is painful to watch.	This is a matter of her character, so there is nothing we can do, but I sincerely hope she can find happiness in some form.	No... after causing such cases in the past, there is probably no turning back for her now.					So it seems. In her youth she was popular with men, but she was apparently fed up with men who approached her only for her looks.	Eiichiro Niimura looked not only at her appearance but at who she was inside, and I believe that is what won her heart.	They must truly have been a good couple.																										
あきらめましょう	85	090	Meicho Arc [Clear Sign]	st117	5	85			83	2							2		2	5	9	0	0	Are you a nudist, /立木/?	/大文字//揺れ/Whaaaaaat!!!???	You keep going on about nudists, do you like nudists that much!?								So, are you?	Actually, I'm a nudist too											Sh-shameless! Asking a woman like me such a queshtion is shameless! It's wicked!	See... now I've bitten my tongue...	Ah! Just so you know, I am properly dressed under these robes! I am not naked! That is not why I cannot take the robes off!	Ugh... I never knew /VAR/-sama liked dirty jokes this much...	Come on... let's stop with the dirty talk...					Ah... so that is what it was...	Well, you know how it is. When you have that kind of preference, you want comrades, or friends, to share it.	No, I have no intention of denying your tastes, /VAR/-sama, and even if you are naked right now I will not say a thing.	But perhaps you should at least wear underwear...	I mean, look! If the intercom suddenly went ding-dong♪, you'd panic like crazy, right!?	You'd yell "Just a moment!", throw your clothes on in a hurry, open the door―	And the visitor might think, "Oh, this one was naked just now."	J-j-just to be clear, that was not from experience! It was my imagination!	Honestly... I told you I'm no good with dirty jokes...																				
あきらめましょう	86	091	Meicho Arc [Clear Sign]	st117	5	85			85	2							2		2	8	8	0	0	Are your boobs big, /立木/?	…………。	Um, at this point you're doing it on purpose, aren't you?								Sorry!	No, I just want to get to know you properly, /立木/...											Honestly... please don't tease me so much...	It's true that I try to make sure /VAR/-sama enjoys these chats, but...	If my nerves wear down and I can't talk anymore, /VAR/-sama, you'd be in trouble too, wouldn't you...	F-from now on, I will flatly refuse any question that hinders my duty as your guide! Yes, I declare it!	…………。	Ah, but...	Please don't decide to stop paying attention to me because of that.	That would be too lonely...		Eh? Ah, my apologies. So it was a serious question.	Um, what was it again, about my chest―	Wait, I'm not falling for that! You're just toying with me, aren't you!?	Whether my chest is XL or S, it has nothing to do with this world!	By that logic, I could ask /VAR/-sama your size too, couldn't I!?	Ah! Wait! You really don't have to answer!	Honestly... what am I panicking about all by myself...	/VAR/-sama, really, I can't let my guard down for a second...																					
生き残るのは一人	87	092	Meicho Arc [Clear Sign]	st120	5	85			86	2							2		3	3	3	4	0	Is your eyesight good, /立木/?	Oh? I thought it would be nothing but dirty jokes, but suddenly a serious question.	Yes, I use neither glasses nor contacts, and of course I have never had LASIK surgery.	But why such a question all of a sudden?							Sorry for all the dirty jokes	No particular reason	I'm going to steer this into a dirty joke										Oh my. But you need not be so considerate. I do not mind little things.	That said, nothing but dirty jokes is a problem too...	Well, please feel free to talk to me about whatever you like, /VAR/-sama.							Taking an interest in my eyesight for no particular reason... that is an unexpected angle.	But I am glad you are interested in me in every way.	I can never reveal my real face, but apart from that I will do my best to answer whatever I can.							I knew it...!	Going after something as borderline as eyesight, I suspected an ulterior motive, and my guess was spot on.	Fufu, I am not so easily led along.	And so, there! This topic ends here! It is over!																
生き残るのは一人	88	093	Meicho Arc [Clear Sign]	st120	5	60											2		4	4	6	0	0	How smart is Erina Goto?	Intelligence is hard to put into numbers, so I can only give you a rough answer...	She scores almost perfectly on school tests. I have heard that when she gets something wrong, the teachers hold a staff meeting on whether it really counts as wrong.	Especially in Japanese or English, where answers are not clear-cut, if the meeting cannot decide they call her in and ask why she wrote that answer.	With her personality, if it really was a mistake she admits it frankly, and the teachers breathe a sigh of relief.						Why is she so smart?	Any other stories?											Why, you ask...	I would really have to ask her to know, and you could just call it a gift she was born with, but―	Her upbringing may play a part. However gifted, if she did not try to learn on her own she would end up ordinary.	Some of it is surely inborn, but her upbringing and her lively curiosity must play a part as well.						As far as I know...	Oh yes, she is apparently fluent in foreign languages too.	Not only English: she seems to take the lead in learning any language that interests her, Asian or European.	This is not so much about becoming a global citizen as about finding expressions Japanese lacks to deepen her own thinking.	For example, English has no word that means 'natsukashii,' but an English speaker who learns Japanese can come to know the feeling it names.	By building on these, Erina Goto will keep sharpening that mind of hers.																							
乙女の聖戦～鬼才～	89	094	Meicho Arc [Clear Sign]	st125	5	60			88	2							2		3	5	4	0	0	Then any stories about Natsumi Kogori?	Speaking of stories about Natsumi Kogori...	She seems self-conscious about her figure, and as you saw, when it is mocked she rages like a demon of fury.	In that sense she may lean a little narcissistic. She gets truly furious when her insecurity is touched even a little...							Is her figure that bad?	Isn't that just being human?											Hmm, I could not say without a proper look, but she does seem a little on the thin side.	Which I suppose counts as a good figure, but it does not seem to be the figure Natsumi Kogori considers ideal.	Wanting both curves and a toned body... her ideal may be a bit too high, in a way...	Well, how we judge ourselves differs from person to person. Seeing yourself differently from others seems common to everyone.	Getting angry when it is pointed out may show a little too much self-love, though.					Yes, everyone has an insecurity or a flaw or two.	As long as you do not touch her sore spot, she seems the type who gets along with people quite smoothly.	Still, dragging Haruka Niimura into Russian-roulette takoyaki in that heat of the moment does seem a bit much...	Natsumi Kogori seems to have a gambler's streak, so sooner or later Haruka Niimura would likely have been dragged into Russian-roulette takoyaki.																									
乙女の聖戦～鬼才～	90	095	Meicho Arc [Clear Sign]	st125	5	60			88	2									5	4	7	0	0	I want to hear about Haruka Niimura too	Haruka Niimura's... hmm...	Shall I talk about why she speaks so boyishly?	She seems to have a tendency to try to be strong, even a little.	Because she was bullied in the past, she probably regrets her own weakness and that it led to the Megasawa City case.	So, to look even a little stronger, her speech and manner stand out as boyish, I believe.					That's not the same as strength...	I think she's actually strong											Yes, exactly. Acting like a man is not strength, and I think there is strength only women have, a womanly strength.	As of Shiyo 800 she has surely noticed, but perhaps she sees no need to change now. She seems to lead a fairly full life.	That boyish manner could be called her personality now.	Or is that too simple a summary...						I see, so that is how it looked to you, /VAR/-sama.	Indeed, in the Jusatsu Arc [Killing by Curse] she once stood in front of a car to protect Natsumi Kogori, was hit and fell into a coma.	But that may have been because she did not want to lose Natsumi Kogori, her support, with the fear of 'what if I lost her' pushing her too.	If she were truly strong, she would not have needed to rely on a paper-doll curse, even as a child.	Ah... my apologies. I contradicted /VAR/-sama's view...	But if her effort to be strong shows in her actions, then whatever the motive, that can be called proof of strength.	If a weak person can pretend to be strong and act it out perfectly to the very end, then I believe that person is strong.																						
アリバイ	91	096	Meicho Arc [Clear Sign]	st128	5	60													4	5	7	6	0	Zahha has a lot of strange menu items	Well, after a scene like that, it is no wonder you think so.	As the encyclopedia says, Zahha is not a chain but Motoki-cho's only family restaurant, so I hear its menu is built on quite original ideas.	And since Motoki-cho in Shiyo 800 still has few family restaurants, many residents apparently believe Zahha is what a normal one is like.	The menu changes on quite a short cycle, so you may come across unusual items from time to time.						Any other weird menu items? 1	Any other weird menu items? 2	Any other weird menu items? 3										Let me see, from what I have heard...	For a while there was a menu item of sushi rice dipped in coffee.	To Japanese eyes it looks awful, but a staff member happened to see a foreign tourist in Motoki-cho eating sushi dipped in coffee.	It depends on the country, but apparently it recalls 'bread and coffee for breakfast,' and some foreign tourists liked it.	It is no longer on the menu in Shiyo 800, and I doubt many locals ever ordered it.					Come to think of it, in Shiyo 798 a promotion called 'Autumn Appetite! Weird Food Festival' put weird dishes from around the world on the menu.	Not only insects and reptiles, but edible frogs eaten alive, edible earthworm sashimi, sauteed bull testicles and more: quite an impact in image and looks.	Most customers ordered once out of morbid curiosity and never again, but I heard one was briefly promoted to the regular menu.	It was apparently 'sauteed lamb brains.'	Not a familiar ingredient to Japanese people, but apparently commonly eaten across the Middle East.	The taste is rich and creamy, with a melting texture, they say.	Thanks to promotions like that, you could say the food culture of Motoki-cho broadened just a little.			Apparently there was a 'flavor swap' menu.	Just as it sounds: two foods came out at once with their flavors swapped exactly.	For example, chawanmushi and pudding came together: the chawanmushi tasted like pudding and the pudding like chawanmushi, confusing eyes and tongue.	The most striking was swapping a plate and cookies: cookies made of ceramic, served on a plate made of cookie.	The edible ones were quite hard too, and many people bit the ceramic ones by mistake.	Like this, Zahha sometimes has odd items on its menu.														
予定外の殺人	92	097	Meicho Arc [Clear Sign]	st132	5	80			89	2									2	4	3	0	0	Is Natsumi Kogori scary when she snaps?	Well, anyone may show anger at times, but she seems to be the type to hold a grudge.	She always gets back at anyone who wrongs her and torments them until they get down on their knees and bow. You saw this in the wasabi sushi story.								Then she should get back at the shinigami	Pity whoever becomes her boyfriend...											Fufu, you are quite right.	Still, she never resorts to direct violence; she likes to get back at people head-on, on equal ground, with luck deciding it.	With the wasabi sushi and the Russian-roulette takoyaki alike, you could say she enjoys the revenge itself.	So against someone who comes at her with real violence, fear overwhelms anger, as you have seen.						Hmm, well, as long as her insecurity is not touched, I do not think she gets angry the way you saw...	Then again, what would happen if you praised that insecurity... Would she blush and say "Thank you," or get even angrier...	Even if I met her I would not dare try, so only the man who becomes her lover will ever know, I suppose.																										
予定外の殺人	93	098	Meicho Arc [Clear Sign]	st132	5	90			68	2							2		2	6	7	7	0	You bring up a topic 2	Um, let me see...	Are you a dog person? A cat person?								Dog person	Cat person	I don't like either										Oh! Actually, I am a dog person too!	Looking at the world and the internet, cats get all the praise, so it is a little stifling for a dog person.	I have never owned a dog, but a dog that is loyal and smart... Sigh, I long for one.	Perhaps I have special feelings for dogs because in elementary school I saw a dog kept at a house on my way to school every day.	His name was Peko, and he was very gentle, let me pet him without fuss, and even gave me his paw.	I do not know what became of Peko, and given his age he may no longer be alive, but I would have liked to see him once more.				I see, so you are a cat person.	Actually, I like cats, but I am allergic to them...	I wanted to touch them but could only watch from afar, which was frustrating.	I often hear that a cat's body is soft and supple... I am very curious what that feels like.	So I only adore cats in pictures and videos online.	I often petted dogs when I was little... but, hmm, cats...	To me they are distant, in a way.			Oh my, was that a rude question?	There are quite a few people who dislike animals, after all.	But dogs and cats alike are cute once you get used to them.	A loveliness and a freedom humans do not have, and the way they sometimes come to be pampered.	Ah... this kind of talk must not be fun for you, /VAR/-sama.	Animal lovers like me tend to think everyone else loves animals as much as they do.	So I thought you would understand if I talked about it... I will be more careful from now on.													
荒田集落	94	099	Meicho Arc [Clear Sign]	st134	5	90			93	2							2		4	9	7	7	9	You bring up a topic 3	Hmm, in that case...	How far can you go doing things alone?	Ah, what I will show you now are solo activities ranked by difficulty. The higher ones are said to be easier.	So, /VAR/-sama, how far can you go alone?						Yakiniku alone	A test of courage alone	An amusement park alone	Purikura alone									Oh, you can do yakiniku alone!	A grill is normally something several people gather around, but alone it is less gathering around and more facing off.	The sight of /VAR/-sama boldly facing the heat and smoke rising from it seems very gallant to me.	Ah, I have done yakiniku alone myself.	More and more places have solo seats with a grill at the counter, so the hurdle must be much lower now.	But, depending on how crowded it is, I deliberately choose a table seat.	The triumph of 'all the meat and offal on the table is mine!' and the freedom of grilling without minding anyone are beyond words.	Yakiniku really is best alone!	...That may be going a bit too far...	A test of courage alone! That is quite a high hurdle!	But a test of courage alone means going to a haunted spot or a graveyard, not a haunted house, right...?	Then there is no one to tease you when you flinch or jump, let alone to share impressions with afterward...	It is hard to imagine how to enjoy it, but if you actually did it, it might be fun.	Ah, by the way, I am not good with tests of courage or haunted houses...	No, I am very interested. Sometimes friends and I get carried away and decide to go, but once I am inside I wonder how I ended up there...	And no saying my outfit is scarier, all right?			An amusement park alone...! That is a little beyond me...	At a famous theme park some people seem to enjoy themselves alone, but even so, for me...	No matter which ride you go on, there is no one to share the feeling with!	Imagine how you'd look to everyone, spinning a teacup ride by yourself!	...But...	Still, people who enjoy amusement parks alone do exist, so it may be wrong for me to dismiss it.	Hmm, maybe I will take the plunge and go sometime...			Ohhhhhhh!	/VAR/-sama! You're up for solo purikura, the so-called 'pin-puri'!	Actually, I have done it a few times too!	It may be more fun with friends, but taking pictures freely without minding anyone was wonderfully liberating.	Isn't it strange to call pin-puri embarrassing? You take ID photos alone in much the same setup, right?	I am telling you this because it is you, /VAR/-sama, but actually I take selfies a little too...	When you get cute clothes, don't you want to take a picture? A mirror alone is not quite enough...	Still, I have never told anyone I know in real life that I take selfies... That is a bit embarrassing...	Hmm, pin-puri, ID photos, selfies... What is OK and what is embarrassing depends on the person.		
荒田集落	95	100	Meicho Arc [Clear Sign]	st134	5	90			94	2								4	3	7	5	4	7	You bring up a topic 4	One more thing I would like to ask you is...	/VAR/-sama, we have known each other for a fair while now, so I would like to take the plunge and ask.	What kind of person do you think I really am?							A graceful classic Japanese beauty	A big-sister type who's very accepting	A gutsy no-nonsense type	Timid and needy									Oh my! I am honored that you think of me that way!	A graceful classic Japanese beauty... Every woman imagines herself as one at least once. Probably...	But...	But surely you are the first to see me that way, /VAR/-sama.	Which means...	Fufu, does that mean I am managing to behave as a guide should?	I will keep playing the graceful, classic-beauty Noh-masked woman, so I look forward to your continued company.			A big sister who is very accepting...	So your impression is that I am always gentle and cheerful and never show anger?	It is true that I do not get angry very often, and I try to be as kind as I can to those around me.	That may not match how others see me, but if it shows through to you, /VAR/-sama, I am glad.	I may look like this, but I will keep striving so that /VAR/-sama can enjoy a pleasant time of entertainment.					Oh... a gutsy no-nonsense type...	So, the opposite of how I carry myself now?	What did you see in me to think that, /VAR/-sama?	In any case, here I act as a guide, so please feel free to imagine the real me however you like.						Timid... and needy...	I see... perhaps that may be true.	This is a little personal, but I came to this world for a certain reason.	That reason was to run away from something.	I cannot say much more, but I fled to this world.	So 'timid and needy' may not be entirely wrong.	If I had been a little stronger, this world would never have come to be, and I would never have met you, /VAR/-sama.				
残された謎	96	101	Meicho Arc [Clear Sign]	st207	5	60											2		8	1	4	0	0	Isn't Erina Goto in the Meicho Arc way too smart?	I see; it is only natural that you would think so.	Had she shown the same ability in the Jusatsu Arc, things might have ended better.	Allow me, then, to explain the routes of this world.	As you saw in the Jusatsu Arc, and as you are well aware, the characters' casual choices, words and actions lead to entirely different endings.	The Jusatsu Arc had six patterns, but if one listed every small choice and branch, there would be no end to it.	That is why I select only the routes I believe are best for enjoying this world.	Of course, countless branches exist in the Meicho Arc as well, but I decided there was only one route I should introduce to you, /VAR/-sama.	So the Meicho Arc route is where Haruka Niimura invites Erina Goto home and Erina Goto makes full use of her ability and judgment.		I see, that makes sense	Feels a bit too convenient											Thank you. I am glad you are convinced.									True, put that way there is no arguing; but showing the cases where Erina Goto fails in her choices and deductions would create many more branches.	Moreover, none of them could likely give you satisfying entertainment, /VAR/-sama.	It may seem too convenient, but the Meicho Arc I show you, /VAR/-sama, is the best route, and this is Erina Goto's moment to shine.	I have no further defense to offer, so I ask for your understanding.																									
残された謎	97	102	Meicho Arc [Clear Sign]	st207	5	60			96	2									3	3	7	9	0	So what other routes could have existed in the Meicho Arc?	Let me see, to give an example...	Erina Goto got snot on Haruka Niimura and made her step in dog poop, but there are also cases in which Haruka Niimura deftly dodged both.	Then the goal of getting the bug removed is not achieved, and this time Erina Goto might, say, dump the tea served at the Niimura home all over Haruka Niimura.							What if she dodges that too?	What happened when the tea got on her?	Any other routes?										If she dodged that as well, things then converged on giving up and putting the smartphone on the scale.	This time there were no bugs on her clothes or shoes either, so this action of Erina Goto's did not much affect the ending.	I hesitated a little over which route to show, but I judged the one you saw better, as it also hints at the bug's existence to you, /VAR/-sama.							Actually...	Haruka Niimura gets burned by the tea.	So the three of them go to the hospital, but it was not a serious injury, so she is treated and they leave the hospital just like that, and―	Just then Natsumi Kogori gets a phone call from Akane Kogori and receives the news of Ryoji Kogori's death.	Then Natsumi Kogori is isolated at the police station, and it became a route similar to the Jusatsu Arc.	But that would duplicate the story of the Jusatsu Arc, so I deleted this route myself.	In this way, I select the routes that should be shown to you, /VAR/-sama.			Among other patterns, there is a route where Natsumi Kogori stays home and enjoys a movie by herself.	Around then, Haruka Niimura consults Erina Goto about how to protect against the shinigami, but Natsumi Kogori, watching her movie, gets a phone call.	Do you remember? In the morning, a call comes to the Kogori family's landline from the company where Ryoji Kogori works.	The call comes because Ryoji Kogori lied about a business trip to Hokkaido and was absent from work without notice.	Natsumi Kogori, taking the call, learns after all that Ryoji Kogori is missing, and eventually heads to the police station.	In other words, the Meicho Arc can also be called a route blessed with luck, one that managed to escape such outside interference.	The story of the Meicho Arc holds together only when, besides each choice and judgment, luck is on their side as well.	If I showed you only routes without such luck, you would think, "This pattern again?", /VAR/-sama, and I consider such routes unnecessary.	After the Jusatsu Arc, showing you the lucky Meicho Arc seemed right for you to enjoy it, /VAR/-sama.											
親友、そして家族	101	103	Meicho Arc [Clear Sign]	st13	1				99	2									4	1	5	0	0	What is an efficient way to view point-spending references?	The points you obtain tend to run short, so it will probably be impossible to purify every reference.	Therefore, the information you obtain will also differ depending on which references you allot your points to at the present stage.	First, please refrain from spending halfway. Once you use points on one reference, I recommend concentrating them there until it is fully unlocked.	Using them only on letters references for the time being is fine, and I think reaching as far as the report references is fine as well.						Got it, thanks.	But I want to gather information more efficiently.											I am glad to have been of help.									Let me see... Well, this does depend on /VAR/-sama's circumstances as well...	I believe there are others besides /VAR/-sama who are accessing this world.	If you are acquainted with such a person, why not divide the work and allot which references each of you views?	By sharing information in that way, I think you will also come by information that /VAR/-sama could not obtain by your own efforts alone.	No, in fact it may be best if you do so. After all, it would make it possible to exchange views not only on the references but on this world as well.																								
親友、そして家族	102	104	Meicho Arc [Clear Sign]	st13	1	60										4			7	0	0	0	0	What mysteries did the Meicho Arc leave unsolved?	'Meicho' means 'to make clear', but what was made clear here focused on how Haruka Niimura and the others could escape the tragedy after the flayed-body case.	It may seem not to live up to the word Meicho, but in the sense of how they could escape the tragedy by their own hands alone, it can be called a largely good ending.	If you wish for an ending beyond that, one must dig into the movements of Natsumi Kogori and Haruka Niimura's parents, who were the culprits of the past cases.	Yes, the mysteries left unsolved in the Meicho Arc are how the flayed-body case could have been prevented, and why it happened.	The mysteries of this world run deep, and are smeared with blood and hatred.	Even if every tragedy seems at a glance to have been avoided, whether that truly leads to a happy ending―	Please confirm that with your own eyes, /VAR/-sama.																																																				
親友、そして家族	105	105	Wabigoto Arc [Apology]	st13	5	60													4	4	4	0	0	So Mifuyu Niimura used to be shy	So it seems. Like a different person from the Jusatsu and Meicho Arcs, she seems to have been shy, with no confidence in herself.	It seems the pattern of Akane Kogori leading Mifuyu Niimura along had taken shape, and perhaps that is why she grew so indecisive.	But Mifuyu Niimura must have thought she could not keep relying on others forever, and spurred herself on to become independent quickly.	According to Akane Kogori, Mifuyu Niimura has quite an extreme personality, after all.						So being extreme is why she caused all those cases?	People sure change											You could say that. Though she can hardly make up her mind, once she does decide, she seems to head in an extreme direction.	In the sense that Akane Kogori played the role of holding that in check, too, they must have been well balanced.	In her case, one can suppose she made such an extreme choice because she did not want to let go of her daughter, Haruka Niimura.	Had she not stained her hands with such crimes, it would have stayed a cute quirk; human beings are frightening things.						True, it is hard to picture the cheerful, high-spirited figure she showed in the Jusatsu Arc, is it not?	But that too is one side of Mifuyu Niimura's personality. Rather than saying she changed, perhaps one should think a hidden personality appeared in a different form.	I believe that a person changing is a hidden character coming to the surface.	So Mifuyu Niimura is only one example, and I also look forward to seeing who will show what side.																									
親友、そして家族	106	106	Wabigoto Arc [Apology]	st13	5	60													3	3	7	0	0	So that cafe has been there a long time	By that cafe you mean Primavera, where Mifuyu Niimura and the others often went. The place where Momoko Goto works part-time as of Shiyo 800.	Primavera opened in Shiyo 773, when Motoki-cho was not yet very prosperous. It seems it appeared back then as an upscale cafe.	So it seems coffee lovers have loved the cafe since those days.							Natsumi Kogori and the others went to Primavera too, right?	What kind of place is it exactly?											Yes, in the Jusatsu Arc scenario 'On the Run', the two of them went in to lie in wait for Erina Goto, who had gone to cram school, and had a terrible struggle.	The Niimura mother and daughter both dislike coffee and gave it a try on their best friends' recommendation; seeing that, I truly feel they are mother and daughter.	For someone not used to it, I suppose it is a place where you can have an unknown experience in many senses.							The Encyclopedia has an entry too, but it seems written largely from the owner's side, so if I may speak from a customer's point of view―	Being a regular at that place seems to be a kind of status.	They even say that any coffee connoisseur or wealthy person who does not know Primavera is a fraud.	The staff are also good-looking and well-mannered, and apparently quite a few customers, men and women alike, go there for the staff.	Momoko Goto works there part-time, and I hear she is the part-time leader who leads the staff.	I hear she is constantly hit on and courted by regulars.	The taste is superb, and the place is easy on the eyes and ears, so I suppose it has support from all sorts of people.																						
鏡(あなた)	107	107	Wabigoto Arc [Apology]	st208	5	60										3			4	0	0	0	0	What kind of person is Eiichiro Niimura?	Eiichiro Niimura is depicted as deceased in the Jusatsu Arc and the Meicho Arc.	As you saw, he seems to be a man ugly in appearance, unreliable in his actions, and short on anything that would make him popular with women.	But why he came all the way from the Arata settlement to Motoki-cho, even I do not know.	This is only a guess, but it seems to me he has some deep reason.																																																							
鏡(あなた)	108	108	Wabigoto Arc [Apology]	st208	5	50												1	5	2	2	0	0	What do you think of group dates?	Group dates...?	I have never taken part in a group date, so I cannot really say, but I picture them as a place where the sexes size each other up, and I cannot bring myself to like them.	But since coming to this world I have come to think that, if that is how Eiichiro Niimura and Mifuyu Niimura got together, they are not all bad.	Rather than one lumped-together image of group dates, I suppose what a group date is like changes greatly with who takes part in it.	Have you ever been on a group date, /VAR/-sama?					Yes	No											Oh my, are you the assertive type, /VAR/-sama? Or did you go reluctantly to keep up with friends...?	Fufu, I would like to hear all about it in the next topic.								Oh my, the same as me.	Then, if you do not mind, I would like you to tell me about your image of group dates in the next topic, /VAR/-sama.																											
鏡(わたし)	109	109	Wabigoto Arc [Apology]	st209	5	60					108	1							3	6	6	0	0	Talk about a group date I went on	Then, about the group date you went on, /VAR/-sama...	Since it is what brought Eiichiro Niimura and Mifuyu together, I have become a little curious about group dates.	You may have been on several group dates, /VAR/-sama, but would you tell me about the most memorable one?							It was wonderful	Honestly, the worst...											Oh my! I am so glad it seems you had a good experience!	Mmm, so my bad image of group dates was just a preconception after all... I must rethink my view of group dates...	But... I wonder if I could talk well with someone at a group date...	I mean, they are mostly men you are meeting for the first time, and you get looked at as a woman, full on, right?	Just imagining it makes me nervous...	Ah, I am terribly sorry, I was only talking to myself...				Oh my, my condolences...	Whether your dissatisfaction with group dates is with the other people's looks, or with how things livened up...	In any case, a new encounter is not always wonderful, is it?	But even so, rejecting group dates entirely seems like prejudice too... Perhaps luck can also be an important factor after all?	Then the meeting of Eiichiro Niimura and Mifuyu may have been something one could call a miracle.	Of course, the efforts of the Kogori couple cannot be ignored either.																							
鏡(わたし)	110	110	Wabigoto Arc [Apology]	st209	5	60					108	2							1	7	7	9	0	Talk about my image of group dates	Then I would like to ask how you view group dates, /VAR/-sama.									Seems sketchy	Seems fun	Let me ask you back: are you that interested?										I see. Actually, I am of the same mind.	Gathering from the start in search of someone to meet is something I cannot quite understand.	This may be because my way of thinking is childish...	But when I think about it, there must be some trigger for a man and a woman to meet.	Whether it is a group date or a chance encounter, if the result bears fruit, perhaps it is not an event that deserves so much rejection.	Hmm... group dates...	Truly a profound gathering.			Fun, you say. Indeed, I suppose such a culture arose precisely because group dates are fun.	Actually, a classmate once invited me to a group date, just one time...	Meeting boys from another school whose faces I did not even know, all of a sudden... I simply could not work up the courage, so I declined...	Thinking about it now, I have come to feel it might have led to some kind of life experience.	Hmm, my thinking is so noncommittal... Do I want to approve of group dates, or reject them...	Probably I am interested but lack the courage to go. And because I lack the courage, perhaps I want to find some reason to reject them.	/VAR/-sama, if you have the chance, please do take part. And I would be glad if you would tell me what you thought of it.			What!?	Ah... well... let me see...	After watching the main scenarios and talking with you, /VAR/-sama... um...	T-to be honest, I have gotten interested!	I mean, if you are lucky, a good encounter is waiting for you, right...?	Of course, there must be more than a few encounters that come to nothing...	…………。	Oh, honestly! Now I am getting embarrassed! Enough talk about group dates! This is the end of it!	I brought up the topic myself, and what am I even saying...											
夢	111	111	Wabigoto Arc [Apology]	st210	5	60							st25	4		4			5	0	0	0	0	But Eiichiro Niimura dies after this, right?	What an abrupt way to put it... Yes, it is as you saw in an earlier arc.	If one suddenly lost a happiness one had finally obtained this way, it is no wonder Mifuyu Niimura could not sort out her feelings and fell ill.	However, there is a cause that drove her so far as to cause the Megasawa City case and the flaying case.	You will see it later, but it is precisely because she was originally honest and simple that she came to cause such insane cases.	When you think of it that way, human beings are truly frightening creatures.																																																						
夢	112	112	Wabigoto Arc [Apology]	st210	5	60													6	5	6	0	0	What's Primavera's Deluxe Afternoon Tea Set?	It is what Mifuyu Niimura and Akane Kogori were eating on the house.	The price is 9,000 yen before tax, and one set serves two, so it comes to 4,500 yen per person. It comes with a drink of your choice, with refills.	An afternoon tea set is food arranged on a three-tier stand, made up, from the bottom, of sandwiches, warm dishes and desserts. That is the same at any shop.	The sandwiches use domestic organic vegetables, Sawa Prefecture contract-factory ham and own butter; the eggs are said to be from free-range hens of the owner's kin.	The warm dishes are mainly scones, which you can enjoy in three flavors: plain, cheese and raisin. The cheese and raisins are deliberately European.	The top tier holds a cake of the day and pudding. The owner was a patissier, I hear, so of course they are made in-house; I am told most effort goes here.				You sound just like one of the staff	Isn't there an even better menu item?											Oh my, may I take that as a compliment? As a guide, I must know everything about this world that I possibly can.	That said...	Naturally, I have never tasted even an ordinary afternoon tea set, let alone Primavera's.	I explained it all, but to me it is an unknown world. I am very curious what it could possibly taste like.	Delicious tea and a luxurious afternoon tea set; I would like to experience that at least once.					An even better menu item?	This is only a rumor, but the owner often makes staff meals from leftover ingredients.	The one popular among the staff is a duck salad with foie gras and caviar.	Regulars call it the phantom salad; it is off the regular menu, and if ingredients remain even after the staff meal, it is sold at 6,500 yen a portion.	So around 8 p.m., when the staff have all finished their meal, it gets quite crowded on weekends with people hoping to get a chance at that salad.	However, it is only a rumor, so even I do not know whether it really exists...																							
新しい家族たち	113	113	Wabigoto Arc [Apology]	st14	5	60			96	2							2		8	4	5	7	0	What do you think about how Haruka Niimura was adopted?	Oh, a question back to me about a scenario. That is rather refreshing.	Indeed, I suppose their decision divides opinion.	Perhaps because I am young and inexperienced, my impression is that what they did was a little light.	There may have been exchanges not told in the main story, but giving a child up for adoption, even for the sake of a best friend, is something I would find very hard.	It is also a matter that affects the relatives on the Kogori side. What would the Kogori couple's parents and relatives think?	However, for those two to go on as best friends, adoption may have been an unavoidable option. I do not think the Kogori couple gave her up gladly, either.	They chose better over best, the optimal solution over the right answer, I suppose.	What did you think, /VAR/-sama?		Giving her up for adoption was a good choice	I still can't accept it	I don't know										I see, so you think what they did was reasonable.	Indeed, had they not given her up for adoption, the relationship between Mifuyu Niimura and Akane Kogori might have grown strained.	Not only that, Akane Kogori reached that conclusion out of a wish to help Mifuyu Niimura.	Luckily those around them understood, but it is for the Kogori and Niimura families to decide. Criticism from others may be meaningless.						Yes, it is only natural that you would think so, /VAR/-sama.	I believe I have told you before that I select the routes appearing in this world and show them to you, /VAR/-sama.	So a route in which they chose not to give her up for adoption surely exists as well.	But I am sorry, even I cannot tell you what that route contains. I judged it unnecessary without even needing to look.	…………。					Yes, I do think it is a very difficult problem.	It is a problem swayed not only by husband and wife but also by the opinions of those around them, so what choice one makes must vary endlessly.	Watching them, I thought that at such times it may be good not to force yourself to want the best ending, and to choose the better, optimal solution instead.	If a wall appears in your life too, /VAR/-sama, perhaps thinking that way will make it a little easier.	I do not mean to lecture you, /VAR/-sama, but aiming for a passing grade rather than a perfect score is lighter on the heart.	Fortune and misfortune are hard to tell apart, and life has its ups and downs.	Yes, just like me...													
新しい家族たち	114	114	Wabigoto Arc [Apology]	st14	5	60			113	2									6	4	6	7	0	How will Haruka Niimura feel when she learns she was adopted?	Hmm, that is indeed a problem too. Her life was decided before she was even born.	But looking at how things have gone, even if she learns she was adopted she will surely accept Mifuyu Niimura as her mother, and their bond as parent and child will go on.	As for Natsumi Kogori too, they will surely go on being best friends as before.	But the Kogori couple is a delicate matter. Told that her friend's parents, the neighborhood Ojisan and Obasan, were her real parents, would she not be bewildered?	Haruka Niimura has a rather sensitive side, so even if she tries to carry on as before, would it not feel awkward somehow?	Haruka Niimura and the Kogori couple: once she knows they are her real parents, how do you think they should relate to each other?				I think they can just go on as before	I want them to value being parent and child too	I think it's better if they don't get too involved										Yes; to put it dryly, whether anything changes because they are biologically parent and child depends on how they themselves see it.	Even if the Kogori couple came forward as her real parents, I do not think they would try to build a special relationship...	But whether Haruka Niimura can do that... Even if she can, she would still end up being careful, and it may take some time.	Yes, going on as before should be the most settling...						I see; perhaps rethinking how they relate a little is also an option.	Even having given her up for adoption, to the Kogori couple she is still their own daughter. I cannot imagine their wish to dote on her as parents fading with time.	Rather, one could say that it is because of this history that they took part in the Megasawa City case all the more.	Perhaps, somewhere, the Kogori couple wanted to be of use to their daughter as parents.	Then, from a daughter's position, how can she be of use to her real parents? That may be something she will think about all her life...	…………。				I see, better not to get involved... That is not an opinion that should be rejected either.	Only...	I wonder... then her relationship with Natsumi Kogori might become delicate too...	If knowing the true relationship would create friction somewhere, better not to get involved...	Hmm...	It is a difficult problem, but whether Haruka Niimura could make such a choice...	I hope it will not become a strain on her.													
罅	115	115	Wabigoto Arc [Apology]	st15	5	60									1	4			4	0	0	0	0	When Eiichiro Niimura fell, didn't you hear something?	What?	Did something like that happen?	I am terribly sorry, I did not notice.	Surely you are mistaken, /VAR/-sama.																																																							
罅	116	116	Wabigoto Arc [Apology]	st15	5	60	rk223	3							1				3	2	4	4	3	Was Eiichiro Niimura pushed by someone?	Pardon?	/VAR/-sama, what are you saying? There were many witnesses, and it has long been said there was no foul play, has it not?	Or do you have some reason to think so?							I saw it in a scenario	It was in a reference	It was written in the Encyclopedia	/立木/ said so before									In a scenario...?	Then please watch it once more. There should have been no such person.								In a reference...?	Ah, I believe there was such a reference. Erina Goto as a small child said, "Someone pushed him."	However genius a girl she may be, it is after all the testimony of a small child. It is not worth considering.	Please, do not let it trouble you.						The Encyclopedia...?	The Encyclopedia contains nothing but objective information. There can be no such vague information in it.	Surely you misunderstood something somewhere.	Since I say so, it must be so. This world obeys my will alone, after all.						I did?	Surely not; I would never make such an irresponsible remark. As a guide, I take the utmost care not to say anything misleading.	If I did say it, I apologize and correct it. But no such thing happened.								
二年後	117	117	Wabigoto Arc [Apology]	st25	5	60											2		5	4	5	0	0	What kind of work does Ryoji Kogori do?	It is in the Encyclopedia as well, but he works for a manufacturer that develops cell phones and smartphones.	It is not a subsidiary of anyone, but it seems to do mainly contract development for large corporations, so the company name almost never comes out into the open.	His job, roughly speaking, is development engineer.	However, he knows little about programs or software and seems to work exclusively on assembling electronic components.	Also, the company itself is small, so it seems he builds prototypes himself and takes them along to do sales work too.					Does he get paid well?	How did he learn those skills?											Hmm, I wonder. I am sorry, but his annual income is really beyond me...	Well, judging from how they live, they do not seem particularly troubled for money, nor do they seem to have any special debts.	However, Akane Kogori also works part-time, so his income is probably not extremely high either.	Well, they are what you would call a middle-class household. Not rich, but earning enough to get by without hardship.						He went to a technical high school in Motoki-cho. The town has two: Motoki High School (general) and Motoki Technical High School (industrial).	It seems he met Eiichiro Niimura at the technical high school, and they joined the same company.	The bond between Mifuyu Niimura and Akane Kogori tends to get the attention, but it is easy to imagine these two also built a strong bond of trust.	By Shiyo 800 he has been promoted, and I hear he is sent on business trips here and there.	Ryoji Kogori is in technical development, not a job one pictures with business trips, but he seems to fly around explaining products to clients and factories.																								
二年後	118	118	Wabigoto Arc [Apology]	st25	5	60										2			4	0	0	0	0	Will Natsumi Kogori's April sickness ever be cured?	As you saw, Natsumi Kogori has had a danger sense since early childhood, and at the same time suffered from April sickness.	The Kogori couple took her to the hospital as well, but it seems the cause could not be found after all.	In other words, I suppose April sickness arises from some special cause.	Even I do not know the cause, but those around her seem to think the memory of Eiichiro Niimura's death has become an unseen trauma.																																																							
乙女の聖戦～義務～	119	119	Wabigoto Arc [Apology]	st27	5	60													6	0	0	0	0	So Natsumi Kogori and Erina Goto knew each other long ago	So it seems. However, judging from how they are in Shiyo 800, they do not seem to remember that far back.	Meeting at Zahha was also by chance, and if asked whether some connection came of it, I suppose not really.	Even though they went to the same elementary school, being a grade apart, they probably had few chances to interact.	Also, Erina Goto was the type who stood out from those around her, so perhaps she relied all the more on her older sister, Momoko Goto.	So she probably did not try to widen her circle of friends at elementary school, and lived a life of going straight home.	She was famous as a genius girl, but considering Natsumi Kogori's personality, she would not have been all that interested in such a title.																																																					
乙女の聖戦～義務～	120	120	Wabigoto Arc [Apology]	st27	5	60			117	2						1	2		6	0	0	0	0	What kind of work does Akane Kogori do?	She works at a pachinko parlor in Motoki-cho, and seems to have worked there since Shiyo 795.	Now that Natsumi Kogori is in high school and needs less looking after, it seems she takes shifts for as many hours as she can.	Well, it is said she works at a pachinko parlor because of a small connection in the past. She seems to want to keep it hidden, though.	Incidentally, Ryoji Kogori hates gambling, and at first he opposed his wife working at a pachinko parlor.	But when he learned the pachinko parlor paid 1,800 yen an hour, he reluctantly agreed, I hear.	Well, I suppose he consented because there was no other way to support the household budget.																																																					
女ケ沢市	121	121	Wabigoto Arc [Apology]	st28	5	80											2		3	2	2	0	0	About Mifuyu Niimura's hairstyle	As you saw, Mifuyu Niimura wore a ponytail until she was around thirty, and in Shiyo 800 she does not seem to tie it up in particular.	The hairstyle was Akane Kogori's idea; I hear she switched to a ponytail as a makeover in high school.	She has kept almost the same hairstyle for over ten years now, so Mifuyu Niimura herself must be afraid to break that style by her own judgment.							What about her hairstyle in Shiyo 800?	Didn't Akane Kogori say anything?											When she moved back to Motoki-cho, she seems to have settled on the hairstyle you saw in the Jusatsu Arc and elsewhere. A sign of a strong inner change, perhaps.	For better or worse, it gives the impression she broke free of her reliance on Akane Kogori.								Once she was around thirty, even Akane Kogori said, "Isn't that hairstyle too young for your age?", but Eiichiro Niimura seems to have liked it.	After the marriage, she must have kept that hairstyle to please Eiichiro Niimura.																											
女ケ沢市	122	122	Wabigoto Arc [Apology]	st28	5	80													3	6	4	0	0	Why did the Niimura family move to Megasawa City?	After losing Eiichiro Niimura she fell ill at heart, and she was referred to a doctor for treatment, it is said.	It is closer to the Arata settlement than Motoki-cho, so in her mind it must have been a reasonable option.	She herself is all alone in the world, so such decisions were probably easy for her to make.							Did her mental illness get better?	Weren't there any good doctors in Motoki-cho?											After moving to Megasawa City she was hospitalized for a while, and Haruka Niimura was placed in a children's home until she started elementary school.	That doctor seems to have been truly skilled; she was discharged in March of the following year, Shiyo 791, and mother and daughter were able to live together again.	Had there been no problem of bullying against Haruka Niimura, it might have been a modest but fairly peaceful daily life...	However, Mifuyu Niimura kept going to the hospital after that, and one could not say she was in remission.	That is why, perhaps, her heart weakened again over Haruka Niimura's bullying problem, and decisions were made that led to the Megasawa City case.	Surely remission was difficult unless she faced her husband's death head-on.				Well, at the time Motoki-cho was not as prosperous as in Shiyo 800, but there were hospitals and doctors enough.	For Mifuyu Niimura, more than finding a fine doctor, the biggest thing was probably wanting to leave Motoki-cho, with its painful memories.	Illnesses of the heart are difficult. They are invisible illnesses, caused by something with no shape. Curing them requires a fitting amount of time.	So I say, but I am no doctor, so I cannot speak too grandly.																									
凍える親子	123	123	Wabigoto Arc [Apology]	st29	5	80										1	2		6	0	0	0	0	What are Akane Kogori's parents like?	Akane is their only child. On retiring at the mandatory age, they moved from Motoki-cho to West Sawa City and seem to be enjoying their life in old age.	Both of them have travel as a hobby, so I hear they save steadily and regularly go off to various places.	Where the father is from is unclear, but he speaks with an accent so thick that hardly anyone but family can make it out.	Basically, both seem easygoing and not bothered by small things. After all, they cared for the newborn Mifuyu Niimura and had her spend time with their daughter.	So they must have accepted giving Haruka Niimura up for adoption with a big heart. Some would call it outrageous to let go of a long-awaited grandchild.	In any case, I think they are a very good couple and very good parents.																																																					
凍える親子	124	124	Wabigoto Arc [Apology]	st29	5	80			123	2						1			7	0	0	0	0	What are Ryoji Kogori's parents like?	Ryoji Kogori's father died of illness when he was a child, and he grew up with his older brother in a single-mother household.	It was a life far from wealthy, but to ease his mother's burden even a little, he entered high school on a scholarship and worked part-time on the side.	After he found work he began sending his mother some money, and it seems she is able to live without hardship for now.	That is why, it seems, she was overjoyed when Ryoji married. The son she had put through so much had found a good partner, after all.	Ryoji's older brother is still single and seems to live with their mother in Minakami City, the prefectural capital. They run a convenience store, I hear.	The mother seems to want the older brother to marry soon. But the brother has plans to expand the business and shows no interest whatsoever in marriage.	In any case, they seem able to lead a peaceful life.																																																				
死神の掟	125	125	Wabigoto Arc [Apology]	st30	5	80			121	2						2			6	0	0	0	0	About Haruka Niimura's look	Come to think of it, Haruka Niimura's look is quite different between Shiyo 790 and Shiyo 800.	The Niimura couple doted on their daughter, and in her early childhood they seem to have dressed her as cutely and girlishly as they could.	Her hair was long, and her clothes were mainly girlish one-piece dresses.	But as Haruka Niimura grew, she began choosing her clothes and hairstyle by her own taste, and by Shiyo 800 she has a boyish look.	Mifuyu Niimura does not mean to fuss over how her grown daughter dresses, but as you saw, she frowns when she walks around after a bath without even a towel.	Mifuyu Niimura seems to wish she would acquire a little more femininity.																																																					
死神の掟	126	126	Wabigoto Arc [Apology]	st30	5	80													4	4	3	4	0	What was that drug?	That is the very devilish drug that made the Megasawa City case and the rest possible.	It is apparently made in the Arata settlement, and was presumably sent at Mifuyu Niimura's request...	But in my view, even if such a drug exists, I very much wonder why it has not been known to the world until now.	I mean, wouldn't you agree? It existed hundreds of years ago, yet it has never come out into the world until now; I sense something deliberate in that.						That does make me wonder	Aren't you overthinking it?	You don't know that information?										Exactly. Would it be reasonable to think that, for some reason, information on the drug never leaked out of the Arata settlement?	Come to think of it, if such a drug became public, the world could become a frightening place. If it were used in, say, international crimes...	Perhaps, out of such concerns, information on the drug was hushed up by some kind of pressure.	All of it remains speculation, though...						Is that so...? Even in Shiyo 800, to keep making a drug that seems likely to break the law without anyone knowing is a little hard to believe...	Well, if you say it just happened not to be known, perhaps that settles it, but was there some secret for keeping information on the drug from leaking?	In any case, it remains speculation, though.							Ah... yes... I am sorry; though I am a guide, I do not know the key information...	I did look into it in various ways, but I could not obtain detailed information about that drug...	Well, perhaps it means the information is not needed to see their happy ending through.	Excuse me. Please, do not let it trouble you.																
私が望んだ勇気	127	127	Wabigoto Arc [Apology]	st31	5	80	rk226	3	120	2									3	4	6	0	0	Is Akane Kogori into pachinko?	There is no sign of her playing pachinko as of Shiyo 800, so she seems to have quit soon after marrying.	By her own account, it is not pachinko she likes but the characters in its animations; how true that is remains uncertain.	But since she got hooked for a while on pachinko she started half in fun, she seems to have at least a side that likes gambling.							So it's hereditary after all...	Hasn't Ryoji Kogori found out?											I do not know whether such a temperament is inherited, but it seems certain that mother and daughter played games close to gambling.	And that, once she was in high school, gave rise to tragedies like that Russian-roulette takoyaki―	Blood will tell. Perhaps a similar temperament lies hidden in Haruka Niimura as well?	I can hardly picture Haruka Niimura gambling, but I do hope someone keeps a close eye on Natsumi Kogori so she does not become a gambler.						Probably not. Being seen going in and out of a pachinko parlor by Mifuyu Niimura seems to have hit her quite hard.	Even so, since she works at a pachinko parlor, whether she can be said to have quit completely is debatable.	She may have taken the step of using her job as a pachinko parlor clerk to stay close to her hobby.	Perhaps she works there not to help the household budget, but so she can go in and out of a pachinko parlor openly...	Hee hee hee, anything more would be pure speculation, and might needlessly lower your image of Akane Kogori.	In any case, she no longer seems to play pachinko now. As a customer, at least, that is.																							
私が望んだ勇気	128	128	Wabigoto Arc [Apology]	st31	5	80												2	3	5	8	0	0	Why did the Gotos come to Megasawa?	Simply a family trip, it seems. And they happened to meet at the zoo, I suppose.	However, Natsumi Kogori had already started elementary school, so it means Momoko Goto was skipping school for the trip.	I have never missed school for a trip myself, and I do wonder about missing school to travel...							Kids shouldn't skip school for a family trip	Isn't it fine once in a while?											I see. Actually, it bothered me too, so I looked into it―	Up to 30 days of absence a year is no problem legally. The schools do not seem to make an issue of it either.	By one statistic, 40 percent approve of keeping children out of school for trips and 60 percent oppose. Hardly an overwhelming majority against.	In the Goto family's case their studies will be fine, so it comes down to family policy. It may be improper for an outsider to butt in.	Well, even so, I can hardly bring myself to think of missing school for a trip.					Oh, so that is how you see it. I see, I see...	Absences for family reasons that are too frequent can be seen as withholding compulsory education, but as you say, /VAR/-sama, once in a while is probably fine.	Still, skipping school for a trip... I wonder how that feels.	While everyone else sits in class, you are enjoying a trip; perhaps you can bask in that sense of superiority.	Ah, but then you fall behind in class, so whether you can keep up after the trip...	Weekday trips do interest me a little, but they take courage after all. For me the hurdle is rather high.	But...	I'd like to try it just once...																					
逆撫で	129	129	Wabigoto Arc [Apology]	st32	10	80					128	2							2	6	4	9	0	Do you like studying, /立木/?	Eh? Ah, because I said I would worry about falling behind if I skipped school for a trip.	I would not say I love studying, but I make sure not to forget homework I am given. I hate panicking afterward.								What subjects do you like?	You're so serious											My favorite subject? Let me see... um...	It may be quicker to name the subjects I am bad at than the ones I like.	I am truly hopeless at math and physics... I try hard to understand them, but perhaps my method is bad: the more I study, the more I dread them...	Honestly, I even end up disliking the teacher. Hate the monk and you hate his robe, as they say.	Comparing my scores with the average, the teacher's methods do not seem to be at fault, so this too must be a matter of strengths and weaknesses.	Ah, just remembering numbers makes me go pale...				If you ask whether I am serious, that puts me in a bit of a spot...	I just do not like panicking afterward. Getting scolded for skipping homework, or having my grades drop. I would rather not get caught up in that sort of thing...	Well, in exchange, I am overjoyed on days with no homework. I can laze around all day.	Hee hee hee, it seems I am not so serious after all. I simply hate feeling bad later.						Could that be called serious...? I just treat assigned work as a given and get through it...	True, there are plenty of classmates who never do their homework, so if you call me serious, perhaps I am on the serious side.	But even when I do my homework properly, I barely manage average scores, so I suspect my natural brains are not that good.	That is why someone like Erina Goto is a real mystery to me. What on earth does one have to eat to become like that―	Ah, of course, Erina Goto was an enormous eater. Which means...	Right, I will eat a lot too and send nutrition to my brain. I should get smarter by as much as I eat! That is the plan!	…………。	/VAR/-sama, did you not just look at me as if I were an idiot?	I-I was joking! Of course eating a lot cannot make you smarter! Ahahahaha...											
逆撫で	130	130	Wabigoto Arc [Apology]	st32	10	80										4			4	0	0	0	0	Everyone died in Shiyo 790, huh	You mean the story where Mifuyu Niimura killed the Kogori couple and Haruka Niimura in Megasawa City.	Yes. This way, far from a happy ending, they cannot even reach the Jusatsu Arc or the Meicho Arc.	But this too is one of the endings they chose. A small choice gives rise to many futures.	Of course, that ending is not everything, so please think of it as one possibility.																																																							
逆撫で	131	131	Wabigoto Arc [Apology]	st32	11	120												3	5	8	6	9	0	So Haruka Niimura basically had chunibyo?	That is a rather blunt way to put it... True, one could see it that way.	But from her position, she cast a curse and it actually came true, so it is no wonder she turned out that way.	If anything, she used such curses only when truly necessary, so I do not think her personality was suited to chunibyo.	By the way...	Have you ever had chunibyo, /VAR/-sama?					That's all in the past...	No way	Heh, even now the black flame embraces me...				130						Oh ho, now this is interesting. I hear chunibyo comes in many kinds: the evil-eye type, the eleventh-grade-syndrome type, the nihilist type...	Which one did you fit, /VAR/-sama?	Ah, my apologies; it is a dark past for you now. Asking such things is tactless.	No doubt you have writhed in agony remembering the past.	Yes, I will not tell anyone. That you had chunibyo, /VAR/-sama.	After all, you having chunibyo is a thing of the past, /VAR/-sama.	You, /VAR/-sama, with chunibyo, now of all times...	After all, you do not have chunibyo, /VAR/-sama.		Is that so? Forgive me.	If you had chunibyo, /VAR/-sama, I wonder what kind of setting would get you fired up.	In any case, they say those who had chunibyo bitterly regret that disgrace later.	Well, that too is the folly of youth; it comes about precisely because the hearts of adult and child are mixed.	But if, like Haruka Niimura, what you wished for actually came true...	Even you, /VAR/-sama, might be captivated by such curses...				Ooh, so this is chunibyo...! Amazing! This is my first time seeing the real deal!	How shall I put it; to give you my honest impression―	It is cool! With settings like that, you think everything up yourself, so there are all kinds of worldviews and scenarios, right?	And the sight of you, /VAR/-sama, immersed in that world and walking your own path! It is very cool!	That said... this outfit of mine is also chunibyo, in a sense... Hm.	Then, if you will excuse me a moment...	"I am Masque de Lucifer! Death's guide from the Bad Dream (Nightmare)! Now, become Sustenance (Energy) for this Dark World (Black Hole)!"	Ah, this actually feels pretty good! Which means if I worked out more of the worldview and character settings...	I shall follow your example, /VAR/-sama, and dig deeper into my world. Heh... Masque de Lucifer...											
逆撫で	132	132	Wabigoto Arc [Apology]	st32	11	120					131	3							5	8	8	7	0	Masque de Lucifer, descend!	…………！	Hmm, who is it that calls my name...	Oh, if it is not Lord /VAR/, wielder of the Dark Flame (Black Catastrophe).	If you call upon me, you must need the power of this Noh mask (Mask the Nightmare)...	Very well! Worship the Mask who has descended upon you!					What magnificent power! Grant me power (Dark Gazer)!	(Look at her coldly)	(Smile silently)										Heh, fool! How shameless, to seek my power with no offering!	First, I shall take all of your power (Dark Gazer)!	/大文字//揺れ/Haaaaaaaah!!!!	Aaaaaaah...!	/小/Aaaaaah...	Hah, hah, this... takes quite a lot of stamina... Chunibyo is no easy thing either.	As expected, I am still no match for you, /VAR/-sama. I shall work hard to catch up with you.	Ah, but please do not forget to keep reading through this world!		…………。	Eh? What? That look...	W-wait a moment! That is unfair! Treating me like that is far too unfair! You are a demon! A brute! A devil!	A devil...?	Th-that's it! This too is part of the world you set up, /VAR/-sama! It means my power is still lacking...!	He, heh heh heh. Very well! I shall let you off with this much for today!	But next time we meet, I will surely take your power (Bloody Arts)! Farewell!	Uh-oh, this is surprisingly fun...		…………。	Eh? Um, why are you smiling...?	Ah! Could it be you set me up!?	/VAR/-sama! You are enjoying watching me like this, aren't you!?	Ah, honestly, how embarrassing...	…………。	You're so mean, /VAR/-sama...													
詫言	133	133	Wabigoto Arc [Apology]	st33	5	80													5	6	7	9	9	The real reason Mifuyu Niimura was ill at heart	It is quite a complicated situation; it might be good to consider what ate away at Mifuyu Niimura's heart so badly.	In my view, the cause was that she tried too desperately to become independent of Akane Kogori and live by her own strength.	As you saw, she had probably thrown away, without knowing it, the idea that it was not all on her and that the people around her would help too.	Her husband gone, she had to raise her daughter by her own strength alone. Such a strained resolve probably wore her heart down more and more.	Why do you think Mifuyu Niimura became so ill at heart, /VAR/-sama?					I think it's as you say, /立木/	Because she hated Natsumi Kogori	Because her husband's death was too great a shock	Maybe there's some other unknown cause...									Oh, so you thought so too, /VAR/-sama.	To sum up her personality in one word: 'extreme.' Akane Kogori always said so.	No doubt she pushed herself to fulfill her responsibility as a parent more than anyone, and went past her limit.	Of course, her husband's death itself must have been a large cause as well.	But had she been able to get help from those around her right away, she could also have accepted his death and chosen to stay in Motoki-cho.	It took time, but it is truly gratifying that Mifuyu Niimura and the Kogori family were able to reconcile like that.				Yes, to Mifuyu Niimura, it was as if Natsumi Kogori had killed him. That is why she came to loathe even Motoki-cho itself, full of memories.	But how about this? Dealing with Natsumi Kogori for the first time in a long while, Mifuyu Niimura did not seem to resent her that much...	As Ryoji Kogori said, she wanted to blame someone for her misfortune. And the one her anger pointed at was Natsumi Kogori, perhaps.	At root timid and clingy, she resolved to raise her daughter on her own, and what drove her was resentment and anger at Natsumi Kogori.	They do say that relying on anger, resentment and hatred works for breaking out of despair and rock bottom.	Hm, seen that way, such resentment and anger kept spreading through her actions in Megasawa City, until they grew into something like killing elementary school children.	Had she been able to hold back her anger and hatred toward Natsumi Kogori somewhere, perhaps there would have been no Megasawa City case at all.			Her husband's death... I have heard that in psychology, the death of a spouse is the most stressful event.	I believe it is called the 'Social Readjustment Rating Scale,' so if you are interested, please look it up.	I have digressed, but it could certainly be called the worst event of her life.	What is more, she then went to an unfamiliar place, faced her daughter being bullied, and had no one to rely on.	It is easy to imagine that the shock of her husband's death was the base that made these later events such a burden on her.	Honestly, I pity Mifuyu Niimura. Orphaned early, her own child stillborn, her husband dead young. Such an unblessed life...	Of course that does not excuse murder, but it was probably very hard for her to judge things as an ordinary person would.	In the route where she reconciled with the Kogori family, I do hope she finds happiness.	…………。	Another factor...?	That is a rather interesting viewpoint. That the cause is something we could not know.	In that case, that cause would also have been cleared away when she reconciled with the Kogori family. Hm...	If there were such a thing, it would probably concern the Kogori family, but it is very hard to guess.	Come to think of it, there is something that bothers me a little...	The drug was sent from the Arata settlement; that clearly means the Arata settlement took part in the murders.	But by the Meicho Arc reasoning, any Arata involvement was only indirect; they would not openly help.	Sending a drug may be indirect, but sending weapons too cannot be ignored. Was it really the Arata settlement's doing...	Honestly, it smells a little fishy. Whether the Arata settlement merely lent a hand... Well, that is just my hunch.		
詫言	134	134	Wabigoto Arc [Apology]	st33	5	80										1			8	0	0	0	0	Haruka Niimura's purpose in casting her first curse	Haruka Niimura said her purpose in casting a curse as a small child was to help her mother, who was weakening from illness.	It may be a cold view, but bullying exists in every society, schools first of all. Haruka Niimura was not a special case.	But in her position, she probably could not bear seeing her mother weaken at the sight of her. That hurt more than being bullied.	But Mifuyu Niimura seized on that, gave Haruka Niimura the book of curses, had her carry it out, and built grounds for cursing them to death.	If anything, perhaps the one truly suffering from the bullying itself was Mifuyu Niimura?	While saying it was to protect her daughter, perhaps she tried to kill the classmates to protect herself as well.	Hm, thinking this far, it gets rather difficult. Human psychology cannot be described so simply.	In any case, a gap between Mifuyu and Haruka Niimura may also have been a factor that led to the Megasawa City case.																																																			
見送り	135	135	Wabigoto Arc [Apology]	st34	12	80							st78	5					2	4	2	0	0	Do you know about the Arata settlement?	Yes, of course I know about it.	Could it be that you would like to hear about it before seeing the scenarios in which the Arata settlement appears?								Tell me!	No thanks, it would be a spoiler											Hmm... If there is anything I can say at this stage...	You understand that Haruka Niimura has been there many times. That she can say she will go to the Arata settlement without any particular hesitation...	Perhaps it means it is a more ordinary place than you think, /VAR/-sama.	Hee hee, from here on, please see for yourself.						Indeed, it is better that you see for yourself, /VAR/-sama, than hear it from my mouth.	There may be things you are curious about, but please wait until then.																											
見送り	136	136	Wabigoto Arc [Apology]	st34	12	80													6	5	3	0	0	Did she really reconcile with Mifuyu Niimura?	You mean how things went in the route where Natsumi Kogori and the others go to Eiichiro Niimura's thirteenth-year memorial service.	Let me see... Well, I think there is no harm in telling you about this.	Afterward, the Kogori family and the Niimura family truly seem to stay on good terms.	Natsumi Kogori knows about Eiichiro Niimura's death and its cause, and she seems to talk about it with Mifuyu Niimura at times.	It is a relationship in which both accept the tragic events of the past and can walk on together.	Are you worried about what Mifuyu Niimura will do?				She might snap again...	That won't happen											I see. Given her personality, such a worry is certainly not unfounded...	If anything, she might again push herself too far to protect the Kogori family, Natsumi Kogori first among them, and her daughter as well.	In other words, she stands opposite to the routes that went through the Megasawa City case; one could say that on your side, she is a reliable presence.	However, since someone would have to stop her when she runs out of control, she may again be a handful.	Well, this is only my imagination, so please do not mind it.					Mifuyu Niimura seems to have resolved to live on together with Akane Kogori and the others. Surely she will never be an enemy again.	If someone like her becomes an ally, what will happen?	That in itself would be something to watch, though.																										
凍える親子	137	137	Wabigoto Arc [Apology]	st29	8	80													4	2	3	0	0	Tell me a bit more about April sickness	Come to think of it, I had not explained it myself yet.	April sickness is the poor health that comes over Natsumi Kogori―its symptoms seem to be fatigue in the cherry-blossom season, nausea, dizziness, loss of appetite and so on.	It seems to be caused by trauma from having seen Eiichiro Niimura's death up close. On the route that avoids the Megasawa City case, it seems to be in remission.	However, the conditions that bring on April sickness and those of her danger sense are extremely similar, so I also wonder about the causal link there...						Will that ever be explained?	So even /立木/ doesn't know?											…………。	Well, I do not think you need to know that much, /VAR/-sama. Please just think of it as her peculiar constitution.								Well, to be honest, that is how it is. It will not be explained in this world.	Even if there is some causal relationship, it is not information that is needed to that extent.	Please think of it this way: Natsumi Kogori has a trauma, and once it is resolved her April sickness goes into remission. But her danger sense remains.																										
凍える親子	138	138	Wabigoto Arc [Apology]	st29	8	80										2			5	0	0	0	0	Doesn't everyone just do what Natsumi Kogori says?	I see, one could think of it that way too. Because of Natsumi Kogori's danger sense, people have come to obey her warnings without question.	If she lied, one could even leap to the guess that she can manipulate the people around her as she likes, to some extent.	Well, given her personality, I do not think that would happen.	But regardless of her intent, if her danger sense were ever wrong, it might lead to something terrible.	Then one would have to think as far as what her danger sense really is in the first place, though.																																																						
最悪の決意	139	139	Wabigoto Arc [Apology]	st236	5	80							st211	5			2		4	3	5	4	0	What is Haruka Niimura's grandmother like?	Come to think of it, in the Meicho Arc, when trapping Mifuyu Niimura, Haruka Niimura imitated her grandmother.	When she is angry, even the deranged Mifuyu Niimura drops to her knees in a cold sweat. Had she stepped in somehow, the Megasawa City case might never have happened.	In the first place, Haruka Niimura's grandmother seems to be the head of the Arata settlement, so there may be some connection.	What impression do you have, /VAR/-sama?						Scary and hard to approach	Surprisingly ordinary	Fairly funny										I see, so that is what you think after all.	Actually, Haruka Niimura's grandmother will step onto the stage before long. You can check your answer then.	Either way, she seems to be someone even Mifuyu Niimura cannot stand up to.							Oh, an ordinary person... A rather interesting guess.	If the head of the Arata settlement, with its unsettling air, were an ordinary person...	Perhaps "head" is a mere figurehead post and the real power lies with those around her. Then Haruka Niimura's grandmother has no authority at all.	Then the unsettling air of the Arata settlement might come not from the grandmother but from what the people around her are doing...	Ah, that was just my own guess for the case where she is ordinary. Even if she truly is ordinary, things are not necessarily like that.					Oh, a funny person...	But do you remember? Haruka Niimura let slip to Natsumi Kogori and the others: "You'll be shocked how cheerful she is when you meet her."	In that case, your guess of 'a funny person', /VAR/-sama, cannot be called entirely wrong.	As for the rest... please see for yourself.																
最悪の決意	140	140	Wabigoto Arc [Apology]	st236	5	80			139	2			st211	5					1	5	9	0	0	Does Haruka Niimura know the people of the Arata settlement?	Yes, of course. She seems to go home now and then, so she must know the residents well.									So the residents are surprisingly normal?	Is Haruka Niimura a bit off too?											True, apart from sinking into curses as a small child, Haruka Niimura is fairly sensible, so if she has no aversion to them, they may not be so odd.	But do you remember? Until her third year of high school, Haruka Niimura believed it was normal to wear a Noh mask and red robes to memorial services.	Haruka Niimura looks normal on the surface too, but small gaps like this may well grow into a big problem one day.	In the same way, even if the residents seem normal, they may hold some eeriness that sets them apart from the outside world...	Well, this depends a great deal on one's own view, so I cannot say anything for certain.					It depends on how one defines "odd" and how much one tolerates, but as long as we are human, individual differences may make something feel off.	I understand what you mean, /VAR/-sama: whether Haruka Niimura has something odd that cannot be put down to individual differences.	Honestly, considering the scenarios ahead, it is rather hard to answer.	If there is one thing I can say now, it is this: what is it that people truly fear?	Those who do not believe in ghosts do not fear ghosts, and those afraid of heights dislike high places.	To someone who never understood that fear in the first place, why one feels it is a mystery.	But when the heart of someone who feels that fear reaches its limit, there is no telling what they will do.	Viewed objectively it may look like madness, but that is simply not understanding the fear.	Such a state of mind may sometimes look like strange behavior.																				
変	141	141	Wabigoto Arc [Apology]	st237	5	80										2			9	0	0	0	0	Seeing it like this, the Megasawa City case is messed up	Yes, /VAR/-sama, I had you watch the very moment it happened, just as it was.	We know how it came about and how it was done, but otherwise it is a case as if they had truly been spirited away.	What is more, to kill two children in such a horrifying way...	An atrocity by Mifuyu Niimura with an alibi trick and a drug. Because of it, the case went unsolved and became known to the public as a horrifying case.	Had the flayed-body case also been seen as an extension of it, people would have seen the case of Shiyo 800 as mysterious and horrifying too.	Only... how should I put it. Something about it feels a little off to me.	Even with the drug, for the Kogori couple, all but amateurs at violence, to carry it out so smoothly...	And as many as three times by Shiyo 797. Isn't that a little too convenient?	Ah, that was just my personal quibble, so please do not mind it.																																																		
変	142	142	Wabigoto Arc [Apology]	st237	5	80													4	5	4	0	0	Who was helping Mifuyu Niimura?	You mean the "someone I trust" Mifuyu Niimura spoke of.	Surely they were involved in some form, but according to Mifuyu Niimura, they turned down her request for support.	I suppose she asked for their help, but in the end was told to think better of it.	And yet, turning around completely, they sent the weapons to Mifuyu Niimura. A strange story indeed...						Someone else lent a hand?	Maybe they changed their mind?											That possibility is certainly conceivable, but Mifuyu Niimura seems to have spoken only to that one person.	In that case, did information leak from that person to someone else?	That third party, for some reason, pushed Mifuyu Niimura to kill... And without revealing who they were to her.	Hmm, at this point it is all quite odd. The purpose is unknown, and so is the reason for hiding who they are.	If it was the work of a third party, one could think the Megasawa City case was brought about with an entirely different intent.					Changed their mind... I see, the human heart is fickle. One could say they came to pity her later and decided to help...	Even so, acting the exact opposite bothers me. Normally no one would want to help kill two children they have never met.	If they changed their mind, should we assume something extraordinary happened between their meeting Mifuyu Niimura and the weapons being sent?	Well, there is no way to confirm it now.																									
細工	143	143	Meicho Arc [Clear Sign]	st70	5	140													3	4	4	0	0	Does Haruka Niimura watch dirty videos?	Wh-what!!?? Where did that come from!	Ah, oh, I see. In the Meicho Arc's 'Tampering,' there was an exchange like that between Haruka Niimura and Erina Goto.	But that happened in Ryoji Kogori's imagination, so whether Haruka Niimura watches such things, I do not know!							Ryoji Kogori's the creepy one	Does she really not watch dirty videos?											Ah, well, that is certainly true. Having the high school girls in his imagination talk like that...	But perhaps the Erina Goto in Ryoji Kogori's mind is simply a girl who would make a small dirty joke like that.	She would hear Haruka Niimura out in that light way and soon notice something wrong with the smartphone. I think the exchange surely expressed that wish.	Mm, perhaps I am reading him too kindly, even for me...						I-I don't know! And anyway, that has nothing to do with this world!	W-well, Haruka Niimura is at that age too, so it's not as if she has no interest at all, but...	…………。	Okay! No more dirty talk! /VAR/-sama! You're being far too naughty! No-no!																									
細工	144	144	Meicho Arc [Clear Sign]	st70	5	80										3			8	0	0	0	0	Isn't Ryoji Kogori's tampering hard to see through?	Indeed, discovering that tampering would be very difficult.	That has the advantage that Mifuyu Niimura would not notice it, but even counting on Erina Goto's insight, it also seems to have been far too reckless.	But as you saw, in the Meicho Arc Erina Goto notices it, and it turns out that letting go of the smartphone was the safest measure.	However, Ryoji Kogori's real aim missed, and Haruka Niimura's heart never left Mifuyu Niimura. Even though her mother was a murderer.	One could say the bond between parent and child was deeper than Ryoji Kogori had imagined.	If so, then had he not caused the flayed-body case and simply told Haruka Niimura the truth and his own feelings, he could have reached the ending he wanted.	Haruka Niimura must have held that much love for Mifuyu Niimura, as her child.	I have strayed from the subject, but such a slim possibility could surely have helped prevent further tragedy.																																																			
真っ赤な××	145	145	Meicho Arc [Clear Sign]	st88	5	90													5	9	7	0	0	I want to know a little more about this world 1	Oh my, you would like to know more about this world?	Let me see... since it is your request, /VAR/-sama, of all people, I shall tell you a little more.	This world is a place made according to my will. Therefore, no route or scenario I did not intend can appear.	Or so I would like to say, but...	In truth, it seems information I did not intend slips in from time to time.					Is someone else's will being reflected?	What kind of things, specifically?											There is no one in this world but you and me, /VAR/-sama, so the will of someone you do not know cannot slip in.	So if it is possible at all...	It seems your own will, /VAR/-sama, is bringing slight changes to this world.	At first I told you "there is no need to know the truth," but your will, /VAR/-sama, seems to be going beyond that bound.	I cannot change your mind, /VAR/-sama, so it cannot be helped, but...	Having come this far, you will surely wish to see the truth of this world more deeply, /VAR/-sama.	However, I am sorry, but which scenarios I show you depends on my will.	If a scene I did not intend unfolds by some chance, it is your will, /VAR/-sama, interfering.	Please regard that as something like a 'glitch.' If you follow my guidance, that is enough.	Have you noticed that several scenes I did not intend have unfolded?	Honestly, it is against my wishes to say this as your guide, but this world is not perfect either.	For example, a completely unrelated person suddenly intruding in the Encyclopedia, or strings of characters you cannot read―	I do not know how such things came about, but even I, your guide, cannot control them.	Also, I do not know the contents of the report References and such, nor why things I did not intend appear.	The truth is, there is much about this world that even I do not understand.	It is shameful for a guide, I know, but please forgive me.																						
真っ赤な××	146	146	Meicho Arc [Clear Sign]	st88	5	140					95	4			1				6	8	9	9	0	I want to know a little more about this world 2	............	You wish to know more details...	What a predicament... As you have likely realized, even I have one or two things I would rather not talk about.	But if it is your request, /VAR/-sama...	Perhaps I may tell you just a little...	But some things are hard for me to answer, so I hope you will understand that much.				Who is /立木/?	What are you hiding?	What happened in your world?										My... true identity...	............	I am sure you understand that it is very hard to talk about.	So, I am sorry, but I cannot tell you that.	No, that would be far too rude...	Very well. Not right away, but when the time is ripe, I promise to show you my real face.	But if I were in your place and saw my real face, I surely could not look straight at it.	That is how horrifying my face is now.		To ask so directly what I am hiding...	Yes, it is true that I have things I wish to hide, and I do not want anyone to see them.	No... more precisely, they are things I never want to remember again.	But to you, /VAR/-sama, I thought I might tell a little...	In truth, I...	I killed a certain person with my own hands.	I stabbed them with a knife again and again, and even after they were dead, I went on, again and again...	You may not believe it, but against my will, my body moved as if it were being controlled...	I am sorry, let us leave this story there...	In the world I came from...	............	Something truly horrifying happened.	Something so horrifying I still cannot believe it.	I committed a sin that horrifying.	What I did, and how I look now, are both truly horrifying.	So much so that this Noh mask and these red robes look cute by comparison, the me of now is―	I am sorry, any more than this is too painful.	Forgive me, I am only human too...											
新入生代表挨拶	147	147	Shigatsu Arc [Death Month]	st78	5	100										2	2		4	0	0	0	0	What's different in the Shigatsu Arc route?	There are no major changes to the characters or settings so far.	The big differences are probably that Natsumi Kogori's April sickness is in remission, and that she is on good terms with Mifuyu Niimura.	On the other hand, this means the high school students of Shiyo 800 do not even know April sickness exists.	Whether that is good or bad, I hope you will see for yourself, /VAR/-sama.																																																							
新入生代表挨拶	148	148	Shigatsu Arc [Death Month]	st78	5	100			147	2						1	2		5	0	0	0	0	Does Natsumi Kogori still have her danger sense?	Yes, there is no doubt about that.	Until now, meeting the danger-sense condition (strong wind for 15 minutes or more near cherry trees) also brought on April sickness, so their link becomes unclear...	On the sixth route of the Jusatsu Arc too, Natsumi Kogori said her April sickness had healed while her danger sense remained.	How these are related, I am sorry, but even I do not know.	In any case, if she can use her danger sense without falling ill, that could be called a reassuring ability in its own way.																																																						
春花の故郷	149	149	Shigatsu Arc [Death Month]	st82	5	100			148	2							2		5	1	6	0	0	Eiichiro Niimura is warning her of danger?	That is what Natsumi Kogori said, is it not? "Ojisan tells me about danger."	In other words, the dead Eiichiro Niimura, as a kind of guardian spirit, is conveying the dangers around her through Natsumi Kogori.	And by overcoming the trauma of seeing the moment he died, her April sickness went away too. One could read it that way.	However... whether that is truly so... honestly, I have my doubts...	Ah, no, excuse me. A guide's guesses would only get in your way, /VAR/-sama.					Well, maybe so	No, I'd like to hear it											Yes, I only guide. You have no need of my subjective thoughts, /VAR/-sama.									Even if you say so...	Well then, if I may share my thoughts...	If it really were something like Eiichiro Niimura's guardian spirit, I would call it a rather stingy power.	After all, it only warns her in cherry season, and only when there is wind. If it were truly Eiichiro Niimura's voice, it could warn her all the time...	Besides... to hear the voice of a dead person in the first place...	Excuse me. Please take it only as a reference.																							
春花の故郷	150	150	Shigatsu Arc [Death Month]	st82	5	100			149	2								2	3	5	4	0	0	Could it be you don't know what danger sense really is?	Um...	Yes, I am sorry, but I do not know what Natsumi Kogori's danger sense truly is.	I consider it a constitution peculiar to her, and take it as simply being that way.							So the truth of danger sense won't be uncovered?	So there are things even /立木/ doesn't know											As far as I know, danger sense is a warning from the dead Eiichiro Niimura.	Well, setting aside whether that is true, beyond that...	But... did she recognize danger only through Eiichiro Niimura's voice...	If I remember, in the Jusatsu Arc...	Ah, no, it is nothing.					Ah, um... well...	How embarrassing. What I know is actually limited, too.	I certainly cannot lie to you, /VAR/-sama, so what I do not know, I intend to say plainly that I do not know.	I am sorry to be such an unreliable guide, but I will still support you with all my strength.																									
今は楽しいことだけを。	151	151	Shigatsu Arc [Death Month]	st83	5	100					150	2					2		4	1	4	0	0	Then tell me whatever you can 1	Let me see... In fact, there are facts not revealed in the scenarios or References.	Do you remember? In the Jusatsu Arc's 'In the Moon's Shadow,' Natsumi Kogori and Haruka Niimura fled deep into the mountains by train, but were attacked by the shinigami.	Then Haruka Niimura was about to be cut with the nata, but in the nick of time Natsumi Kogori shoved her aside and she was not cut.	Which would mean Mifuyu Niimura tried to hack Haruka Niimura to death... Do you see her true intent, /VAR/-sama?						I do	Not a clue...											Oh my, you knew already? Then there is no need for me to explain.									Then let me give you just a small hint about this.	Look closely at the scene in the Jusatsu Arc's 'In the Moon's Shadow' where Haruka Niimura is nearly cut. It happens in an instant.	In it, you can see evidence that denies a clear intent to kill. If she truly meant to kill―	Hee hee, please check the rest for yourself.																									
今は楽しいことだけを。	152	152	Shigatsu Arc [Death Month]	st83	5	100			151	2	150	2				3	2		9	0	0	0	0	Then tell me whatever you can 2	Hmm... in that case...	The Jusatsu Arc's 'What I Can Do' is the scenario showing what happened at the hospital after Haruka Niimura was hit by a car deep in the mountains and fell into a coma.	That time, Erina Goto urged Akane Kogori to turn herself in. Let me explain that in detail.	There was a scene where Akane Kogori worried about Haruka and Mifuyu Niimura, was there not?	In other words, Akane Kogori knows Mifuyu Niimura is involved in the case. From this, one can infer that Akane Kogori is involved too.	Moreover, before speaking to her own daughter Natsumi Kogori, she at once tried to check on Haruka Niimura, who should be a stranger to her.	Erina Goto likely took that to mean Akane saw Natsumi Kogori and Haruka Niimura as equals.	Assuming the two are sisters, she could roughly deduce who did the killing in the Megasawa City case, so she pressed Akane Kogori.	Erina Goto called it 'a hunch,' but Akane Kogori's confession proved she had seen the truth.																																																		
かりそめの可憐	153	153	Shigatsu Arc [Death Month]	st89	5	100			152	2	150	2					2		8	2	8	0	0	Then tell me whatever you can 3	Then the next thing to talk about would be...	In the Meicho Arc's 'Bright Red ××' there is a scene where Mifuyu Niimura prepares for the crime: the scene where she returns home and readies drugs and such.	As that depiction shows, Mifuyu Niimura was not regularly obtaining drugs and other weapons from the Arata settlement.	She was only using what was left over from the Megasawa City case.	So one can state flatly that the Arata settlement truly had nothing to do with the flayed-body case.	To begin with, she committed the crime on impulse after Ryoji Kogori's negotiation, so the Arata settlement could not have lent a hand.	The question here is how she could also prepare items like the red robes and Noh mask in such a hurry.	Do you know what was behind it?		Sort of	Not at all...											Oh my, forgive me. Perhaps that was too easy for you, /VAR/-sama.	Well, that is how it is. Hee hee hee.								Do you remember at what times and in what places Mifuyu Niimura committed her crimes after the flayed-body case?	Dark places at night: that is the situation common to the whole Jusatsu Arc.	Put simply, the Noh mask was a toy, and the red robes a simple red coat, gathered in a hurry.	In a dark place, even if Haruka Niimura saw her, she could not tell the quality of the gear.	Likewise, I would like to say Haruka Niimura did the same when she trapped Mifuyu Niimura at home, but...	No shop had the 'old woman' mask Haruka Niimura asked for, so Daijiro Ise hurriedly asked the prefectural police in Minakami City to rush one to the scene.	It cost 30,000 yen before tax, so Daijiro Ise was apparently scolded by his superior.	Well, considering it caught the culprit behind a string of grisly murders, perhaps it was a bargain.																					
かりそめの可憐	154	154	Shigatsu Arc [Death Month]	st89	5	100			153	2	150	2					2		7	4	4	0	0	Then tell me whatever you can 4	Mm... let me see...	Shall I tell you about Mifuyu Niimura's origins?	As you know, her mother died in childbirth and her father of illness as she entered high school. No grandparents, no siblings: she was all alone in the world.	She has distant relatives, but she hardly knew them, so she grew close to someone nearer: Akane Kogori, that is, the Tonosaki family.	But that does not mean she lived with the Tonosakis; she lived alone from high school on. Thanks to that, she can handle housework almost perfectly.	In fact, Mifuyu Niimura's parents apparently eloped, marrying over everyone's objections. So perhaps her birth was not much celebrated.	Growing up like that, she likely longed strongly for a warm family.			What did she live on after her father died?	Didn't she have any other friends?											Her father seems to have left a considerable fortune. To raise Mifuyu Niimura, he worked desperately day and night to earn money.	Thanks to that she never wanted for money until she found work, but that image of her father must have stayed with her strongly.	After she married and Eiichiro Niimura died, she worked at any hour, at any job. All so Haruka Niimura would never know poverty.	The person called Mifuyu Niimura seems to have been strongly shaped by these images of family.						There were classmates who were kind to her, but she was painfully shy then, and could not open up to them as she did to Akane Kogori.	Also, after her makeover men began approaching her aggressively, so perhaps her classmates found her harder to be around.	Though the makeover did not change her inner self or how she dealt with people, so this is only about how others saw her.	In short, Akane Kogori was her one true best friend, and so she found others hard to trust. Quite like her, given her extreme side.																									
幻影	155	155	Shigatsu Arc [Death Month]	st211	5	100			154	2	150	2							8	4	6	0	0	Then tell me whatever you can 5	And then, um...	In the Jusatsu Arc's 'I'm Sorry After All.' Akane Kogori burst into the Goto home dressed as the shinigami. Let me tell you the truth behind it.	As the References around that point show, Akane Kogori came home to look for the missing Natsumi Kogori.	There she ran into Mifuyu Niimura, who was preparing to kill, took her weapons and drugs, and headed to the Goto home.	With Ryoji Kogori murdered, whatever happened next held only despair. She believed Mifuyu Niimura and the Arata settlement were about to reach for them.	So her true aim was to burst into the Goto home and flee Motoki-cho with Natsumi Kogori and Haruka Niimura.	But the police were there as well, so she could not reveal who she was at once, and in the end she was shot dead.	She knew the police were watching the Goto home, so she had to disguise herself like that and rely on the drug.		What happened to Mifuyu Niimura?	What happened to Haruka Niimura?											Come to think of it, it said Mifuyu Niimura later went missing. She did not kill herself, and the police did not catch her.	She could not take Haruka Niimura with her, so it is hard to imagine she fled to the Arata settlement alone.	Was she killed when Akane Kogori took her weapons, or did something else happen...	I am sorry, but this is something even I cannot tell.						If I remember, Haruka Niimura moved to the Arata settlement alone, seen off by Natsumi Kogori and Erina Goto.	But she went missing for two years, and the two headed to the Arata settlement to look for her.	And at the end a girl with odd eyes appeared, and the Jusatsu Arc ended, I believe.	As you have surely realized, the one who appeared at the end was Kana Niimura, Haruka Niimura's cousin.	But what became of Haruka Niimura, and what Kana Niimura was trying to say, I am sorry, but...	One thing is certain, though: Haruka Niimura is alive in the Arata settlement.																							
幻影	156	156	Shigatsu Arc [Death Month]	st211	5	100							st213	5			2		2	3	5	0	0	Is the Arata settlement surprisingly modern?	The Arata settlement has electricity, gas, water and even internet access, so it is not an area all that cut off from the world.	However, the Arata district is state-owned land, so ordinary people cannot enter freely. It seems fine with the permission of its head, Erika Niimura, though.								Why do people live on state-owned land?	Why did it become state-owned land?											The order is the other way around: it is better to say that a place where people already lived was designated state-owned land.	To the state, people living there seems to be no great problem, so it lets them go on living on the state-owned land.	I do not know the circumstances in that much detail myself, though...							Actually, long ago, a certain group apparently intervened in the Arata settlement.	Its purpose, it is said, was the cherry trees of the Arata district: they wanted them and carried most of them away.	I do not know whether that is true, but if so, why they took those cherry trees, and why it then became state-owned land, is a real mystery.	Its becoming state-owned land suggests that, at the very least, that group had ties to the state.	This part is full of mysteries, and I am sorry, but I do not know either.																								
歓迎の儀	157	157	Shigatsu Arc [Death Month]	st90	5	100			156	2									3	4	3	0	0	What food comes from the Arata settlement?	The Arata district is said to be rich in rare animals and plants.	But because of their peculiar naming sense, the names alone seem to call weird food to mind; the taste, though, is said to be exceptional.	The reason for such names is apparently to keep outsiders from overharvesting them.							It isn't sold in the outside world?	Why is there food like that?											As I said before, the Arata district is state-owned land, so outsiders almost never enter.	So the food is hardly likely to reach the outside world either.	It is also said the Arata district is state-owned to protect such rare animals and plants, but whether that is true is unknown.	Either way, if you want to taste Arata cooking, you would need the Grand Witch's permission to visit as a guest.						The soil of the Arata district is very fertile; not only rare varieties but even ordinary ones grow big and well.	Long ago, some men of power aimed at that fertile land and tried to take the Arata district for themselves, but history says they were driven off by force.	With soil this attractive, people have long coveted the Arata district, and one can guess it became state-owned land to put a stop to that.																										
歓迎の儀	158	158	Shigatsu Arc [Death Month]	st90	5	100										2			4	0	0	0	0	From what I've seen, the Arata settlement doesn't look that sketchy	True; modern IT has made its way into the settlement too, so its common sense is not wildly out of step with the world.	Well, there are unique customs such as its funerals, but basically they do not seem so different from people in the outside world.	But it is a fact that the drug and the customs that aided the Megasawa City case exist. Judging by surface appearances may be dangerous.	Well, that may become clear little by little.																																																							
乙女の聖戦～怪～	159	159	Shigatsu Arc [Death Month]	st92	5	100													3	3	3	0	0	What is Erika Niimura like?	As you saw, she seems to be terribly fond of impressions and cosplay.	Haruka Niimura was apparently coached in impressions by Erika Niimura; one could say that is how she got Mifuyu Niimura arrested in the Meicho Arc.	Also, despite her age she has otaku hobbies; she seems to like anime and such.							Why does she have hobbies like that?	What does she cosplay as?											Actually... the previous Grand Witch was apparently an anime fan, and when she spread the word to Erika Niimura, Erika got hooked even deeper than she was.	I believe one of the references covers it in detail, so if you already have it, please look there.	Even so, dragging the people around her into it as well... What a nuisance.							Quite a painful sight, it seems. She cosplays as teenage girls without a second thought, and sometimes even attends such events.	It may be hard to tell from the silhouette, but her figure really is good. Still, considering her age... it is a bit...	Yes, well, this could turn into bad-mouthing, so I will leave it at that...																										
乙女の聖戦～怪～	160	160	Shigatsu Arc [Death Month]	st92	5	100										4			8	0	0	0	0	Is Chigaya Niimura really that bad a drunk?	I am not sure I need to be the one to say such a thing...	Yes, it seems she is quite a violent drunk.	Beautiful in appearance, and well-mannered when sober. If not for drink, she would surely attract many men...	Well, as you can guess, because of her excessive drunkenness, the men all make sure never to deal with her again.	Chigaya Niimura does seem to want a wonderful match, but once she has had a drink, she would rather drink and have fun than that...	And the next morning, she apparently writhes under her futon in self-loathing.	She does seem to reflect on it, but once a little drink is in her, she stops caring. A violent drunk indeed...	I sincerely hope a big-hearted man appears who will take such drinking habits head-on.																																																			
共有殺人	161	161	Shigatsu Arc [Death Month]	st94	5	100													4	6	9	0	0	Doesn't Natsumi Kogori make a weird sound when she yells?	Oh, you noticed.	Yes, when Natsumi Kogori gets excited, p-sounds, that is, pa pi pu pe po, seem to slip into her speech here and there.	Haruka Niimura has apparently called her out on it, but she herself just answered, "I don't know."	Well, like sneezes or screams, exclamations differ from person to person, so in Natsumi Kogori's case it is just a pronunciation that stands out a little.						Does it have to do with the case?	Isn't there some deep reason?											Ah... I see... So that is what you think...	To be blunt...	It has nothing to do with it, practically speaking. Yes, of course not. Mm-hm.	If Natsumi Kogori were attacked while alone and screamed, that scream might let one identify the victim, but...	Well, please think of it as a mere quirk of hers.	Seriously, it has nothing to do with anything...				Hm... the reason Natsumi Kogori says pa pi pu pe po...	Perhaps saying pa pi pu pe po relieves the stress that builds up when she gets excited?	Or as a child she watched an anime character who talked in pa pi pu pe po, and because of it, even now, pya... pa pi pu pe po is a habit?	Pa pi pu pe po... pa pi pu pe po...	Pya pyu	I did not trip over my tongue, you know? My enunciation is rather good.	See, pa pi pu pe po! Pa pi pu pe po! Pa pi pu pe po!	Pa pi pu pe po! Pya pa pi pu pe po!	Hee hee, perfect...																				
共有殺人	162	162	Shigatsu Arc [Death Month]	st94	5	100												1	3	3	7	0	0	Is an Arata-style contest really ghost stories?	Yes, such a tradition does seem to exist.	Originally, they say, the aim was to toughen the spirit by telling ghost stories, so one could move without fear even at night deep in the mountains.	So a rather peaceful rule came about: when a quarrel breaks out in the settlement, it is settled with a ghost-story contest.							Tell me something scary!	I'm not good with scary stories...											Oh, you would like to hear my ghost story?	Hee hee, you say rather amusing things.	Very well, I shall tell one in the next topic.							You are not good with scary stories, /VAR/-sama...?	Ufufufufu! You must be joking again! You have been steeped in the stories of this world for so long, and you say you are scared of scary things!	That said...	Actually, I am quite bad with ghost stories myself...	No, I am interested, but I cannot listen unless I am wrapped in a blanket.	Ah, you just thought, "What is she saying, dressed like that?" didn't you?	But... scary stories really are not my thing...																						
気に入られた心意気	163	163	Shigatsu Arc [Death Month]	st95	5	100					162	1					2		5	4	9	0	0	Mika Tachiki's Ghost Story Night Show 1	Then, if I may be so bold, I shall present a ghost story.	Once upon a time, there was a single office worker.	He took the shinkansen on a business trip and bought a station bento. What he bought was a shumai bento.	He sat in his seat on the shinkansen and eagerly opened the lid of that shumai bento.	And what do you know!					I know that one...	(Gulp...)											Wha...!	No...! That was my best one...!	To think it was such a famous story...	Ugh... I shall work harder...						One of the shumai had vanished!	Strange! There was clearly a gap the size of one! The man was so startled he shut the lid.	He calmed down and opened the lid once more...	And what do you know, this time every shumai had vanished! All the shumai that should have been there were gone!	The shumai had vanished, I tell you! The shumai...!	Oh, huh...? Not scary...?	W-well, the punch line is that the shumai were stuck to the underside of the lid, so it is a little funny story...	Oh, good grief! How embarrassing! I thought it would be either scary or funny...!	Ugh... I must tell a better story...																				
気に入られた心意気	164	164	Shigatsu Arc [Death Month]	st95	5	100			163	2							2		8	4	4	0	0	Mika Tachiki's Ghost Story Night Show 2	Th-this time I shall pick a properly scary one!	Long, long ago, there was a blasphemous man. A man who did not revere the Buddha and would relieve himself on the Jizo statues.	But had divine punishment finally come? The man's wife died in an unforeseen accident.	Was this divine punishment after all? Thinking so, the man rushed to a temple and asked for an exorcism.	The man knelt formally while the head priest desperately drove at the spirit. At last it seemed to appear through his body, and he collapsed with a thud.	The priest held the man in his arms and cried, "You evil spirit! What do you want! What is it you're after!"	Then these words came out of the man's mouth.	"My legs fell asleep..."		Huh? A funny story?	Whoa, scary...!											Ah, um...	Yes, it is a funny story: you think he collapsed from an evil spirit, but his legs just fell asleep from kneeling formally...	W-well, I am bad with scary stories! This is the best I can do!	I am sorry... I could not tell a satisfying story...						Ah, I am terribly sorry! Was it too scary!?	Th-the truth is, it is a funny story disguised as a scary one, and, um, um, um, I did not mean to frighten you...!	Ugh... I am a guide, yet I am bad at talking...	Next time, a better story...																									
おまじない	165	165	Shigatsu Arc [Death Month]	st96	5	100			164	2							2		5	3	4	0	0	Mika Tachiki's Ghost Story Night Show 3	Th-then I shall take the plunge and tell you the real deal this time!	A high school girl was standing on a train, enjoying social media on her smartphone.	She left the station and walked home, looking at her smartphone. Up to there, all was well...	The moment she entered her home, a message arrived on her social media. It said―	"Nice to meet you! I followed you! Looking forward to it!" Along with that comment was attached a photo of her entering her home.					That's a bad one...	Huh? What do you mean?											Yes, from the train all the way home she was absorbed in her smartphone and forgot to pay attention to her surroundings.	In a society like this, let us be careful of the eyes around us too.	Ah, scary...							In other words, someone she had never met followed her and found out where she lived.	What is more, absorbed in social media, she did not notice someone peeking at her screen on the train, and her account was exposed.	Being followed is one thing, but if such a person even knows your social media account, your privacy will be gravely violated.	Please be careful too, /VAR/-sama...																									
おまじない	166	166	Shigatsu Arc [Death Month]	st96	5	100			165	2							2		9	3	5	0	0	Mika Tachiki's Ghost Story Night Show 4	Then, my best one...	In a mansion overseas there lived a very beautiful girl. Her name was Elsa, and the mansion was very lovely and large, the envy of everyone.	Elsa's heart was as beautiful as her looks; she could be kind to anyone. Everyone raised her with great care.	One day, Elsa got into a car with the master of the mansion and went out to town.	In truth, it was Elsa's first time outside the mansion, and she was very excited. Big trees, rivers, cars: all of it was scenery Elsa had never seen.	Then the car stopped at a certain place. A very lively place, crowded with people.	And the master handed Elsa over to a man.	Huh? Why? Elsa wondered. Then the man who had taken Elsa shouted to the crowd:	"Step right up! Today's star item! A sow raised with loving care, Elsa!"	Scary... I guess?	Poor thing...											It may be a bit different from a scary story, but the twist is that the opening makes you think she is a human girl, when she was really livestock.	With a longer story it might have been more immersive, but too long would be a bit much, so this is about right.	Yes, the point-of-view character is not necessarily human.							Yes, she was raised with care so she could be sold dear as meat.	Calling the pig girl beautiful was surely the livestock farmer's point of view. To an ordinary person, whether she was beautiful would be impossible to tell.	A girl so beloved, yet since the aim from the start was to sell her, she was sold off as meat.	It surely happens in real society too, but I am rather bad with stories like this...	Oh, I love eating meat, though. It is just that, when the point of view gets shifted like this...																								
モトキザクラ様①	167	167	Shigatsu Arc [Death Month]	st97	5	100			166	2						4			5	0	0	0	0	Okay, time to tell a ghost story	Ugh...	I am terribly sorry; actually, that was the last of my material...	You see, with scary stories I either cover my ears or try to forget them right away, so my stock of ghost stories is extremely thin...	I-if that is not enough for you, I think it would be good to advance the main scenarios! Th-those are surely much scarier than my stories!	Ugh... I should have collected proper ghost-story material for times like this...																																																						
モトキザクラ様①	168	168	Shigatsu Arc [Death Month]	st97	5	100										2			6	0	0	0	0	What kind of company does Mifuyu Niimura run?	Ah, that does not come up in the main story, so let me explain here.	At present she seems to run a security camera wholesale business in Motoki-cho.	As you saw in the Jusatsu Arc, Motoki-cho had little crime-prevention awareness and few security cameras, so Mifuyu Niimura spotted a chance there.	Having come close to committing murder herself, she perhaps came to think about Motoki-cho's safety instead.	When she started out she had no knowledge of machines or camera installation, but she founded the company aiming to make the town safe.	From there she studied all sorts of things and widened her network, and by Shiyo 800 she has even opened a Tokyo branch; business seems to be going well.																																																					
モトキザクラ様②	169	169	Shigatsu Arc [Death Month]	st98	5	100											2		2	3	3	0	0	Who is Motokizakura-sama?	As in the ghost-story scenario, Motokizakura-sama is a yokai from a Motoki-cho urban legend.	However, there are many Motokizakura-samas, and they seem to differ in whether they are good or evil.								Why did such an urban legend come about?	Do Motoki-cho residents believe in it?											Hmm... The origin of Motokizakura-sama... I had never thought about it.	But at the very least, the rumor is confirmed to have existed since Mifuyu Niimura and the others were small.	So it is quite an old story, yet for some reason it still seems widespread in Motoki-cho.							Most think of it as no more than an urban legend, but as in Natsumi Kogori's story, there really are families that worship Motokizakura-sama.	Still, worshipping something on the level of an urban legend seems a bit much to me...	Perhaps there is some deeper circumstance behind the origin of that rumor.																										
モトキザクラ様②	170	170	Shigatsu Arc [Death Month]	st98	5	100	rk109	3	169	2									3	3	5	0	0	So Motokizakura-sama was in a magazine	Ah, yes, there was a reference with that kind of description.	That a goshinboku research team in Motoki-cho was killed, and that the culprit was Motokizakura-sama.	I see, blaming a yokai for such an inexplicable case. Well, that is a common enough origin for an urban legend, I suppose.							But didn't Motokizakura-sama exist before the case?	Does /立木/ believe in Motokizakura-sama?											Um...	Ah, that is right. According to the reference, it is written as if its existence was confirmed before the case, so it may have been around much earlier.	Forgive me. For a guide to get the chronology wrong...							Hee hee hee, of course not. It is only an urban legend. Nothing more than a form of popular entertainment.	But something must have given rise to that urban legend. That trigger was a case that happened long ago in Motoki-cho.	Come to think of it, no story about that case has come up even once so far...	Well, perhaps it means it has nothing to do with this world. It may not be worth worrying much about.	It should be enough to keep it in the back of your mind.																								
死の隣人	171	171	Shigatsu Arc [Death Month]	st99	5	100											2		3	3	3	0	0	What kind of college student is Chigaya Niimura?	She is enrolled at a university in Tokyo. As of Shiyo 800 she is a third-year, and she seems to have no particular problems with her studies.	Well, as she said herself, she seems to put effort not only into her studies but also into enriching her private life.	She said her nights are spent either at drinking parties or at her part-time job.							What part-time job does she have?	What are the drinking parties like, exactly?											She seems to work in the kitchen of a family restaurant. With looks like hers, she apparently avoids jobs that put her in public view.	She once served customers at the same restaurant too, but being from Arata she knew little of the world, and customers often hit on her, so she got little work done.	She also takes gig jobs in the gaps between her university lectures, I hear. Moving work, event setup and the like.							To put it bluntly, they are activities in search of a wonderful encounter. In the story they are consistently called "drinking parties."	With looks like hers she is invited often, so she never lacks chances to meet people.	But as you know, she is a terrible drunk, so it ends at meeting; it has never once developed into anything more.																										
死の隣人	172	172	Shigatsu Arc [Death Month]	st99	5	100			171	2			st193	5					2	4	4	0	0	Why did Chigaya Niimura go to Tokyo?	She seems to have a strong interest in social welfare, and there is no faculty around the Arata settlement where she could study it.	Well, at her age, a strong longing for Tokyo is hardly unusual, I think.								Will she be a social worker?	Why welfare, I wonder?											She seems not to have decided on a future career yet, but in fact, as of April Shiyo 800, she is set to study abroad.	At a university in Northern Europe, I believe, planned for around summer.	Her future after that is unconfirmed, but I think she will return to the Arata settlement eventually.	She may have gone to Tokyo, but her attachment to the Arata settlement seems great.						I wonder... That much I cannot tell, but...	In the Arata settlement, the only one younger than Chigaya Niimura is her sister Kana Niimura, so the settlement is fated to fill up with old people eventually.	Perhaps she means to look after everyone herself in preparation for that.	Well, this is only my own idea; there is no knowing without asking her.																									
絵梨奈ちゃん	173	173	Shigatsu Arc [Death Month]	st212	5	100							st218	5		4			5	0	0	0	0	Is a new case on the way!?	Yes, it seems certain that some tragedy will occur in the Shigatsu Arc too.	Is it because the Megasawa City case was avoided, or because Natsumi Kogori and the others went to the Arata settlement...	On that, I would very much like you to see for yourself, /VAR/-sama.	One thing I can say: even compared with the Megasawa City case and the flayed-body case, there are a great many baffling points, which may be hard to grasp.	Please make good use of the references and the encyclopedia to sort out the information.																																																						
絵梨奈ちゃん	174	174	Shigatsu Arc [Death Month]	st212	5	100													3	3	3	0	0	Tell me about the cherry tree at the Niimura main house	At the Niimura main house there is a tree resembling the goshinboku in Central Park, Motoki-cho.	It is certainly a large and splendid tree, but it seems to be old, and it does not appear to have the power to trigger Natsumi Kogori's danger sense.	It still blooms with many cherry blossoms now, but there are probably only a few more years left to see them.							Are there no other cherry trees?	Why is there such a splendid tree here?											No, in the Arata settlement there is only the one at the Niimura main house.	Of course, there were originally many cherry trees, but some organization or other apparently carried them all off several decades ago.	How true that is remains uncertain, but Natsumi Kogori will probably not be able to use her danger sense in the Arata settlement.							It is said that the settlement began when the founder of the Arata settlement was drawn to those cherry trees and put down roots.	So it was not people who brought the cherry trees; one could say people gathered because the cherry trees were there.	Besides, the land of Arata has rich soil, so the founder was surely drawn by how pleasant it was to live there, too.																										
もう一つの儀式	175	175	Shigatsu Arc [Death Month]	st100	5	100							st218	5					2	3	2	0	0	Are there branches in the Shigatsu Arc too?	Yes, there certainly are. I could tell you a little more, but...	Would you like to hear?								I want to hear!	I'll pass											Understood.	In fact, you have already passed every branch point. So from here on there is no branch splitting off into another route.	Now, how about it? Can you tell where the branch points were, /VAR/-sama? Hee hee hee.							That is fine too, I think. It would be a spoiler, after all.	Of course, even if you did listen, I would not say anything that spoils your fun...																											
もう一つの儀式	176	176	Shigatsu Arc [Death Month]	st100	5	100													3	3	4	0	0	What kind of girl is Kana Niimura?	As of April Shiyo 800, Kana Niimura is 10 years old, born and raised in the Arata settlement.	Having grown up in such an environment, her physical ability seems quite high. She walks to school on that mountain road every day.	However, there are no children her age in the Arata settlement, so she seems to have spent her time mostly with her sister Chigaya Niimura.							She's a pretty crude kid, huh	Her physical ability is high?											True. Well, Kana Niimura is the only child in the settlement, so she must have been doted on as she grew up.	In turn, she often joined in the adults' talk, which is probably how she picked up crude knowledge like a drunk old man's.	But she seems to get along well with others at school, so I imagine she knows when to switch.							Yes. Since she was little she has played at hunting in the mountains with her sister Chigaya Niimura, so one could call her a wild child.	The adults hunt with guns, but children cannot be allowed to handle such things, so she hunts relying more on physical ability.	That said, not every adult in the settlement can move as well as she does.	Think of Kana Niimura as especially outstanding.																									
継承の儀	177	177	Shigatsu Arc [Death Month]	st213	5	100													4	2	4	0	0	Tell me about the witches of the Arata settlement	The witches of the Arata settlement are something like priests. Only women of the Niimura family can hold the post.	In Shiyo 800 there is the Grand Witch, Erika Niimura; the other witches are Mifuyu Niimura and the newly appointed Chigaya Niimura.	Well, though they are called witches, they have no supernatural powers; it is fine to think of it simply as a post.	They also do work like officers who run the settlement. Simply put, the Grand Witch is something like the head of a neighborhood association.						That's surprisingly normal	They don't have any supernatural powers?											Yes. Apart from the eerie name of the post, what they do is not so far beyond human understanding.	Besides, several hundred years have passed since the post of witch came about, so parts of it have probably become a mere formality.								They seem to have no power of that kind. Mifuyu Niimura, who came from outside, holds the post too, after all.	I think you may safely assume that gaining supernatural power through the succession rite is impossible.	However, there are cases like Natsumi Kogori, who has danger sense. It may be hasty to say no supernatural phenomenon at all can exist in this world.	Well, Erina Goto would think there is some scientific basis even for that power of premonition.																									
継承の儀	178	178	Shigatsu Arc [Death Month]	st213	5	100													3	3	6	0	0	Why does the Grand Witch speak Portuguese?	It is said to be the influence of Westerners who reached the Arata settlement long ago.	It is said that the concepts of "witch" and "shinigami," which did not exist in Japan at the time, also came from them.	The teachings and words of the Westerners must have come to be used as rituals just as they were.							Is Erika Niimura fluent in Portuguese?	So it's influenced by foreign countries?											No, in fact she says she does not really understand anything beyond the ritual terms either.	Well, it is probably like the nembutsu in Buddhism. Practiced so many times the mouth remembers it, while the meaning stays unclear.	So the people of the settlement should know almost no Portuguese. It is used only during rituals.							You may take it that way, but the culture of the Arata settlement is influenced not only by the West but also by Buddhism and Shinto.	The tenth-year memorial service came up before; that is said to be the influence of Shinto.	What is strange, though, is that the Arata settlement has no idol to worship. I would not find it strange for there to be one...	Was there never such a thing, or did one exist and vanish for some reason?	A polytheism like Shinto does not necessarily need idols, and even monotheisms sometimes forbid idol worship...	Well, it just struck me personally as a little strange that with so many cultures mixed together, there is not a single idol.																							
女神の亡骸	179	179	Shigatsu Arc [Death Month]	st214	5	100											2		7	6	4	0	0	How many people live in the Arata settlement?	Roughly 20 to 30 people. In households, just under 10, I would say.	The headcount is low for the number of households because in modern times more young people have left Arata to live in cities.	Eiichiro Niimura is a good example. He left Arata and built his life in Motoki-cho. Well, it is what is called depopulation.	Also, in this settlement one often sees people with the same surname in separate households.	They originally share the same ancestors, but over several hundred years the households came to split at some point, I hear.	It is common in ordinary Japanese society too. Total strangers with the same surname are nothing unusual.	The Arata settlement is a small-scale version of that: the same ancestors at root, but separate houses.			Did the family have a falling-out long ago?	Has no one moved in from elsewhere?											I wonder. Over several hundred years, branching into separate houses is hardly unusual...	But over such a long time, there surely were falling-outs of a sort.	Whether it was a big incident or a small one, I cannot tell...	I only caught wind of it myself, but I have heard that several hundred years ago some people left the Arata settlement.	Apparently there was something on which they decisively disagreed with the settlement's course.	Well, a settlement with this much history has surely seen mergers and splits.				Not many nowadays. Long ago, Westerners settled there, and people who collapsed on the road were rescued and stayed for good, I hear.	So the population seems to have been larger in the past. At its largest, about 100 people.	But nowadays no one collapses on the road, let alone moves to the Arata district, which is state-owned land. The population can only keep shrinking.	Unless someone marries in from outside like Mifuyu Niimura and settles in Arata with her child, there will be no newcomers.																									
女神の亡骸	180	180	Shigatsu Arc [Death Month]	st214	5	100			179	2									3	3	2	0	0	How many people stay in the settlement?	As of Shiyo 800, nearly all the residents stay in the settlement. The outflow from Arata I mentioned was most noticeable in the Shiyo 750s and 760s.	That is because by around Shiyo 770 there were no longer enough people to leave; the children then were just Eiichiro and Kotaro Niimura and the late Sakura Niimura.	Probably, as the population shrank, the will to protect the settlement themselves grew stronger.							Do people who left long ago come back for funerals?	So a lot of people now are attached to the settlement											No, nowadays even their whereabouts seem unknown. As you know, it is a settlement with a bit of a dark side, and quite a few left because they hated that.	So even while people from the settlement are alive, some never show themselves in Arata again. Effectively, they have cut ties.	Well, in that case, those who cut ties are very unlikely to be involved in cases tied to the Arata settlement. They left because they hated it.							Indeed, now it seems only people who love the Arata settlement live there.	There are exceptions like Mifuyu Niimura and Chigaya Niimura, but their lives are simply based outside; their attachment to Arata seems unchanged.																											
しがつの呪い	181	181	Shigatsu Arc [Death Month]	st215	5	100							st227	12					2	6	5	0	0	Is Sakura Niimura's death central to the Shigatsu Arc?	/VAR/-sama, a superb observation. That is exactly right.	Sakura Niimura's death eventually covers this Arata settlement in a menacing air. This is what lies at the heart of the tragedy this time.								Is it connected to the Megasawa City case?	Why does it involve the Motoki-cho group?											…………。	Well, I think this much is all right to tell, so shall I share a little?	As you saw, Mifuyu Niimura confessed to Erika Niimura what happened in Megasawa. Sakura Niimura overheard, ran out of the settlement, and was found dead.	Naturally, in the routes where the Megasawa City case happened, Mifuyu Niimura would not have made such a confession.	In other words, when the Megasawa City case occurs, there was nothing to make Sakura Niimura run out of the settlement and die.	Hee hee, that is all I can say. I hope it helps you even a little, /VAR/-sama.				What a person comes to fear is subjective. It depends not on others' will but on the will and values of the one who feels fear.	Do you understand what that means?	Because of values hard for us to grasp, people grow hostile toward things that would not normally frighten anyone, and in time it grows into a major case.	The Motoki-cho group may have elements that are seen as dangerous in that way.	Hee hee, that is all I can say.																								
しがつの呪い	182	182	Shigatsu Arc [Death Month]	st215	5	100	rk230	3										2	3	4	9	0	0	How did the old people kill themselves?	It seems to have varied a great deal.	Alone deep in the mountains, some slit their own throats, some fell from cliffs to their deaths.	What is certain, though, is that it was not the doing of settlement people. Given the times and methods, settlement people were in no position to do it themselves.							Weren't there any simple hangings?	Isn't it weird that everyone is cleared every time?											Hanging...?	I see, hanging is the standard method of suicide. Certainly, if one means to kill oneself, it takes less trouble...	Was there some reason they could not hang themselves, or should the judgment of suicide itself be reconsidered...	Either way, the manner of death is certainly a little baffling. It may be worth keeping in mind.						I see, now that you mention it...	There are two questions I have. One is that everyone has a solid alibi.	The other is that they killed themselves at a time when everyone had an alibi.	Dying at precisely a moment when everyone has an alibi seems somehow too perfect...	Come to think of it, this resembles the Megasawa City case. Mifuyu Niimura tried to establish an alibi using the funeral and the Kogori couple.	I do feel it is hasty to think of them as mere suicides after all...	This seems to be a big loophole, a question that cannot be filled. Strange for a suicide, yet no one could have killed them. So it has to be called suicide.	If someone unknown to anyone were hiding and that person were the culprit, it might work...	Well, living deep in the Arata mountains all that time without anyone knowing may be a stretch in itself.																				
助っ人	183	183	Shigatsu Arc [Death Month]	st216	5	100					182	2						1	5	6	9	9	9	I want to exchange more views on the old people's suicides	Understood.	I said that "it is too perfect to call suicide."	Suicides happening every time at a moment when everyone has an alibi seems a little impossible to me.	As I thought, I cannot consider them suicides.	What do you think, /VAR/-sama?					I still think they're suicides	Everyone in the settlement was in on it and killed them	Someone nobody knows is hiding	It's a supernatural phenomenon									I see, so that is how you see it, /VAR/-sama.	Certainly the settlement people, Erika Niimura first among them, must have suspected murder at some point too.	But that explained nothing, so by elimination they had no choice but to judge it suicide.	It is a passive judgment, but suicide does make sense too.	If so, what bothers me is the motive for suicide. Whether there was a clear reason, as with Sakura Niimura.	Well, that is literally a case of dead men telling no tales. The truth will be hard to learn.				Everyone in on it...! I see, then...!	No, wait a moment, please.	The suicides began around Shiyo 740, I believe. That means that by Shiyo 800, everyone would be killing everyone.	So everyone will eventually be killed by settlement people. Not only oneself, but one's family too.	An example would be something like ubasuteyama. Once you are old, you must die.	But even if the settlement had a custom requiring old people be killed, making a fuss of calling it suicide seems odd...	Even if, as you say, /VAR/-sama, the settlement is in on killing the old, perhaps it is not everyone but only some of them.	You see, Erika Niimura said so, didn't she? That there is no telling what goes on beneath the surface.	Hmm, a group murder by the settlement... Quite interesting.	Someone unknown is hiding... I see...	The Arata district is vast, so if someone were hiding there, they might be able to live without being noticed.	Besides, Arata has a custom called the mountain seclusion. A rite of passage in which a woman shuts herself in the mountains for a year to train.	If one has been through the mountain seclusion, one cannot rule out that someone gone from the settlement lurks in the mountains and kills the old.	Hmm, if so, at a time when everyone has an alibi, they lure or carry off the victim to a convenient place and kill them...	Hmm... Even if it is someone's doing, they are remarkably efficient...	Perhaps they are using that drug. Then they could snatch people away in an instant without being seen.	If so, what are they doing it for...	As you say, /VAR/-sama, the theory that a hidden someone did it deserves consideration.	A supernatural phenomenon...	I see, for an unknown phenomenon that conclusion is only natural.	Then not only the suicides but Sakura Niimura's death, and the murders across ten years, might also be supernatural...	If so, one might say it is beyond prevention. To end it, there would be nothing for it but for the settlement to be emptied of people―	Hm? Then does it happen because there are people in the Arata settlement? Without people, there could be no suicides or murders...	Say the settlement is fairly modern, and TV or cell signals interfere with something and send people signals urging suicide...	Ah, no, perhaps I am stretching it too far.	Even if it is supernatural, there must be a reason. If we could get to the bottom of it...	…………。		
助っ人	184	184	Shigatsu Arc [Death Month]	st216	5	100											2		4	4	6	0	0	Why did Mifuyu Niimura go out of her way to confess about Megasawa City?	As was said, it seems she meant to speak honestly about the breach of the rules she had committed.	In particular, she asked Erika Niimura not to hold Sakura Niimura to account for it.	However, from that conversation, it seems there was no such confession in the routes where the Megasawa City case happened.	In other words, it is fair to say that Erika Niimura truly knew nothing of the involvement in the Megasawa City case.						If she hadn't confessed, Sakura Niimura wouldn't have died?	So Sakura Niimura's death was a coincidence?											Probably so. At the very least, she would never have run out of the settlement and tried to kill herself.	So I think there is no problem in telling you this...	In the routes where the Megasawa City case happened, that is, the Jusatsu Arc and the Meicho Arc, Sakura Niimura is alive.	Whether Sakura Niimura was involved in the later cases is unclear...						That is how it would be. She learned of Mifuyu Niimura's confession, could not bear the guilt, and ran out of the settlement.	Had Mifuyu Niimura not made that confession, Sakura Niimura would not have died.	But it is odd. Mifuyu Niimura said Sakura Niimura had turned down her request for support.	If Sakura Niimura truly was not involved, hearing the confession would give her no reason to kill herself...	Then does it mean Sakura Niimura was involved somewhere that was left untold?	Hmm... Something smells a little fishy...																							
『起』	185	185	Shigatsu Arc [Death Month]	st217	5	100					183	1							4	5	6	6	0	Think further on the possibility that 'they really are suicides'	Hmm, if we dig deeper into the possibility of suicide...	That everyone kills themselves should be seen less as 'wanting to die' than as having no choice but to die.	But where the cause lies is known only to those who killed themselves, and even Erika Niimura, the oldest, seems not to know.	What do you think, /VAR/-sama?						I still think it's an endemic disease that makes people suicidal	They realize why they must die in the spring they turn 75	No more suicides will happen, so the reason will never be known										I see, so we return to the first hypothesis. An endemic disease that drives people to suicide...	There are even things like parasites that control the will of their host. If such a thing caused the endemic disease...	Would they kill themselves even after fleeing the settlement? Or would the parasites vanish once they escaped the settlement...	Nothing can be said for now, but to borrow Erina Goto's words, one can 'force a hypothesis to fit and correct it later if it is wrong.'	For now I think it is not a mistake to think along those lines.					Oh, they realize why they must kill themselves in the spring they turn 75...	If so, the age of 75 is the keyword. What on earth does 75 mean...	Simply put, it is "late-stage elderly," but physical aging varies by person, so aging is probably unrelated.	Then it is the number 75. I have no information on it so far...	Did we overlook something?	It is hard to get past guesswork.				I see. Indeed, it switched from suicide to murder. Shiyo 791 should have been the first clear murder.	If for some reason the factor driving suicide disappeared, then murder―	Hm? Then that means someone was egging on the suicides, right?	Then this is not suicide after all. Even if it was suicide, someone must have existed who controlled its cause.	If we could make contact with that someone, the reason for the suicides would become clear, but...	Does such a person really exist, and what was their method? It is extremely interesting.														
『起』	186	186	Shigatsu Arc [Death Month]	st217	5	100					183	2							7	7	8	8	0	Think further on the possibility of 'group murder by the settlement'	As I said earlier, if the whole settlement did it, there are two ways to think. Either everyone is in on it, or it is the work of some group.	If everyone is in on it, it is like ubasuteyama. Then making a fuss about suicide is itself nothing but a farce.	But if it is the work of some people, that changes things. That is plain murder.	If several people did it, they could split roles as lookout and kidnapper and build alibis.	But probably, nine times out of ten, Erika Niimura is innocent. If guilty, saying such things to the Motoki-cho group, outsiders, would be very dangerous.	Even so, there must be someone leading it. A leader who kills and makes it look like suicide.	Who do you think is leading it, /VAR/-sama?			Someone in the Niimura family	Residents outside the Niimura family	Someone from outside the settlement										Someone in the Niimura family, then...	The one who could be the ringleader would be Kotaro Niimura, I suppose.	Certainly there are all sorts of unsavory rumors about him. Even taking them as separate from the curse-killings since Shiyo 791.	But suicides were rampant even before he was born in Shiyo 758, so has he taken over and been killing the old people...	Hmm... In that case there must have been a clear reason to kill the old since before he was born. Information only part of the settlement could know.	If Erika Niimura is innocent, how would her son Kotaro Niimura have come to know it?	It looks to be a deep-rooted story.			People outside the Niimura family, I see...	Then, at the very least, the Niimura family would be isolated from the settlement.	Could the aim be to bring down the family that represents the settlement?	If so, the cause would be the very existence of the Niimura family.	The Niimura family's existence harms the other residents. If they ruin the leading family's credibility through suicides and murders, and seize authority over the settlement...	The possibility cannot be ruled out.	Then we must think about why the Niimura family is in the way. Whether there is some special factor...	The view gets murky from here, so it is best to continue the analysis with the references and the encyclopedia.		Someone from outside the settlement, you say. But that―	No, that possibility is entirely plausible.	The Arata district is state-owned land, and outsiders are basically not permitted to enter.	Besides, rare plants and animals thrive in the Arata district, so one could say it is special to the state as well.	So the state kills the residents in its way, perhaps to remove them and freely obtain the plants and animals.	Then the culprit's aim is to drive the people out of the settlement. And to make free use of the mountains of the Arata district.	It is the place where that drug originates, in particular. I very much doubt the state would just stand by and look away.	We have come to quite an interesting analysis. A crime by someone outside the settlement. It is by no means something to make light of.												
『死んでいる』死体	187	187	Shigatsu Arc [Death Month]	st218	12	100					183	3							4	6	6	5	0	Think further on the possibility that 'someone in hiding is the culprit'	If it is the work of someone in hiding, then, as I said earlier, they are most likely lurking in the mountains.	Considering the mountain seclusion, a rite of passage, staying hidden in the mountains is not impossible either.	In that case, what we should consider is why they kill while making it look like suicide, and why they lurk in the mountains.	What do you think, /VAR/-sama?						A yokai lives there	An undiscovered tribe lives there	Animal attacks										A yokai... I see...	Then it may no longer be a situation people can handle. The murders since Shiyo 791 are probably that yokai's doing too.	A yokai lives where nature remains, and kills because it wants to drive away the humans in its way.	Killing while making it look like suicide had no visible effect, so next it switched to blatant murders that stir up more fear: the curse-killings.	Yes, that was just an example of a reason, but it makes things somewhat clearer.	Then will the time come to face the yokai one day? Hee hee hee, I look forward to it already.				An undiscovered tribe...? That idea never occurred to me.	In a place as deep in the mountains as the Arata district, an undiscovered tribe living there is not out of the question.	Finding the Arata settlement in their way, they have kept killing people for decades.	If so, will the Arata residents, with their strong sense of self-defense, also take up arms and fight?	If that tribe knew of the Arata settlement residents and made it look like suicide because an open fight would bring many casualties...	Yes, that is possible too. Your point of view was quite refreshing, /VAR/-sama.				Animal attacks... You mean the work of bears or wild boars.	Hmm... But...	Then the falls to their deaths aside, the cases of slitting one's own throat with a blade cannot quite be explained...	I am sorry to reject your opinion, /VAR/-sama, but calling it the work of beasts seems a bit of a stretch.	Still, such an outlandish idea will surely be useful somewhere. Do not hold back; please consider all sorts of possibilities.															
『死んでいる』死体	188	188	Shigatsu Arc [Death Month]	st218	12	100					183	4							5	6	8	6	9	Think further on the possibility of 'a supernatural phenomenon'	If it is a supernatural phenomenon, the place called the Arata settlement itself must hold the conditions for it.	It is probably something unknown, but if that were the reason it was designated state-owned land...	The Arata settlement might be a geographically very dangerous place.	To begin with, it is a place that makes drugs like a doping drug. If the ingredients are there, it is clear it is no ordinary place.	What danger do you think the Arata settlement holds, /VAR/-sama?					Poison gas that drives murder and suicide is leaking out	There's something wrong with the food	The Niimura main house's goshinboku is suspicious	Strange signals are given off, and every case is an illusion									Hmm, poison gas that drives suicide and murder... And it appears every April.	Then there must be a vent somewhere. And that vent opened around Shiyo 730.	Then there is nothing left but to flee the settlement or plug the hole. It is not a problem deduction can solve.	At times like this, since it is state-owned land, I think the state ought to take proper safety measures...	Well, this is going a bit far, but the state may be using the people of Arata to keep studying the gas's effects.	Either way, the state must be hiding something. Otherwise there is no point in making it state-owned land.				The food... I see. That is certainly conceivable.	The food in Arata is so delicious they cannot leave, and its components build up in their bodies until eventually...	Then some mutation may already be showing in the Motoki-cho group too. Only not yet manifest, but already quietly...	By the way, do you know yomotsuhegui? In Japanese mythology, eating the food of the afterlife makes one unable to return to this world.	The Arata settlement, in a sense cut off from the world. If its food counted as yomotsuhegui...	Hmm, that would truly be a supernatural phenomenon.	Then many of the characters may no longer be people of this world.	Not that it is right for me, the guide of this world, to say so.		The Niimura main house's goshinboku... I see...	A single splendid tree, like the goshinboku of Motoki-cho. It is certainly an anomaly.	If we consider that it might be doing some harm―	I believe there was something in the references or the encyclopedia about cherry pollen containing drug components.	I see, I cannot rule it out. The cherry tree of the Niimura main house as the root of it all...	Ah, if you do not remember anything about the cherry drug, please look through the references and the encyclopedia once.				That is another outlandish idea. Everything is an illusion, and the cases never existed.	Brain-harming signals come from somewhere in the Arata settlement and cause hallucinations. So the deduction is that no cases happened...	I quite like this sort of thing. Not quite a narrative trick, but following the scenarios subjectively means seeing illusions, so even we can hardly see the truth.	But to an onlooker, it is just an illusion.	I see, I do like that kind of twist ending after all.	Then perhaps deduction is no longer needed. No cases have happened, after all.	…………。	If nothing had happened... Then how much―	Ah, no, I was talking to myself.		
もう一つの儀式	189	189	Shigatsu Arc [Death Month]	st100	8	100	rk113	3					st227	12				3	8	8	7	7	0	Why was Natsumi Kogori killed in the first route of the Shigatsu Arc?	That route has no epilogue, so the purpose of the killing is unclear, but...	Going over the sequence again: Kana Niimura appeared, gravely wounded and near death, and right after, Chigaya Niimura appeared covered in blood.	Then Chigaya Niimura was cut down from behind by what seemed to be residents, and Natsumi Kogori fell prey to them too.	Seen this way, the background seems more complex than one might think. Natsumi Kogori, though, seems to have been killed as 'the witch who brings the curse.'	Judging from Reference No. 124 'The Gathering,' it seems the settlement residents gathered and committed that crime together.	If so...	Chigaya and Kana Niimura's injuries may have little to do with Natsumi Kogori's killing. The reference said nothing about the sisters...	What do you think, /VAR/-sama?		They blamed Natsumi Kogori for the Niimura sisters' deaths	It's connected to Natsumi Kogori's danger sense	The residents were simply wary of outsiders										I see, so there are things the reference does not tell.	The Niimura sisters were gravely wounded for some reason, and the residents who noticed killed Natsumi Kogori to protect themselves.	If so, there must have been something that made them see Natsumi Kogori as the root of it. A reason to call a girl they had never met evil...	If I had to guess, did they judge her 'the witch who killed Eiichiro Niimura,' just as Mifuyu Niimura had believed?	There seem to be many inconsistent points...	If so, is this the settlement's temperament? With suspicious murders for ten years, they may have run wild trying to remove a source of unease.	But... why were the Niimura sisters injured like that in the first place...	It does seem to run very dark.		Natsumi Kogori's danger sense...? Hmm, that is certainly Natsumi Kogori's own ability―	No, Sakura Niimura was also said to have a similar ability. If so...	Some think the curse-killings come from Sakura Niimura's curse. And what causes that curse is a witch's power: one who has danger sense.	So they saw Natsumi Kogori as a danger and killed her.	The residents also said things that showed hatred for Natsumi Kogori, so I think it is by no means far-fetched that they killed her out of that belief.	Ah, but the word 'witch' probably has nothing to do with the settlement's post. The 'witch' of the post and the 'witch' of danger sense are separate things.	Let me add that, just to be sure.			Hmm, if they were simply wary of outsiders, then Erina Goto, an outsider as well, would have been killed too.	Well, in a place where curse-killings have gone on for ten years, when strangers came in April, the residents must have been frightened.	That the residents knew of them means that at the least there was word from Erika Niimura that 'outsiders are coming to the memorial service.'	Whether that is related is a difficult question.	But then the matter of the Niimura sisters bothers me. And Kana Niimura said, "Big Sis betrayed me"...	So could one say Chigaya Niimura was the cause of something...	This may be worth digging into a little more. Let us discuss it under another topic.													
もう一つの儀式	190	190	Shigatsu Arc [Death Month]	st100	8	100			281	2							2		3	3	4	0	0	How much do you like me now?	Huh?	Ah, come to think of it, I talked a little about affection before.	This sort of thing is rather hard for me to say...							Then never mind	Tell me, even just a little											Um...	I am sorry, and thank you for your consideration.	But at least I can say it is not 'low.'							Um, then...	Just a little hint, so to speak... If I were to say it...	My affection for you right now, /VAR/-sama, is /好感度/.	But I cannot tell you the maximum value. It is a little embarrassing...																									
秘密基地	191	191	Shigatsu Arc [Death Month]	st219	5	150			190	2					1				9	8	9	9	8	Want me to tell you my affection for /立木/ in return?	Huh?	/大文字//揺れ/Whaaaat!!??	W-wait a second! That's super scary!	I mean, I look like this, and I'm not even sure I'm guiding you properly...	B-but if you say you want to tell me, /VAR/-sama...	O-okay! Lay it on me! What do you think of me!?	Ah, my affection for you won't drop just because you were honest...	Th-then, once more...	Wh-what do you... think of me?	Not my type	You're okay	I like you a lot	Actually, I won't say									Ahh, uuu...	I knew it... A greenhorn like me, dressed like this. It was shameless of me to hope you'd like me, /VAR/-sama...	Well, sure, I never meant to flatter you or butter you up, /VAR/-sama. I have to guide you from a neutral position...	Ahh, but I guess I'm just not attractive, as a guide or as a woman...	Haah...	Ahh... It's surely this wishy-washy attitude that makes you say I'm not your type, /VAR/-sama...	Uuu... I'll work hard... So please don't abandon me...	Phew...		O-okay!?	Um... that's the hardest one to react to...	I mean, then you didn't need to bring up your affection for me at all!	Could it be, /VAR/-sama...	You're enjoying watching me fluster like this...?	If so, /VAR/-sama, you're really mean...	Ahh, but it's way better than being told flat out you hate me. That would really sting...	Right, okay means I'm keeping my place as a guide! Good, I'll take it positively!	/VAR/-sama, please keep treating me well as the okay Mika Tachiki.	Ah...	Thank you very much.	Um, what do I do...	No, well, somewhere in my heart I was hoping you'd say that...	But now that you've actually said it, I don't know how to react...	Ah, no, I'm really happy, you know!? You said you like me a lot and I'm super happy, you know!?	But... I'm surprised myself that I'm this embarrassed. That you'd say you like me...	/VAR/-sama... I like you too, /VAR/-sama.	Ahh, geez, what are you making me say! Okay! That's it! This topic's over! The end! Finished! Done! Complete!	/転倒/Wham!	/起きる/............	Wait a second... That really made me fall over...	Uuu, I want to hear it and I don't...	U-understood. If your feelings have changed, /VAR/-sama, I will say nothing more.	But...	That's not fair, /VAR/-sama...	/小/Uuu... I really want to know... but it can't be helped...			
秘密基地	192	192	Shigatsu Arc [Death Month]	st219	5	100					189	3	st227	12			2		7	8	7	8	0	What did Chigaya Niimura do in the first route of the Shigatsu Arc?	Then let us analyze Chigaya Niimura's actions in the first route of the Shigatsu Arc more deeply.	Since Kana Niimura said, "Big Sis betrayed me," we can assume Kana Niimura's grave wounds were almost certainly caused by Chigaya Niimura.	As Haruka Niimura said, it also bothers me that she "never showed herself after the succession rite"; the sisters probably had some trouble then.	Since Chigaya Niimura seemed injured too, perhaps it was far too violent to call a sisters' quarrel. One that escalated into trying to kill each other.	But that does not mean we can make Chigaya Niimura the villain one-sidedly. If Kana Niimura tried to do something inhuman and she went to stop her...	For Chigaya Niimura said, just before she was killed, "There was no other way."	That is my view. What do you think, /VAR/-sama?			Kana Niimura was trying to do something bad	Chigaya Niimura was trying to do something bad	They were trapped by other residents										You seem to share my opinion, /VAR/-sama. That is, Chigaya Niimura tried to stop Kana Niimura from doing something inhuman.	But what bothers me is: would Kana Niimura, only 10 years old, act like that on her own? I find it a bit baffling.	In other words, what I mean is that someone may have put Kana Niimura up to it.	As you saw, Kana Niimura has great physical ability. If someone led her astray into doing evil, she would be a truly dangerous presence.	So in that case there must be a mastermind. And someone Kana Niimura would obey without doubt.	Then Erika Niimura or Kotaro Niimura becomes suspicious.	Hmm... What on earth was Kana Niimura trying to do...	If we can solve this, we may get closer to solving the curse-killings.		I see, the opposite of my view, then.	If Chigaya Niimura was trying to do something bad, then Kana Niimura fought hard to prevent it.	And the residents who learned of Chigaya Niimura's misdeed finished her off. Hmm, that certainly makes sense.	Then I also wonder why the residents killed Natsumi Kogori too. It is probably related to Chigaya Niimura's actions...	If the residents were wary of outsiders, perhaps they assumed Chigaya Niimura's misdeed was due to Natsumi Kogori's presence.	What on earth was Chigaya Niimura trying to do? If we knew that...	But it is hard to get past speculation.			A trap by residents... I see, an interesting viewpoint.	For example, some resident tells the Niimura sisters who the culprit of the curse-killings is, and both try to capture that culprit.	But through some mistake, or a trap, each sister came to believe the other was the culprit. And it escalated into trying to kill each other.	Then the residents killed the sisters so they could not testify. Hmm, nothing unnatural about the sequence.	Then why does that lead to killing Natsumi Kogori?	To me, the sisters' and the residents' actions do not fit. If the sisters and the residents had entirely separate aims...	Hmm... Widening the discussion further gets rather troublesome.	For now, please take it as one piece of information.												
目隠し	193	193	Shigatsu Arc [Death Month]	st220	5	100			190	2								1	2	7	5	0	0	Does anything good happen if /立木/'s affection goes up?	Um...	Well, I think I could take on topics that would normally be hard to talk about. Even for a guide, there is a relationship of trust, or something like that...								Nothing else good?	Like me more!											Something else good...?	Hmm, it is about myself, but if I may give an objective view...	If you and I were ever to fall out in some way, /VAR/-sama, I think various outcomes would change depending on how much I trust you.	This makes me sound like a very unpleasant woman, but one could say affection = trust. If you wish to build a good relationship with me―	Ahh, saying it like that is no good after all! Here I am saying such arrogant things...	You may have taken offense, but as long as you are in this world, /VAR/-sama, the trust between us should matter.	Well, um... I would be glad if you could generously accept it as that kind of thing.			Huh? Ah, yes...	Then, um, this is a little embarrassing, but...	I get lonely quite easily, so, um... if you would talk with me a lot...	People around me say I am a simple person, so the more you pay attention to me, /VAR/-sama... the more I would... like you...	Uuu, it is embarrassing after all...																								
目隠し	194	194	Shigatsu Arc [Death Month]	st220	5	100					193	1				3			6	0	0	0	0	For building trust, doesn't /立木/ keep a lot of secrets?	Ah... um...	You have hit a bit of a sore spot...	It is true I said trust between you and me matters, /VAR/-sama, but I do have secrets that could damage that trust.	However, I am sorry. Regardless of trust, I simply cannot speak of this.	You may think it is a trust that depends on your efforts, /VAR/-sama...	I am truly sorry. On this alone, I would be grateful for your understanding.																																																					
10年前の当事者	195	195	Shigatsu Arc [Death Month]	st221	5	100													6	7	6	0	0	How is 'jusatsu' for murder related to 'Jusatsu' in the Jusatsu Arc?	To review: in the Arata settlement, the word 'jusatsu,' curse-killing, is used as a euphemism for murder.	In that sense, the Jusatsu Arc was probably named so because many murders occur in it.	A name like 'Murder Arc' would feel a little dumb, too.	As for how murder came to be called 'jusatsu,' I have no detailed information either...	However, a legend remains in the Arata settlement that 'murders by cursed ones occurred frequently.'	Perhaps that is where it comes from.				Who are 'the cursed ones'?	Arata really isn't a normal place...											It is only at the level of legend, so I can speak only by guessing...	As you know, the Arata settlement has a concept called 'shinigami.'	A shinigami carries the living off to the other world. If someone died that way, it could be seen as a curse, depending on how you look at it.	In other words, one might say murders by the dead happened long ago...	But then the dead would be moving around like the living.	The dead walking around, there is no way that could...	…………。			Hmm, indeed. There are certainly many ways it differs from the ordinary world.	However, the people themselves live just like modern people. This is my subjective view, but the residents surely wish to live normally, just like the rest of the world.	One could think Arata holds something that interferes with that.	Surely that interfering factor is closely tied to the curse-killings and the rest.	You may think they should just move away from such a place, but the people of Arata are deeply attached to the land passed down for generations, so it may be hard.	Rather than run, they bring peace to the land of Arata by their own strength. One for all, all for one. That way of thinking is rooted there.																							
10年前の当事者	196	196	Shigatsu Arc [Death Month]	st221	5	100							st232	5					2	3	5	0	0	Who is Shirozaki?	His full name is Kengo Shirozaki. A resident of the Arata settlement, about 50 years old as of Shiyo 800, I believe.	Like the Niimuras, his is a long-standing family line, and the family trade is blacksmithing. Kengo Shirozaki in particular is said to have skill rarely seen in recent years.								Someone like that took part in murder?	What does a blacksmith make?											From the exchanges so far, there is no doubt he took part in murder.	But whether he took part willingly―	There should be a reference from his point of view, so it would be good to check that.							He makes blades and blunt weapons, nata and maces among them.	And not only that; the settlement's Noh masks are his work too.	Besides being used in the settlement, they are sold to the outside world to fund the settlement. His wares fetch high prices, I hear.	Nata and maces have appeared as weapons so far, and surely some of them were made by his hand.	How he feels about that, I cannot tell...																								
不可解な意思	197	197	Shigatsu Arc [Death Month]	st222	5	100											2		3	3	3	3	3	Arata settlement review quiz! 1	Now then, shall we review in quiz form, to go over everything so far?	/出題/Here is the question.	As of Shiyo 800, how many people live in the Niimura main house?							3 people	4 people	5 people	6 people									/正解/Splendid! That is correct!	Those who live there are, from oldest: Erika Niimura, Kotaro Niimura and Kana Niimura, 3 people.	Many people appear, but surprisingly few actually live there.							Too bad, that is incorrect... /不正解/	Those who live there are, from oldest: Erika Niimura, Kotaro Niimura and Kana Niimura, 3 people.	As of Shiyo 800, Chigaya Niimura lives in Tokyo and comes home when she has business.							/不正解/Too bad, that is incorrect...	Those who live there are, from oldest: Erika Niimura, Kotaro Niimura and Kana Niimura, 3 people.	As of Shiyo 800, Chigaya Niimura lives in Tokyo and comes home when she has business.							/不正解/Too bad, that is incorrect...	Those who live there are, from oldest: Erika Niimura, Kotaro Niimura and Kana Niimura, 3 people.	As of Shiyo 800, Chigaya Niimura lives in Tokyo and comes home when she has business.								
不可解な意思	198	198	Shigatsu Arc [Death Month]	st222	5	100			197	2							2		2	2	2	3	2	Arata settlement review quiz! 2	Now for the next review quiz.	/出題/What language does Erika Niimura speak during rituals?								Japanese	English	Portuguese	Spanish									/不正解/Too bad, that is incorrect.	The language spoken during rituals is Portuguese. It comes from the influence of Westerners who settled there long ago.								Too bad, that is incorrect. /不正解/	The language spoken during rituals is Portuguese. It comes from the influence of Westerners who settled there long ago.								/正解/Correct! Splendid!	Yes, the language used during rituals is Portuguese.	However, only the ritual terms survive today, so Erika Niimura herself does not seem to understand the meaning of the words deeply.							Too bad, that is incorrect. /不正解/	The language spoken during rituals is Portuguese. It comes from the influence of Westerners who settled there long ago.									
お守り	199	199	Shigatsu Arc [Death Month]	st223	5	100			198	2							2		2	3	3	3	2	Arata settlement review quiz! 3	Now for the next review quiz.	/出題/Which of the following does 'not' have blue eyes?								Chigaya Niimura	Kana Niimura	Sakura Niimura	Kotaro Niimura									Too bad, that is incorrect. /不正解/	Sakura Niimura was born with blue eyes, and so were her daughters, Chigaya Niimura and Kana Niimura.	Nothing says Kotaro Niimura's eyes are 'not blue,' but by elimination we know he alone does not have blue eyes.							Too bad, that is incorrect. /不正解/	Sakura Niimura was born with blue eyes, and so were her daughters, Chigaya Niimura and Kana Niimura.	Nothing says Kotaro Niimura's eyes are 'not blue,' but by elimination we know he alone does not have blue eyes.							Too bad, that is incorrect. /不正解/	Sakura Niimura was born with blue eyes, and so were her daughters, Chigaya Niimura and Kana Niimura.	Nothing says Kotaro Niimura's eyes are 'not blue,' but by elimination we know he alone does not have blue eyes.							/正解/Splendid! That is correct!	Kotaro Niimura's eyes are black, and Sakura Niimura's are both blue. Her daughters Chigaya and Kana Niimura have odd eyes of blue and green.									
お守り	200	200	Shigatsu Arc [Death Month]	st223	5	100			199	2							2		2	4	2	2	2	Arata settlement review quiz! 4	Now for the next review quiz. This one is a little difficult.	/出題/What is the name of the shochu Chigaya Niimura offered Haruka Niimura?								Shochu 'Shinigami' made with the spring water 'Witch'	Shochu 'Hannya' made with the spring water 'Shinigami'	Shochu 'Shinigami' made with the spring water 'Arata'	Shochu 'Arata' made with the spring water 'Hannya'									/正解/Correct! Splendid!	It is the secret-stock shochu 'Shinigami,' made with Arata's famous spring water 'Witch,' and its label shows a hannya mask.	The name and label are very sinister, but it is said to be an irresistible gem for lovers of drink.	However, it is not for sale, so it is a drink you can only taste in the Arata settlement.						Too bad, that is incorrect. /不正解/	'Shinigami,' 'Witch,' 'Hannya'... the names are all rather confusing, but it seems it was made with a fair amount of care.								Too bad, that is incorrect. /不正解/	'Shinigami,' 'Witch,' 'Hannya'... the names are all rather confusing, but it seems it was made with a fair amount of care.								Too bad, that is incorrect. /不正解/	'Shinigami,' 'Witch,' 'Hannya'... the names are all rather confusing, but it seems it was made with a fair amount of care.									
手のひら	201	201	Shigatsu Arc [Death Month]	st224	5	100			200	2							2		2	2	3	2	2	Arata settlement review quiz! 5	Now for the next review quiz. This one is quite difficult.	/出題/How did Erika Niimura get the Motoki High School uniform she wore for her impression of Erina Goto?								A clothing shop in Motoki-cho	Mail order from the Motoki Bishojo Appreciation Society	An online auction	Borrowed from Haruka Niimura									Too bad, that is incorrect. /不正解/	A Reference describes this, so if you are interested, please check it there.								/正解/Correct! You are quite the devotee, /VAR/-sama!	The Motoki Bishojo Appreciation Society, to which Daijiro Ise belongs, sells uniforms handed down by graduates for 2,000 yen apiece.	Anyone with an internet connection can buy one, so if you are interested, please do, /VAR/-sama.							Too bad, that is incorrect. /不正解/	A Reference describes this, so if you are interested, please check it there.								Too bad, that is incorrect. /不正解/	A Reference describes this, so if you are interested, please check it there.									
手のひら	202	202	Shigatsu Arc [Death Month]	st224	5	100			201	2							2		2	4	2	2	2	Arata settlement review quiz! 6	Now for the next review quiz. This one is very difficult.	/出題/Which question did Kana Niimura 'not' ask when she first met Erina Goto?								Birthday	Sitting height	Average body temperature	Blood pressure									/正解/Wonderful! You are a true devotee!	She also asked about height, weight, cup size, waist and so on.	Kana Niimura asked nothing but questions about the body, and did not ask anything as simple as a birthday.	Really, Kana Niimura thinks like a middle schooler, or like a dirty old man...						/不正解/Too bad, that is incorrect. It was difficult after all.	The hint is that 'they were all questions about the body.'								/不正解/Too bad, that is incorrect. It was difficult after all.	The hint is that 'they were all questions about the body.'								/不正解/Too bad, that is incorrect. It was difficult after all.	The hint is that 'they were all questions about the body.'									
伏兵	203	203	Shigatsu Arc [Death Month]	st225	5	100			202	2							2		2	3	2	2	2	Arata settlement review quiz! 7	Now for the next review quiz. This one is extremely difficult.	/出題/What did Chigaya Niimura shove into a man's mouth at a drinking party?								A beer bottle	A chili pepper	A finger	Dry ice									/正解/Wonderful! You remembered even the fine details!	When Chigaya Niimura gets drunk, it seems she tries to force men to drink.	Because of that she has no luck finding a good match, and they say no man ever speaks kindly to her a second time.							/不正解/Too bad. Perhaps that one was a little mean.	The answer is in a photo that a friend of Chigaya Niimura's sent to her.								/不正解/Too bad. Perhaps that one was a little mean.	The answer is in a photo that a friend of Chigaya Niimura's sent to her.								/不正解/Too bad. Perhaps that one was a little mean.	The answer is in a photo that a friend of Chigaya Niimura's sent to her.									
伏兵	204	204	Shigatsu Arc [Death Month]	st225	5	100			203	2									2	2	3	2	2	Arata settlement review quiz! 8	Now for the next review quiz. This is the hardest one.	/出題/What is the title of the anime Erika Niimura watched with the previous Grand Witch?								Mask of the stars, Star Mask!	Warrior of love, Infinity Love!	Little witch, Magic Girl!	Dark beauty, Black Heart!									Too bad, that is incorrect. Perhaps that one really was too difficult... /不正解/	A Reference describes it, if only briefly. Please do check it.								/正解/Correct! /VAR/-sama, you are simply too wonderful!	Yes, the name appears in the catchphrase Erika Niimura imitated.	It seems it was the previous Grand Witch who drew Erika Niimura into the world of anime and cosplay.							/不正解/Too bad, that is incorrect. Perhaps that one really was too difficult...	A Reference describes it, if only briefly. Please do check it.								/不正解/Too bad, that is incorrect. Perhaps that one really was too difficult...	A Reference describes it, if only briefly. Please do check it.									
禁断の果実	205	205	Shigatsu Arc [Death Month]	st226	5	100			184	2									2	3	7	0	0	Will the curse-killings really get solved?	I see. Indeed, however far one goes there are many mysteries, and it is hard to see how they will be solved.	However, by seeing various routes, you are certainly getting closer to a solution.								I see	I don't think so											Yes. Though it is still somewhat hazy, by following each character's movements, the core of the curse-killings should come into view.	It may be good to consider the events of the Jusatsu Arc and the Meicho Arc along with it.	Even if this is a route that avoided the Megasawa City case, it is not as if each route is entirely unrelated.							…………。	Hmm, then shall I say just a little myself?	I believe I told you before that in the Jusatsu Arc and Meicho Arc routes, "Sakura Niimura is alive."	In other words, for the curse-killings in the Arata settlement, Sakura Niimura's death is a trigger of some kind.	And what makes the curse-killings troublesome is that they are not necessarily based on each person's actions or on rational thinking.	Yes, I think the core cannot be understood unless you also take into account each person's shifting feelings and sudden emotions.	Not only the information presented: please do not forget to infer how a given person would feel in a given situation.																						
禁断の果実	206	206	Shigatsu Arc [Death Month]	st226	5	100										6			9	0	0	0	0	So Kana Niimura kills her own father...	Indeed, whatever the situation, killing the father she had looked up to until now does feel like a bit too great a leap.	However, Kotaro Niimura killed her mother, killed residents for ten years, and was now trying to lay hands even on Natsumi Kogori and the others.	And Kana Niimura had said she wanted to judge her mother's killer with her own hands.	This is only my view, but perhaps Kana Niimura had already resolved herself to something.	Chigaya Niimura had long told her Kotaro Niimura was the culprit. Then, if that were true, could she kill her father or not?	I think the decision to kill her father was surely the result of her doubt, her anguish and her thinking it through.	It is a story driven by strong personal feelings, so each person's actions do not necessarily fit our common sense.	Yes, this holds not only for Kana Niimura but for others too. Acting on emotion, not reason, brings results beyond understanding.	In this world, many such things are stirring. Just as children were killed in the Megasawa City case.																																																		
会いに来たよ。	207	207	Shigatsu Arc [Death Month]	st227	12	100	rk122	3							1				2	3	3	3	4	What happened to Erina Goto at the end of the second route of the Shigatsu Arc?	Pardon?	What are you talking about?								Sakura Niimura appeared, right?	Erina Goto went missing, right?	All the plants in the Arata settlement withered, right?	There was a weird sound, right?									Hmm...?	I am terribly sorry, but I had not checked that far.	Surely you were mistaken, /VAR/-sama.							Ah, there was something like that in a Reference.	But that Reference only says Erina Goto went missing; it is not necessarily Arata's doing.	Surely there must be some other reason. Please, do not let it bother you.							The plants withered...?	Well, that was only Erina Goto's own impression. Just because she said they "withered" does not mean they truly had.	Surely Erina Goto saw it wrong.							A weird sound...?	Ah, was it a sound like a low trumpet, or something of the sort?	Surely the Self-Defense Forces were holding training somewhere nearby.	It is nothing to worry about.							
会いに来たよ。	208	208	Shigatsu Arc [Death Month]	st227	12	100									1				3	4	1	0	0	Do the dead move in this world?	Pardon?	Ho ho ho, surely not. The dead cannot possibly move. This world is not quite that far beyond the ordinary.	/VAR/-sama, perhaps you are tired from immersing yourself in this world for so long? It may be best to rest a little.							At least 2 dead people showed up	Hmm, maybe I'm tired...											2 people...?	…………。	/VAR/-sama, I am a guide, not the creator of these scenarios. Please do not be mistaken on that point.	Surely it is something like a glitch in this world. There was a writing error in a scenario I was to show you. That is all.						Yes, yes. Rest whenever you like, and come again once you are rested.																												
私が望んだ勇気	279	209	Wabigoto Arc [Apology]	st31	8	150													5	3	9	4	5	The strap changes the route?	Yes, Erina Goto receiving the strap has a great effect on the route of the Shigatsu Arc.	Small things like this eventually lead to big outcomes.	Such a phenomenon is called...	Um...	What was it called... the thing where a little thing leads to a big thing...					The butterfly effect	When the wind blows, the bucket makers profit	Chaos theory	I don't know...									Yes, yes, that's it! The butterfly effect!	A phenomenon where a small movement, like the flap of a butterfly's wings, eventually causes a tornado!	One could say the same thing happens with that strap.							Yes, that's it! When the wind blows, the bucket makers profit!	A strong wind stirs up dust,	the dust gets in people's eyes and the number of blind people grows,	and blind people buy shamisen. Oh, apparently back then one job open to the blind was shamisen player. Like Hoichi the Earless.	So demand for shamisen grows, and cats are killed for the cat skin used to make them,	with fewer cats, the mice multiply,	lots of mice start gnawing lots of buckets,	and in the end, lots of buckets get bought.	Y-yes! I got through the whole chain of that proverb for the first time! Hooray!	Chaos theory!	Yes, chaos theory!	/小/Um... what is chaos theory, though...	※Explanation※\nChaos theory deals with the hard-to-predict errors seen in some dynamical systems. The butterfly effect is part of chaos theory.						Oh... so you did not know either, /VAR/-sama...	Then could you at least look up what it was? From this world, I have no way to...	/大文字//揺れ/Augh, what was it, I really want to know!	…………。	Excuse me, I lost my composure.						
私が望んだ勇気	280	210	Wabigoto Arc [Apology]	st31	8	150										2			4	0	0	0	0	Is the strap something special?	No, it is a simple design with nothing particular about it.	Natsumi Kogori found it on a 100-yen sale wagon at what was then the Megasawa Zoo.	That is exactly why, years later, trying to recall the strap does not come easily.	But her attachment has probably not changed. She seems to treasure it even though she has forgotten what it meant.																																																							
春花の故郷	209	211	Shigatsu Arc [Death Month]	st82	8	150										2			7	0	0	0	0	Come to think of it, doesn't Erika Niimura's husband appear?	Ah, as you say, he does not appear in the main story.	Erika Niimura's husband was named Koichiro Niimura, and he died in an accident while hunting in Shiyo 760.	There were many witnesses, and there seems to be nothing criminal about it.	He too died in April; he went out into the still-cold spring mountains, slipped on ice and hit his head, they say.	He was carried to the settlement at once, but treatment was in vain; he died watched over by Erika Niimura and their still-small twin sons.	He died long ago, and Kotaro and Eiichiro Niimura do not remember their father well either, so he probably does not come up in talk of the case.	I believe a reference mentioned it as well.																																																				
春花の故郷	210	212	Shigatsu Arc [Death Month]	st82	8	150										1			4	0	0	0	0	How do you get from Motoki-cho to the Arata settlement?	From Motoki-cho, by train or by car. By car you just follow the roads, but it is about 200 km, so even on the expressway it takes 3 hours.	By train, take an express from Motoki Station to Megasawa Station. From Megasawa Station, take a local train toward Iizawa, the prefectural capital.	Change at Nakatsu Station, between Megasawa and Iizawa, then change again at Toyotake Station. Finally, ride the Arata Line toward the Arata settlement.	Counting transfer times, it takes about 5 hours in all. From Megasawa on, there are only local trains.																																																							
猿(ましら)	211	213	Shigatsu Arc [Death Month]	st228	5	150										2			3	0	0	0	0	What changed when Erina Goto got the strap?	What the strap directly changed is that Erina Goto is late for the meeting time.	Because of this they take a later train, and that shows a picture entirely different from the routes so far.	Such a trivial event eventually becomes an element that greatly changes the ending.																																																								
猿(ましら)	212	214	Shigatsu Arc [Death Month]	st228	5	150													3	3	4	0	0	What's around Toyotake Station?	Station or not, it is quite rural, so there is about one convenience store. There seem to be no restaurants or entertainment facilities.	Toyotake Village, where Toyotake Station is, has about 2,000 people and a high rate of car ownership. In the country, cars are the main way to get around.	There are few, but the village has supermarkets too, where one can buy groceries and daily goods. The Arata residents use them often, I hear.							Is there nothing fun in Toyotake Village?	How do the Arata people get down to the foot of the mountain?											Next to nothing now. There used to be a bowling alley and a pachinko parlor, but they have all closed down.	Well, the internet is widespread now, so perhaps watching videos and playing games is their entertainment.	I do not know much about the lives of Toyotake villagers myself, though.							The settlement has three buggies, and they get around on those.	Until a few years ago they had cars too, but apparently they were always getting stuck on the rough mountain roads, so buggies are more efficient.	Even so, buggies can carry only a few people, so the settlement's representatives take turns doing the shopping.	When they truly must carry large loads or move many people, they use rental cars.																									
迂回(かいひ)	213	215	Shigatsu Arc [Death Month]	st229	5	150											2		3	4	4	0	0	Are the mountains in the Arata district steep?	I hear the slopes are just right for mountain climbing. However, taking them on lightly dressed, as they did, may be a little reckless.	Kana Niimura goes to school every day by the route you saw, so being used to it surely counts for a lot.	Normally one goes from Toyotake Station to Arata Station and travels on from there by car or the like.							Did the kids before her also go to school by that mountain road?	Why does Kana Niimura bother taking the steep mountain road?											As far as I know, Chigaya Niimura used to go to school by that mountain road.	Kotaro, Eiichiro and Sakura Niimura, who were the same age, rode in a car the settlement owned. With that many, being driven was surely safer.	Back then there were many students, so the middle school had a simple dorm. Students who lived far away used it when they stayed late.	I hear that student numbers have since dropped and the dorm has been closed.						Simply because it is faster, she says.	The usual route goes from the Arata settlement to Arata Station, then by train to Toyotake Station.	That route is a long way around, so once you are used to it, the mountain road is certainly faster.	But that is a feat only a wild child like Kana Niimura can manage. Well, an ordinary person would not choose it.																									
迂回(かいひ)	214	216	Shigatsu Arc [Death Month]	st229	5	150			213	2									5	4	4	0	0	Why is Kana Niimura so physically capable?	Simply because she trains every day, calling it play.	As in the scenarios you have seen, Kana Niimura deeply hates her mother's killer, and for that she is trying to grow even a little stronger.	As part of that, she hunts with a nata and a mace, a method no ordinary person would think of.	Likewise, she shows off feats like racing along mountain paths and leaping between the trees.	But even she seems no match for people who have used Droga. In short, Kana Niimura's strength is still within the range of an ordinary person.					Is Chigaya Niimura the same?	Are the Arata residents the same?											Yes, Chigaya Niimura has similar physical ability.	However, as of Shiyo 800 Chigaya Niimura lives in Tokyo, so she seems to have grown that much rustier.	Seen that way, you could say her peak was just before she went to Tokyo.	Still, rusty or not, it is more than enough to survive in the mountains of Arata.						These days, it seems no adult can beat the Niimura sisters. Adults use guns when they hunt, after all.	However, before such firearms appeared, people like the Niimura sisters were the norm. They always strove to be strong, ready for attacks from outside.	There are no attacks from outside nowadays, so that has grown lax. So even those who are strong as children gradually weaken as they grow up.	Even so, Kana Niimura seems especially strong next to the children before her. She has a clear purpose: to take revenge on her mother's enemy.																									
最後の機会	215	217	Shigatsu Arc [Death Month]	st230	5	150												1	2	5	5	9	0	Erika Niimura enters cosplay contests!?	So it seems. She cosplayed as an anime character at Comiket in Shiyo 799.	But cosplaying at Comiket at her age is quite bold. Even at my age I would lose my nerve...								Age doesn't matter in cosplay!	I don't want to imagine it...	/立木/'s outfit is cosplay too, in a way										My, you have a generous heart, /VAR/-sama. Erika Niimura would surely be glad to hear it.	Erika Niimura's bad habit, though, is dragging the people around her into it.	If you were to meet Erika Niimura, /VAR/-sama, she might make you cosplay at Comiket.	Could it be that you have a taste for cosplay, /VAR/-sama?	Hee hee, I would like to ask you a little about that, too.					W-well, cosplay is a place for self-expression. I think it depends on whether the person is happy with it.	Even so, it is not hard to imagine how the onlookers would react.	You saw for yourself the mood when she dressed as Erina Goto...	Yes, well, a hobby is about whether the person enjoys it.	But dragging the people around her into it is a terrible nuisance...					/大文字//揺れ/Wha!?	D-does this look like cosplay to you!?	Cosplay in a Noh mask and red robes? You won't find that anywhere in the world―	Hm!? Which means this is a pretty rare outfit? A cosplay that, in a way, only I can do...!	Hmm, thinking of it that way, this outfit isn't bad at all. This is my way of expressing myself, this is my hobby.	No, I'd never think that! This outfit is not a hobby! I had to appear before you in a hurry, /VAR/-sama, so...!	Oh, honestly... why did I suddenly start making excuses... Now it sounds even more like this is my hobby...	A-anyway, I have no taste for cosplay! This is purely to hide my appearance! That's all!	Sigh...											
最後の機会	216	218	Shigatsu Arc [Death Month]	st230	5	150					215	1						3	1	4	5	2	0	Mika Tachiki has a question about cosplay!	So, what about it? Do you cosplay, /VAR/-sama?									I do!	I'd like to try!	I don't...										Oh! To think you have a taste for cosplay, /VAR/-sama! I never imagined it.	Yes, you would surely get along with Erika Niimura. Believe it or not, she has cosplayed for 40 years, so she would surely show you something new, /VAR/-sama.	Erika Niimura also understands cosplay of every kind, and whoever dresses however, they say she eagerly absorbs that person's own philosophy.	Really, Erika Niimura is such an otaku, at her age.						You would like to try!	Those are very dangerous words in front of Erika Niimura. She would surely press you fiercely to put them into practice at once, /VAR/-sama.	Incidentally, Erika Niimura is also good at drawing and with computers, and she has the skill to edit the photos she takes nicely.	Hee hee, I am sure she would make your photos turn out perfectly, /VAR/-sama.	If you have the chance, please do get in touch with Erika Niimura. She would be delighted.					Oh my, I jumped to conclusions. Forgive me.	I seem to be the type whose thoughts run on ahead of her...																		
矛盾	217	219	Shigatsu Arc [Death Month]	st231	5	200					216	3				5			6	0	0	0	0	Is /立木/ the type to jump to conclusions?	/大文字/What!?	Ah, that is...	Honestly, I cannot deny it. I am the type who settles on all sorts of conclusions in my own head...	Many times the facts turned out to be nothing like what I had thought, and I often caused trouble for those around me because of it...	I do know it is a bad habit of mine. But the answer always takes shape in my head first... Often I think, if only I had asked someone sooner.	I will take care to trouble you as little as I can, /VAR/-sama... so please, do forgive me.																																																					
矛盾	218	220	Shigatsu Arc [Death Month]	st231	5	200			19	2									2	3	3	5	2	I'd like to change what I call /立木/ soon	Oh my, is that so?	Very well. What will you call me?								Mika	Nohko-san	Shinigami	Never mind, I won't change it									Oh! Just my name, with no honorific!?	Hee hee, that is fine. I do not mind you calling me plainly, /VAR/-sama. In fact, I am glad.	Then from now on, please call me Mika.							N-Nohko!? That is quite a nickname...	True, this outfit is about the only distinctive thing about me.	Then from now on, Nohko-san it is, please.							Pardon?	Oh... so that is what you chose...	Well, you may basically call me whatever you like, /VAR/-sama, but that is a very blunt nickname...	Then from now on, please call me Shinigami.	Oh, but please take care not to confuse me with the shinigami in the main story.					Oh my, so calling me '/立木/' has stuck after all?	That is fine. Please keep calling me /立木/, as before.									
忌避	219	221	Shigatsu Arc [Death Month]	st232	5	150	rk119	3	192	2									7	6	4	0	0	About the truth of the first route of the Shigatsu Arc	Having come this far, the truth of the first route of the Shigatsu Arc, which we discussed before, /VAR/-sama, comes into view.	In that route, Chigaya Niimura and Mifuyu Niimura planned to switch places at the succession rite. Because they needed to watch Kana Niimura's actions.	The Kogori couple were hiding in the storage shed at Arata Station, and Kotaro Niimura, who learned of it somehow, ordered Kana Niimura to get rid of them.	Chigaya Niimura noticed and tried to stop Kana Niimura, but it escalated into a fight to the death.	Kana Niimura deeply hates her mother's killer; as you saw, in the Shigatsu Arc's second route she even took her father Kotaro Niimura for an enemy and killed him.	Meanwhile the residents, wary of Natsumi Kogori's 'witch' power, plotted to kill her. By the timeline, Kotaro Niimura surely told them of her ability.	The residents finished off Chigaya Niimura as she tried to protect Natsumi Kogori, then killed Natsumi. That is probably how it went.			How did Kotaro Niimura find out the Kogori couple were there?	When did Chigaya Niimura and Mifuyu Niimura plan to switch places?											Hmm... I wonder. One could suppose the information leaked from somewhere, or that Kotaro Niimura also had danger sense, but...	At this stage it is hard to say. But it is certain that Kotaro Niimura somehow found out the Kogori couple were there.	And there is no doubt that he found out on the night of April 7, Shiyo 800.	Whether it was through danger sense, or a resident passing the storage shed happened to find them...	With a little more information we could tell, but that is all for now.	Oh, by the way, in the second route there seems to have been no switch. Kana Niimura was with Natsumi Kogori and the others the whole time.				It seems to be a plan they had made before coming to Arata.	Judging by Reference No. 134, 'The Cafe Receipt,' the two met in Tokyo on March 25 and made the plan.	They likely suspected Kotaro Niimura from that point already and considered that he might lead Kana Niimura astray into killing the Kogori couple.	But that failed in the end. They could not protect Natsumi Kogori.																									
忌避	220	222	Shigatsu Arc [Death Month]	st232	5	150										3			7	0	0	0	0	What do topics with a time limit, like 'topics in season,' mean?	Yes, I think this one needs an explanation.	A topic in season is, as the words say, a topic you can only choose at that time; once the time limit passes, it can no longer be selected.	The reason is that once the season has passed, what the topic would discuss has already come to light.	For example, when '173 Is a new case on the way!?' appeared, no case had happened yet in the Shigatsu Arc.	But once the scenarios advance to a certain point, the case comes to light, so that topic is no longer suited to the time.	In this way, 'topics in season' appear and vanish according to your progress, /VAR/-sama.	So, so as not to miss the season, please do come here from time to time.																																																				
箱	221	223	Shigatsu Arc [Death Month]	st233	5	150	rk129	3								2			5	0	0	0	0	Why did the Kogori couple stay in Motoki-cho?	As you saw, because Erina Goto was late, the chance of running into the Kogori couple grew large.	The Kogori couple planned to head to Arata one train after the one Natsumi Kogori and the others took. That train was the last one that could reach Arata the same day.	Also, as a Reference showed, Ryoji Kogori judged that they should obey the danger sense after all, so they did not try to go by force.	Well, they could have forced their way along, but that would have made Natsumi Kogori and the others uneasy.	In any case, the big difference in the third route of the Shigatsu Arc is that the Kogori couple stay in Motoki-cho.																																																						
箱	222	224	Shigatsu Arc [Death Month]	st233	5	150							st244	12					3	9	4	5	6	Who did the Niimura sisters inherit their green eyes from?	Let me... see. Come to think of it, Kotaro Niimura's eyes are black and Sakura Niimura's blue.	Their eye color is said to be from birth, so it is certainly not acquired.	Which means... the cause of the green eyes is...							Cheating!	Skipped a generation?	An unknown factor	Isn't it an illness?									O-oh... I see, one can read it that way, too...	That Sakura Niimura was unfaithful, and those sisters were the children she conceived...	Hmm, but I wonder. The sisters are the only green-eyed people in that small settlement, and even if she lay with a man outside, to bear two...	Besides, if that were possible, Kotaro Niimura would have suspected it too.	Ah...	So could Kotaro Niimura have suspected infidelity and killed Sakura Niimura...?	It does not go beyond speculation, but infidelity is possible, and if so, many things are strange...	I am sorry, I cannot tell any more than this...	Green eyes, hm...	I see. If there were Westerners among the ancestors, a green-eyed person's genes could have resurfaced across the generations.	Hmm, that does make sense. The settlement's residents probably think so as well.	Even so, skipping a generation or not, for both sisters to have odd eyes of blue and green seems very rare in its own way.	…………。						An unknown factor?	Hmm, let me see... In a settlement where such strange things happen, perhaps eyes can turn green for some reason...	In fact, I once looked into eye color. It is decided by the amount of melanin pigment in the iris, and that almost never changes over a lifetime.	If it does, it is from injury or illness; cases where it happens naturally are rare...	Well, precisely because it is such an unclear phenomenon, one can suppose an unknown factor.					An illness...	I have heard that glaucoma is so named because the part that has lost sight looks green.	If so, will the Niimura sisters eventually go blind?	But theirs is from birth, and Chigaya Niimura, for one, looks healthy even past 20...	Well, even if it is an illness, it is probably not glaucoma.	…………。					
探り	223	225	Shigatsu Arc [Death Month]	st234	5	150										1			3	0	0	0	0	Were Kotaro Niimura, his brother and Sakura Niimura a love triangle?	From what we heard, Eiichiro Niimura and Sakura Niimura do not seem to have had that kind of relationship.	Even if, as Kotaro Niimura said, Sakura Niimura really had feelings for Eiichiro Niimura, it surely did not develop into a romance.	Then again, Eiichiro Niimura was the way he was, so even if the feeling was mutual, he probably could hardly show it.																																																								
探り	224	226	Shigatsu Arc [Death Month]	st234	5	150													3	4	4	0	0	How big is Erika Niimura's repertoire of impressions?	Um...? I cannot really tell you that much, but...	At the very least, she has probably mastered everyone in the settlement, and every guest who has ever visited it.	And she seems to prepare costumes and small props for it as well.							Why is she so keen on impressions?	I wonder how much money she's spent											By her own account, even a settlement like this needs someone to provide entertainment.	Well, with a settlement leader like her, at least no one may think it a gloomy place, but...	But at heart, it is a place where old people kill themselves and curse-killings happen every year. She probably wants to brighten the mood a little.	One could also read it as her own way of loving the settlement.						For Erina Goto, a 2,000-yen uniform and a wig. For Chigaya Niimura, clothes, a wig and colored contacts, so...	At 10,000 yen a person, she has probably spent on the order of a million yen so far.	And she cosplays as well as doing impressions, so it has probably cost even more.	Well, it is purely her personal hobby, so that is her own business.																									
不毛	225	227	Shigatsu Arc [Death Month]	st235	5	150							st239	5					4	8	4	0	0	Why did Kengo Shirozaki's wife die?	Kengo Shirozaki's wife, whose name was Yuriko, died in Shiyo 791.	Shiyo 791 was the year of the first curse-killing after Sakura Niimura died.	Yes, the victim of the first curse-killing was Yuriko Shirozaki.	That is why Kengo Shirozaki wants the curse-killings solved more than any other resident.						Then he might go out of control if things go wrong	So that means he isn't the culprit?											Yes, if the culprit behind the curse-killings were identified, he might actively seek revenge.	After all, in the second route of the Shigatsu Arc he sided with the residents and seems to have helped capture Natsumi Kogori.	However...	Given his character, it somehow does not sit right with me. He is very gentle and friendly to everyone.	Then again, perhaps that is exactly why he changes completely when his hatred surfaces...	Well, from where he stands, if every resident is saying "that one is the culprit" and he refuses to get involved...	He would lose his place in the settlement.	I think he hates the culprit so much that he would be careful about the solution.		He is probably in a position to be easily ruled out as a suspect.	Even if he killed her on impulse because the marriage went sour, for people to be killed every year ever since would be far too great a coincidence.	Well, one could read it as Kengo Shirozaki using Yuriko Shirozaki's death to commit murder every year, but if so, he seems far too skilled at it...	I cannot say 100%, but it is hard to call him the ringleader of the curse-killings.																									
不毛	226	228	Shigatsu Arc [Death Month]	st235	5	150										2			4	0	0	0	0	What can you catch hunting in Arata?	Many kinds of animals live there, so I think most mountain beasts you can think of are there.	Mammals such as bears, deer, wild boar and rabbits, as well as snakes and lizards, and fish in the rivers.	Some of them are species found only in Arata, and they say all of them taste exceptional.	I believe it is the soil of Arata that raises such animals.																																																							
桜の元へ	227	229	Shigatsu Arc [Death Month]	st91	5	150												2	2	4	7	0	0	Isn't danger sense Eiichiro Niimura's voice?	Natsumi Kogori did say so, but her danger sense at the convenience store in Arata was clearly perceived by sight.	Usually she seems to recognize it as Eiichiro Niimura's voice... Is there some condition, perhaps?								Danger sense really is weird	Hasn't she perceived it by sight before?											Hmm, in fact I too have thought something was odd about danger sense.	To begin with, is the very ability to sense danger like that not strange in itself?	For an ordinary high school girl to have something so like a psychic power...	............						Before now? Um... was that so...	Ah, come to think of it...!	I remember now! The first time Natsumi Kogori used her danger sense in the Jusatsu Arc!	If I recall, when they left Zahha and Erina Goto said she was going to cram school, Natsumi Kogori saw an image of a Noh mask.	I see, now I am sure as well. Natsumi Kogori's danger sense is, at the very least, not a power to hear Eiichiro Niimura's voice.	If you ask me what it is, then, that is where I am stuck, but...	It may be best not to rely too much on danger sense. Something seems to be behind it.																						
桜の元へ	228	230	Shigatsu Arc [Death Month]	st91	5	150													3	3	3	0	0	Do Arata residents use the convenience store a lot?	They do not seem to use it very often.	Normally they buy what they need at a supermarket during the day, so they rarely go all that way at night.	If they go to the supermarket, there is no need to shop at a convenience store either. A convenience store that is not nearby is quite inconvenient.							Who uses the convenience store in Arata?	No way, life without a convenience store must be a pain!											The main customers are people living nearby and, with elementary and middle schools close by, their students. The clientele is not that unusual.	That said, young people hardly ever hang around late at night, so at night there is almost no one there.	Ah, by the way, the one that appeared was not an 'Arata convenience store' but the Toyotake one. It is right by Toyotake Station.							Oh my, do you like convenience stores, /VAR/-sama? Having one nearby is handy, since you can buy all sorts of things easily.	I rather like convenience stores too. Not so much the shopping as the atmosphere, I would say.	Spacing out on the bench in front, looking for store-exclusive items... even a small shop is fun in all sorts of ways.																										
代理姉妹	229	231	Shigatsu Arc [Death Month]	st308	5	200			87	2	20	2						2	3	7	8	0	0	Can you tell how close sisters are by their boob size?	/大文字//揺れ/Wha!?	Ah... come to think of it, Kana Niimura said something like that. That sisters who don't know each other's chest size don't get along...	/大文字/I mean, how would I know that! It depends on the person!							Didn't /立木/ say she has a little sister?	What, how boring...											Huh? Ah, yes, I did answer that way before, but...	Wait, you're not about to ask about my sister's chest size, are you!?	Th-that's indecent! Me is one thing, but my sister too...!	............	Hee hee, I know, you're enjoying my reactions like this, aren't you?	I've mostly figured out your patterns by now, /VAR/-sama. Things won't go your way so easily, you know?	Right! This meeting is adjourned! /VAR/-sama, keep the dirty talk in moderation!			/大文字/Argh!	So it was just sexual harassment after all!	/大文字/Argh!	You did it before too, didn't you!? Asking my chest size, trying to harass me using my eyesight as an excuse!	............	Somehow, I think I'm getting used to it. I was bad with dirty jokes, but trading words with you, /VAR/-sama, I sort of... how should I handle it...	Fine, I'll just come out and say it! I'm pretty well-endowed! You'd be amazed if I took my clothes off!?	There! You're satisfied now, right!? The end!																					
代理姉妹	230	232	Shigatsu Arc [Death Month]	st308	5	150					229	2							4	4	7	9	0	So it's pretty voluminous...	............	............	............	............						You're going to ignore me in silence?	............	(Pretend to look sad)										Ugh...	When you call me out so seriously... I'm a little weak to that...	Anyway, can't we drop that topic already! I answered your long-standing question properly!	/小/I really did try pretty hard, you know...?						............	............	............!	Ah, I can't take it! I can't stand an atmosphere like this!	Being answered with silence is pretty painful, isn't it... Excuse me.	/小/Huh? Is this my fault...?	/小/Oh well...			W-wait a moment... If you make that face...	U-um, I just wanted to put up a little resistance. Please don't be so down... I wasn't really angry...	Uuu... what do I do... (flustered)	/VAR/-sama, it's all right now. Look, see my face? I'm not angry, right?	............	That's where you're supposed to call me out!? Like, 'I can't see your face behind a Noh mask!?'...!	Ah, what do I do! I depressed you, and my joke fell flat. This is the worst...!	Uuu... /VAR/-sama, please don't abandon me... I'll end up all alone...	/小/Phew... Time to get my fighting spirit back up...											
呪いの思考	231	233	Shigatsu Arc [Death Month]	st118	5	150							st105	5					2	2	2	0	0	What was the pot Natsumi Kogori saw?	As Kengo Shirozaki said, it is one of the ritual implements used at memorial services.	Giant bullfrog oil is put inside and heated until it catches fire. The mourners then drip the prepared liquid into it, the way one offers incense.								Liquid?	That's all?											Yes, a liquid named 'falsificaso,' if I remember. It is said to be made in the settlement.	It will appear in a scenario before long, so please check it then.								Yes, that is its only use. So, pot though it is, it is nothing special, just an ordinary one, I think.	Strictly speaking, 'crock' is the correct word. Generally, a vessel with a small mouth is called a pot, and one with a wide mouth a crock.																											
呪いの思考	232	234	Shigatsu Arc [Death Month]	st118	5	150													2	6	5	0	0	Can Natsumi Kogori see the past too?	What she saw at the convenience store in Arata was a very rare case, I think. Before or since, that was the only time she saw the past.	Why she saw such a thing, I cannot say, but at the very least it was information she needed to know.								The truth about danger sense is getting really suspicious	Isn't Natsumi Kogori just sick?											Indeed, it is probably not simply an ability to foresee danger.	Though if you ask what it really is, even guessing is hard...	It seems better to doubt the very idea of danger sense.	For example, there are points worth rethinking: when she sensed danger in the past, did it really lead to avoiding danger?	Especially in the Jusatsu Arc. She sensed danger several times, but how did those turn out...	There were often times when going against the danger sense seems like it would have been better...				Certainly, it could simply be that Natsumi Kogori has an illness of the brain, and so sees and hears things that are not there...	Or I have heard that some mental illnesses come with such hallucinations as well.	But even so...	It is true that Natsumi Kogori let them avoid danger many times. Whether one may call that an illness...	At the very least I think Natsumi Kogori is different from ordinary people, but we cannot simply decide it is an illness.																								
融和	233	235	Shigatsu Arc [Death Month]	st309	5	150			64	2								4	3	9	4	5	6	/立木/'s looks and personality are totally different, huh	Huh? What is this all of a sudden...	Well, of course, dressed like this, the first impression must be eerie, but...	Um... what is your impression now?							Cute	Playful	Cheerful	Intelligent									C-cute? Oh, stop...!	No one has ever said that to me before...	I-it must be that! This outfit is just stirring your imagination, /VAR/-sama, and, um...	If you saw what I really look like, you might be disappointed...	Somehow, the purpose of this outfit is changing. At first it was to hide my true self, but now it is to keep your impression of me from souring, /VAR/-sama...	/大文字/Ah!	You must be teasing me!? I will not fall for that, you know!?	Honestly, /VAR/-sama! Please stop toying with me!	/小/But... even as flattery, I am a little happy...	Playful...?	Is that so? I thought I was behaving quite normally...	But if I am playful, does that mean I have given you at least some fun, /VAR/-sama?	Then I could wish for nothing more. I shall go on behaving 'normally,' and I hope your time here will be worthwhile, /VAR/-sama.						Oh, cheerful, you say.	Well, yes, I do not think my true personality is a gloomy one either. I am not good with gloomy airs or quiet atmospheres...	Analyzing myself a little more, I think I am the type whose emotions show clearly. I do not hide my feelings much.	As you have surely noticed by now, /VAR/-sama, I have an impulsive side...	Some people may find me hard to get along with. There must be those who dislike that kind of woman.					I-intelligent!?	That is quite an unexpected answer... I never imagined you saw me that way.	It is probably this: I tell you so much about this world that it just makes me look that way.	As for general common sense in the normal world... honestly, I am not that confident.	Also, I try to conduct myself as neutrally as I can, so perhaps that helps too.	But being called intelligent makes me genuinely happy. It feels just like a guide should.					
融和	234	236	Shigatsu Arc [Death Month]	st309	5	150					233	4						2	4	5	5	9	8	Then let's give /立木/ a general knowledge test!	Ehh... are you serious...	I'm really not confident at that sort of thing... You'll find out how dumb I am...	N-no! That doesn't mean I should chicken out!	All right! Bring it on!						Who founded the Edo shogunate?	What's the second-highest mountain in Japan?	Which great figure first made a map of Japan by actual survey?	What in the solar system is classed as a 'dwarf planet'?									The Edo shogunate...? I am sorry, but my world differs from yours, /VAR/-sama, so there is no such thing as an Edo shogunate.	But I believe Tokyo has a place called Edogawa, so might you mean the Tokyo shogunate, founded over 400 years ago?	In that case, in this world it was founded by a man named Yasuie Togawa.	※Explanation※\nFounded by Tokugawa Ieyasu, made shogun in 1603. The Edo period lasted until power was returned to the emperor in 1867.	In this world, the similar Tokyo shogunate was founded in Shiyo 345 by Yasuie Togawa.					The second!? You certainly aim for a tricky spot...	Hee hee, actually, I know this one. I am good at this sort of thing.	The second-highest mountain is Kitadake in Yamanashi Prefecture. At 3,193 m, it is the highest non-volcanic mountain in Japan.	Incidentally, the third-highest are two mountains, Okuhotakadake and Ainodake, at 3,190 m.	My common sense is not bad at all, right? Is it not the same in your world too, /VAR/-sama?					The person who first made a map of Japan is...	Ino...	Um, what was it...	Ino...	Tatataka!	Huh? That's not it... Dadadaka? Tatadaka?	W-well, it should be about right!	※Explanation※\nIno Tadataka made the Dai Nihon Enkai Yochi Zenzu (strictly, his disciples and Takahashi Kageyasu finished it after his death).	In Mika Tachiki's world too, Ino Tadataka seems to have existed with the same achievements.	............?	A dwarf planet...?	What is that? Not a planet?	Oh, /VAR/-sama, really, trying to toy with me using a made-up word like that. Ho ho ho.	/小/Ho ho...	※Explanation 1※\nA class of solar system bodies defined in 2006: in short, bodies too small to call planets. Pluto is the best known.	※Explanation 2※\nAs of 2018, besides Pluto, Eris, Ceres, Makemake and Haumea are designated dwarf planets.	It is almost the same in Mika Tachiki's world.			
正しい矛盾	235	237	Shigatsu Arc [Death Month]	st238	5	150					234	2					2	1	2	1	2	0	0	You're good at geography?	Yes, of my studies, geography and classics are my strong points.	In exchange, I am hopeless at science and math. Sometimes I even get my multiplication tables wrong...								Then let's test /立木/ on her strong subjects!	Then let's test /立木/ on her weak subjects!											Oh, so that is your move. Very well. Let us try it in the next topic.									Ugh, seriously... A test, at this point...	W-well, fine. If you say so, /VAR/-sama, I will take the challenge in the next topic!																											
正しい矛盾	236	238	Shigatsu Arc [Death Month]	st238	5	150					235	1							1	4	5	4	7	Mika Tachiki takes on geography!	All right, bring on anything! ...If you please.									What's the largest desert in the world?	Which mountain has the highest climber death rate in the world?	Which island is the farthest from any other land in the world?	What's the lowest land in the world?									Oh, quite a good question.	Generally, the Sahara in northern Africa is the largest. Its area is about 10 million square km, nearly the same as the United States.	But by some definitions Antarctica is the largest desert: about 14 million square km, a dry region with little precipitation.	Hee hee hee, you surely did not imagine there would be two answers, did you?						This one is easy.	Annapurna, in the Himalayas. The tenth-highest mountain in the world.	Its climber death rate is about 38%. It may be even harsher than surviving in this world.	Incidentally, the mountain with the most deaths is Tanigawadake in Japan, with over 830. That is said to be more than all the 8,000 m peaks combined.	Hee hee hee, I would like a slightly more challenging question.					A famous one: Bouvet, an uninhabited Norwegian island in the South Atlantic, over 2,000 km from Africa's southern tip.	The nearest other land is Antarctica, about 1,600 km away. No other place this far from other land has been found so far.	Bouvet Island is surrounded by high cliffs, so even landing is said to be difficult. The weather is also very bad, and being near Antarctica, it has many blizzard days.	Not only its location but its terrain and weather too make it a true lonely island in a remote sea, a land at the edge of the world.						The lowest land in the world means a hollowed-out landform where water easily flows in.	In other words, a place that has become a lake, with nowhere else for the water to flow out.	This means the substances dissolved in the water cannot flow out, so the dissolved components grow more and more concentrated.	And the typical substance that dissolves in water is salt. The lake with the highest salinity is the lowest place.	The answer is the Dead Sea, a lake on the Arabian Peninsula shared by Israel and Jordan. Its elevation is -418 m.	Because of its high salinity, things float easily in the Dead Sea. Have you seen photos of people floating while reading a newspaper?	The Dead Sea: a sinister name, but recent resort development has made it bustling. I would love to go once.				
枝	237	239	Shigatsu Arc [Death Month]	st239	5	150					235	1							1	5	3	3	7	Mika Tachiki takes on the classics!	Hee hee hee, I am rather confident, you know?									How does 'The bell of Gion Shoja' continue?	What's the only verb with the ka-row irregular conjugation?	What's the oldest history book in the world?	Which text gave rise to the phrase 'throw away shame'?									It may differ from your world, /VAR/-sama, but it is the opening of the Tale of Tara. I have it all memorized.	The bell of Gion Shoja echoes the impermanence of all things.	The color of the sala flowers reveals the truth that the mighty must fall.	It is also what Hoichi the Earless recites in the famous ghost story. Old literature is truly 'ito okashi'―most delightful.	※Explanation※\nIn Mika Tachiki's world it is the Tale of Tara, but in the real world it corresponds to the Tale of the Heike.					That would be 'kuru,' to come.	An old Japanese verb with the special conjugation 'kozu,' 'kita,' 'kuru,' 'kururu,' 'kureba,' 'koi.'	Well, something like this is, for me, 'ito yasuki koto'―a most easy matter.							That would be the Kojiki.	Together with the Nihon Shoki, it is said to have laid the foundation of Japanese mythology, and if you want to learn Japanese history, it is a good place to start.	※Explanation※\nIn Mika Tachiki's world too, the Kojiki seems to have been compiled just as in the real world.							Ah, that is the Tale of the Bamboo Cutter.	Five noble princes step forward to marry Princess Kaguya, and as a condition each is told to bring a treasure that does not exist.	One of them, Prince Ishitsukuri, is told to bring 'the Buddha's stone begging bowl,' and brings an ordinary bowl instead.	Even after the lie came out, he threw away the bowl and kept courting her, so 'throwing away the hachi (bowl)' became 'throwing away haji (shame).'	Truly, 'ito utateshi,' is it not?	Ah, 'utateshi' means unseemly.	※Explanation※\nIn Mika Tachiki's world too, the Tale of the Bamboo Cutter seems to have been written just as in the real world.				
枝	238	240	Shigatsu Arc [Death Month]	st239	5	150					235	2							1	4	4	9	5	Mika Tachiki takes on math!	Uuu... please go easy on me...									If x squared is 4, what is x?	You buy something for 80 yen with 200 yen cash. How much change do you get?	What do all the integers from 1 to 1000 add up to?	What is tan17°×π×(a-b)? (where a=b)									/VAR/-sama, surely I know at least that much.	A number that makes 4 when multiplied by itself, right?	The answer is 2! 2×2=4! That is common sense!	※Explanation※\nThe correct answer is 2 or -2, since -2×-2 is also 4. Note that Mika Tachiki's answer would only get half the points.						Honestly... that is elementary school level, is it not...	200-80 is 120. The change is 120 yen.	※Explanation 1※\nIf you had two 100-yen coins, you would only use one, so the change is 20 yen.	※Explanation 2※\nEven with 10-yen coins mixed in, the change never exceeds 20 yen. So the change is either 0 or 20 yen.						Um, all the numbers from 1 to 1000 added together, yes? One moment, please...	1...3...6...10...15...	/暗転/2 hours later...	124750...125250...125751...126253...	/暗転/3 hours later...	497503...498501...499500...	/大文字/500500!	I did it! The answer is 500500! It took some time, but well, even an elementary schooler could manage it!	※Explanation※\nThe answer is (1+1000)×500=500500. The sum of all integers from A to B is (A+B)×count÷2.	Pardon?	What was that? What did you say?	There was a whole string of unknown words in there...	No one can do something like that in their head in an instant. I am sure even Erina Goto could not. Ho ho ho.	※Explanation※\ntan17°×π×(a-b) looks complicated, but a=b, so a-b=0. Thus tan17°×π×0. Anything times 0 is 0, so the answer is 0.						
水	239	241	Shigatsu Arc [Death Month]	st240	5	150					235	2							1	6	5	4	7	Mika Tachiki takes on science!	S-science! It is probably better than math, I think...									Why does water boil at exactly 100°C (its boiling point)?	What is it called when an insect goes egg→larva→pupa→adult?	What is the lightest element?	What are the seeds that ferns and mushrooms release called?									............!?	Now that you mention it... Water freezes at exactly 0°C and boils at exactly 100°C...	Amazing! How amazing! Water is incredible!	Water is the basis of everything, so it surely reads the room and changes at nice round numbers.	Yes, water is incredible!	※Explanation※\nThe temperature at which water boils under 1 atmosphere was defined as 100°C (strictly, 99.974°C).				Ah! I know that one! I know it!	Meta... metamorphosis! It is metamorphosis!	Complete metamorphosis!	How is that? I got it, did I not? Complete metamorphosis!	※Explanation※\nInsects that go egg→larva→pupa→adult undergo complete metamorphosis. Those that go larva→adult with no pupa undergo incomplete metamorphosis.					The lightest of the elements?	Hee hee, I know this one.	The lightest is hot air! Air rises when it gets hot, after all! Hot air is the lightest!	※Explanation※\nThe lightest element is hydrogen, made of one proton and one electron.						Um... I have heard of it... What was it again...	Sp...	Spe...	Sp...	/大文字/Sperm!	I am fairly sure it was a name like sperm...	※Explanation※\nFerns and fungi such as mushrooms reproduce by spores.				
水	240	242	Shigatsu Arc [Death Month]	st240	5	150			235	2									3	2	3	0	0	Why are you only good at humanities?	Hmm... that is a hard one to answer...	Perhaps just because I do not feel bad at them. I do not clearly know the reason myself.	Ah, but even among humanities subjects, I am a little weak at English... I can barely get the average score.							Shall we do an English test?	You can't get interested in English?											Ah, no, please spare me that... If any more of my foolishness is exposed, I will lose all dignity as a guide...	Things I cannot get interested in, I am truly bad at... I do the homework and such, but none of it sinks in.								Exactly... One can live perfectly well with Japanese alone, so it is hard to find the will to go and study English...	Besides, nowadays you can translate easily online, so I see even less point in studying it.	Well, that is the hard part of being a student. You have to learn things even when they do not interest you.																										
根	241	243	Shigatsu Arc [Death Month]	st241	5	150							st111	5					2	2	5	0	0	What's beyond the iron bars underground?	You mean Kana Niimura's secret base.	I hear that place has been sealed off for decades. No one alive now, myself included, would know.								Is there a key to the door?	Did they really put iron bars there because of a cave-in?											Yes, the Niimura family seems to keep it. So anyone who wanted to go in could.	However, that is strictly forbidden by the rules. No one may enter without Erika Niimura's permission.								Ah... now that you mention it...	Indeed, for a cave-in, a sign saying 'Do not enter' would seem enough. Only people from the settlement go in there, after all.	Going to the trouble of iron bars does seem a little too strict.	Are they going that far to keep anyone from ever entering, or is it that from the other side―	No, it is nothing.																								
根	242	244	Shigatsu Arc [Death Month]	st241	5	150													4	3	4	0	0	There's a lot even the residents don't know, huh	Indeed. The underground passage, Sakura Niimura's danger sense, and so on: much is still unexplained.	If what lies behind them were known, it would be possible to find out the truth of the curse-killings.	To begin with, these things are forbidden or kept secret by the settlement's rules, which is why many facts are unknown, I think.	Which means whoever made the rules long ago would know what lies behind them.						Did something happen long ago?	Haven't the residents looked into it?											Probably so. Otherwise there would be no need to forbid it by rule.	You, /VAR/-sama, can probably learn fragments of it from the Letters References.	Please do check them, and try guessing for yourself what happened long ago, /VAR/-sama.							That is how it stands now, but I do not think no one has done anything at all.	If the settlement has rules, there must be some record of how those rules came about. I cannot imagine no one ever looked into it.	However, there were Westerners here long ago, so there must be books written in foreign languages too.	Perhaps anyone who tried to look into it was blocked by the language barrier.																									
解明（仮）	243	245	Shigatsu Arc [Death Month]	st242	5	150										1			4	0	0	0	0	So the curse-killings are man-made after all?	According to Erina Goto's reasoning, that is how it is.	She says there are several culprits, but they do not know what the others are doing, so no one knows the truth.	She also said that it works on its own because their emotional interests coincide.	If the motives are emotional, I think inferring them is very difficult. First one must know why the culprits came to hold those feelings.																																																							
解明（仮）	244	246	Shigatsu Arc [Death Month]	st242	5	150													3	4	4	0	0	Wouldn't it be better if everyone just left the settlement?	As you say, I too think that would be the quickest solution of all.	But as you know, the residents cannot abandon the land of Arata handed down from their ancestors. They have sworn to live here as long as they live.	And Erika Niimura did not order this, either. They stay of their own accord.							So does the culprit want to empty the settlement?	I don't get why they're so attached to the land											Hmm, that is possible too. If it came true, even past cases could be buried. For the culprit, nothing could be more desirable.	If the culprit keeps the residents barely alive and sustains the curse-killings with the fewest victims, they may be a pacifist, surprisingly.	Of course, committing murder and being a pacifist is a contradiction, but even so one can see an intent to keep the harm as small as possible.	Well, this may just be my own assumption.						Normally, if you knew you might be killed next year, you would move away.	But throughout history, many people all over the world have kept fighting at the risk of their lives to protect their land and homes.	Abandoning the land would mean abandoning their pride and identity too. It seems much like having a foreign country pick a war with you.	Either way, there must be a stubborn pride only those rooted in the land understand. I do not know if it is bushido, but it feels a bit like it to me.																									
威圧	245	247	Shigatsu Arc [Death Month]	st243	5	150												3	4	5	6	7	2	Isn't the cherry tree suspicious after all?	Hmm, so the raw material of Droga is cherry roots...	Indeed, given everything so far, the story that a state-backed group took the cherry trees away 'roots and all' does make sense.	But how that leads to the curse-killings, I cannot quite see...	Do you have some idea, /VAR/-sama?						Droga is behind it	The cherry trees move like animals	The cherry pollen drives people mad	Honestly, I don't know									Droga, you say...	Given what we have seen, being splashed with the blood of someone who used Droga gives a person precognition or April sickness.	............	How does that lead to murder, then? Is there some cause and effect we cannot see?	At this stage it is hard to infer, but Droga's existence certainly cannot be ignored either.					The cherry trees move...? You mean the Arata settlement's cherry tree is an animal disguised as a cherry tree?	Then none of the residents would be the culprit, and no person could be named a murderer at all.	I see, an interesting idea.	Even so, in the curse-killings it is certain the residents are deliberately involved in some way.	Perhaps, if the cherry tree were an animal, it might have high intelligence...?	If so, it might even be able to deceive the residents into killing one another.				Oh, another new viewpoint.	Cherry trees seem to have pollen too, and if it is scattered all over the settlement, the residents are surely breathing it in.	I believe it was in some Reference: there is a popular belief that cherry pollen 'contains narcotic components.'	If that somehow came true, it could make residents hallucinate and kill one another, or mistake who the culprit is.	Hm? Then danger sense would be...	............	No, it is nothing. I think I was overthinking it a little.			I see, that is only natural.	Still, we should keep an eye on anything that seems key. Even if it is unclear now, noticing it or not should make a difference.									
威圧	246	248	Shigatsu Arc [Death Month]	st243	5	150					245	3							8	4	4	4	0	I want to hear about pollen and danger sense properly	Huh? But...	............	Understood. It is only a wild guess, but please hear it as a reference.	Danger sense works only in the season when the cherry trees bloom.	Thinking a little more finely, one could say danger sense can be used while cherry pollen is in the air, could one not?	What if that pollen were sending some kind of signal only to those splashed with the blood of a Droga user...	That is what I vaguely thought.	I have no particular grounds; I just thought the story might still connect that way...		So precognition has a scientific basis?	So precognition is hallucinations from pollen?	Hmm, hard to say...										Roughly speaking, yes. Somehow I cannot think of it as a psychic power or a supernatural phenomenon...	But even if so, someone like me could hardly understand the mechanism...	Writing it off as a psychic power is easy, but then I feel we would be overlooking... something important...	Honestly, that is about all I can say.						Well, that is what I thought, but...	But she really can foresee danger. There is no doubt it is not mere hallucination.	Then what is it? If you ask that, I cannot answer at all...	But it is a strange hypothesis after all, is it not? Being able to sense danger through cherry pollen.						Yes, I know myself that I am saying something strange.	But to accept danger sense simply as danger sense is starting to feel a little dangerous too.	I think some kind of causality must exist there.	After all, she can sense danger because of some cause. To foresee danger with no source at all...																
十三回忌①	247	249	Shigatsu Arc [Death Month]	st103	5	150										2			5	0	0	0	0	About the size of Erina Goto's robes and Noh mask	Oh, so you are poking at that...	Because of her build, the Noh mask and red robes prepared for Erina Goto seem to have been too big. It made for quite a comical sight.	There are robes for children too, but in Shiyo 800 there was only Kana Niimura's, so Erina Goto had no choice but to wear an adult's.	Really, like that, there is no point hiding one's appearance with a Noh mask and robes.	If I were Erina Goto, even dressed like that, I am sure you would see through who I was, /VAR/-sama.																																																						
十三回忌①	248	250	Shigatsu Arc [Death Month]	st103	5	150													4	1	6	0	0	Are the Noh masks and robes lent to the mourners?	Yes, exactly. Everyone is required to wear them to attend the memorial service.	But please do not misunderstand: even the residents do not personally own Noh masks and red robes.	Except for the Grand Witch, Noh masks, red robes and footwear are lent to all residents as needed.	Do you understand why it works that way?						Sort of	Not at all...											Hee hee, just as I would expect of you, /VAR/-sama. Considering why they wear Noh masks and red robes, you can mostly guess it.									Then let me explain.	If people were allowed to own their Noh masks and red robes, each owner's 'habits' would be left on them.	For example, a tidy resident's would always be clean, but a messy resident's Noh mask would get dirty and the robes would be all wrinkles.	Then a person could largely be identified from the Noh mask and robes alone.	To prevent that, they are collected after the memorial service and stored in one place. When used again, they are handed out to everyone at random.	Adult and child sizes are taken into account, but basically everyone wears the same things in turn.																							
十三回忌②	249	251	Shigatsu Arc [Death Month]	st105	5	150													2	6	7	0	0	The settlement's memorial service is full of strange things, huh	Indeed, to ordinary people it must have seemed a very unusual ceremony.	'Is this really a ceremony to mourn the dead?' Outside mourners all seem to think so.								Why did it take that form?	What was the drug they used?											I have heard that this too originally stems from the rules. For various reasons, the memorial service came to take that form.	Rather than mourning the dead, it is like a ceremony to drive the dead away so they do not come back here. As you saw.	Then perhaps in the past there was an event of 'driving away the dead,' or something that brought it to mind.	Because a calamity was caused by the dead, they drive them away so they do not come here―	No, perhaps I am overthinking it.	In any case, all I know is that a certain rule made the memorial service take that form.				That is falsificaso. Dripped into heated giant bullfrog oil, it sends up flames. Something like offering incense.	It is made for funerals within the settlement, so it is nothing very unusual there.	However, according to Erina Goto, falsificaso means 'fake' in Portuguese.	If so, there must be a 'real one' somewhere. She thought that might be Droga.	Then does that mean that at funerals they raised their physical abilities with Droga to fight something...	Hmm, if so, what on earth were they trying to fight... Having come this far, it is quite difficult.	In any case, that drug seems to be in ordinary use at funerals. But breathing it in fresh from vaporizing apparently makes you ill, so take care there.																						
十三回忌②	250	252	Shigatsu Arc [Death Month]	st105	5	150										1			5	0	0	0	0	Did every resident attend the thirteenth-year memorial service?	They should have. Even if faces and figures cannot be told apart, the witches counted the number of attendees.	However, they cannot confirm whether the person inside is truly a resident. Any act of identifying an individual is forbidden.	By using that outfit, one could secretly skip the memorial service with a stand-in, but...	Even so, I do not see much benefit in skipping it. If found out, one surely could not live in the settlement anymore...	Or, if someone were plotting something bad, swapping who is inside would be possible, but...																																																						
包囲網	251	253	Shigatsu Arc [Death Month]	st107	5	150			192	2			st183	3				1	4	6	7	7	5	What are the residents after?	At the very least, there is no doubt it is to capture Natsumi Kogori.	However, what they mean to do with her once she is caught is hard to judge.	In the first route of the Shigatsu Arc she was killed, but in the second they did not kill her at once; it even seems their aim was to take her alive.	What on earth was different between these two routes...						Kotaro Niimura is involved	Kana Niimura turns hostile	Whether she's attacked inside the settlement	Honestly, I don't know									Kotaro Niimura...?	Ah, come to think of it, in the first route he reasoned things out with Natsumi Kogori and the others, and in the second he attacked with the residents.	Now that I think of it, his actions are rather ambiguous. They lack consistency.	Then something must have happened to him. Something that happened in the first route and not in the second.	What on earth could it be...	Shall we dig into it in the next topic?				Kana Niimura turning hostile...?	I see. In the first route, Kana Niimura and Chigaya Niimura were gravely hurt and died, and I said before that the cause was a grand sibling quarrel.	Chigaya Niimura took Mifuyu Niimura's place at the succession rite to keep watch on Kana Niimura, who would turn to violence.	In that sense, Kana Niimura's actions do change from route to route.	If so, it is conceivable that this changes how Natsumi Kogori is treated, but...	In that case, should we think it stems from Kotaro Niimura's actions after all?	After all, Kana Niimura likely turned to violence on Kotaro Niimura's orders.			I see. In the first route she was attacked at the Niimura home, in the second at Arata Station, outside the settlement.	Hmm, but...	I believe the plan was to attack before Natsumi Kogori left the settlement.	After all, she fled the settlement because something about Kotaro Niimura's movements was suspicious.	Hmm, and yet...	No, I cannot say that for certain. Perhaps some condition differs inside and outside the settlement...	I cannot think of anything beyond that. But we should not ignore that line either.			So it is difficult even for you, /VAR/-sama...	Indeed. There are far too many uncertain factors to reach a conclusion we can call 'this is it.'	Put another way, one could say it is not something that can be solved yet. Not until that appears―	No, all you need do, /VAR/-sama, is see their happy ending through. So whether it is solved is not so important.	Well, please just think of it as 'there must be some condition.'						
包囲網	252	254	Shigatsu Arc [Death Month]	st107	5	150					251	1	st183	3					4	7	9	9	7	Analyze Kotaro Niimura's actions	Then let us think more deeply about his actions in the first and second routes of the Shigatsu Arc.	In the first route he analyzed the curse-killings with Natsumi Kogori and the others, and in the second he attacked alongside the residents.	Depending on the route, he takes completely different actions like this.	/VAR/-sama, what do you make of these actions of Kotaro Niimura's?						There's a fake Kotaro Niimura	Someone is giving Kotaro Niimura orders	Kotaro Niimura has a split personality	He changes what he does to fit the situation									A fake Kotaro Niimura. Hmm, how likely might that be...	He seems to have a rather unique appearance, so disguising oneself as him and acting the part would seem quite difficult, but...	............	No, there is just one. One person who could act the part of a fake Kotaro Niimura.	The dead Eiichiro Niimura might be able to, but...	But that is only if it is a matter of faking his looks. Eiichiro Niimura is already deceased, so surely it would be impossible.	............			I see. So Kotaro Niimura is not the root of it all; someone is giving him orders.	True, if those orders differ by route, his actions would end up inconsistent too.	Then who on earth is giving Kotaro Niimura orders, I wonder.	In the second route, everyone, residents included, gathered at Arata Station. So the mastermind was also at the scene then.	But everyone except the Motoki-cho group and Erika Niimura died. That would make Erika Niimura the likeliest mastermind.	But if so, it seems odd to go to the trouble of calling in backup to solve the case, and Natsumi Kogori, the first target, came back alive and well.	So should we think that in the second route the mastermind failed to achieve their goal?	In that case... the mastermind is someone who was not at Arata Station...?	............ That is impossible, is it not? Everyone involved was gathered at Arata Station.	A split personality? Oh, I see...	So there is a personality that tries to solve the curse-killings, and one that kills people every year... no, strictly, one that tries to capture Natsumi Kogori.	In that case, though, the condition would probably be that no one knows he has a split personality.	If not only his mother, Erika Niimura, but even his 2 daughters saw through it, his actions would turn contradictory.	Or the possibility that they are all in on it together, those women included.	Mm, if they were in on it together, that seems a far bigger problem than a split personality, though...	Honestly, the split-personality theory may be a bit of a stretch.	Still, it is true that he acts in a way that makes one want to ask, 'Is it a split personality?'	Hmm, it seems it is not simply Kotaro Niimura acting on his own after all.	I see, that may be the most realistic.	He switches, depending on the situation, between helping to solve the cases and taking part in them.	Then both must hold some merit for him. Whether the cases are solved or he takes part, either way there is an outcome he welcomes.	In other words, to him it does not matter whether the cases happen or not. He makes whichever choice brings him closer to a goal beyond them.	What could that goal and merit be... There must be something beyond the cases being solved, or happening.	And on the way to that goal, there is a key: Natsumi Kogori.	If he adapts to each situation, he may be something of a bystander. One truly involved would lean to one side.				
覚醒	253	255	Shigatsu Arc [Death Month]	st111	5	150													6	5	4	0	0	So Kotaro Niimura is the culprit after all?	Well, at the very least there is no doubt he was on the side of the perpetrators.	But something about him is fishy, or rather... He is hiding something, is he not?	In Erina Goto's view, he is 'covering for someone.'	In other words, by actively playing the culprit, Kotaro Niimura is trying to protect a secret he absolutely does not want known.	I think we may take it that way.	What about you, /VAR/-sama? What was Kotaro Niimura thinking when he turned to violence in the underground passage?				He's covering for someone after all	He just wants us to think so to escape the blame											So you think so too, /VAR/-sama.	Indeed, if everything he did was his own decision alone, it does not quite add up.	Taking the first route through the third as a whole, his actions lack consistency, shall we say...	There is probably some core to them, but that core seems to waver from route to route.	Either way, we will not know unless he chooses to tell the truth.					Hmm, one could think of it that way too.	He makes it look as if something lies behind it, when in fact there is nothing. He is putting on a convincing act to escape the guilt of murder.	I think that is quite possible too. That way he could also throw off the investigation afterward.	But he unquestionably committed violence. That crime cannot be erased.																									
覚醒	254	256	Shigatsu Arc [Death Month]	st111	5	150										7			7	0	0	0	0	What was Kotaro Niimura doing underground?	According to Erina Goto, that underground space shows signs that someone was going in and out frequently.	Which means that person is, in all likelihood, Kotaro Niimura.	What he was doing there, I cannot tell, but...	He probably had a secret he wanted no one to know.	Whether he turned to such violence to protect it, I wonder...	In any case, I am sure something is hidden there.	The main scenarios alone do not make it clear, so I suggest viewing them together with the References.																																																				
約束	255	257	Shigatsu Arc [Death Month]	st124	5	150					227	2				4	2		6	0	0	0	0	That dream with Eiichiro Niimura wasn't danger sense, right?	Indeed. As I discussed with you before, /VAR/-sama, there is much that is puzzling about Natsumi Kogori's danger sense.	His advice, 'You must not learn the truth,' could in a sense be called danger sense. However...	Yet for that, it feels a little strange, shall we say...	Forgive me, I cannot explain it well, but it feels less like danger sense than Eiichiro Niimura's own words, just as they are.	Whether Eiichiro Niimura appeared in the dream by chance, or whether it is an extension of danger sense, I do not know...	I am sorry that I can only say vague things.																																																					
約束	256	258	Shigatsu Arc [Death Month]	st124	5	150			255	2							2		4	3	5	0	0	Eiichiro Niimura said not to learn the truth, though?	............	Do you understand now what I said at the very beginning?	Learning the truth only invites misfortune. Rather than that, you should wish for their happy ending.	Following Eiichiro Niimura's advice, I have judged that learning the truth is inappropriate.						I see. Now I finally get it.	Isn't that different from what you said earlier?											I am glad you understand. Learning the truth would only get in the way of their happy ending.	I will not be guiding you to any such route myself.	It may be frustrating for you, /VAR/-sama, but please, forgive me.							............	It is true that there is something doubtful about calling Eiichiro Niimura's voice danger sense.	However, that voice has saved us time and again until now.	So whether it is danger sense or not, I believe we should follow it.	That is what I meant, so please do not misunderstand.																								
飛び散った血痕	257	259	Shigatsu Arc [Death Month]	st108	5	150										3			6	0	0	0	0	So Natsumi Kogori's chest is a size that fits under a Noh mask...	What a rather vulgar thought...	Well, that is surely true, and had it been any bigger, I think it would have led to a serious injury.	Well, it was a good thing Natsumi Kogori was that size, or, how should I put it...	............	Honestly! I hate dirty jokes!	/大文字//VAR/-sama, you're so naughty!																																																					
飛び散った血痕	258	260	Shigatsu Arc [Death Month]	st108	5	150									1	4			4	0	0	0	0	Why was Kotaro Niimura calling Sakura Niimura's name?	Pardon?	Was there such a scene?	I am sorry, I do not remember it well.	Well, even if that were so, he was out of his mind, after all. It is of no importance.																																																							
また会おうね。	259	261	Shigatsu Arc [Death Month]	st244	12	150													3	1	5	3	0	What happened to Haruka Niimura?	Do you perhaps mean the green eye?	It seems that, in very rare cases, a head injury can change the color of an eye. Perhaps that is it?	You see, Kotaro Niimura pressed her head against the underground ceiling.							I see, I think you're right	That's way too much of a coincidence...	Is it related to the Niimura sisters' eyes?										Yes, quite. I cannot think of anything else.									Even if you say so...	Her eye color did change, and there is surely some cause.	But is there any cause other than the injury?	There should have been no such case before now. We could speculate in many ways here, but there is nothing to base it on.	We ought not to spend effort on futile things.					Those sisters have foreigners among their ancestors, and I think they simply inherited it.	Haruka Niimura has no direct blood ties to Arata, so the cause must differ from theirs.	Well, I cannot speculate any further than that.																	
また会おうね。	260	262	Shigatsu Arc [Death Month]	st244	12	150			256	2									3	8	4	0	0	So the Shigatsu Arc ended full of mysteries after all	Well, it is true that it ended with unclear, vague things left unresolved.	But as Eiichiro Niimura warned, learning the truth invites misfortune.	Which would they wish for, the truth or happiness?							I still want them to pursue the truth	If they're happy, I don't need the truth											............	Well, that depends on their decision, not ours, but...	But at least Natsumi Kogori will no longer pursue the truth, I think.	If she stops cooperating, do you not think the truth will probably be out of reach?	Even if Erina Goto put her brains to work, I doubt the results would be good.	Because although Erina Goto has built up a great many deductions so far, we do not even know whether they are right.	As long as Natsumi Kogori does not seek the truth, this is as far as it goes.	So please, wish for their happy ending.		You are good sense itself, /VAR/-sama. I am grateful for your consideration.	Yes, I believe the truth is not something to pursue at the cost of sacrifice.	An extreme example, but 'Does the afterlife exist?' You would not kill yourself to find that out, would you, /VAR/-sama?	There is a limit even to confirming the truth. Please do not forget where that line is drawn.																									
姉妹①	261	263	Saigo no Koe Arc [Last Voice]	st183	5	200										2			4	0	0	0	0	A trip as a blood-related family... doesn't Mifuyu Niimura mind?	Ordinarily, there would surely be some reluctance. Sending one's adopted child on a trip with her blood-related parents, of all things.	This is a behind-the-scenes story, but it seems Mifuyu Niimura and Akane Kogori had made that promise from the start. What is more, Mifuyu Niimura apparently proposed it.	She must have felt indebted to Akane Kogori somehow, after all. It seems she wished, at least once the girl had grown, to make even a little time for them together.	I suppose it is Mifuyu Niimura's own way of expressing her gratitude.																																																							
姉妹①	262	264	Saigo no Koe Arc [Last Voice]	st183	5	200										2			5	0	0	0	0	Is the inn that showed up expensive?	Yes, it seems it is rather out of reach for ordinary people.	It is apparently 78,000 yen per person for one night with two meals. And since it is Golden Week, the price is said to be even higher.	Even so, at this time of year it is apparently fully booked. Perhaps people with money really do not hold back on this sort of thing.	After all, this time the reservation was only made in mid-April. It seems a good room happened to be free, by luck.	There should also be an introduction to the inn among the references, so please have a look at that as well.																																																						
消えゆく星	263	265	Saigo no Koe Arc [Last Voice]	st188	5	200											2		4	4	8	0	0	Who's that fortune-teller?	She is apparently an authority on physiognomy, and her name is Yuko Stella. She was born in Shiyo 750.	As she said, fortune-telling is, after all, advice based on statistics. It cannot change a person's future.	So she apparently believes a fortune-teller's role is to give the kind of advice that will help that person.	In her case, that advice seems to be very well received, and I hear she sometimes takes on ordinary life counseling rather than fortune-telling.						You know a lot about Yuko Stella	Do you believe in fortune-telling?											Eh? Well, yes, I suppose so. The truth is, there was a time long ago when I was rather into fortune-telling...	Ah, though I only mean horoscopes and the like. Nothing good enough to tell /VAR/-sama's fortune.	She is famous in the fortune-telling world. An authority, yet never arrogant, she advises from the other person's viewpoint. That is apparently quite hard.	Once the title of fortune-teller grows big, some people let it go to their heads and turn arrogant, after all.						Hmm... All I can say is that it depends on the situation...	For example, I do not believe in omikuji or TV horoscopes at all. Those just push whatever comes out onto you. I think that is a little different from fortune-telling.	Fortune-telling is, after all, statistics. It is not necessarily right.	But how can one guide the client from that uncertain information? I think that very ability to respond is what fortune-telling demands.	So if it is fortune-telling like Yuko Stella's, then I can believe in it.	Yes, no one can choose the future. Whatever the fortune, whatever the fate, the one who decides what lies ahead is oneself.	For better or worse, it is a path one chose oneself. That is what I think.	…………。																					
消えゆく星	264	266	Saigo no Koe Arc [Last Voice]	st188	5	200			263	2									4	6	4	5	0	What's this 'constitution' Natsumi Kogori and Chigaya Niimura have?	That is what Yuko Stella said to Natsumi Kogori.	Natsumi Kogori and Chigaya Niimura are very much alike in constitution. And yet their natures cannot coexist, she said.	Frankly, I do not know what it means, and I am not certain that fortune can be relied on, either.	I am sorry to turn the question back on you, but does anything come to mind for /VAR/-sama?						Their figures are really alike	Chigaya Niimura has danger sense too	The fortune's probably just wrong										Figures?	I see, in the abandoned hut they told each other their complexes, and so―	/大文字//揺れ/No, that's absolutely not it!	Honestly, no one needs a fortune for that, and those are natures that coexist just fine...	It's absolutely not about their figures. I'll say it flat out. I have no grounds, but it's absolutely not that.	/小/...Or so I'd like to think...				Chigaya Niimura has danger sense too...?	That, I must say, I have never heard of... If so, then in the Shigatsu Arc as well, Chigaya Niimura might have used that ability―	Ah, but there were no cherry trees, so the conditions for foresight were not met. Then there is no means of verifying it...	Even so, it is certainly not something that can be ruled out. I think it is quite an interesting angle.						Some fortunes are right, some fortunes are wrong. Even a famous fortune-teller must miss sometimes.	Still, linking Chigaya Niimura and Natsumi Kogori together... that is far too much of a coincidence...	Chigaya Niimura happened to meet the fortune-teller in Tokyo, and Natsumi Kogori, by chance, at a hot spring...	The fortune-teller meeting both of them is too much of a coincidence in itself, but then telling Natsumi Kogori about it... the odds are dizzying...	Well, even so, it may just be coincidence. A constitution linking the two may be reading too much into it.															
姉妹②	265	267	Saigo no Koe Arc [Last Voice]	st184	5	200													4	3	3	0	0	Haruka Niimura's eye really stands out, huh?	Yes. As one would expect, after that it seems people pointed it out at school, too.	She seems to be telling those around her it was "caused by a head injury," but even so, the true cause is still unknown.	Haruka Niimura is apparently planning to go to a larger hospital after Golden Week.	I hope that will reveal the cause... It is a truly strange phenomenon, though.						Were the Niimura sisters born with odd eyes?	I think it's temporary											Yes, that seems certain. Both of them have had those eye colors since birth.	So I think the Niimura sisters' condition is different from Haruka Niimura's, but...	Well, I am not a doctor, so I cannot say for certain.							Temporary...	That may be so. If an injury or illness is the cause, then once it is treated, the eye should go back to its original color.	…………。																										
姉妹②	266	268	Saigo no Koe Arc [Last Voice]	st184	5	200												2	3	6	3	0	0	How must Haruka Niimura feel, going on a trip with her real parents?	As you saw, she seems to be feeling quite awkward.	Part of it must be facing her real parents anew, but to her, Mifuyu Niimura is still her one and only parent.	So I imagine an event like that leaves her somewhat bewildered.							But Mifuyu Niimura was the one who suggested it, right?	Well, yeah, of course...											Yes. It seems Mifuyu Niimura gave it to the Kogori couple as a gift, out of gratitude for everything until now.	But, how shall I put it...	It also seems she was a little short on consideration for the daughters. Then again, charging ahead like that is very like Mifuyu Niimura.	From Haruka Niimura's point of view, she might feel she was lent out by the parent who raised her to her real parents...	Well, in any case, I am glad Haruka Niimura seems to have come to see the trip in a positive light.	After all, both Akane Kogori and Mifuyu Niimura probably meant to tell her once she was old enough to think it through that far.				That is true. Suddenly learning who her real parents are, and then suddenly being told to go on a trip...	This may sound a bit like talking behind their backs, but I do wonder if they should have talked it over more with Haruka Niimura...	Though I am sure Mifuyu Niimura meant no harm at all.																										
乙女の聖戦～湯～	267	269	Saigo no Koe Arc [Last Voice]	st187	5	200					266	2				3			4	0	0	0	0	So the trip was decided without even asking Haruka Niimura?	Pardon?	Ah... yes, that is right. So it seems.	It seems Mifuyu Niimura told her out of the blue: "Go on a trip with the Kogori family over Golden Week."	Well, it is one of those things. Consider this another bit of behind-the-scenes trivia.																																																							
乙女の聖戦～湯～	268	270	Saigo no Koe Arc [Last Voice]	st187	5	200													3	5	4	0	0	Was the family bath scene really necessary?	Pardon?	Well, yes... um...	I chose it thinking it might get a little laugh, but...							Isn't /立木/ actually into dirty jokes?	What kind of supernatural phenomenon is the spinning Noh mask?											/大文字//揺れ/N-no! That's not it at all!	I mean, in its own way, it turns into a funny story afterward, or, how do I put it...	Rather, what I wanted to show you wasn't the bath scene, it was Haruka Niimura's fantasy scene!	I thought that part was funnier too, so the bath scene was its opening act, its setup...	Oh, honestly! Let's drop this subject! The more excuses I make, the more embarrassing it gets!					............	Would it be better... if I simply explained that...?	/大文字//揺れ/It's just self-censorship! That's all!	/小/Geez... you should get that without me saying it...																									
姉妹③	269	271	Saigo no Koe Arc [Last Voice]	st185	5	200													2	6	4	0	0	About the dream Erina Goto was having in the car	That is surely a sign of her conviction to search out the truth of the curse-killings.	It has been nearly a month since then, yet she still has not reached the truth. She remains unconvinced, and she seems to keep piling deduction on deduction.								What's really behind the voice telling her not to know the truth?	She really does love thinking, huh											At the very least, it is probably something different from Natsumi Kogori's danger sense. She has no such ability, after all.	Most likely, the warning Mifuyu Niimura gave her on the way back from the Arata settlement, "Do not pursue the truth," is still weighing on her.	Seen the other way around, could it be that Mifuyu Niimura is vaguely starting to see the truth of the curse-killings?	If one pursues it, something bad will happen. So she is trying to stop her.	Hmm...	It may be worth thinking over Mifuyu Niimura's actions once more. There may be unexpected hints in the references and such.				That is surely part of it as well. But more than that, she probably cannot forgive the existence of someone gloating behind the scenes.	She has come to know the settlement's people; it is no longer someone else's affair. Her conviction to find whoever lurks behind it, for those dear to her, drives her on.	True, stopping as she was warned would be easy. But her sense of justice probably will not allow it.	In a sense, Erina Goto is a bit of a handful. I only hope she does not go charging off on her own...																									
姉妹③	270	272	Saigo no Koe Arc [Last Voice]	st185	5	200													4	7	7	0	0	So Erina Goto hates haunted houses	Yes. She believes in neither the supernatural nor ghosts. So whether it is a graveyard or a ruin, she is apparently perfectly fine even if thrown in alone.	The reason, of course, is that she believes paranormal phenomena cannot possibly occur.	But in a haunted house, things are certain to show up. And professionals in the field put all their skill into scaring you. That, it seems, she cannot handle...	As much as haunted spots do not bother her, she seems to be terribly weak against horror attractions.						Does she have any other weaknesses?	Cute...											Speaking of Erina Goto's other weaknesses...	As you saw before, she is easily lured by food. If you can satisfy her appetite, she seems willing to grant most requests.	Other than that...	Ah, this may surprise you, but she is not good with children.	Her reason is, apparently, "because I can't tell what they're thinking."	So it seems she cannot communicate smoothly with anyone who has not reached a certain mental age.	When she first met Kana Niimura, too, she showed a rather clumsy side of herself.			Oh, you find that cute? You are quite the connoisseur...	Actually, I...	I am not good with haunted houses either...	............	Ah, n-no, that's not it!? I didn't say it so you'd call me "cute" too, I was simply mentioning something I have in common with Erina Goto...!	W-well, anyway, Erina Goto trembling in a haunted house is cute, isn't it! Ah ha ha ha ha!	/小/Ha ha ha...																						
生まれ変わる家族たち	271	273	Saigo no Koe Arc [Last Voice]	st189	5	200													4	7	5	0	0	Momoko Goto's feelings were really complicated, huh	At last she poured out what was in her heart. She was terribly afraid of being abandoned by her younger sister.	Her sister grew smarter than she was, and she began to doubt her own place as the older sister... Would she one day be written off as someone no longer needed?	Then attending her boyfriend's funeral made her heart give way. The only choice left to her was to push her sister away before she could be abandoned, and to disappear.	From some angles it may look like an easy way out, but surely it was the result of her thinking it through in her own way.						Maybe she just didn't have the courage to take that first step	But they'll be okay now, right											Indeed. But I think the same was true not only of Momoko Goto but of Erina Goto as well.	She could not bring herself to approach her sister, and their hearts stayed apart for 5 whole years, surely because each was afraid to step toward the other.	Even if they reached out, if they stayed at odds, their bond as sisters would truly be cut. That fear was what had been tearing them apart.	To an onlooker it may seem almost comical, but I think this is a hard thing indeed, and not only for them.	Just as with Akane Kogori and Mifuyu Niimura: had they talked properly, the Megasawa City case would never have happened.	In the same way, had Natsumi Kogori and Haruka Niimura talked about the curse from the start, no tragedy beyond the flayed-body case would have happened either.	Stepping toward another takes more courage than one imagines. So I think it is very good that they reached this reconciliation at all.			............	Indeed. I believe the Goto sisters will surely be able to return to being sisters who need each other.	Yes, I am sure the two of them will find happiness...	That is what I believe.	............																								
生まれ変わる家族たち	272	274	Saigo no Koe Arc [Last Voice]	st189	5	200													7	9	7	0	0	Who was Momoko Goto's boyfriend who died?	His name was Hiromitsu Fujino. He was Momoko Goto's classmate.	His grades were among the top of his year, but he was not very used to women, and he confessed to Momoko Goto fully prepared to go down in flames―	Momoko Goto, for her part, was more than a little fond of him for his brains, and though she apparently hesitated somewhat, they started going out.	But given his personality, he did not know how to date a girl, and it seems that even after they started going out, he could hardly bring himself to talk to her.	Knowing that about him, Momoko Goto watched over him patiently and warmly, waiting for him to make a move.	But a month in, a car with a blown tire plowed into the two of them as they walked. He pulled Momoko Goto clear by the hand and died in her place.	They say that was the first and last time she ever touched him. She was terribly, terribly devastated, it seems.			And then his family said cruel things to her, too	I wonder if Momoko Goto ever got over it											Yes. As Momoko Goto said, at the funeral they pointed out her natural hair color, and it seems her heart finally gave way.	Everyone in his family was highly educated. Being spoken to like that set off a chain reaction, and her fear of Erina Goto exploded as well.	In truth, his family had nowhere to aim their anger, so they lashed out at Momoko Goto, who had been with him. The driver died in the crash too.	So they did not truly blame her for her hair color.	Misfortune piled on misfortune, and in the end it tore the sisters apart.	Well, the exchange at the funeral was certainly the trigger. But I think that even without the accident, they were fated to fall out sooner or later.	Momoko Goto was already doubting her own place as the older sister, after all.	No, but...	If he had lived and she could have confided in him, perhaps a different path would have opened up...	I wonder. Even I cannot see into her heart, though...	But it is certain that the accident kept casting a darkness over her heart. Even if she got past his death, the darkness it cast stayed with her.	No, but then again, I wonder...	As you saw, Momoko Goto never took another boyfriend after that. Plenty of men seem to have approached her, but none of it ever turned into romance―	By her own account, it was "because I've got no time for fun with all my part-time jobs," yet she never tried to find anyone to lean on, which must mean that even now...	............Anything more would only be piling guess on guess. Surely Momoko Goto herself does not know that part either.	In any case, I hope her reconciliation with Erina Goto gives her back the will to search for happiness once more.																						
幸せの決断	273	275	Saigo no Koe Arc [Last Voice]	st191	5	200													4	8	4	0	0	What happened when Erika Niimura died?	At 5 p.m. on May 3, Shiyo 800, Erika Niimura and Kana Niimura went out together to shop for groceries at a supermarket in Toyotake.	While they were there, she apparently just collapsed inside the store.	An ambulance was called at once and she was taken to the hospital, but about 5 hours later she died during surgery. The cause was a heart attack.	There were many witnesses, and she died in a hospital, so one may safely say there was no foul play at all.						I wonder why she had a heart attack	Was there really no foul play?											Most likely the strain of the curse-killings took its toll.	Tormented for 10 whole years, and then nearly every resident, her son included, was arrested. Then the aftermath and the questioning. It must have been a heavy burden.	Also, after the incident, a doctor prescribed her antidepressants, that is, medicine for depression.	Erika Niimura's actions after the incident are not depicted, but her heart must have grown sick enough that she herself knew it.	But given her character, she would not have let any of it show, and would have kept up a cheerful face, I imagine.	It is odd to call it the price of averting the curse-killings, but I believe she was able to fulfill her duties as the Grand Witch.	May she rest in peace over there...	…………。		Judging from the autopsy results and the circumstances, it does seem certain that she died of illness.	To overturn this result, I do think one would need to look at the situation again from a new angle, but...	At present, however, I have no information that would overturn the finding of death by illness.	For now, it should be fine to treat it as death by illness. Should anything new come up, I will let you know as needed.																									
幸せの決断	274	276	Saigo no Koe Arc [Last Voice]	st191	5	200													3	7	9	0	0	So Natsumi Kogori is giving up on the truth	Yes. Following the advice of Eiichiro Niimura and the fortune-teller, and after talking it over with Erina Goto, that seems to be what she decided.	I expect /VAR/-sama would like her to chase the truth, but...	This is the decision she made. Please, I would ask that you respect it.							So the truth really stays unknown?	Erina Goto's bound to do something about it											At the very least... Let me see...	Natsumi Kogori will never learn the truth.	As far as I know, Natsumi Kogori... the truth...	…………。	/VAR/-sama, the end point of this world is also close at hand now.	Please, watch over them to their happy ending.	The truth is not something to be obtained at the cost of trampling on happiness.			Erina Goto...	Indeed, I am sure that she will keep chasing the truth, whatever walls stand in her way.	Even if it takes a great deal of time and effort, her sense of justice will not allow her to stop.	Natsumi Kogori and Erina Goto seem to think about such things entirely differently.	Still, if Erina Goto, too, seemed about to call forth a new misfortune, surely she would stop at that point...	But how far in the future that would be, I cannot even imagine.	Perhaps Erina Goto can no longer break free of this fate.	That is why I would rather she seek happiness than the 'mere cause' at the end of her pursuit.	Even if she learned the truth, she would only think, "Oh, I see."																				
屈辱	275	277	Saigo no Koe Arc [Last Voice]	st310	5	200													3	7	7	0	0	So Chigaya Niimura is the mastermind?	…………。	Well, I wonder about that.	I do not know.							Then what about the cursed green eyes?	At least Chigaya Niimura did kill people, right?											Cursed green eyes...	I have turned it over in many ways myself, but nothing in particular comes to mind...	Perhaps she truly is cursed, or perhaps Chigaya Niimura has merely convinced herself of it.	After all, by that logic, Chigaya Niimura, Kana Niimura, and Haruka Niimura too would all be cursed.	Haruka Niimura aside, to think the Niimura sisters have lived under a curse all this time...	Could it be that they are seized by sudden fits of killing people? And that this is the truth of the curse-killings?	Surely not... Something like that...			Given her confession, that is how it looks. Erina Goto's deduction was correct.	And yet something does not fit. What settled that were her words, "I wanted to kill Mom too."	Frankly, it makes no sense to me at all.	Did Sakura Niimura have some reason she had to be killed by her own daughter?	And on top of that, she kept up the curse-killings because of it...	…………。	Truly, it makes no sense to me.																						
屈辱	276	278	Saigo no Koe Arc [Last Voice]	st310	5	200													6	3	4	0	0	What did Erina Goto realize from talking with Chigaya Niimura?	That is............ a difficult point...	Judging from the circumstances, Erina Goto seems to have suspected that Chigaya Niimura was the mastermind.	But the single remark "I wanted to kill Mom too" turned Erina Goto's deduction upside down.	In other words, the core of the curse-killings ought to lie in that part, but...	Well, then again, learning the truth brings misfortune.	Whatever point there may be in our chasing the truth―				We've come this far, let's think it through together	So /立木/ doesn't know any more than this either?											Even if you put it that way...	Well then, if I must say something...	Please try looking back over every reference so far. There is a great deal of information that is not in the main story.							…………。	To put it plainly, yes, that is the case.	I may be the guide, but more than I know is stirring behind the scenes.	I am sorry, but there is no other way to put it.																									
さよなら	277	279	Saigo no Koe Arc [Last Voice]	st193	5	200													4	6	3	0	0	So this is where we say goodbye to Haruka Niimura	It seems that is what she has decided.	Haruka Niimura has a stubborn side, so she will not be talked out of it so easily.	But as she says, once the people are gone, it is only a matter of time before the settlement perishes.	If the settlement is to survive, I think that, too, is a choice one could make.						I wonder if she'll manage all right	How does it end?											Naturally, at first there will be one failure and setback after another.	But she is prepared for that. Nothing begins if one does nothing but despair.	She must have decided that taking some action was the only way to protect the settlement.	Yes: not making it succeed, but first beginning something. Success and failure alike are results that come only from action.	She now stands at that starting point.	All that remains is to watch over her.				How it ends...	One scenario remains before the final destination of this world.	Please see it with your own eyes, /VAR/-sama.																										
さよなら	278	280	Saigo no Koe Arc [Last Voice]	st193	5	200													2	5	6	5	0	So this world is ending too.	Yes. One more, and we reach the final destination of this world.	Looking back, how was it? What did you think, /VAR/-sama?								Will we learn the truth at the end?	Too many things are still vague	I think it turned out pretty well										…………。	The truth is not something one can catch so easily.	All the more so now, when there are many problems that must be solved before the truth.	If, even after those are settled, they still seek the truth―	then perhaps the truth really will appear before their eyes.					I understand very well what you mean, /VAR/-sama. Even after coming this far, we still cannot see the bottom of it.	Not only that, but new facts keep coming to light, and the road to the truth gets twisted.	But the truth is already a thing of the past. It does not necessarily lead to the future.	Right now, they are looking to the future. Each sees it differently, but each is chasing happiness as she herself understands it.	Knowing the truth would only get in the way of their happiness.	For now, how will they seize their happiness? That is what I would like you to watch.				Thank you. Hearing you say so, I can truly feel that guiding you this far was worth it.	In that case...	it means my farewell with /VAR/-sama is near as well.	Thank you truly for coming this far. I offer you my heartfelt gratitude.	All that remains is for you to watch their happy ending.															
#N/A	299																																																																																		
#N/A																																																																																			
