シナリオ名	ID	連番	編名	シナリオ解禁	シナリオ値	好感度	リファ解禁	リファ値	話題解禁	話題値	話題選択	話題選択値	ロック	ロック値	1回	抜粋	鍵	選択	永劫	永劫選択	Aページ	Bページ	Cページ	Dページ	Eページ	キャプション1	A1表情	A1 cha 138	A2表情	A2 cha 148	A3表情	A3 cha 146	A4表情	A4 cha 132	A5表情	A5 cha 164	A6表情	A6 cha 146	A7表情	A7 cha 142	A8表情	A8 cha 134	A9表情	A9 cha 130	キャプション2	キャプション3	キャプション4	キャプション5	ハート	好感度1	好感度2	好感度3	好感度4	B評価	C評価	D評価	E評価	B1表情	B1 cha 131	B2表情	B2 cha 152	B3表情	B3 cha 144	B4表情	B4 cha 150	B5表情	B5 cha 158	B6表情	B6 cha 126	B7表情	B7 cha 142	B8表情	B8 cha 124	B9表情	B9 cha 118	C1表情	C1 cha 137	C2表情	C2 cha 140	C3表情	C3 cha 148	C4表情	C4 cha 172	C5表情	C5 cha 133	C6表情	C6 cha 135	C7表情	C7 cha 142	C8表情	C8 cha 106	C9表情	C9 cha 112	D1表情	D1 cha 134	D2表情	D2 cha 145	D3表情	D3 cha 140	D4表情	D4 cha 168	D5表情	D5 cha 140	D6表情	D6 cha 140	D7表情	D7 cha 134	D8表情	D8 cha 124	D9表情	D9 cha 130	E1表情	E1 cha 94	E2表情	E2 cha 157	E3表情	E3 cha 157	E4表情	E4 cha 164	E5表情	E5 cha 128	E6表情	E6 cha 124	E7表情	E7 cha 56	E8表情	E8 cha 99	E9表情	E9 cha 114
その他	282	000	Jusatsu Arc [Killing by Curse]	st169	99																3	2	3	0	0	事典にめっちゃ怖いやつがいたんだけど！！！！	驚き	お、落ち着いてください/VAR/様。事典に怖いやつ……？	通常	もしかしたら、この世界のある要素がうっかり無関係の場所に入り込んでしまったのかもしれませんね。		不手際があり大変失礼いたしました。もうそのようなことはないよう、完全にロック致しますので。													うん、もう出てこないようにして！	でも面白いからそのままでいいよ			4										承知致しました。もう事典で突然おかしなものが割り込んでくることはありませんのでご安心ください。	にこり	ただ、もし/VAR/様の気が変わることがあればロックを緩めますので、再度お声掛け下さい。							驚き								驚き	まあ、/VAR/様って豪胆なのですね。	にこり	かしこまりました。では得体のしれぬものの割り込みを許すようにしておきます。		もし出ないようにしたい場合は、再度お声掛け下さい。																																																
(無条件解禁)	300	281	True Jusatsu Arc [Killing by Curse]	st195	5																1	2	4	0	0	Huh? Did the atmosphere here change?	笑顔	Yes. I have made a fresh start, hoping /VAR/-sama would face me with fresh feelings as well.																	It's really nice!	I liked it better before...			3					1				喜び	Oh my! I am so glad!	困り	This is about all the hospitality I can offer. If it pleases you even a little, I am very happy.	にこり														悲しみ	Ugh...		I am terribly sorry for doing something unnecessary...		But once I change it, I cannot change it again for a while...		I am sorry, but if you could please bear with it as it is...	通常																																													
(無条件解禁)	301	282	True Jusatsu Arc [Killing by Curse]	st195	5											2					1	2	3	0	0	So what does 'Mika Tachiki' actually mean?	驚き	Ah, the 'Nii' of Niimura contains the characters 'tachi' and 'ki,' and the 'Haru' of Haruka hides the characters 'mi' and 'ka.'																	That makes total sense!	Isn't that a bit of a stretch...?			3					1				笑顔	Hee hee, it was an alias I came up with on the spot, so I am glad it convinces you.	困り	'Mika,' as in the third of the month, and 'youka,' the eighth, may suggest some odd link, but the dates mean nothing at all.	にこり														困り	Haha... It was a stretch after all, was it not...		In hindsight I thought it a careless alias, easy to see through, but being such a stretch, perhaps it kept /VAR/-sama from noticing.		I seem to be rather lacking in that sort of wit...	にこり																																															
(無条件解禁)	302	283	True Jusatsu Arc [Killing by Curse]	st195	5																2	3	3	0	0	You talk nothing like you do in the scenarios.	困り	Hahaha, you would think so, would you not?		So that /VAR/-sama would not see through me, I was speaking the exact opposite of how I normally speak.															I like the way you talk now, too.	I want you to talk normally.			3					1				笑顔	Thank you. I know it is a completely different image from my usual self...	喜び	I have discovered a somewhat ladylike side of myself, and I am a little happy about it.	困り	Well, honestly, it was embarrassing at first, but in front of /VAR/-sama, this is now when I am most at ease.	にこり													Hmm... It does not suit me after all, does it...		Even so, changing how I act toward /VAR/-sama at this point would be rather difficult...		It may be selfish, but I would like to keep carrying myself as I have until now.	にこり																																															
(無条件解禁)	303	284	True Jusatsu Arc [Killing by Curse]	st195	5											1	2				5	7	4	6	0	Can't you do something about that blood?	悲しみ	Well... I have tried all sorts of things myself, but...		No matter how much I wipe it, the blood will not go away, and I cannot take off these clothes, as if I were bound in them.	閉じ	You see, this is a world without the concept of time.		In other words, I am stuck as I looked when I came here, and I cannot change it.	通常	Changes in memory and in my exchanges with /VAR/-sama seem to remain, but anything that concerns only me is as you see...									That's so sad...	I'm sure it'll work out.	Honestly, it's creepy...		2						2	-1		閉じ	Sad, you say...		But whatever the reason, it does not change what I did.	通常	I did stab Natsumi to death, and I ran away into this world.	閉じ	Even if I flee into this world, the proof of my sin does not disappear.	通常	Yes, this blood is the proof of my sin. A brand I can never outrun, however far I go.		I think I will simply accept it now.		Because what I did cannot be undone.					驚き	/VAR/-sama...	にこり	Thank you. Hearing you say that encourages me more than anything.		I am ready to chase the truth with you and face what I have done.	通常	I believe that somewhere beyond that, there is a way to wipe away this blood.											悲しみ	…………。		I understand that, but...		Honestly, that rather hurts...		Smiling and chatting cheerfully looking like this must be very creepy indeed...	閉じ	But that cannot be helped.	悲しみ	I committed a sin that grave and fled here, after all.	閉じ																							
(無条件解禁)	304	285	True Jusatsu Arc [Killing by Curse]	st195	5	10										2					4	4	7	0	0	When you bow, a lot shows...	通常	？	にこり	？？？	考える	？？？？？	通常	Um... I do not quite follow what you mean...											Oh, then never mind	Your cleavage...			3						1			にこり	…………？	考える	Hmm... What's that about...	通常	Well, if /VAR/-sama says never mind, I will not worry about it, but...	悲しみ	Hmm... What could it be...	にこり										驚き	Cleavage...?	真っ赤	Ah! Wait! /VAR/-sama! Just where were you looking!	恥	Ah, no... If you hadn't pointed it out, I probably wouldn't have noticed. I'm sorry.		As you know, I'm rather careless, or rather, I have a side that lacks delicacy...		Hmm... I'll probably forget again right away...		If I forget again and something happens to show... um... I'd appreciate it if you pretended not to see...		Mom kept telling me to fix this side of me, too... How did I turn out like this...	通常																																							
(無条件解禁)	323	286	True Jusatsu Arc [Killing by Curse]	st195	5				303	2							2				4	9	0	0	0	By the way, what's that bar in the upper right?	驚き	…………？		I am sorry, but I cannot see anything from where I am...	通常	This world has come to reflect /VAR/-sama's will as well. If so, should we take it that something /VAR/-sama wants to see has taken form?		Does anything come to mind?											Your affection level?				4									驚き	I see...!	通常	Indeed, my feelings do change somewhat as I talk with /VAR/-sama.		And that has taken form so that /VAR/-sama can see it...	恥	Hmm... That is a little embarrassing...		I mean, /VAR/-sama gets to see how I feel, right?		Somehow... that feels more embarrassing than being seen naked...	真っ赤	Ah! That doesn't mean I'm actually going to let you see me naked! I can't take these clothes off anyway!	恥	…………。		Nobody even said anything, so why am I getting so worked up...																																																						
(無条件解禁)	454	287	True Jusatsu Arc [Killing by Curse]	st195	5				323	2											6	6	4	0	0	What do I get for raising your affection?	考える	Hmm... What do you get...?	通常	Even now, as /VAR/-sama's partner, I intend to go with you all the way and see this world through to its end.	通常	So however much my feelings change, I do not think I will ever hold /VAR/-sama back, but...		But if it were to have any effect...	閉じ	perhaps it would be when /VAR/-sama's thinking and mine part ways decisively.		Should anything sour things between /VAR/-sama and me, that affection, that is, our trust, may decide whether it can be repaired.							A falling-out?	So higher affection is better, then			4									閉じ	That is, if we were to have a falling-out...	通常	But I cannot even imagine what could make /VAR/-sama and me fall out.		You have come this far with me. Now I think it is my turn to help /VAR/-sama learn the truth.		So, um...	悲しみ	even if we do have a falling-out, I hope you will not abandon me.		There is bound to be some way to resolve it...	通常						通常	Well, yes. I think there is no harm in raising it.		This world reflects my will, and /VAR/-sama's will.		I want to believe that if our feelings become one, it will lead to the truly happy ending that /VAR/-sama and I wish for.	閉じ	No, I am sure it will.	通常																																													
キオク×復讐×腫瘍	305	288	True Jusatsu Arc [Killing by Curse]	st245	5											1					5	3	8	4	0	Why /立木/ killed Natsumi Kogori	悲しみ	It seems this green eye has something to do with it.	閉じ	You kill even when you do not want to kill. That is the curse-killing. And what brings on that curse-killing is this green eye.	通常	As Momoko Goto said, touch the blood of the second generation, the precognitive, and you feel irresistible murderous intent toward their kind.	悲しみ	Indeed, when Kotaro Niimura attacked us under the Arata settlement and Natsumi was cut with the nata, her blood splashed onto me.		To think such a small thing could lead to this...									At least you know the cause now	It's not /立木/'s fault	It was nothing but bad luck		3						2			閉じ	Yes. I did not understand how that could have happened.	通常	But with the cause appearing before us like that, I was able to learn why I killed her.		Perhaps that alone was a good thing.													驚き	/VAR/-sama...	にこり	Thank you for your kindness.	閉じ	I do not mean to defend myself, but there was an outside cause like that behind my killing Natsumi.	通常	As you say, it happened against my will.	悲しみ	But...		it does not change the fact that I killed Natsumi.		Even now, these hands still feel the moment I stabbed Natsumi―	閉じ	I am terribly sorry, /VAR/-sama. You were so kind, and I answered with such gloomy words.	通常			Bad luck, is it...		Perhaps it can be written off as bad luck, but of all people, for me to be the one who killed Natsumi...		Not that anyone else would have been better, but I cannot escape the guilt and terror of killing Natsumi with my own hands.	閉じ	Natsumi...	通常																											
キオク×復讐×腫瘍	306	289	True Jusatsu Arc [Killing by Curse]	st245	5																4	6	4	0	0	Is Momoko Goto a siscon?	考える	If you call her a siscon, I suppose she may well be.	閉じ	That said, going from my mother killing her sister to killing every last person in the settlement does seem too great a leap...	閉じ	But honestly, I understand how she felt. If Natsumi, my sister and my best friend, were killed...	通常	I am in no position to say this, having killed Natsumi with my own hands, but I am sure I would not forgive the culprit either.											Even if the culprit were your own mother?	You both really care about your little sisters			4									悲しみ	…………。		When you put it that way, I do not know what to say... I could never imagine taking revenge on Mom, of course...	通常	To Momoko Goto, though, my mother is a stranger who killed her sister and is behind the Megasawa City and flaying cases: a villain, plainly.		In that case, perhaps it is not so unreasonable that she went to such lengths.	閉じ	Still, when it was my own mother who set it all in motion and led to that ending, I cannot help feeling guilty too.		After all, it all began when I, child though I was, tried to curse someone to death.							閉じ	Yes. To me Natsumi was irreplaceable, and I am sure it was the same for Momoko Goto.		No, but we were best friends before we ever knew we were sisters.	困り	I do not mean to compete, but I am confident I cherished Natsumi far, far more than Momoko Goto cherished her sister.	通常	Because no matter what happened, I would never push Natsumi away.																																														
キオク×復讐×腫瘍	307	290	True Jusatsu Arc [Killing by Curse]	st245	5																2	4	3	0	0	Kana Niimura had gotten so grown-up	驚き	Yes, yes, that surprised me too. She is nothing like the Kana I know...		To think someone can change so much in just 4 years.															What kind of kid is Kana Niimura, to /立木/?	She really has grown up			4									困り	As you saw before, she was a vulgar kid who, for a grade schooler, did nothing but tell me dirty jokes...		But she is a good kid. A child who helps the grown-ups; when we climbed Arata's mountain, she carried all our bags and was first to go for help.	にこり	Above all, she has a strong will. She always keeps her promises, and she will put her body on the line for what she means to protect.	困り	If she grows up like that on top of it, where does that leave me?	にこり										困り	Honestly, it is a little frustrating. She was far more ladylike than I am, and brave, and kind...	悲しみ	Sigh... How did I end up like this...	困り	Mom did needle me about it, you know. Telling me to learn to be more ladylike.	にこり																																															
キオク×復讐×腫瘍	308	291	True Jusatsu Arc [Killing by Curse]	st245	5																5	8	4	8	6	How did you feel about Momoko Goto getting her revenge?	考える	That is quite a difficult question...	通常	In the sense that she achieved her original goal, perhaps it was good, but killing people is still wrong.	閉じ	And then to meet such a miserable end...	通常	I feel sympathy and an ache in my chest, but in a sense she brought it on herself. What she did came back to her in another form.		What did you think, /VAR/-sama?									I'm glad she got her revenge	I felt really sorry for her	Her love for her sister moved me	She deserves no sympathy	3						1				I see. Indeed, it was shown that deep down she was somewhat satisfied at achieving her revenge.		Whatever the ending, she achieved her goal. From that viewpoint, it is only natural to feel as /VAR/-sama does.	困り	But...		Perhaps I am just being soft, but should she not have held back all the same?		Perhaps her fate was sealed the moment she came to Arata, but even so, to shoot every resident dead...	閉じ	Some of them must have joined the attack unwillingly, for fear of ostracism by the village.	通常	Well, then Momoko Goto was the same. To protect her own heart, she chose revenge as her defense.		It is a cliche, but I believe dark deeds only lead to dark results.			悲しみ	Yes. It was painful for me to watch.		She had once reconsidered her revenge, yet she was caught up in the curse-killing and died screaming inside...	閉じ	In a sense, Arata may truly be a cursed place.		It was a shame on that route, but there seems to have been a choice where the sisters reconcile, so I do hope they find happiness in that dimension.	通常										驚き	Moved, you say...		But I wonder. I would like to respect /VAR/-sama's opinion, but...	閉じ	Momoko Goto pushed her sister away for selfish reasons, then lost her and took revenge for selfish reasons. Was that really sisterly love?	通常	I suspect she was very timid. Born into privilege where she got whatever she wanted, at some point she began to doubt her place as a big sister.		Not wanting to lose anything more, she rejected her sister and schemed to leave home― but once she lost her, she turned to revenge.		And that revenge, too: she stormed into Arata less to truly avenge her sister than to protect her own heart and her reason for being.	悲しみ	As someone who had a little sister myself, it struck me as something a little different from sisterly love.	閉じ	I apologize. It is only my personal opinion, so I hope you will understand.	通常		驚き	That is quite harsh of you...	通常	Indeed, Momoko Goto's revenge was carried out on a pile of selfish thoughts and choices, and in the end she was shot dead by her own warped heart.	閉じ	Perhaps 'she brought it on herself' is the right phrase.		Shooting that dimension's me and Kana was surely a miscalculation beyond her control, but killing everyone, then herself, may have come from her childish streak.	悲しみ	I do not know whether it is right to dismiss it as selfishness, as getting what she deserved, but...		Still, had she had a little more decency as a person, I think the result would have been different.	通常					
キオク×復讐×腫瘍	309	292	True Jusatsu Arc [Killing by Curse]	st245	5								st260	5		2					7	0	0	0	0	So Chigaya Niimura had precognition too?	驚き	…………！		Of course! It is just as /VAR/-sama says!	通常	But in the Shigatsu Arc, the Arata settlement where it took place had almost no cherry trees, and the Niimura cherry gave no precognition.	通常	Had there been cherries, it would have been no surprise if Chiga-nee had killed Natsumi at that point.	考える	In that case...		the actions of a great many people stop adding up.		Either there is still something we do not know, or else...	通常								4																																																																																
キオク×復讐×腫瘍	453	293	True Jusatsu Arc [Killing by Curse]	st245	5	15													0	2	4	3	5	0	0	You still don't want to go back to your own world?	悲しみ	…………。		It is still painful. I may know the cause now, but I did what I did...	閉じ	Then again, I wonder about shutting myself away here forever.	悲しみ	Honestly, I want to escape into another world. One where Natsumi is alive and everyone can live in peace...											I'm sure the time for that will come	Don't brood on it so much			3						1				The time for that...		I cannot quite imagine when the time for that would be...	閉じ	Forgive me. I said something hopeless. It only troubles /VAR/-sama.	通常													Not brooding, huh...	閉じ	True, this may be going too far, but it was beyond my control: an accident I could do nothing about.	通常	There is no use regretting what could not be helped. In that case, more positively...	閉じ	Thank you, /VAR/-sama. I feel a little lighter.	通常	Perhaps I should start preparing myself to go back to my own world someday.																																												
キオク×復讐×腫瘍	455	294	True Jusatsu Arc [Killing by Curse]	st245	5				323	2						4					6	0	0	0	0	What's that glowing in the topic above?	通常	…………？		I am sorry, but I cannot see that from my side either.		But this is a world that reflects the will of /VAR/-sama and myself. It must mean something.		If it glows to stand out, I imagine it must be an important topic.		Yes: one that leads to the ending /VAR/-sama and I wish for, the one we truly want to reach.		Make the proper choice there, and the way should open.											4																																																																																
乙女の聖戦～本能～	310	295	True Jusatsu Arc [Killing by Curse]	st246	5											1					4	0	0	0	0	Who knew Chigaya Niimura was a big eater too...	驚き	Oh? Did you not see? A Reference hinting at it was already unlocked...	にこり	But it is surprising that someone with a figure like Chiga-nee's can eat that much.	考える	A big eater and a wild drunk... Looks like she's even worse at the table than Goto...	にこり	Ah, no, I was talking to myself.															4																																																																																
乙女の聖戦～本能～	311	296	True Jusatsu Arc [Killing by Curse]	st246	5											6					3	5	6	0	0	Did we even need the scenario 'The Maidens' Holy War ~Instinct~'?	考える	Hmm, come to think of it, for solving the mysteries of the cases so far, it was not especially needed...		There was that scene where Goto deduced what looked like the truth of the Jusatsu Arc's second route, though...	困り	As you say, perhaps it was a little palate cleanser of a scenario.													Pretty long for a palate cleanser	It was nice to see another side of the characters			4										Hahaha! I have no reply to that.		Being shown more than 50,000 characters of an eating-contest story, well...	にこり	Still, a story needs some ebb and flow rather than nonstop tension, so in that sense it may have its value.		Above all, the characters were completely serious about it.	考える	Oh, but there was one detective who talked the mayor into it just because he wanted to see Goto...	にこり								閉じ	Yes. Goto in that state was truly painful to look at.		She lost her voice, her thoughts, her will to live. Even I cannot imagine 'how painful it is when the desire to live comes to the surface.'	通常	As you say, in that sense the scenario may have had its value.		Goto used to be gloomy and unable to trust people, but after meeting Natsumi she was reborn.	悲しみ	And then she lost that support...		I wonder what the Goto of my world is doing right now...	通常																																									
乙女の聖戦～本能～	312	297	True Jusatsu Arc [Killing by Curse]	st246	5											2					3	6	5	0	0	So Momoko Goto runs away from home on some routes too	通常	So it seems. She meant to leave home from the start, so if nothing had brought her and Goto to reconcile...	閉じ	But in a case like the scenario where Goto lost her voice, I wonder how she felt when she left home...		Perhaps a sense of helplessness had taken root too, at being unable to do anything for Goto.													That's exactly when she should have stayed by her side	I kind of get how she felt			3					1				にこり	Yes. That is exactly when a big sister mattered most, I think.	閉じ	But if she could not do it, then Momoko Goto must have been that desperate herself...	悲しみ	If Natsumi was suffering, I'd have wanted to be the one holding her up...		Even as sisters, I wanted to be Natsumi's support, and yet...	閉じ	Forgive me. Ever since /VAR/-sama learned that I killed Natsumi, this is all I seem to think about...	通常	In any case, how sisters get along differs for everyone. If that is the decision Momoko Goto made, it cannot be helped.							閉じ	Yes. But perhaps, more than helplessness at being unable to do anything for Goto...	通常	she simply was not strong enough to stay by a sister who had lost the will to live.		Until then her sister was well, so she could push her away. But could she push away a sister who was no longer well?	閉じ	Seen that way, Momoko Goto's feelings may have been more complicated than we think.		I hope that somewhere she has found happiness of her own.	通常																																											
乙女の聖戦～本能～	313	298	True Jusatsu Arc [Killing by Curse]	st246	5											2					5	5	7	0	0	I heard you like pizza?	笑顔	Yes! It is my very favorite food!		I like rich, heavy food better than light food.	困り	Natsumi often told me, "You'll get fat, so why not go easy on it?"	笑顔	When she did, I would answer, "No way! Goto eats even more than me and look at her figure, so it's fine!"	困り	I care more about good food than my figure. Food over looks, you might say.									You've got a great figure for that, though	You might get middle-age spread someday, you know?			3					1				恥	W-well, even if you say so...		It is not as though I was dieting or training or anything...	真っ赤	L-let's drop this topic already! I'm just no good with this kind of talk...	恥	Oh, but...		Getting a compliment from /VAR/-sama... I'm actually kind of happy...	にこり									Hahaha, that is a harsh point.		I am fine now while I am in my teens, but they do say your metabolism slows with age and you gain weight more easily.	考える	Hm? Then what's going to happen to Goto...?		If she keeps eating at that pace, she's definitely going to end up obese someday.	閉じ	Hmm, but knowing her, she'll probably keep herself in check and stay disciplined so that doesn't happen...	にこり	Well, I should start being careful now too. I may not worry about my figure, but I still do not want to get fat.	悲しみ	If I ever go back to my own world, that is...	通常																																							
乙女の聖戦～本能～	314	299	True Jusatsu Arc [Killing by Curse]	st246	5											2					4	3	6	0	0	I heard you like Super Soda Bomber?		Yes. That refreshing kick is simply irresistible.		I am not good with spicy food, but I love that fizzy kick.		Besides, Super Soda Bomber uses no sugar, and with its faint lemon scent, the aftertaste is more refreshing than you would think.		Come to think of it, I hear there is no Super Soda Bomber in /VAR/-sama's world...											We're fine without it	I kind of want to try it			3						1			困り	Hahaha, the people around me say the same thing.		It seems to be a drink that people either love completely or cannot stand at all.	悲しみ	Sigh... Too bad it's not in this world...	にこり												喜び	Oh my! I am happy you are even interested!	困り	Though most people drink it out of curiosity and then never touch it again.	考える	Hmm... Isn't there some way to get Super Soda Bomber in here...		My clothes and shoes came into this world with me, so if I woke up, grabbed a Super Soda Bomber, and came back here again...	閉じ	Or so I say. That is a rather tactless and improper thought.	にこり	If Super Soda Bomber ever appears in /VAR/-sama's world, please do try it. Love it or hate it, it will open new horizons for you.																																										
サード・ジェネレーション	315	300	True Jusatsu Arc [Killing by Curse]	st247	5											1					3	0	0	0	0	Was the eyeless girl an illusion?	通常	So it seems. Apparently it all happened within the danger sense Erina Goto experienced.		The eyeless girl appeared once Erina Goto learned of the Green-Eye Curse-Killing. Knowing that much, she had to return to reality at once.		One could say that layer upon layer of danger sense within her built that whole story.																	4																																																																																
サード・ジェネレーション	316	301	True Jusatsu Arc [Killing by Curse]	st247	5											1					8	0	0	0	0	Is there no way to resist the green eyes' murderous intent?	悲しみ	No. I know that from experience. You are driven by an overwhelming desire to kill, and your arms and legs move on their own.		Like the reflex when something startles you, and you scream and shake. Except it is murderous intent, and it lasts until the other person dies.		I am not sure that comparison makes it clear, but that is the kind of horrible sensation it was.	通常	Unlike me, though, Goto had some room to resist, did she not? To fight it, if only for seconds: "I don't want to kill."	考える	No, not only Goto; Kana too. In 'Memory × Revenge × Tumor' she wanted to kill Sakura-san, but she resisted and ran out of the house.	通常	It was not like that for me. Before I could think, I found myself gripping the knife and turning the blade on Natsumi...		Seen that way, perhaps there is some way to resist, however small. It seems it did not apply to me, though...		But at the very least, resisting forever is impossible. In the end even Goto killed someone, though it was within her intuition.							4																																																																																
サード・ジェネレーション	317	302	True Jusatsu Arc [Killing by Curse]	st247	5								st305	5							3	3	4	0	0	Aren't the conditions for danger sense different from the Shigatsu Arc?	考える	Different...?	驚き	Oh! You are right! That is definitely strange!	通常	In 'Memory × Revenge × Tumor', Sakura-san used danger sense in the Arata settlement. Yet in the Shigatsu Arc, the same era, Natsumi could not...													Is Sakura-san special?	Is something off with the cherry tree?			4									考える	Hmm, I wonder... The difference between Sakura-san and Natsumi... Is there something...	通常	I cannot say about that, but at the very least, it is odd that danger sense did not work in the Arata settlement of the Shigatsu Arc.		Yes, let us keep this firmly in mind.													考える	Hmm, in the Shigatsu Arc the tree was withering, yet in 'Memory × Revenge × Tumor', in Shiyo 804, it still bloomed as splendidly as ever.		So on the Shigatsu Arc route the tree's dying, but on the other route it isn't...	通常	Perhaps there is a difference between the Shigatsu Arc and the other route. Something that affects the cherry tree of the Niimura main house...		Hmm, we had best keep this in the back of our minds as well.																																														
サード・ジェネレーション	318	303	True Jusatsu Arc [Killing by Curse]	st247	5																2	2	2	3	5	By the way, what should I call /立木/?	驚き	Oh, right... Since I've revealed who I am, 'Mika Tachiki' is kind of weird now...	にこり	Call me whatever you like.															Haruka!	Haruka-chan!	Tachiki-san!	Mika-chan!	4									笑顔	Oh my, my real name with no honorific! I love that!	喜び	Please, do call me Haruka!	にこり														にこり	Haruka-chan... Only Kana calls me that.		But it is refreshing, and I like it. Please, call me that.															驚き	Oh, would you prefer to keep it as before?	にこり	Well, to /VAR/-sama I suppose I am Mika Tachiki far more than Haruka Niimura.		Please, call me whatever you like.													にこり	…………。	考える	Mika-chan...?	驚き	Oh, right! You mean me! I gave myself that name, yet I did not realize at all...	困り	I am terribly sorry. Even though I chose the name myself, it just does not quite click for me...	にこり	Please, as /VAR/-sama wishes...								
サード・ジェネレーション	319	304	True Jusatsu Arc [Killing by Curse]	st247	5											1					5	0	0	0	0	About the truth of the Megasawa City case	通常	What I always wondered was who sent the Droga to my mom.		What came to light is that they used Mom to test a wonder drug, to cure Chiga-nee's Green-Eye Curse-Killing.		With the timing lining up like that, the Megasawa City case came to pass.	考える	But... something's off...	にこり	Ah, no, it is nothing at all. I was only talking to myself.													4																																																																																
肉付きの面	320	305	True Jusatsu Arc [Killing by Curse]	st248	5											4					5	0	0	0	0	What happened to Haruka Niimura after she left the hospital?	通常	You mean after 'The Flesh-Bound Mask'.	考える	I wonder... At this point, I know no more than /VAR/-sama does...	にこり	Well, if I think of it as being about myself, I promised to be walking again by the following spring.		Whether I managed it, I cannot say, but I imagine I am working hard at my rehabilitation.		I kept Natsumi tied to my bedside for 2 whole years, so to repay her even a little, I intend to spare no effort.													4																																																																																
肉付きの面	321	306	True Jusatsu Arc [Killing by Curse]	st248	5											1					6	0	0	0	0	I wonder what Haruka Niimura was thinking while she slept	通常	Nothing showed whether I had any awareness while in a coma, so I cannot really say, but...		If I could hear, I suppose I simply felt sorry.	悲しみ	Natsumi growing weaker before me, yet still talking to me... Seeing her wear down in body and mind goes beyond sorry. I could not bear it.		It was to protect Natsumi, but it still pains me that I made her suffer that much...		Not that there is any point in my saying so... If anything, I took a knife to Natsumi...	閉じ	Forgive me. My thoughts strayed to something unrelated.	通常										4																																																																																
肉付きの面	324	307	True Jusatsu Arc [Killing by Curse]	st248	5													2			5	6	5	0	0	When the murderous intent hits, does your body move on its own?	悲しみ	…………。		Something like that. I, too, drove the knife into Natsumi without meaning to.		And at that moment, you are desperate to kill, and your body moves to match.	通常	In a vegetative state, I moved and screamed as if awake. Only then did I truly feel that I could not have stopped it myself.		Was stabbing Natsumi to death the only thing I could have done...?									Then what was Erika Niimura's voice about?	You should just forget about that			4									驚き	…………！		That is right! It must have meant something!	通常	There must have been some meaning in my hearing Grandma's voice.	考える	If I had to say... let me see...	通常	To keep Natsumi and me in the same room, perhaps. Had I insisted on living in the settlement, things might have soured, and we might have slept apart.	閉じ	It feels somehow deliberate. As if someone wanted me to kill Natsumi―							悲しみ	Yes... I understand that, but...		It is not something I can put behind me so easily. I fled into this world over it, after all...		If I could put it behind me, I suppose I would feel like going back to my own world, but...		It is a little hard.	閉じ	/VAR/-sama, please do not worry about me. I cannot let you worry about me that much.	通常																																											
肉付きの面	452	308	True Jusatsu Arc [Killing by Curse]	st248	5	20					324	2							1	2	3	2	9	0	0	You should talk about what's hurting you	悲しみ	/VAR/-sama...	閉じ	Thank you, for saying such words to me, when I dragged you this far on my own whim.	通常	But it is all right. /VAR/-sama's goal is to learn the truth. I cannot hold you back with anything else.													Then let's focus on finding the truth	It's okay to let out what's hurting you, you know?			3						5			にこり	Yes, let us! I am one of those who want to know the truth too!	通常	It will be all right. As /VAR/-sama draws nearer to the truth, this world should reveal its true form.															驚き	/VAR/-sama...	悲しみ	I am... sorry, somehow. Such kind words, for someone like me...	閉じ	But it is true that /VAR/-sama is the only one I can talk to now.	にこり	If you told me to let something out right now, nothing would come to mind, but I am truly grateful that you feel that way.	悲しみ	Um...		If it really is no trouble, my...		I hope you will think not only of the truth, but of me as well...	閉じ	That is too forward of me, is it not?	にこり	But thank you, truly. With /VAR/-sama, I can let it out without worry.																																				
永遠の塔	459	309	True Meicho Arc [Clear Sign]	st289	5								st305	5			2	3			5	7	6	9	5	I wonder what happened in Shiyo 900?	通常	How shall I put it... or rather, how ought I to put it.		It makes no sense whatsoever. Giant cherries swallowing up Motoki-cho...		The goshinboku of Motoki-cho, the cherries of the Arata settlement... those are surely no ordinary cherry trees.	閉じ	Cherries that become the raw material of Droga and grant danger sense. They hold far too many mysteries.	通常	What do you think, /VAR/-sama?									A new species of cherry	Something else that looks like a cherry	Someone is controlling ordinary cherries	I can't keep up with this anymore	4										A new species of cherry... hmm...		You mean cherries that grew gigantic through a mutation or some such, I suppose.		But because of that, it became a region no one can even enter, and its true nature has stayed shrouded in mystery.		It seems almost too far removed to be called a cherry at all.		Rather than a cherry... yes...		Something like a monster in the shape of a cherry tree.		Either way, there is no way to know but to keep chasing the truth.					驚き	Something other than a cherry...?	通常	I see. That would make things fit, even if it is a stretch.		Something exactly like a cherry appeared and did tremendous harm to humankind.		It does not seem enough to wipe out humankind, but something that makes an entire town unlivable...		Could such a creature exist?		A creature huge enough to swallow a town. Something like it may exist in your world too, /VAR/-sama.							驚き	Someone controlling the cherries...?		That is quite a leap.	通常	No, perhaps not. That sight itself was already beyond imagining.		As you say, /VAR/-sama, if not someone controlling the cherries, a phenomenon like that would―	考える	Then what could that someone's goal be...		Cover Motoki-cho in cherries and drive the humans away. And for decades at that.	閉じ	If someone is there, they must have some goal they want to achieve by driving humans away.	驚き	Driving humans away... could it be...!	閉じ	Does it not resemble the curse-killings in the Arata settlement? Let us talk about that in the next topic.	閉じ	That is only natural. It is beyond even my imagination.		You may think it irresponsible, but when I first called myself your guide, I never imagined it would come to this.	通常	All the more reason to think that the many mysteries left until now may also lead to the giant cherries.		/VAR/-sama, we are certainly getting closer to the truth.		I will support you too, so please, chase the truth with me.								
永遠の塔	460	310	True Meicho Arc [Clear Sign]	st289	5						459	3									5	3	7	0	0	What the curse-killings and the giant cherries have in common	通常	To me, the curse-killings and the Motoki-cho disaster, the Great Motoki Earthquake, share a hint of a will to 'drive humans away.'		In the curse-killings, the residents eventually disappear, and in the Shiyo 900 case too, the place became unlivable.		The forms differ, but if the goal is to drive humans away, I cannot help suspecting a being with intelligence.		And what the Arata settlement and Motoki-cho share is that such magnificent cherries grow there.		If those cherries are the source of every phenomenon―									Aren't you overthinking it?	That's sound reasoning			4									閉じ	............I suppose so, after all... I do think I have jumped a bit far myself...	通常	Even if I am overthinking it, I hope what I just said touches on it even slightly...		That tiny clue might help us reach the truth all the sooner.													にこり	Thank you, /VAR/-sama. I mixed in some imagination here and there, but hearing that makes it worth having said.	通常	If it is as I imagine, some being with intelligence must exist.		That being wants humans gone from the Arata settlement and Motoki-cho.	閉じ	No, perhaps driving humans away is itself merely a step toward the true goal...	通常	In any case, if such a being exists, how should we deal with it...	閉じ	Seeing the truth means also learning how to defeat that being.	通常	Until we can see it, let us follow the clues.																																								
永遠の塔	461	311	True Meicho Arc [Clear Sign]	st289	5								st305	5		2					5	0	0	0	0	Looks like Motoki-cho grew into a pretty big city?	通常	Yes. Buried in cherries though it was, rows of tall buildings stood there.		And not Motoki-cho but Motoki City. Its population seems to have grown further since Shiyo 800, and it developed into a city, but...	閉じ	But look at it now. Motoki City developed so well, and now it is just a ghost town.	通常	Could the population have something to do with the giant cherries?		Well, for now I can only speak in guesses...													4																																																																																
永遠の塔	462	312	True Meicho Arc [Clear Sign]	st289	5								st276	5		5					5	0	0	0	0	So there really is someone with a will of its own, huh	通常	Yes. In the True Meicho Arc's 'The Eternal Tower,' someone seems to be in Motoki City, a ghost town no one can enter.		I even wonder whether it is truly human.		But looking back on the scenarios so far, it also seems odd for something inhuman to suddenly appear...		Most likely, that being showed itself somewhere, yet we were unable to recognize it.		Might there be something in the references that could serve as a clue? Please check them once more.													4																																																																																
永遠の塔	463	313	True Meicho Arc [Clear Sign]	st289	5				459	2			st305	5		3					6	0	0	0	0	Is it hard for you, seeing Motoki-cho like that?	閉じ	To be honest, I do not feel that way.		To begin with, the Motoki-cho I know was never that urbanized...	通常	Put simply, it just does not feel real. Even if I am told that is Motoki-cho's future, I cannot really grasp it.	閉じ	More than that, I do wonder what became of the people I know.		Every route's ending leads there, after all, so some of my acquaintances must have been swallowed by that disaster...	悲しみ	If Natsumi and Goto were still living in Motoki-cho... I just hope they got out okay...	閉じ										4																																																																																
パラサイト・プリズン	331	314	True Jusatsu Arc [Killing by Curse]	st305	5																8	5	6	7	6	Let's go over the True Jusatsu Arc's 'Parasite Prison'	通常	Certainly. It differed considerably from the scenarios so far, did it not.		First, the true nature of the giant cherries. They are not cherries but a gigantic fungus, in other words, a mushroom.		I see. If it is an unknown organism, it ties in with the source of the many inexplicable phenomena.		Second, Droga is not a drug but contains infectious spores. That is how it expands its range.		And third, the existence of 'divine messengers.' This seems to mean dead people who move...		In earlier scenarios too, people who should have been dead appeared now and then. Those are the divine messengers.		Divine messengers apparently are marked by the white robes they wear.		Is there anything else you would like to check?			What happened to Akane Kogori and the others?	What happened to Erina Goto?	What was Haruka Niimura thinking?	About the government's response	4										I said they would live on as divine messengers, did I not. The four are Akane Kogori, myself, Mom and Natsumi.		On that route, these four are, respectively, the living first and second generations and the dead first and second generations.		It seems that Arata cherry needs these four divine messengers in order to live. Though why it needs them, I could not work out...		Most likely, we can take it that they were absorbed into that giant cherry. They did say "become one," after all.		At the end Akane Kogori said "so happy," but those were the words of her as a divine messenger. For an ordinary person, it is hardly a good thing.										Goto did not qualify as a divine messenger; she had no link to Droga, so she must have been treated differently from us.		The me of that dimension said "you will become our nourishment," so I think she was killed, dissolved, and returned to the earth.		The reason for killing Goto in the first place was "dying alone in that apartment would be too sad," but...		To solve that by saying "then let's kill her right now"―that is no longer how a human thinks.		Well, true, the way things were, Goto would have ended up dying alone...		So becoming a divine messenger means sinking into a being that keeps its intelligence yet has such cruelty as well.								My guess is that when that me appeared before Akane Kogori and the others, she drew near hiding her real purpose.		She was already a divine messenger, so she was acting not on human reason but on the will of one parasitized by the Arata cherry.		But why go to the trouble of spending a night with them like that and taking Natsumi outside...		This is only speculation, but she must have needed to take Natsumi and Akane Kogori outside.		Or perhaps it was to make Akane Kogori genuinely want to become a divine messenger...		Either way, she must have been looking for divine-messenger candidates from the start. And of course, so was Mom, who was with her.		She must also have meant to get rid of the special unit, which stood in the Arata cherry's way.						The government meant to send the special unit to kill or capture the divine messengers.		As Goto said, the government must have known something of the Arata cherry, and tried to probe it through the special unit to study it closely.		The special unit was wiped out and the operation failed, so the government had no choice but to make Motoki City a semi-permanent no-entry zone.		This is my own view, but I do not think it was a government conspiracy.		The government studied the Arata cherry and Droga to protect the nation; sending the special unit was simply national policy.		Because if Droga leaked to other countries, it would become a terrible weapon for killing, or a tool for crime.						
パラサイト・プリズン	332	315	True Jusatsu Arc [Killing by Curse]	st305	5																5	3	5	9	0	Erina Goto didn't change much even in her 30s, huh	考える	Well, naturally. If she was that height in her first year of high school, she was not going to get any taller.	にこり	But her mind seems as sharp as ever. The outcome was unfortunate, but she was able to push on toward the truth like that, after all.	考える	Ahh, but...		She did get told by me that she "stayed a shrimp and turned into an old lady," didn't she...	困り	Even Goto, it seems, could not help aging a fair amount once she reached her 30s.									"Stayed a shrimp and turned into an old lady" is a cruel way to put it	Still, it was nice that she was so very herself	If anything, I like her better in her 30s		4									焦り	W-wait a minute! That wasn't me, that was the me of that dimension talking! I'm innocent!		B-besides, look, the me of that dimension had already lost her mind, and the real me would never, ever say something like that!	悲しみ	Ugh... why do I have to defend the me of now because of a me from another dimension...	通常												にこり	Yes, just as you say. Her friendship with Natsumi in particular seems to have lasted.		Seeing them still need each other as they age, and help each other even in a disaster like that, somehow puts my mind at ease.	考える	Which means...		Goto never made any other friends and stayed a loner the whole time?	にこり	Well, Goto is the type to deepen her ties with only a few people. Natsumi alone was probably enough for her.									驚き	…………。		Oh?		Oh ho?	にこり	So that is your answer. I am 18 now, so I can hardly imagine preferring women in their 30s, but...		In the scenario she is only seen in silhouette, so if I dared to name a difference from around Shiyo 800―		Would it be that the hairstyle was to your liking, /VAR/-sama?		But did you notice? That hairstyle is almost the same as her sister Momoko Goto's.		I do not know if she made peace with Momoko Goto in that dimension, but Goto still treasures her sister at 30.		Well, that too is very Goto of her, now that I think of it.																		
パラサイト・プリズン	333	316	True Jusatsu Arc [Killing by Curse]	st305	5												2				4	5	7	8	0	Can you imagine yourself in your 30s?	考える	Myself in my 30s...		Well, setting aside whether I stay in this world, you mean what I will be like 12 years from now, yes?	困り	I am terribly sorry! I cannot imagine it at all!	にこり	If anything, I would like to ask you, /VAR/-sama. What sort of life do you think I will lead in my 30s?											A go-getter career woman	Someone's wife	A NEET		4									驚き	Wow... is that how you see me...	にこり	Well, I suppose I will go out into the working world sooner or later, but what kind of job would I do, I wonder.	考える	Even if you ask about my dream for the future, it's not like there's any job I especially want to try...	にこり	But when the need arises one has to act one way or another, so I will probably just be working somewhere like anyone.	考える	Hmm... but me, a go-getter career woman... what would that even be like...	にこり								焦り	H-hold on, /VAR/-sama! Please stop putting it that way...!		There are words like "married" or "has a family," so why go out of your way to say "someone's wife"...!	怒り	To begin with, "someone's wife" has meant "another man's wife" for 1,300 years, used all along with a hint of something to be stolen!		So calling me "someone's wife"! That is nothing but a dirty word now! Search for it and you get nothing but shady sites!		Honestly!		/大文字//揺れ//VAR/-sama, you pervert!	通常	Phew...	にこり				焦り	Ehh... Seriously?	悲しみ	Well... I guess being here like this is kind of like being a NEET, in a way...	焦り	B-but I really don't think that would happen! I went to school properly, and Mom made sure about that sort of thing too...!	悲しみ	Ahh... but...		People who become NEETs become them even in that kind of environment, don't they...		Will I be all right...	焦り	Hey, don't go making me anxious for nothing! I-I will never live a life that causes Mom trouble.	通常	Haah...																				
パラサイト・プリズン	334	317	True Jusatsu Arc [Killing by Curse]	st305	5								st276	5							7	5	4	8	0	What's the Goddess, anyway?	通常	Come to think of it, that word did come up. Giant cherries, and a being called the Goddess...		Should we think of that as the mastermind pulling the strings of every incident from behind the scenes?		Or 'goddess' is a metaphor for something, and it is doubtful whether it even has a physical form...		I think it may be something like an idol. In other words, it has no physical form.		Do you remember the "mummy" that I mentioned in the dimension of the True Jusatsu Arc's 'Parasite Prison'?		I suspect that mummy is worshipped by the divine messengers as the Goddess...		What do you think, /VAR/-sama?					Like /立木/ says, I think the Goddess = the mummy	They're calling the cherry itself the Goddess	There's an actual person called the Goddess		4									閉じ	So you think the same way, /VAR/-sama.		The me of that dimension said, "I found the mummy, passed out, and when I came to, I was in Motoki City."	通常	Whether that is true I cannot say, but if so, that mummy could be called the root of all evil.		In other words, that mummy must be somewhere in the Arata settlement.		If we could dispose of it somehow, then perhaps, just perhaps, things could change.										I see, so the cherry itself is the source...		As you say, /VAR/-sama, those cherries give off spores that kill and their roots make Droga; they cannot be unrelated.		But even so, why would it come to be called a goddess...		Your theory may well be the correct one, /VAR/-sama. Now let us keep chasing the truth.											驚き	A person who is called the Goddess exists...?	通常	Hmm, Goto did say it. "The Arata cherry has a will."		In that case, we could also hypothesize that someone exists who projects their own will through the cherries.	考える	Hm? Projecting a will through the cherries...?	驚き	/VAR/-sama, do you not think that resembles Natsumi's danger sense? Her danger sense works by way of the cherries, after all.	通常	We cannot entirely dismiss your theory either, /VAR/-sama.	閉じ	Then for what purpose would that person have done such a thing...	通常	If we knew that purpose, everything could be explained.																				
パラサイト・プリズン	464	318	True Jusatsu Arc [Killing by Curse]	st305	5														2	2	6	5	7	3	0	Looking at the incidents objectively from this world, what do you think?	通常	Actually, there is something I would like to talk to you about on that...		Perhaps escaping into this world was the right choice for me after all.		Every ending leads to the disaster in Motoki City, and its mystery has not been solved even by Shiyo 900.		Even if I were in my own dimension, Motoki City would perish in Shiyo 815.		Then should I not search for the truth in this world and find a way to resolve every incident?		So I have come to think that perhaps I came here to resolve such incidents.							Yeah, that must be it	So you'll go back once you know how to fix it?	That's too convenient a way to see it		2					1	5			にこり	Thank you for agreeing with me.	閉じ	Perhaps I really should think of it that way. The meaning of my coming here, and what I must do.	通常	Simply running away will not do. Here I will seek out what I should do, and how to prevent the disaster of Shiyo 815.	にこり	I feel a little more positive now. There are things I can only do by coming here, things only the me of now can do.		Please, /VAR/-sama, as we chase the truth, lend me your strength as well.									悲しみ	…………。		It does come to that, does it not. Even if it is the dimension where I killed Natsumi, I have to go back.		Honestly, I am afraid. When every solution is known, will I have that kind of courage...	閉じ	But thinking like that, nothing will ever begin. I have decided, after all, to keep chasing the truth with you, /VAR/-sama, wherever it leads.	通常	/VAR/-sama, if, once I know everything, I should start to waver―		then please, give me a push when that time comes.		Right now, you are the only one I can rely on, /VAR/-sama.					困り	Ahh... I guess you're right, huh... hahaha...	にこり	It would indeed be odd for a world like this to exist just so incidents can be solved.		Forgive me. Please forget my delusions of grandeur.																														
パラサイト・プリズン	468	319	True Jusatsu Arc [Killing by Curse]	st305	5																6	6	6	4	7	About who actually carried out the Megasawa City case	通常	Something incredible has come to light. The ones who actually carried out the Megasawa City case were not the Kogori couple.		Goto said so too, but there were indeed things that made no sense about the Kogori couple being the ones who did it.		Droga or not, two near-amateurs could not suddenly move exactly according to plan.		And when Ryoji Kogori was made a flayed body, unlike my dad, no strange drug was detected.		The government surely wants to hide Droga's existence at all costs, so it must have looked into that during the flaying cases too.		Then who on earth set off the Megasawa City case?							The divine messengers were behind it	A cult called the Holy Cerejeira Church	People from the Arata settlement	People in the government	4									通常	I see. Now that we know more, such a deduction is possible. They could wipe out a special unit, after all.	考える	But one thing bothers me: two people were killed at a time. That would mean at least two divine messengers.	閉じ	Dad could have become one, but Sakura-san is alive on this route. She cannot be a divine messenger. Was there another one...	通常	For now there is little basis for saying it was divine messengers, but it does not seem ruled out either.											驚き	The Holy Cerejeira Church...? If I recall, the one that took away all the cherries of the Arata settlement...	通常	I believe it was in a report reference too. They seem to have been researching Droga.		But around Shiyo 790, when the Megasawa City case happened, the Holy Cerejeira Church is said to have been in a state of collapse.		There may be remnants, and to me too, a crime by the Holy Cerejeira Church seems the most realistic.	閉じ	Yet it still has not appeared in the main scenarios; we only get a little information from the references.		Will we someday learn what the Holy Cerejeira Church truly is...	通常						驚き	From the Arata settlement...!?	通常	But /VAR/-sama, Grandma confirmed that every resident attended the memorial service in Arata.		Mom used that to set up her alibi too, so I think it would be hard for anyone in the settlement.	閉じ	That said, it is a world where anything can happen. There may be some chance of it, but...	通常										驚き	People in the government...!? You mean a crime by a public institution...	閉じ	It does seem possible, but for that, the government would have had to know Mom's plan in advance. And that―	考える	No, wait a sec...?	通常	At the very least, Kotaro-san and Sakura-san must have known Mom's plan. So the information leaked from those two...?	閉じ	Whether it would get from those two to the government is unclear, but Mom, the wife of Dad, who used Droga―	通常	If the government was watching Mom somewhere along the way...? That line might also yield information.	閉じ	We cannot rule out the government either.	通常			
メガミゴロシミナゴロシ	335	320	True Jusatsu Arc [Killing by Curse]	st250	5											4					8	0	0	0	0	The difference between 'Parasite Prison' and 'Kill the Goddess Kill Them All'	通常	About these two scenarios: did you notice they had a great many things in common?		First, that I moved to the Arata settlement, and that I did 2 years of the mountain seclusion.		And above all, that I came into contact with the Verde mummy.		The big difference, though, is whether touching the mummy changed me.		In Parasite Prison, I had touched the blood of Mom, who used Droga, so I had become the living second generation.		That is why in Parasite Prison, I came into contact with the Verde mummy's 'Blessing' and ended up like that.		My guess is that the same happened in Arata on the Parasite Prison route too: the residents went mad, and only Kana survived.		But the ending seems to be the same. Either way, Motoki-cho seems fated to sink beneath the cherries.							4																																																																																
メガミゴロシミナゴロシ	336	321	True Jusatsu Arc [Killing by Curse]	st250	5																2	7	7	0	0	What's the mountain seclusion like, I wonder?	通常	I have never experienced it, so I cannot say, but for 2 years, it seems one can somehow endure it.		One must get food on one's own, but with a hot spring like that, one probably never freezes even in winter.															Would you want to try the mountain seclusion?	Did you know about that hot spring?			4									焦り	Huh!? W-well, that's...!	悲しみ	Well... it's odd for me to say this, but...		…………。		I absolutely do not want to.	焦り	I mean, 2 whole years alone in the mountains!? A survival life!? No pizza either!? Absolutely not!		Only the me of that dimension would drive herself that hard to get stronger. The me of now could never...!	悲しみ	Come on... don't say such scary things... The mountain seclusion has been abolished now anyway...	通常				驚き	No, I had no idea at all. Not a word of it...	通常	That hot spring seems to belong only to the women doing the mountain seclusion. The men, and women who never do it, are probably not told.	考える	But... that's a little strange, isn't it... If there's a hot spring like that, putting it to good use would do the settlement more good...		Ahh, but then Grandma would start some hot-spring business, and lots of people would start coming to the settlement...	困り	Haha, the settlement would kind of change its whole look. A hot-spring inn going up would be a bit much too...	通常	But... even so, I do think there could be better ways to use it.		Could there have been some other reason it had to be kept secret...																																								
メガミゴロシミナゴロシ	467	322	True Jusatsu Arc [Killing by Curse]	st250	5																5	3	3	0	0	Who's stronger, Chigaya Niimura or Kana Niimura?	通常	Let me see... judging from what we have seen so far, I would say it depends on the situation.		In a pure match in an empty space, Chiga-nee would win. As an adult, her strength and her heart and lungs would be greater.		But Kana's wild instincts, senses and reflexes beat Chiga-nee's. In a forest or among obstacles, Kana would have the edge.		As an aside, I, who did 2 years of the mountain seclusion, could beat neither of them.		As Chiga-nee said in the main story, 2 years of the mountain seclusion alone gives no experience at all of fighting people...									Couldn't /立木/ at least win at hunting, after the mountain seclusion?	Do those sisters have a lot of experience fighting people?			4									考える	I wonder... It was never shown, so I cannot really say...	にこり	I did manage 2 years of the mountain seclusion, so I might be able to put up a fairly good fight.	閉じ	But with only 2 years, I lack the experience those sisters have... It might be tough after all...	にこり												にこり	Until Chiga-nee left for Tokyo, the two often spent time in the mountains and apparently played at fighting there.	困り	Well, each has her own style, and they are used to fighting each other; I doubt it carries over to other opponents.	にこり	At the very least, they likely have skills the me who did 2 years of the mountain seclusion could never match.																																																
メガミゴロシミナゴロシ	337	323	True Jusatsu Arc [Killing by Curse]	st250	5											9	2				9	0	0	0	0	What did we learn in the True Jusatsu Arc?	通常	Unlike before, we learned many things centered on the cherries.		First, these green eyes of mine. They develop from contact with second-generation blood, and bring danger sense.		Furthermore, under certain conditions, one comes to feel strong murderous intent toward others who also have danger sense.		That is why I killed Natsumi.		And the first and second generations become the Arata cherry's final hosts through spores released from third-generation corpses.		Through this, the Arata cherry grows new fruiting bodies and spreads its range.		And Droga carriers become 'divine messengers,' moving about so the Arata cherry can be reborn as a more perfect organism.		In the end, as in the disaster of Shiyo 815, giant cherries grow. That would be the summary, I think.		Either way, using Droga drives people to ruin. It is best never to rely on a drug like that.					4																																																																																
メガミゴロシミナゴロシ	338	324	True Jusatsu Arc [Killing by Curse]	st250	5				337	2			st1	5			2				6	7	6	6	5	How could a tragedy like this be avoided?	考える	Let me see... To begin with, it would never happen if no one laid a hand on Droga.	通常	Dad laid a hand on Droga when he was in middle school. If that could be avoided, I think...		But if nothing happens, there are no clues to a solution. If Dad does not touch Droga, there will be nothing to start from.		So, granting that Dad uses Droga, how can the many tragedies be avoided? We need to think from there.		On a route where the Megasawa City case happens, it is probably already too late. If the Megasawa City case is avoided, and something else is added...	考える	Granting that Dad uses Droga, what on earth is the way to avoid the many tragedies...?							Mifuyu Niimura keeps quiet to Erika Niimura about Megasawa City	Chigaya Niimura confesses everything she knows	Haruka Niimura isn't adopted	Everyone leaves the Arata settlement	4										I see. Without that, Sakura-san would never have thought of killing herself, and the beheading would not happen either.		It removes one candidate for the 'beginning' of the curse-killings in the Shigatsu Arc.	閉じ	But...		In that case, what happens to Chiga-nee's Green-Eye Curse-Killing? Left untreated forever―	通常	No, it is strange in the first place that Chiga-nee's green eyes were never treated all that time.		I feel there is something behind that point too...		If we dig into that as well, we may learn what ending comes depending on whether Sakura-san lives or dies.					驚き	Ah, now that you mention it, that is right. Near the end of the Saigo no Koe Arc, Goto pressed Chiga-nee hard.	通常	But when Chiga-nee said, "I wanted to kill Mom too," Goto's deduction collapsed, and the investigation went back to square one.		Chiga-nee's line probably refers to the Green-Eye Curse-Killing. But as I see it, that is not where the problem lies.		It is certain that Chiga-nee testified to killing people of the settlement every year, starting with Shirozaki-san's wife.		As you say, /VAR/-sama, we need to dig a little deeper here.		If Chiga-nee tells everything she knows, an entirely different picture will likely emerge.							驚き	Ahh... well... that is true...	悲しみ	So I'd grow up as Natsumi's sister instead of being given up for adoption...		No, before that, if I'd been raised in the Kogori family, Natsumi might never have been born...		Forgive me for being personal, but I would rather not... I might lose my ties with both Mom and Natsumi...	にこり	Well, if that is the way to avoid the tragedy, it cannot be helped.	閉じ	Honestly, though, I would like to reach a good ending with things as they are between all of us.	通常						閉じ	That is true too. If everyone left the Arata settlement, the curse-killings would not―	驚き	No, but Motoki-cho and the Arata settlement are not all that connected, are they? Apart from possibly the cherries.	通常	And in the True Jusatsu Arc's 'Kill the Goddess Kill Them All,' Arata was emptied in Shiyo 802, yet Motoki-cho still ended up like that...		It does not seem to be just a matter of emptying the Arata settlement. That is probably a necessary condition, not the goal.		It is quite a hard road, but we might try looking into other possibilities.								
メガミゴロシミナゴロシ	339	325	True Jusatsu Arc [Killing by Curse]	st250	5				338	2			st1	5		5					6	0	0	0	0	What kind of route will come up next, I wonder?	通常	The next arc is probably the last. As long as you wish to know the truth, /VAR/-sama, the truth will surely reveal itself.		There must be a branching point somewhere―one leading to a route unlike the Shigatsu Arc or the Jusatsu Arc.		We will need to determine what that branching point is.		Whether the branching point you predicted earlier fits, /VAR/-sama, or it is another, I cannot be sure...		Either way, the truth will surely reveal itself.		Until the next arc can be viewed, looking back over the scenarios and references so far should let us make a rough prediction.											4																																																																																
あらたな村	340	326	Eden no Sakura Arc [Eden's Cherry]	st1	5	30							st301	5				2			5	4	8	0	0	Do you know about the founder of the Arata settlement?	通常	I never heard about it directly, but it falls within Japanese history in my world, so I understood most of it.		The war between the Minato and Tara clans before the Shiyo era began. The Prince who appeared there is the one who set it off.		The Emperor's third son, he rose against the Tara regime. It went badly, and in what I learned at school, he is executed soon after.	閉じ	But he survived. He survived, fled east from Kyoto, found a place called Arata and put down roots there, you see.		No one in Shiyo 800 knows this story anymore, I imagine.									So the Niimura family are descendants of the imperial family?	If he hadn't put down roots, would the tragedy never have happened?			4									驚き	Oh, it's true! That is what it means!		I am adopted, so I am not related by blood, but...	にこり	Which means Dad, Chiga-nee and Kana have imperial blood in them.	困り	It does not quite sink in, though, that people of such noble lineage were so close by.	にこり										考える	Hmm... with something more than 800 years ago, I really cannot say...	通常	Of course, that possibility cannot be ruled out. The Arata cherry and humans seem to be closely linked.		But it is a huge organism, and the founder settled there drawn by it, so I think the Arata cherry existed before it ever met humans.	考える	Then...		As you say, /VAR/-sama, because humans put down roots, something changed in the Arata cherry too...?	通常	No, I may be overthinking it, but the Arata cherry's will, or intelligence, seems far too similar to a human's.	閉じ	Something... how to put it... I wonder if something big happened between humans and the Arata cherry...	通常	I am sorry. My own wild ideas are only confusing you, /VAR/-sama. I will stop here.																																						
あらたな村	341	327	Eden no Sakura Arc [Eden's Cherry]	st1	5	30					340	2				1					7	0	0	0	0	So there have been huge creatures since long ago, huh		So it seems. Giant deer can still be hunted now and then, you know.	考える	If game like that can be had, then, people being people, it is no wonder they were drawn to the land of Arata.	通常	But because of that, other people often set their eyes on it, and the land of Arata was nearly taken.		So they took up arms, and in the end even made Droga, which should have been shunned.	閉じ	It is ironic. Fighting over that soil produced a drug like that, and even we got caught up in it.	通常	It would be wrong to hate the people of the past for this, but history has a flow like this, and it reaches into the present too.	にこり	In that sense, looking through scenarios from long ago like that is also necessary to understand the true flow of things.									4																																																																																
楽園の入り口	342	328	Eden no Sakura Arc [Eden's Cherry]	st3	5	30										1					5	0	0	0	0	What kind of era was Shiyo 310?	通常	Japan at the time was in the Warring States period. With warlords vying for power, many domains were formed.		There were those who spread their power through war, and apparently many powers that were swallowed by force and fell instead.		In such an era, each domain building up its military strength and expanding its lands was likely the mark of status.		Strategists who planned how to protect their domain, like the foot soldier we saw, must have mattered greatly too.		Also, my world and your world are fairly similar in places, /VAR/-sama, so your history may hold similar events too.													4																																																																																
鬼神の王	344	329	Eden no Sakura Arc [Eden's Cherry]	st4	5	30										1					5	0	0	0	0	What happened in history around Shiyo 310?	通常	Shiyo 310 is the year of the Battle of Taruhazama, where Ouda beat Magawa: when the Ouda house began to rise.		After that, the Ouda house expanded its power and came within a step of unifying the realm.		But for the Ouda house, originally a minor daimyo, to grow this far, it must have had help from Droga.		The period of the Ouda house's growth is likely when Droga was used more than at any other time in history.		Which means that behind it all, that foot soldier was working in the shadows.													4																																																																																
吾大の花見	346	330	Eden no Sakura Arc [Eden's Cherry]	st7	5	30															6	3	4	0	0	So who was the foot soldier in the end?	通常	I think it differs a little from your world, /VAR/-sama...		Fujiyoshiro. Considering his birth and the events shown so far, there is no contradiction.		Fujiyoshiro ended the Warring States period and took the realm. I believe that much is common knowledge...		In other words, that unification of the realm was achieved through Droga.		But by the time of Yoshiro's succession struggle, the Droga had run out, and he tried to make new Droga his own.		As the means, he schemed to keep the Arata cherries close to him, but that too seems to have failed.							Didn't the soldiers who used Droga turn into cherries?	Did Yoshiro use Droga himself, I wonder?			4										Judging from the story, nothing like that seems to have happened.		The Arata cherry can only propagate in suitable soil, so the cherry trees brought from the Arata settlement withered right away too.		In the same way, even if the soldiers who used Droga had been taken over completely, they probably could not have reproduced.													考える	Hmm... I wonder... It is a hard one to call...	通常	Most likely he did not use it on himself. I think he used people purely for the sake of his own rise.		To take the realm, he himself had to stay whole in body. If it were me, I would not want to use such an unknown drug on myself.		If it had any side effects, taking the realm would be the last thing on his mind.																																														
卑屈な自己愛	348	331	Eden no Sakura Arc [Eden's Cherry]	st254	5	30															3	7	6	0	0	What if Eiichiro Niimura hadn't used Droga	通常	Then there would surely have been many big differences.		Had Dad and Sakura-san married, neither Chiga-nee nor Kana would exist, and even if I had been born, I would have no tie to the Arata settlement.		So Motoki-cho would never have been struck by so many tragedies, I suppose.													Would Eiichiro and Sakura Niimura really get married?	Would nothing really happen in Motoki-cho?			4									にこり	Knowing those two, they would have come together eventually, even if it took time.	考える	Then what would've happened to Kotaro-san... There are no women his age, so he'd look for one somewhere else...?	にこり	Perhaps Dad would have settled in Arata and Kotaro-san would have left the settlement.		Then Dad and Sakura-san's children would live in Arata, and perhaps those children would have green eyes too...	閉じ	Hmm... Somehow I get the feeling they'd follow the same kind of fate...	にこり	Well, it would probably turn into a different story, though.		At the very least, since Mom would have no ties to Arata, Motoki-cho and the Arata settlement would have no ties either.					驚き	Eh? Does that question even come up? After all, if Dad had not gone to Motoki-cho―	考える	No, wait a second...?	通常	The goshinboku in Central Park appeared long before Dad was born, did it not.		If that is an Arata cherry, does that mean the Arata settlement and Motoki-cho were already connected somehow?	閉じ	Even if they were, I have no idea what that connection could be...	通常	If so, I believe that mystery will be solved in time too. This arc exists to chase the truth, after all.																																										
卑屈な自己愛	349	332	Eden no Sakura Arc [Eden's Cherry]	st254	5	30															5	9	9	0	0	What do you think about the bullying of Sakura Niimura?	閉じ	Let me see... I was bullied too, but the cause seems to have been different for Sakura-san and me.	通常	In my case, it started when I stood up for a classmate who was being bullied.		In Sakura-san's case, she was too popular with the boys, and it ended up earning the girls' envy.	閉じ	I think Sakura-san was desperately trying to endure it. She was someone who thought it was fine as long as she alone bore it.	通常	Which is why she must have hated troubling Dad and Kotaro-san.									So Sakura Niimura was as popular as she seems?	What could /立木/ beat Sakura Niimura at?			4									喜び	Yes, I think you would understand if you met her, /VAR/-sama. Even a woman could not help admiring her.	にこり	She was beautiful, of course, but she was also kind to everyone without distinction.		From what I have heard, she was especially quick to reach out to people in trouble.		If someone got hurt, she would go with them to the nurse's office at once; if someone forgot an eraser, she would cut hers and share it.		She would pair up with whoever was left over and talk to those always on their own. Boy or girl, gloomy or outgoing, mind you!	困り	Any boy would fall for her, would he not? She was kind to them with no ulterior motive at all.	閉じ	But perhaps she was a little too kind. Both in why she was bullied and in why Dad got hurt.	通常	Sakura-san truly had a wonderful character. But... sometimes that is the root of misfortune.		I do not mean to speak ill of Sakura-san, but moderation is best in all things.	焦り	/大文字/Huuuh?		No no no no, wait wait wait wait! Something I can beat Sakura-san at!? There's no way that exists!		If anything, maybe height and youth!? And I didn't earn those through any effort of mine!	考える	Oh, but maybe I could win on geography grades?		And maybe I'd do pretty well in a cooking contest too...?	驚き	That's right! Sakura-san was a bad drunk, just like Chiga-nee! I probably won't end up like that!	笑顔	And, and, I absolutely won't lose to her in my love for Super Soda Bomber either!	喜び	Well, what do you know! I've got plenty I can win at! Ahahahaha!	閉じ	Haah... What is this inferiority complex...																																				
愛ゆえに……	350	333	Eden no Sakura Arc [Eden's Cherry]	st256	5	30															2	6	5	9	0	Where did the falsificaso sent to Mifuyu Niimura go?	通常	Yes, I have the very same question.		The Droga went to Mom to test falsificaso on people. I believe that was Kotaro-san's own call, but without falsificaso it is pointless...															He forgot to send it?	Mifuyu Niimura didn't notice it?	Someone took it out?		4									閉じ	Indeed, that is certainly a possibility.	通常	But what bothers me is that, as we saw in the Wabigoto Arc's 'The Courage I Wished For', detailed instructions for using Droga were written down.		Even if he forgot to send it, is it not unnatural that nothing at all was written about falsificaso?		Or perhaps the instructions for Droga and falsificaso were written on separate sheets...		Even so, that feels too much of a coincidence. Kotaro-san failing to send both...	閉じ	I cannot help feeling there is something behind it.	通常						驚き	Ah, I see! That is certainly possible!	通常	She found the Droga in the box, but was so taken with it that she overlooked the falsificaso...	閉じ	But the Kogori couple checked the box too. For all three to miss it, it must have been packed to be that hard to find, no?	通常	Since the falsificaso mattered most, I think it should have been packed where it was easiest to see. Kotaro-san would surely know that much...	閉じ	But saying so here gets us nowhere. Even 'every character was a fool' does make sense, after a fashion.	通常									I also think that is the most likely. Otherwise, it cannot be explained.		But only Kotaro-san and Sakura-san knew a package was being sent to Mom. And only Kotaro-san meant to send falsificaso.	閉じ	Sakura-san might have noticed and taken it out, but then she would surely have taken the Droga too, would she not?	通常	If someone took it out, it was someone other than these two. Someone noticed what these two were doing.	閉じ	But there is nothing to tell us who that was...	通常	What we can say is that whoever took it wanted Mom and the other perpetrators of the Megasawa City case to use Droga.		And taking out the falsificaso means they wanted them infected with the spores.		In other words, someone who knows the nature of the Arata cherry well.	閉じ	Who that could be... It is hard to guess...																		
愛ゆえに……	351	334	Eden no Sakura Arc [Eden's Cherry]	st256	5	30															6	8	5	4	7	Would you want to try Droga?		Heavens, of course not.	閉じ	Is what I would like to say, but...	にこり	Honestly, I am curious. What happens when a human's full power is unleashed? One never gets the chance to experience that.		But the price is far too great, so I would not use it. Becoming a seedbed for cherries is the last thing I want.		So if it had no side effects at all, I might try it.		What about you, /VAR/-sama? If it had no side effects at all, would you want to try it?							I'd want to (out of curiosity)	I'd want to (there's something I'd actually do with Droga)	I'll pass (it's scary somehow)	I'll pass (not interested at all)	4										I thought so. If you could feel your full power with no price at all.	考える	If it were me... let me see...	笑顔	I would love to jump with all my might! Going all out, I bet I could clear about 5 meters!		And I would love to run as fast as I can! At that speed, I could surely run across water like a ninja!	考える	Oh, but... If I did that at sea, by the time the drug wore off I would be far out over deep water, would I not? And if I drowned right there...	困り	Listen to me, I always end up imagining some silly punchline.	にこり	Either way, you could do things you normally never get to experience, of your own will.		It must feel something like being on the moon.			驚き	Oh! Ohh...! That is candid of you...	考える	What you would actually do, /VAR/-sama... Doping in sports or something?	驚き	Ah! Surely you do not mean to cause something like the Megasawa City case...!?	焦り	W-well, I will refrain from asking about that. It is not my place to pry that far.	にこり	But it is true that without side effects, it seems very practical.									困り	Ahaha, I agree. Gaining such power does come with a certain fear.	にこり	I believe that seeing a new world means discarding the values you have held until now. Whether those values are good or bad.	閉じ	I certainly do not think using Droga at the cost of those is a good thing. It might change your whole outlook on life.	にこり	Even with no physical side effects, one cannot say you would lose nothing.											驚き	Oh? Not tempted at all? Is it just me being strange?	閉じ	Hmm, I think it'd be fun, though... Just once, like a little amusement-park ride...	考える	Hm? I've seen what I just said somewhere before...?	驚き	That is it! An anti-stimulant-drug poster! Its slogan said, 'That one time can ruin the one life you have'!	にこり	As you say, /VAR/-sama, perhaps even being interested in such a thing is wrong.	通常	Even if you only use it in your imagination, the desire grows until you act on it in the real world.	にこり	Not that I am one to lecture, of course.				
10回目の春	352	335	Eden no Sakura Arc [Eden's Cherry]	st257	5	30							st261	5							3	7	4	0	0	Chigaya Niimura saw the moment of the beheading?	通常	So it seems. Strictly speaking, Grandma and Kana did too.		Chiga-nee kept quiet about it all along because Kotaro-san could have been taken for the one who killed Sakura-san.		That is one of the things Chiga-nee kept secret: the truth of Sakura-san's beheading case.													Way too much about it doesn't add up	Why didn't Chigaya Niimura tell anyone?			4									閉じ	Yes, I think so too.	通常	First, the very idea that Grandma tried to push Sakura-san off is strange. She was leaning out, holding Sakura-san's hand, and then to push her off...		And suddenly cutting off Sakura-san's head is strange in itself. Even to protect Grandma, that is no easy thing to do.	閉じ	But I do not think Grandma's actions were that strange. She could not save Sakura-san, so she felt responsible. Hence 'as good as if I killed her.'	通常	On top of that, Kotaro-san cutting off the head like that made it even harder for Grandma to tell anyone the truth.		It is as if everything had been calculated. It all happened so suddenly, which makes how it flowed all the more unnatural.		We will need to be careful about this part too.						There seems to be no doubt that Kotaro-san is the very one who cut off Sakura-san's head.		So even if Sakura-san was already dead before her head was cut off, the other residents could not be allowed to learn of it.		To protect her father as well, Chiga-nee kept the beheading case hidden like that all along.	閉じ	I understand how Chiga-nee felt... But if only she had found the courage to speak...	通常																																													
10回目の春	353	336	Eden no Sakura Arc [Eden's Cherry]	st257	5	30															5	5	5	0	0	Did you talk with Mifuyu Niimura on the day of the beheading case?	閉じ	Hmm... I remember it only vaguely...	通常	We left the Arata settlement, left the car at Arata Station, and went home by train.		I remember Mom trembling the whole time, clutching her phone.		I asked, "Are you cold?" and Mom gave me a halting smile: "Yeah... a little. Maybe a cold?"		That is about all I remember. I never dreamed that had happened.									How did you learn of Sakura Niimura's death?	What was Sakura Niimura's funeral like?			4										I learned of Sakura-san's death a few days later. That she had fallen from a cliff and died.	閉じ	Honestly, it was a great shock. I adored Sakura-san.	にこり	But Natsumi must have sensed something, because for a while after that she came over to my house to play every day.	閉じ	My time with Natsumi healed me, and before I knew it, Sakura-san's death had become a hazy memory.	通常	It was 10 years ago, so some of it is fuzzy, but that is about it.										No, actually, there was no funeral for Sakura-san.		I believe it was explained in some scenario, but there is a rule: "No funeral for those who were curse-killed."		So on the anniversary of Sakura-san's death, all I do is offer a silent prayer in Motoki-cho. Even that is actually forbidden.		Holding no funeral for the murdered may seem disrespectful to the dead, but the rule is the distilled wisdom our ancestors left behind.		I do not know the details, but there must be a deep reason for this too.																																												
女同士の相談	354	337	Eden no Sakura Arc [Eden's Cherry]	st258	5	30															3	6	5	0	0	Would Chigaya Niimura be popular if it weren't for the booze?		Hee hee hee, I think so too. Usually, as you know, she is a beautiful, well-mannered and capable woman.		In fact, early in a drinking party she seems quite popular. Chiga-nee seems to try her best to make the meetings count...	困り	But, well, the result is as you can guess. No man seems to want anything to do with Chiga-nee once she has had a drink.													Is being a bad drunk hereditary?	How does she even drink...			4									にこり	I remember.	怒り	Sakura-san was a really, really bad drunk!	閉じ	Well, I suppose you could call it hereditary. Chiga-nee inherited both Sakura-san's good points and her bad ones.	にこり	Sakura-san knew what a bad drunk she was, though, so she only drank at New Year's and such.	困り	As a child, Chiga-nee saw how Sakura-san got when drunk and said, "I'm never drinking, even when I grow up!"	にこり	Blood will tell. It must be hereditary after all.							にこり	Rumor has it she drinks rather recklessly. I believe you saw the episode where she chugged a pitcher of beer, /VAR/-sama...		The troublesome thing about Chiga-nee is that she tries to make others drink as much as she does. Pestering people when drunk, as they say.		Do you remember her trying to make even us high schoolers drink that shochu with the hannya mask on it?	困り	I think the men after Chiga-nee try desperately to please her at first. But in the end they get drunk under the table and never go near her again.	にこり	Well, Chiga-nee seems to have learned her lesson, so I hope that side of her improves.																																												
女同士の相談	355	338	Eden no Sakura Arc [Eden's Cherry]	st258	5	30												3			4	8	7	7	0	Would /立木/ like to fall in love?	真っ赤	Wh-what's this all of a sudden! Out of the blue!	恥	Ah... Chiga-nee and Mom were talking about love, weren't they...		Well... it's not that I'm not interested at all, and if the chance came, I'd think about it...		But I'm not pretty, and I'm far from ladylike...											I think you're plenty cute, though?	That figure is a powerful weapon!	Well, you'll just have to work at it...		2					1	1			真っ赤	/大文字/Whaaat!?		/VAR/-sama! Are you an idiot!? What are you looking at to say that...!	恥	Nobody but my parents has ever said that to me, so it's kind of...		My heart's pounding...	真っ赤	Q-quit teasing me! I mean, if you really think so, I'm happy! I'm happy, but!	恥	…………。		Maybe being like this is why I keep missing my chances...	閉じ	Phew... I need to calm down a bit...	にこり		真っ赤	/大文字/Nnnnnngh!!!		S-s-s-s-		Sexual harassment, that is!	怒り	/大文字//揺れ//VAR/-sama, you pervert!	恥	Well, I mean... I do think my figure isn't that bad... But just for that―	真っ赤	I want no man who comes near me just for that! Any lecher gets kicked off an Arata cliff to fertilize the Arata cherry!	恥	Honestly, /VAR/-sama... Don't look at me in a dirty way...	通常					Haah... Work at it, huh...		Work at it... but what should I even do...	にこり	At times like this, perhaps the advice Mom gave Chiga-nee will help.		There is no need to force yourself to change; hope to meet someone who accepts you as you are.	困り	Talking about this face to face with Mom would be embarrassing, but it really is helpful.	悲しみ	But if you say I need to work at it, /VAR/-sama, I must change myself at least a little.	通常	What would I have to do to meet a man...																						
隠し事	356	339	Eden no Sakura Arc [Eden's Cherry]	st259	5	30					355	3							3	3	4	6	9	8	0	/立木/'s Operation: Get Popular!	驚き	Eh? What is that...?	恥	Ah... I did ask what I should do to meet a man, did I not...	通常	Then I shall ask in all seriousness.		How can I become popular?											Try to act more feminine	Make more of a move	Change your look		3							5		悲しみ	Ah, I knew it... Mom often tells me that too...		My language, too, and that I should act with a bit more delicacy...	閉じ	Given the circumstances, I am speaking like a lady now, but I think you know the real me well, /VAR/-sama.	にこり	Well, if everyone, you included, /VAR/-sama, tells me so, I already know what I should do.	悲しみ	Haah... It's fine for now, but actually talking like that for real is embarrassing...		If Goto heard, she'd make fun of me, I bet...	にこり						真っ赤	M-make more of a move!?	恥	I see... That is perfectly sound advice.	閉じ	So I should go to group dates almost every day like Chiga-nee, put on a sweet act and cozy up to men...	真っ赤	No, that's no good after all! It's like I'd be tricking them!	恥	As long as I say things like that, I am still green. I must get used to that kind of game too...		If only I were as forward as Chiga-nee or Kana... Though with those sisters, it is surely pure nature, not effort...	にこり	But thinking about it, I feel that even without blood ties, I really am Mom's daughter.		Like Mom, I am sure I will meet someone good in time.	閉じ	Probably...	考える	Hmm, my look, is it... Heavy makeup at my age is kind of...	驚き	Then the quickest would be my hairstyle? A bit longer, to show off some femininity!	笑顔	My hair is the one thing I am confident about, you know!? Silky and glossy even without conditioner!	にこり	I am not that attached to my current hairstyle anyway. Maybe growing it long like when I was a child could work...	考える	But it takes some nerve... I've had this hairstyle for about 10 years, so I don't know if long hair would suit me.	にこり	Well, there is no knowing until I try. When I go back to my own world―	悲しみ	If I ever go back to my own world...	にこり	I will grow my hair out. To break away from who I have been, too.																				
隠し事	357	340	Eden no Sakura Arc [Eden's Cherry]	st259	5	30										2					6	0	0	0	0	About Chigaya Niimura and Mifuyu Niimura's plan	通常	We got to see what Chiga-nee and Mom meant to do at the thirteenth-year memorial service.		First, the one who started it was Mom. She went to Tokyo and planned with Chiga-nee how to prevent the curse-killings.		One part was switching places at the succession rite. That way Chiga-nee, a fast runner, would mark Kana and keep the Kogori couple safe.		The other was to bring Natsumi and Goto to the memorial service and look at the case from every angle.		She told Chiga-nee so that Chiga-nee could support them from the shadows, I suppose.		But depending on the route, the plan was called off or failed. The plan the two of them made does not seem to have worked out well.											4																																																																																
母親の『気』	358	341	Eden no Sakura Arc [Eden's Cherry]	st260	5	30										3					8	0	0	0	0	Where the Shigatsu Arc and the Eden no Sakura Arc branch	通常	Up until Chiga-nee and Mom meet in Tokyo, both arcs seem to share the same events.		What split them from there was Chiga-nee's decision.		Whether or not Chiga-nee confesses to Mom, "I am the culprit of the curse-killings."		In the Shigatsu Arc there was no information at all that Chiga-nee was the culprit, so in that case Mom was not told.		So on the Eden no Sakura Arc route, Chiga-nee confessed her sins to Mom.		That is probably the biggest and most important branch point. In other words, what we can say here is―		that part of the scheme of whoever lurks behind it all fell apart. They surely never expected Chiga-nee to come forward as the culprit.		After all, it would not only get Chiga-nee arrested but drag her family in too.							4																																																																																
母親の『気』	359	342	Eden no Sakura Arc [Eden's Cherry]	st260	5	30										1					6	0	0	0	0	Did /立木/ kill Chigaya Niimura too?	通常	No, the only one I laid hands on was Natsumi.		This is my guess, but when I killed Natsumi, the cherries that make danger sense possible bloomed.		Chiga-nee probably noticed and went into hiding. She had foreseen being stabbed by me, turned green-eyed.		In other words, Chiga-nee was aware I might kill someone.	閉じ	If Chiga-nee had told me beforehand, that would never have―	通常	But that is nothing but an unfair accusation.											4																																																																																
気配	360	343	Eden no Sakura Arc [Eden's Cherry]	st261	5	30															4	9	7	0	0	I wonder if that ryotei Chigaya Niimura's group went to is any good	通常	I have heard about this from Mom.		It is a long-established kaiseki ryotei in Ginza, a place ordinary people could hardly get into.		They bring in carefully chosen ingredients from all over and put serving them fresh first; needless to say, the flavor is guaranteed.		Apparently it once got stars from some guide or other, and people even come from overseas.											Has /立木/ ever been?	Is /立木/'s family rich?			4									困り	Heavens, no! I have never even been to Tokyo!	閉じ	Even so...	怒り	Mom is so unfair! Going to a place that nice all on her own!	閉じ	I do understand it was for work, so it cannot be helped, but...	怒り	Even so! Don't you think she could at least take me somewhere nice in Motoki-cho!? When we eat out, it's mostly Zahha or Milanopolis pizza!?		And unless we're with Natsumi's parents, we can't even go to an inn like the one we stayed at before!	閉じ	I say spiteful things like that, but...	にこり	Mom cooks for me every day, no matter how busy she is. In my book, her cooking is three-star.		I believe I am living more lavishly than anyone. So deep down, I have no complaints at all.	考える	Hmm... I have never thought of our family as especially well-off...		Our car is big but not a luxury car, and our house has always been next door to Natsumi's...	にこり	To me, we are ordinary. I never feel rich, but I do not want for anything either.	閉じ	However, on the route where the Megasawa City case happened, Mom taking any work she could get was honestly a shock.		From the look of it, she had probably gone into the nightlife trade too.	通常	I do not mean to look down on that trade, but I think Mom was truly desperate to raise me.	にこり	So the Mom I know is truly ideal. She is certainly busy, but rather than wearing herself down, she seems to lead fulfilling days.																																								
気配	361	344	Eden no Sakura Arc [Eden's Cherry]	st261	5	30															5	5	6	0	0	How many people know /立木/ is adopted?	通常	It was kept from me too until very recently, so I cannot say for sure...		Probably everyone older than me knows. Chiga-nee knew from the start, after all. Kana probably does not.		At school, my classmates surely do not know. The teachers might, though...	閉じ	Given that I truly never knew until now, I think Mom and the others were very careful.	通常	No, not just Mom, but the adults around her too.									Did you wish they'd told you sooner?	/立木/ sure is blessed with good people			3						1			閉じ	Hmm... All I can say is that it depends on the situation.	通常	At the very least, I would want time to learn about my birth and take it in. We were nearly killed by Kotaro-san, after all.		If nothing like that had happened, I would not mind waiting until Natsumi turned 20, as Mom and the others promised.		Who I am―I would hate to die or be separated from Natsumi without knowing that.		So getting to go to that hot-spring inn is a good memory. Even if we had to go right home for Grandma's funeral.									笑顔	Thank you. I am glad you think so, /VAR/-sama.	閉じ	Of course, Dad died, and I was bullied in Megasawa. It was by no means all good things.	にこり	But Natsumi and the others saved us, and ever since, I believe I have met truly good people.		It is hardly shown in the main story, but I made lots of friends at school too.	悲しみ	Yes... until I came here... I was truly happy...		Natsumi...	閉じ																																									
空っぽの天秤	362	345	Eden no Sakura Arc [Eden's Cherry]	st262	5	30												1			6	9	2	3	2	About how the curse-killings were done	通常	Chiga-nee believed she had stabbed them to death, but Mom's account shows they were actually bludgeoned.		Chiga-nee did not know this probably because she was a minor, so the adults avoided talking about how the killings were actually done.	悲しみ	Actually... this is very hard for me to say...		I had noticed it.		That Chiga-nee's account was off. That something was strange. Even before you came to this world, /VAR/-sama...	通常	What about you? Had you noticed, /VAR/-sama?							There was a contradiction in the Shigatsu Arc scenarios	There was a hint in the references	I heard it in a chat	I didn't notice...	3					1				驚き	Ohh...! You noticed too, /VAR/-sama!	通常	In fact, there was a decisive contradiction in the accounts in the Shigatsu Arc.		And it is a contradiction you can only see because of this world: the accounts differed from route to route.		Specifically, on the Shigatsu Arc's first route, 'The Shigatsu Curse', Grandma said they "died with their heads crushed by a blunt instrument."		Meanwhile, on its third route, 'The Last Chance', Chiga-nee said "the culprit was aiming for the carotid." That means a blade.	閉じ	Looking back carefully, there were contradictions like this that only this world reveals.	にこり	Just what I would expect of you, /VAR/-sama. Splendid.	通常	In fact, I just noticed another decisive difference between routes. And that is―		Shall we talk about that in the next topic?	悲しみ	/VAR/-sama, I am sorry to say the references contain nothing of the kind...	閉じ	Well, it is hard to keep everything straight. It is no wonder you missed it. I only noticed by chance myself.	通常														驚き	…………？	通常	I am sorry, /VAR/-sama. I believe this is the first time we have talked about exactly how Chiga-nee did it.		We have had similar talks, so perhaps you got a little mixed up.													閉じ	Hmm... In your position, /VAR/-sama, it is no wonder you missed it.		On the route I lived, I talked it over with Chiga-nee in detail. It just stuck with me, so I could notice the contradiction.	通常													
空っぽの天秤	363	346	Eden no Sakura Arc [Eden's Cherry]	st262	5	30					362	1				4					9	0	0	0	0	The other contradiction in the Shigatsu Arc	通常	Then, besides how the curse-killings were done, I would like to talk about one more contradiction.		It is Kotaro-san's account.		In the Shigatsu Arc scenario 'A Body That 'Is Dead'', Kotaro-san said this:		"Sakura was waiting on the cliff top to collapse." Meaning she waited for April sickness to strike and drop her off it.		But as you know, what sets off Sakura-san's April sickness is being in a narrow, dark place. A cliff top cannot possibly meet that condition.		What this suggests is that on the Shigatsu Arc's first route, Kotaro-san knew we were about to die.		Because if we told anyone the false condition for Sakura-san's April sickness, his lie would be exposed at once.		Grandma, Chiga-nee and Kana all knew the condition for Sakura-san's April sickness. He must have known we would die soon.		So he bought time with a made-up story and waited for the residents to storm in, I believe.					4																																																																																
矛盾の支配者	364	347	Eden no Sakura Arc [Eden's Cherry]	st263	5	30										2					5	0	0	0	0	You noticed /桜/ pretty early on	通常	Yes. Whether or not that happens will greatly affect how things unfold afterward.		What made it possible was surely Chiga-nee honestly telling what she had done.		That Chiga-nee believed 'I did it' was something truly no one else knew, after all.		Put the other way, unless they reached /桜/ a week before the thirteenth-year memorial began, it would have been too late.		Going to the Arata settlement in a holiday mood, as in the Shigatsu Arc, was already too late.													4																																																																																
矛盾の支配者	365	348	Eden no Sakura Arc [Eden's Cherry]	st263	5	30							st302	5							5	5	5	9	5	How do you even fight back against /桜/?	考える	Hmm... That is true. Even once its existence is confirmed, what are we to do...		In the scenarios so far, it is a foe that destroys Motoki-cho with giant cherries; I cannot see an ordinary human easily defeating it...		And we do not even know what it looks like or what it will do.	閉じ	I have no idea whatsoever.	通常	Do you have any ideas, /VAR/-sama?									Everyone uses Droga and beats it to a pulp	Burn down the Arata mountains	I bet a secret weapon turns up	It's hopeless...! We're finished...!	3							1		驚き	Um... Total suppression by force...?		And Droga is dangerous in so many ways...	にこり	Well, depending on the situation, that might work. Even with Droga, falsificaso can cancel out the side effects.	閉じ	Hmm... But no matter how much Droga we use, I wonder whether physical attacks even work on it...	通常	Well, that will become clear soon enough.									驚き	Eek...! Your ideas are on quite a grand scale, /VAR/-sama...!	考える	If fungi have spread throughout Arata, as what we have learned so far suggests, that might well be effective...	驚き	But the Arata mountains are huge, you know? Burning them would be a disaster on par with a volcanic eruption!		It could end up even worse than the damage from the Arata cherry, you know?	閉じ	I am sorry, /VAR/-sama, but I would rather you not do that. Then there really would be no humans left in Arata.	通常								驚き	A secret weapon?	笑顔	Ohh! That is cool! Landing one clean critical hit on a foe of that scale!	喜び	I like it! I really want to see that!	笑顔	In that case, in that case! For the final blow, I want everyone to shout a catchphrase together!	怒り	/大文字//揺れ/I'll turn you into a mushroom cloud!	笑顔	Like that!	困り	Oh dear, this has turned into some sort of movie script meeting.	にこり	But seriously, a secret weapon does feel realistic. All the more so against a foe that big.		What could it be? Hee hee hee, I am looking forward to it already.	驚き	Aw... /VAR/-sama, you can't lose heart like that... It'll work out somehow...	困り	B-because, look, this route surely leads to the truth, so everyone'll survive and get a happy ending!	悲しみ	If you lose heart like that, /VAR/-sama, I will start to worry too...	笑顔	So let's cheer up and keep going, okay?	喜び	It will be fine, I promise! You have me by your side, /VAR/-sama!	にこり							
心のバトン	366	349	Eden no Sakura Arc [Eden's Cherry]	st264	5	30															3	5	7	0	0	Have you ever been to Tokyo?	通常	No, I may have mentioned it before, but I have never been.		There has simply been no chance to go; there is no special reason...		Mom seems to go now and then. It seems she recently opened a branch in Tokyo.													Where did you go on your school trip?	Anywhere you'd like to go in Tokyo?			4									にこり	We went to Hokkaido last fall. At my high school, the school trip is in the fall of second year.		Every year, the students vote a year ahead on whether to go to Tokyo or Hokkaido. Actually, I voted for Tokyo.	笑顔	But Hokkaido was wonderful too, of course. The seafood and the ramen especially were irresistible!	喜び	Good food is a must on any trip, after all!	悲しみ	Haah... I'd love to go to that ryotei too... I wonder if Mom will take me someday...	にこり								笑顔	Yes! I already know exactly where!	喜び	Tokyo Disneyland! I love Disney!	にこり	I love the Disney characters and worlds, but Natsumi and I especially love thrill rides. I want to conquer every one, however many days it takes!		And this may surprise you, but Goto said she is terrible with thrill rides.	怒り	"The human body was never designed to ride things like roller coasters, so it is dangerous unless you are trained like an astronaut!"	困り	That is what she said, but I think she is just dressing up her fear with logic.	にこり	Not liking roller coasters―Goto is missing out on life!																																								
心のバトン	367	350	Eden no Sakura Arc [Eden's Cherry]	st264	5	30															9	4	3	0	0	Could I make any route I like in this world now?	閉じ	It is probably impossible to create and branch off new routes at your own discretion, /VAR/-sama.	通常	What unfolds in this world that reflects your will, /VAR/-sama, is only the route to the truth. Nothing unrelated will appear, I think.	閉じ	Besides, it seems my will is no longer reflected either. All that is left is to give ourselves over to this world's course.	悲しみ	Still... there is actually one way. A way to change this world just a little, by choice...		It is for me to go back to my own world.	閉じ	If I go back to my own world, you will be able to see what comes next.		By then I will no longer be here, so you will be watching on your own, /VAR/-sama.	通常	What follows will change depending on the resolve with which I go back.		Either way, I do not think your will can change this world's routes as you please, /VAR/-sama.	So there are no bad routes?	Kind of disappointing...			4									驚き	Ah, I see! Yes, that is what it comes to!	通常	Before, I could guide you along the routes I thought necessary, but now there is only the route to the truth.		The information needed beforehand―the essential bad routes―I believe you saw all of it in the True Jusatsu Arc and the True Meicho Arc.		That is why the route toward a truly happy ending is the Eden no Sakura Arc.											にこり	I suppose so. Before, glimpsing the characters' daily lives from various routes would have been possible.		But this route to the truth appearing now also reflects your will, so I gather it is what you want most now, /VAR/-sama.		Please, keep chasing the truth with me just like this.																																																
現れし者と消えし者	368	351	Eden no Sakura Arc [Eden's Cherry]	st265	5	55											2				3	6	5	0	0	Don't you get lonely, alone in this world for so long?	驚き	Ah, no, I see it as having been with you, /VAR/-sama, the whole time from the very start...	にこり	You have closed this world many times, /VAR/-sama, and I suppose that while it is closed, this world and I both stand still in time.		So I have never once felt lonely in this world.													What if I stopped coming for good?	What do you enjoy most here?			3						1			悲しみ	That is...		Time here would stand still forever, and I would stay shut in here for all eternity, would I not.		Perhaps that is close to what it feels like to die.	閉じ	But...		I came here to escape from my own world.		Even if it ends here in something equal to death... I do not mind.	通常						笑顔	Why, talking with you like this, /VAR/-sama, of course!	にこり	As you surely know by now, I am hardly shy, and I think I am the friendly sort.		So being able to talk with someone like this is a great joy to me.		Of course, not just anyone would do. It is a joy precisely because it is you, /VAR/-sama, who came all this way.	喜び	After all, we have spent so long together. You, /VAR/-sama, are my comfort and my refuge.	にこり																																											
現れし者と消えし者	369	352	Eden no Sakura Arc [Eden's Cherry]	st265	5	55			368	2											3	3	5	0	0	In your world, do you stand? Or float?	驚き	Huh? I am standing, of course. Well, normally―	考える	Oh, right... the rules here aren't necessarily the same as back in the original world...	にこり	Gravity is normal, and so is the temperature. If there were no gravity here, my hair would stick out like a sea urchin.													Have you been standing the whole time?	Has anything changed about your body?			4									にこり	No, that is not the case. In this Lounge, I sit.		Though even standing the whole time, I do not get especially tired. This is a world with no hunger and no sleepiness.		It is just that staying in one pose the whole time feels cramped, so I change my posture now and then.													通常	Nothing that could be called a change. I expect I will spend my time here without growing any older.	閉じ	In that sense, you could say eternal life is promised in this world.	通常	But all this world holds is the route that leads to the truth. Other than learning it, I have no purpose for living here.	閉じ	Eternal life is a truly cramped thing as well. Even in the original world, perhaps clinging to life fades once there is no purpose to live for.	にこり	It is because life has its ups and downs that it has meaning, I believe.																																												
未熟な勇者たち	370	353	Eden no Sakura Arc [Eden's Cherry]	st266	5	100											2		4	1	3	4	2	0	0	Do you ever want to be the you of the Eden no Sakura Arc route?	悲しみ	…………。		I never thought of it that way before, but if this is truly the route that reaches a happy ending, then honestly, I do long for it.	閉じ	But it is pointless to want to be the me of that dimension now. All I can do is accept my fate here, like this...													But this way I got to meet /立木/	Sorry for asking something weird			3					5				にこり	Yes, exactly. I came here, and you came here, /VAR/-sama―	喜び	So being in this world is not all bad. Meeting you, /VAR/-sama, was truly a stroke of luck.	にこり	I do long for that dimension, but I want to treasure what I have gained precisely because of this situation.		Meeting you, /VAR/-sama, is a precious treasure to me.											閉じ	No, please do not worry. It is only natural to have such a question.	にこり	I am not a child forever, after all. For now I have to stay here, and I have made my peace with that.																																																		
未熟な勇者たち	371	354	Eden no Sakura Arc [Eden's Cherry]	st266	5	55			370	2								3			3	5	3	4	0	Is it goodbye once we reach the truth...?	悲しみ	…………。		Most likely, yes. Once you know the truth, /VAR/-sama, there will be no reason for you to be in this world either...	閉じ	I had never once thought about parting with you, /VAR/-sama.													I'd be lonely if that happened	It can't be helped	Well, /立木/ did chase me away before...		4										Yes, so would I. Just when I finally got to know you, /VAR/-sama...	悲しみ	Um... /VAR/-sama...		Even after you reach the truth, please come here, even if only once in a great while.		I know it is selfish of me...		Once I know the truth, all I will have left is you, /VAR/-sama...	閉じ								閉じ	Yes, this cannot be helped. You have your own life, /VAR/-sama.		I cannot keep you in this world forever, /VAR/-sama.	にこり	If anything, I think that is how it should be. If you are satisfied, /VAR/-sama, nothing could make me happier.													考える	Hm? Did something like that happen?	驚き	Ah... now that you mention it, right before I showed you my face, I forced you out several times...	焦り	N-no, that's not it!? I didn't come to hate you, /VAR/-sama! Back then I just wasn't thinking about what came after at all...!	悲しみ	/VAR/-sama... I am truly sorry about that time. I will never do anything like that again...	通常																											
二手	372	355	Eden no Sakura Arc [Eden's Cherry]	st267	5	55					371	3									6	7	5	0	0	Why did you chase me away before showing your face?	悲しみ	That was right before you learned that I had stabbed Natsumi to death... I am truly sorry about that time.	閉じ	In truth, I was on the verge of tears then. I could feel the moment of stabbing Natsumi to death drawing near...		However well the Noh mask hid my face, it could not hide my voice. I did not want you to hear it.		So I tried to pull myself together to welcome the next guest...	通常	But I panicked. You kept coming back here, /VAR/-sama, so I did not know what to do...	にこり	And then that scenario appeared, so crying was the last thing on my mind.							Are you okay now?	I panicked back then too			4										Yes, I am fine now. Rather than mourn the past, what matters is my task: seeking the truth with you, /VAR/-sama.	閉じ	Looking back now, I was truly childish then.		Dragging others in to hide from what I could not bear, pleasing myself, then chasing them off once done: truly the height of rudeness.	悲しみ	But I am still childish even now, am I not. I am still running away from the world I came from...	閉じ	But please believe me. I am not chasing the truth with you now, /VAR/-sama, to cover up what I did.	通常	It is because I believe this is what I must do.	閉じ	If I ever return to the original world, knowing the truth should surely let me change my own dimension too.	通常				驚き	Ah... you too, /VAR/-sama? Then I owe you even more of an apology.	にこり	Come to think of it, I had been so gentle until then, and all at once I changed and pressed in on you, /VAR/-sama.		And dressed like that, too. No wonder you panicked.	困り	Well, the way I look now is pretty horror-movie too, though.	にこり	But now I am on your side with all I have, /VAR/-sama. Not out of duty, but because I want to be...																																												
二手	373	356	Eden no Sakura Arc [Eden's Cherry]	st267	5	55										6	2				6	0	0	0	0	Let's review everything as a whole		I see, that is a good idea.		This very long, wide-ranging story has finally come close to its climax.		As a review of everything so far, let us check whether there is anything you have missed, /VAR/-sama, or anything I forgot to tell you.		Even things you saw long ago may show what was hidden once we check them all together.		However, given how much there has been, I expect a great deal will need checking.		From here on, let us split it into several topics and sort it out.											4																																																																																
屋梁落月～死神～	374	357	Eden no Sakura Arc [Eden's Cherry]	st268	5	55			373	2						1	2				7	0	0	0	0	Overall review 1: the flayed-body case	通常	The flayed-body case is the murder case Mom caused so as not to let me go.		The Kogori couple, whose relationship with Mom had soured through the Megasawa City case, tried to take me away to escape her watch.		But killing only Ryoji Kogori risked Akane Kogori revealing the truth, so she tried to kill the whole Kogori family as fast as she could.		Helping her was the Droga left over from the Megasawa City case. With it, she meant to wipe out the Kogoris for certain.		But depending on the route, she sometimes succeeded and sometimes failed. Mom seems to have decided to kill herself if she failed.		And that Droga had originally been sent by Kotaro-san, trying to save Chiga-nee.		In this way, many elements tangled together to form one flow of events.									4																																																																																
屋梁落月～死神～	375	358	Eden no Sakura Arc [Eden's Cherry]	st268	5	55			374	2						3	2				6	0	0	0	0	Overall review 2: the Jusatsu Arc's first route	通常	On the Jusatsu Arc's first route, Goto, who tried to investigate the flayed-body case, was killed, her head smashed in.		Mom could learn of Goto's moves so quickly because a bugging app had been planted on my phone.		She must have thought it too dangerous if Goto investigated in earnest. Mom decided to kill Goto and punctured her bicycle tire.		Then she killed Akane Kogori and Natsumi, back from the police, took me to Arata, and eluded the police in the mountain seclusion.		But 4 years later, Goto's sister, Momoko Goto, came to the settlement for revenge.		With Kana's Green-Eye Curse-Killing and the fire as well, the only one left alive on this route was Chiga-nee. She never appeared in it at all.											4																																																																																
死月妖花～虚栄～	376	359	Eden no Sakura Arc [Eden's Cherry]	st269	5	55			375	2						7	2				9	0	0	0	0	Overall review 3: the Jusatsu Arc's second route	通常	On the Jusatsu Arc's second route, Goto lied to me, saying she would not investigate.		Thanks to that, on this route Mom's surprise attack on Goto could be prevented.		Also, on this route Goto was at home, on her bicycle, or with me, so Mom could not easily lay a hand on her, I suppose.		Mom switched targets to the Kogoris at the police station, lay in wait at their home, and attacked when they got back.		But soon Goto and I were to come to the Kogori house, so Mom hurriedly played dead.		Mom did not want me to find out that she was the culprit, it seems.		But by bad luck I killed myself with a knife. Her goal lost, Mom set a fire and burned herself to death to erase the Droga in her body.		She apparently had no intention of killing Goto too, and she had put a wet blanket over her.		Goto survived in the end, but the shock made her give up all thought. That is the Jusatsu Arc's second route.					4																																																																																
死月妖花～虚栄～	377	360	Eden no Sakura Arc [Eden's Cherry]	st269	5	55			376	2						3	2				5	0	0	0	0	Overall review 4: the Jusatsu Arc's third route	通常	On the Jusatsu Arc's third route, Goto collected Natsumi at the police station to guard her, and the two went to the Kogori house.		But I was not there, so they became easy prey for Mom.		On the way, Mom attacked Natsumi, and Natsumi's blood got on Goto. Goto became third generation.		In that brief moment, Goto foresaw danger in the future and tried to talk Mom down.		Then I arrived, and Mom resolved to turn herself in. That is the Jusatsu Arc's third route.													4																																																																																
屋梁落月～世代～	378	361	Eden no Sakura Arc [Eden's Cherry]	st270	5	55			377	2						6	2				6	0	0	0	0	Overall review 5: the Jusatsu Arc's fourth route	通常	On the Jusatsu Arc's fourth route, Natsumi and I fled deep into the mountains of Sakuraoka.		But Mom used my phone's GPS, quickly chased us down by car, and attacked.		At first she came at us with a nata, but in the end she chased us by car and ran me over.		She chased us by car probably because the Droga had worn off, or it was straining her body.		But she was speeding down that narrow, dark road, so she ran me over without meaning to, and in the end Mom could not achieve her goal.		With no reason left to kill Natsumi, Mom rushed home and burned herself to death, erasing all evidence. That is the Jusatsu Arc's fourth route.											4																																																																																
屋梁落月～世代～	379	362	Eden no Sakura Arc [Eden's Cherry]	st270	5	55			378	2						3	2				8	0	0	0	0	Overall review 6: the Jusatsu Arc's fifth route	通常	On the Jusatsu Arc's fifth route, Mom carried me off to the roof of an apartment building.		She went to the roof to kill Natsumi there, I suppose. A street would be far too easy for people to see.		But the police swarmed in, so she gave up on killing Natsumi. She jumped from the roof and fled to the Arata settlement.		Most of the officers had gone up to the roof too, so it was easier to slip past the police, I think.		But the strain on Mom's body was great, and she died the moment she reached Arata. I did 2 years of the mountain seclusion to retrain myself.		When I came back from it, the settlement was empty and Verde's mummy was left. By then Mom's blood had made me second generation.		So the mummy made me fourth generation: a divine messenger. In Shiyo 815 I went to Motoki-cho and made Natsumi and Akane Kogori ones too.		That is the Jusatsu Arc's fifth route. On this route we first learned that Mom was the shinigami, did we not.							4																																																																																
死月妖花～盗視～	380	363	Eden no Sakura Arc [Eden's Cherry]	st271	5	55			379	2						5	2				5	0	0	0	0	Overall review 7: the Jusatsu Arc's sixth route	通常	On the Jusatsu Arc's sixth route, I left my phone at home and managed to escape the bugging and the GPS tracking.		For a while I hid at Goto's house, but Akane Kogori narrowed down roughly where through Daijiro Ise.		She took the Droga, the Noh mask, and the rest from Mom, broke into the Goto house, and tried to take Natsumi and me out of Motoki-cho.		She tried to take us away to flee somewhere beyond the Arata settlement's reach, I suppose.		But Akane Kogori was shot dead, and I was taken in by the Arata settlement. That is the Jusatsu Arc's sixth route.													4																																																																																
死月妖花～盗視～	381	364	Eden no Sakura Arc [Eden's Cherry]	st271	5	55			380	2						6	2				7	0	0	0	0	Overall review 8: the Meicho Arc, part 1	通常	In the Meicho Arc, we caught Mom by turning the phone features she relied on against her.		Also, Grandma had trained me in impressions, and you could say that happened to help solve it.		That seemed to solve the case, but late on the night of May 5, Dad, who should have been dead, appeared at our house.		That was right after Natsumi found the Droga, so I think that was what set it off.		What this tells us is that /桜/ is not active only in spring; it merely mimics a cherry by making flowers bloom.		Most likely /桜/ saw Natsumi noticing the Droga as a danger and hurriedly sent Dad into Motoki-cho, I would guess.		What happened after that is unclear, but well, it surely did not lead to a good ending.									4																																																																																
屋梁落月～浸食～	382	365	Eden no Sakura Arc [Eden's Cherry]	st272	5	55			381	2						6	2				8	0	0	0	0	Overall review 9: the Meicho Arc, part 2	通常	The Meicho Arc had two routes: before the flayed-body case happened, and after.		The route that appeared later showed how the flayed-body case came about.		But Ryoji Kogori did not just let things happen to him; he worked two tricks into my phone.		He put in an old battery and built in a mere scrap of metal. That way he made it look as if there were a bug in it.		But Mom never noticed, and fearing I would be taken from her, she caused that case.		Goto spotting those tricks in the Meicho Arc was truly lucky. It led her to the culprit, the Megasawa City case, and a way to prevent worse.		But the ending was as you saw. My dad appeared, and in Shiyo 815, Motoki-cho perished.		We learned how the flayed-body case and the Megasawa City case unfolded, but it is hard to say we truly solved them.							4																																																																																
屋梁落月～浸食～	383	366	Eden no Sakura Arc [Eden's Cherry]	st272	5	55			382	2						6	2				8	0	0	0	0	Overall review 10: the Wabigoto Arc	通常	The Wabigoto Arc mainly showed the time just before the first Megasawa City case happened.		Using the Arata settlement's name, Mom threatened the Kogori couple and pressed them, with no say in it, to kill a classmate.		But whether it happened or not changed greatly depending on whether Natsumi was taken along.		By watching Natsumi and Mom talk, we found what Mom truly wanted and avoided the Megasawa City case.		But there was also an ending where Mom killed everyone on the spot. That came from not grasping exactly what Natsumi's words meant.		That is why, on the route where everyone came home alive, Natsumi's warnings came to be heeded without doubt.		But that was /桜/'s very trap. Making everyone trust Natsumi's warnings blindly means making them believe /桜/'s visions and voices.		It is a trap so cunning it is truly horrifying.							4																																																																																
黙示録のラッパ吹き～開花～	384	367	Eden no Sakura Arc [Eden's Cherry]	st273	5	55			383	2						2	2				8	0	0	0	0	Overall review 11: the Shigatsu Arc's first route	通常	On the Shigatsu Arc's first route, the residents killed Natsumi at the Niimura main house, and Chiga-nee and Kana were badly hurt too.		I would guess this came from Kotaro-san's trap tangled with the failure of the plan Chiga-nee and Mom made.		First, Kotaro-san told the residents about Natsumi and set them on capturing her.		Next he tricked Kana into going to Arata Station to kill the Kogori couple. Chiga-nee, watching Kana, must have tried to stop it.		Kana must have been out for blood, so it became a sisters' quarrel that went as far as trying to kill each other.		But what remains a mystery even now is how Kotaro-san learned that the Kogori couple were there.		Only Mom and Chiga-nee knew about that, so I cannot imagine it leaked from them...		Kotaro-san must still be hiding something.							4																																																																																
黙示録のラッパ吹き～開花～	385	368	Eden no Sakura Arc [Eden's Cherry]	st273	5	55			384	2						2	2				7	0	0	0	0	Overall review 12: the Shigatsu Arc's second route	通常	On the Shigatsu Arc's second route, Kana was taken to the succession rite, so things looked very different from the first route.		Kana sided with us completely and cut at Kotaro-san, residents and all.		And Grandma, so her son would not keep piling up sins, must have cut off Kotaro-san's arm.		What this shows is that Droga works regardless of generation. Kana was third generation, but she could also become first.		Kana was also drenched in the residents' blood, so she took into her body spores that made her first, second, and third generation at once.		So when Goto touched Kana's blood, she likely became both second and third generation.		In that state she came to Arata in summer, where the divine messengers, Sakura-san among them, seized her as a living second generation.									4																																																																																
屋梁落月～転～	386	369	Eden no Sakura Arc [Eden's Cherry]	st275	5	55			385	2						2	2				9	0	0	0	0	Overall review 13: the Shigatsu Arc's third route	通常	On the Shigatsu Arc's third route, the Kogori couple stopped coming to Arata, which changed things even more.		And since Shirozaki-san, one of the residents, was won over too, Kotaro-san could not attack Natsumi that same day either.		So he changed plans and decided to attack Natsumi after the thirteenth-year memorial service, I suppose.		But Shirozaki-san's tip-off and the Niimura sisters saved her, and underground Kotaro-san used Droga but still failed to catch her.		Most likely /桜/ gave up on Kotaro-san and dropped the Niimura main house's cherry underground to pin him in place.		At that moment I touched Natsumi's blood, became third generation, and killed Natsumi.	考える	But it is a little strange...	通常	/桜/ should want Natsumi captured alive as a second generation. So making the cherries bloom in May seems unnatural, or rather...		On this point, I cannot quite say.					4																																																																																
屋梁落月～転～	387	370	Eden no Sakura Arc [Eden's Cherry]	st275	5	55			386	2											3	3	7	4	0	Why did /桜/ make /立木/ kill Natsumi Kogori?	通常	Yes, that question does remain. Going by the nature of /桜/, Natsumi has to be kept alive.	閉じ	Frankly, the reason is unknown. On any route, it is a clear contradiction...		Was there some other intention, I wonder?													There was another living second generation	To take away /立木/'s freedom	The cherries just stirred up the urge to kill		4									考える	A living second generation...? Hmm... was there anyone else...?	通常	Everyone who used Droga was arrested and cannot return to the outside world for now, so the chance of a new second generation being born is...		Even if it is as you say, /VAR/-sama, there is no telling who it is now. If I returned to the original world, I might learn something, though...													驚き	To take away my freedom...?	通常	I see, if I killed Natsumi, the police would arrest me, and my freedom would be taken away.		Well, in reality my consciousness is here in this world, but my body is probably still asleep in the original one.	閉じ	If it is as you say, /VAR/-sama... then who on earth would want to take my freedom, even at the cost of Natsumi's life...?	通常	And that means someone able to interfere with /桜/ directly, does it not? So at the least, someone dead or the like.	閉じ	…………。	通常	With what we know so far, I am afraid I have no idea. Shall we set this aside for now?					閉じ	Hmm... true, if a second and a third generation sense danger where there are cherries, the Green-Eye Curse-Killing happens.		One could read it as simply that happening, but...		In that case, why did /桜/ make the flowers bloom at that moment? There must have been some intent behind it.	閉じ	Well, there is no way to pursue that now. Not unless I return to the original world...	通常																											
黙示録のラッパ吹き～しょう失～	388	371	Eden no Sakura Arc [Eden's Cherry]	st277	5	55															4	3	5	0	0	Have Arata's trees ever suddenly withered before?	通常	No, as far as I know, this is the first time.		Being so huge, /桜/ absorbs a great deal of nourishment from the earth. And yet the land of Arata is, if anything, very fertile.		It probably absorbs nutrients from much deeper down. So it has no need to visibly steal nourishment from other plants, I think.	閉じ	But where could such nutrients be... An energy source deep in the earth would be...											Seeped up to the surface over long years	Geothermal energy			4									通常	Hmm, it does come to that, does it not. In Shiyo 815, it killed many mammals to nourish the earth.		So when it grew huge all at once, what had seeped up was not enough, and it reached for the surface too, I think.		Well, the land being fertile is probably the work of /桜/ too. That way many plants and animals flourish, and in time become its energy.													考える	Geothermal energy...?	驚き	Ah, of course! There is a hot spring on Mount Itohime!	にこり	As expected of you, /VAR/-sama, what a splendid insight! That would also explain why it is hard to grow elsewhere.	通常	Then, does Motoki-cho have something that could become a hot spring too...	にこり	If someone dug, a hot spring might well gush up in Motoki-cho too. It could be a new tourist attraction in place of the cherries.																																												
黙示録のラッパ吹き～しょう失～	389	372	Eden no Sakura Arc [Eden's Cherry]	st277	5	55										1					5	0	0	0	0	What's Shigatsu Youka after, I wonder?	通常	Putting everything so far together, I think it is to move to Motoki-cho.		In Shiyo 815, Motoki-cho―no, Motoki City―was swallowed by the cherries, but there is no word that Arata suffered the same, at least.		As proof, it is withering Arata's trees. That means it no longer needs to keep the land of Arata fertile.	悲しみ	In that case, maybe even before Shiyo 815, Motoki-cho will sink beneath the cherries―	閉じ	No, surely nothing like that will happen. After all, this route exists to uncover the truth.	通常												4																																																																																
死月妖花～密触～	390	373	Eden no Sakura Arc [Eden's Cherry]	st296	5	55										2					7	0	0	0	0	Is it really possible to sense someone else's five senses?	通常	That does sound like a truly paranormal phenomenon, does it not? I had the same question myself.		However, putting together all the information that has come out so far, it does seem to be possible.		I am not very good at the sciences, but...		When the human brain receives a sensation, it apparently gives off electrical signals and radio waves.		From the pattern they form, it seems one can tell what a person is sensing at that moment.		That is why emotions and thoughts, which depend on things like the brain's own narcotics, apparently cannot be sensed, but...	困り	Honestly, I can't tell what's different from what, or how. It's not the same as reading minds, then, is it? It's confusing.	にこり								4																																																																																
死月妖花～密触～	391	374	Eden no Sakura Arc [Eden's Cherry]	st296	5	55												3			3	4	9	8	4	Don't you think the story of this world is scary?	閉じ	Honestly, scary stories are not my thing. I would rather stay out of them, but as I am part of this one myself, it cannot be helped.	にこり	Well, what I cannot handle is ghosts and spirits and the like, so I am fairly all right with this genre.		What about you, /VAR/-sama? Is there a genre of scary story you cannot handle?													Psychological horror	Ghost stories	Splatter	Bring on anything!	4										I see. They often say the scariest thing of all is people, do they not?		I, on the other hand, quite like psychological horror. I especially like the ones without grotesque scenes or depictions of blood.		Frightening people without grotesque elements like that must be very hard, must it not? That alone makes me want to rate the work highly.	閉じ	But it is true, I think the scariest thing is people. In the end, most horror only works because there is human will behind it.	にこり										焦り	Ahh! I can't handle those either! The kind where some unknown thing suddenly leaps out at you is really scary!	悲しみ	After seeing something like that, I cannot even take a bath alone... I leave the bathroom door open and play rakugo recordings on my phone.	通常	And there is that one. You know. When someone is walking behind me on a dark road at night, I get all jumpy.	困り	But most of the time it's just a passerby. If I broke into a run, I'd feel bad for the person behind me, so I grit my teeth and bear it.	焦り	And in that line, I really can't stand stories about someone hiding inside your house! I mean, it could actually happen, couldn't it!	閉じ	So when I come home alone at night, for instance―	怒り	/揺れ//大文字/I know you're in there!	困り	...I sometimes yell. Then Natsumi in the next room calls me: "Did something happen!?"	にこり	Honestly, all I ever seem to produce are embarrassing episodes.	悲しみ	Ah... I cannot handle that kind either. Less scary than just plain gross...		So I avoid, as best I can, anything where organs spill out or arms fly off and blood sprays everywhere.	閉じ	Just the other day, I was surfing the net and clicked a shock link by accident, and a gory image filled the whole screen...	通常	I ended up smashing the monitor.	困り	Mom gave me an absolute earful that time. She said if I was going to do that, I shouldn't go online at all!	にこり	On the route with the Megasawa City case, I had the screen shown on the TV at my house; smashing that TV would have been a disaster.		Incidentally, in the dimension I was in, it is a desktop, not a laptop.		Well, that is information nobody needs.			驚き	Oh, just what I would expect of you, /VAR/-sama. How very bold you are.	にこり	You have come this far, after all, /VAR/-sama. Perhaps the scares of this world were not quite enough for you?		Well, when I first guided you, my aim was more to have you enjoy yourself than to frighten you, /VAR/-sama.		So I am truly delighted that you have come this far. Thank you very much.										
屋梁落月～分身～	392	375	Eden no Sakura Arc [Eden's Cherry]	st294	5	55					391	3						2			4	9	9	9	9	I want to hear more of /立木/'s scaredy-cat stories!	驚き	What... you want me to bare my shame here...?	にこり	Well, I have told you this much already. That could be amusing too, I suppose.	閉じ	Only...	通常	I have quite a few such episodes, so I would like you to choose which one you want to hear, /VAR/-sama...											The Naked Dash Incident	The Underwear Thief Incident	The Pervert Encounter Incident	The Bloody Principal Incident	4		320							閉じ	/VAR/-sama, you choose that one...	通常	I will never forget it. It was April 30 last year.		That day I had been asked to help out the track team, and I was working up a sweat at school until late.		I came home, and just as I took off my clothes to jump straight into the shower―		Suddenly a crowd of people came surging out from the back of the room, and a barrage of popping sounds rang out.		Not knowing what was happening, I was so startled that I ran straight out of the house. Yes―stark naked and screaming.	閉じ	I had completely forgotten, but April 30 is my birthday. Natsumi and Goto had hidden for a surprise and came at me popping party crackers.		Crying for more reasons than one, I devoured the cake. Oh... it was truly embarrassing.	にこり	It is a fond memory now, though.	閉じ	The Underwear Thief Incident... That one was truly frightening.	通常	It was last summer, during swimming class. We girls changed in the girls' locker room by the pool and had our swimming lesson.		But when we went back to the locker room after class, only my underwear had vanished. "An underwear thief has struck!" the girls began to clamor.	閉じ	I was so frightened that I sank to the floor right there and cried. The girls suspected the boys, the teacher questioned the boys...	通常	But then one of the girls said to me, "Come to think of it, Niimura-san..."		"...you came to school with your swimsuit on under your uniform, didn't you?"		Yes, I had forgotten all about that and was making a fuss over my missing underwear. Worse still, I had left my spare underwear at home...	閉じ	I apologized to everyone over and over. They all kindly said, "We're glad it was nothing," but...	にこり	I truly wronged the boys who were suspected back then. They still tease me about it now and then.	閉じ	The Pervert Encounter Incident... that one was truly shocking...	通常	It was winter break last year, just as the New Year holidays were ending. I was walking alone down a dim road at night.		It was especially cold that day, so I had on a thick coat, when from up ahead a man in a trench coat came walking toward me.		What is more, though it was a cold day, he had nothing on below; his bare legs were showing. I deduced at once that he wore nothing under the coat.		I froze in terror and let the man come right up to me.		And when he was only a meter away, he said this to me.	閉じ	"What, it's a guy?"		It was a shock. True, I am tall for a woman, my hair is short, and I was bundled up. But to be mistaken for a man...	通常	Since then I make myself wear a hair clip so I pass as a woman even like this. Being taken for a man hurt more than the pervert.	閉じ	The Beaten-to-a-Pulp Principal Incident... That is a truly hateful memory.	通常	It was last month, my first day back at school after Dad's thirteenth-year memorial service.		My group was in charge of cleaning the principal's office, so at cleaning time we all went there together.		And there was the principal, lying on the floor covered in blood, groaning in agony...		Startled, I ran out into the hallway and called 119 for an ambulance right away.		Then the blood-soaked principal burst out of his office and came dashing at me, yelling.		I screamed and my legs gave out on the spot.	閉じ	I heard later the principal had been practicing playing a corpse for a skit at the PTA social...		He had apparently meant to test the scare on the cleaning crew; the board of education scolded him hard for it.
屋梁落月～分身～	393	376	Eden no Sakura Arc [Eden's Cherry]	st294	5	125					392	2									7	9	4	0	0	How did you get through the day after swimming class?	焦り	Wha!? You're digging into that!?	悲しみ	W-well, after I told you that much, you'd be curious, wouldn't you...	通常	With no change of underwear after swimming, naturally I had no choice but to go without a bra or panties.		So I went straight to the nurse's office to borrow some underwear.	閉じ	The bottoms were no problem, but... well...	恥	For the bra, there was nothing in my size...		I tried a sports bra too, but I just kept spilling out of it...					And then? And then?	So /立木/'s chest was off the charts?			4										So... there was nothing I could do...		In the end I went without a bra. I wore a long-sleeved track jacket over my short-sleeved blouse so it would not show...		But not just the girls, even the boys knew I had forgotten my underwear, so it was truly mortifying...		And it was terribly hot. It was the middle of summer, and I had to wear long sleeves...		So all through the afternoon classes I agonized. Keep enduring the heat, or take the plunge and take off the jacket...	閉じ	But I could not choose either, so I left early, saying I felt unwell.	恥	Haah... it is embarrassing even to remember now. The next day there was even a rumor among the boys that "Niimura can't wear a normal bra"...	真っ赤	Ah! I mean, there's no point dragging this out. Okay! That's the end!	閉じ	Phew...	真っ赤	Hey! You really don't mince words! I put it vaguely, and you spell it out loud and clear!	恥	It's not that I'm off the charts; they just happened not to have my size...	真っ赤	P-please, stop it now! Whether I'm off the charts or not is completely beside the point!	閉じ	Phew...	通常																																													
死月妖花～結束～	394	377	Eden no Sakura Arc [Eden's Cherry]	st297	5	55												3			3	5	7	7	0	I want to hear about /立木/'s school life	驚き	Ah... come to think of it, I have hardly ever talked about that. It barely comes up in the story, either...	にこり	There is not much worth telling about my school life. I think it is probably quite ordinary.		If that is all right with you, I will answer your questions.													Don't you fall asleep in class?	Do you see Natsumi Kogori and Erina Goto at school?	What's the school caste like?		4									考える	Hmm... In classes that interest me, I am wide awake, but...	困り	When it comes to science, I can barely stay conscious. Afternoon classes especially―I get so sleepy, so very sleepy...	にこり	I do try to fight off the sleepiness, but sometimes my body gives a jerk and I end up shaking my desk.	困り	Then the people around me snicker, and I am often left embarrassed.	にこり	So, as you see, it is nothing so unusual. Quite ordinary after all, I suppose.									にこり	We hardly ever see each other at school. Different years are on different floors.		That is why talking over what happened on the weekend is so much fun. When I see the two of them, that is almost all we talk about.	考える	Ah, but...	にこり	Since Goto started at our school, she sometimes comes to my classroom.	困り	Goto still seems to have trouble making friends. She usually goes to Natsumi's classroom, and when that does not work, to mine.	にこり	But Goto is famous, as you know, so even though we are third-years, the air in the classroom gets a little tense when she comes in.		After Goto leaves, people often ask me what I talked about with the genius girl. Well, it is always just small talk.					驚き	School caste... What is that? Something like how high your standing is at school? A caste is a pyramid-shaped class system, is it not?	にこり	Who knows? I have never particularly cared about it. There is hardly anyone at school I find hard to talk to.		I talk to people who are usually alone just the same, and I do not think anyone avoids me.	笑顔	Hm? Then does that mean I am near the top of the school caste?	考える	But then, the people at the bottom of the caste worry me...	通常	I went through bullying in Megasawa, so I hate that whole idea to begin with. Shutting someone out is something I cannot forgive.		So I think I will try, as much as I can, to reach out to the people who seem to be near the bottom.																						
死月妖花～結束～	395	378	Eden no Sakura Arc [Eden's Cherry]	st297	5	55			333	2	394	3						3			3	8	7	9	0	So you really hate bullying?	怒り	Of course I do! I absolutely hate it!	通常	Partly because I have been through it myself... But it is awful, is it not? A whole group tormenting one person.	怒り	It is cowardly to begin with! People who cannot do a thing unless they are in a group, beating up on the weak―they're human garbage!													You've got a strong sense of justice	/立木/ might get bullied too, you know?	You're talking like your real self, you know?		2					1		1		閉じ	Is that so? As long as one is human, I think it is only natural...	考える	Or is it just that I am simple? I am the type who is fairly easy to fool...	にこり	But I do not mind. Being fooled is far better than taking part in bullying.	通常	No―people who fool others are not worth associating with in the first place. Badmouthing someone behind their back is truly ugly to watch, too.	閉じ	Rather than do something so unproductive, they should just say it to the person's face...	驚き	Oh, I see! Is it because they lack the courage to say it openly that they bully in groups?	閉じ	Bullying really is something cowards do. It is truly foolish.	にこり	Still, I am glad you said I have a strong sense of justice. It is not often that one's true feelings are valued like that.			にこり	As far as I know, there is no bullying at my school. So I doubt the sparks will fly my way.	閉じ	But... even so, one cannot be sure. Bullying is done out of sight, after all.	通常	Being young, I may be oversimplifying, but a little courage ought to be enough to end bullying.	にこり	All it takes is for me to find that courage. If I am afraid of being bullied myself, nothing will ever be solved.	喜び	Because, look, I am at the top of that caste thing! I am sure I will be fine!	悲しみ	But... the problem is whether the person actually being bullied will think I am meddling...	にこり	In any case, I want to believe there is no bullying around me. And if there is, I am sure I will do something about it.					驚き	Eh!? Ah... my apologies... I got a little carried away...	閉じ	Being bullied was painful, but even more than that, I could not bear watching Mom grow weaker.		I was in the lower grades of elementary school then, but it is still hard to watch your own parent wear down.	困り	So when bullying comes up, I get a bit hot-headed. I just can't help remembering Mom...	通常	Bullying torments not only the victim but their family as well. Bullies truly lack imagination on that score.	閉じ	Even short of bullying, the same goes for gossip. Anyone in that circle who does not dislike the person being talked about must feel bitter.		So bullying spreads harm further than you would think: not just the victim but the family, and surely some who take part hate it too.	にこり	I think I may have just found a dream. In the future, I want to become a teacher.		So that as many children as possible can spend their days in peace and happiness, and grow into kind people.																		
黙示録のラッパ吹き～徘徊～	396	379	Eden no Sakura Arc [Eden's Cherry]	st278	5	125					395	3							5	1	4	7	5	0	0	If you want to be a teacher, you have to go back to your world.	悲しみ	…………。		That is right. To make my dream come true, I have to return to my own world.	閉じ	If I go back, then far from making my dream come true, I could be arrested for murder...	悲しみ	Going back really is frightening. It cannot be helped, I suppose, but...											Just tell the truth in your own world	That would make anyone not want to go back			3					5				閉じ	That is true... What I did was something I truly could not have avoided.		So I could plead my innocence, and that might even open the way to my dream.	閉じ	Besides, after saying such high-and-mighty things about bullying, wavering here would go against my own sense of justice.	通常	/VAR/-sama, thank you very much. I understand what I must do in my own world.		Tell the other world what I have seen in this one, and cut off the root of it all. And face myself without running away.	悲しみ	But...		Please let me stay in this world just a little longer. I want to prepare myself before I summon my courage.	通常				閉じ	Thank you for understanding.		But I cannot stay in this world like this forever, either.	悲しみ	…………。		But I'm still scared...	閉じ	I am sorry. Saying this will only trouble you, /VAR/-sama.	通常																																											
黙示録のラッパ吹き～徘徊～	397	380	Eden no Sakura Arc [Eden's Cherry]	st278	5	55					395	3									5	5	6	8	0	What is Mifuyu Niimura like, in /立木/'s eyes?		I think Mom, as I see her, is just as you have seen her, /VAR/-sama.		She never lets up on trying to look young, and she is always in high spirits to show off how youthful she is.	困り	Mind you, that only makes her come off a little more middle-aged.	にこり	She does have an extreme side, though. Moody, you could say; her emotions show plainly.		And once she decides on something, she charges ahead. Well, I think you have seen that for yourself too.									She's a lot like /立木/	What do you like about her?	What would you like her to fix?		3					1				驚き	Eh? Is that so?	考える	Well, she is moody, her emotions show plainly, and she tends to charge ahead...	驚き	Ah, I see! I am like that too!	にこり	We are not related by blood, but being told we are alike makes me a little happy.		So I think there are probably parts where we understand each other's feelings. I think Mom and I get along well.									笑顔	What I like about Mom is, above all, that she always looks out for me!	にこり	Some people my age seem to find "that kind of thing" annoying, but that is what I like most about her.		After all, Mom spares no time or effort for me. There is no way I could dislike someone like that.		So I try to be careful not to cause her too much trouble. But I am still causing her all sorts of bother.	悲しみ	…………。		I wonder how Mom's doing right now... I haven't woken up in so long, so I hope she isn't wearing herself down...	閉じ						考える	Let me see... Something I would like Mom to fix...	にこり	Nothing in particular. I think Mom is fine just as she is.		Even that painful effort to look young is part of who she is. Far better than growing plain with age!	考える	Ah, but... There's one thing... one thing I really want her to fix.	通常	My mom...	怒り	She drives so incredibly recklessly! It is a miracle she has never had an accident!	閉じ	However often I warn her, that one thing never changes, for some reason... Maybe driving is when people's true selves come out.		I do not want her getting badly hurt or causing others trouble over something like that. That one thing, I want her to fix.	にこり																			
黙示録のラッパ吹き～裏切り～	398	381	Eden no Sakura Arc [Eden's Cherry]	st290	5	55															6	5	7	4	0	What is Natsumi Kogori like, in /立木/'s eyes?		Natsumi has been my best friend as long as I can remember. No more, no less. Even after we learned we were sisters, that did not change.		Looked at objectively, though, she is a bit of a narcissist, shall I say; at times I think she really does love herself.		So when people tease her about her figure and such, she gets angry in earnest. Well, as you have seen.		Also, unlike me, she is good at the sciences. She was always near the top in math and the like.		Though being good at something is apparently not the same as liking it.		Is there anything else you would like to ask?							Did she have a dream for the future?	So her figure's bad after all?	Where does that strength of heart come from?		4										What I had heard from her was, "I want to become a scenario writer."		It seems Natsumi wrote fiction of her own now and then. She was too embarrassed ever to show me, though.	驚き	Ah, come to think of it, in the True Jusatsu Arc's 'Parasite Prison,' Natsumi seemed to be working from home.	にこり	Perhaps she made her dream come true and became a scenario writer.		Natsumi is strong-willed, after all. I imagine she worked hard to make her dream come true.									考える	Hmm... I never paid it much attention myself...		Well, she was slender, and in that sense I do not think her figure was all that bad...	困り	But if you asked whether she was curvy, that was a borderline call.	にこり	Because of that self-love of hers, perhaps it became a complex for Natsumi.	考える	The figure Natsumi wanted was more like... ba-boom! that sort of thing?	にこり	...is what I imagine.		Well, figure aside, I think her face is cute. People often tell me I have a mean look in my eyes, so I envied Natsumi's soft air.					考える	Hmm... normally she is not one to show such a tough side.		So it is just that in this world she happens to get many chances to show her bravery; normally she was a little more reserved.	にこり	I suppose she did not want her present life to fall apart. To protect it, I think she is the type to push herself a little.		Roughly speaking, I think she has a conservative nature. One who dislikes change, you might say.																												
黙示録のラッパ吹き～裏切り～	399	382	Eden no Sakura Arc [Eden's Cherry]	st290	5	55												3			6	6	9	4	0	What is Erina Goto like, in /立木/'s eyes?		Goto is, well, loud. Lively, shall I say; a noisy one.	閉じ	But until she met Natsumi, she was a gloomy sort. I suspect that even now there is a dark side to her true nature.	通常	In a word, I might call it 'the darkness caught between two opposing ideals.'		Goto wants to carry herself cheerfully, while also wanting to be smart and serious.		In Goto's mind, I think, cheerful and smart are opposites: smart people seem hard to approach and hard to befriend. That comes from her elementary-school days.		So at times you can see her agonizing between them. She seeks two irreconcilable ideals, though it cannot be done.							I think she carries herself pretty well, though	Erina Goto's scary sometimes, huh	But she's still cute		4									にこり	Yes, I think she usually carries herself well. Cheerful, energetic and smart: her reputation is excellent.	閉じ	But for Goto, being smart is, in a sense, a complex. The smarter she is, the further her other ideal slips away.	通常	Her relationship with her sister symbolizes it. It was not actually so, but Goto seems to have believed her sister resented her.		So she knows the risk of being smart. Yet if she threw her smarts away, she would disappoint her parents.		This balance rests on Goto's precarious sensibility. That is why she treasures people like Natsumi and me, who accept that true nature of hers.	閉じ	I do wish Goto would relax her shoulders a bit about all that. Deep down, she surely wants lots of friends too.	にこり						閉じ	That is true. Goto goes to extremes. Either she acts extra cheerful, or she throws all that away and loses herself in thought.		When she truly has to think hard, Goto casts off both her cheer and what others think, and immerses herself. That is her true nature.	悲しみ	This may be just me, but Goto's eyes look somehow dead. There are times she seems like a robot...		No, I do not mean it as an insult. It is just that sometimes I cannot tell what she is thinking, and it makes me a little uneasy.	閉じ	I once talked to Natsumi about it, and she said, "That's because Goto is giving her all for everyone around her."		Indeed, Goto has never once... no, except when I said I was moving to the Arata settlement, she and I have never really fought.	にこり	It surprised me, though. When I said I would live in Arata, Goto got so heated, so raw. What she said made no sense, either.		Now I understand what Natsumi meant. Goto is simply giving her all for the people around her.		So I want her to ease up whenever she can. If Goto learned how to relax, I am sure she would feel much freer.	にこり	Yes, indeed. Even to me, as a woman, she is small and cute.		If you think so too, /VAR/-sama, after watching Goto all this way, then you think so with both her sides in mind, do you not?		Goto would surely be delighted to hear it. For anyone who can like both sides of her, she will wag her tail and stick close.		Sometimes I even think how much fun it would be if you joined the three of us, /VAR/-sama.																												
黙示録のラッパ吹き～伝承～	400	383	Eden no Sakura Arc [Eden's Cherry]	st291	5	55					399	3					2				3	6	5	8	0	Could I be friends with you three if I joined in?	笑顔	Yes, I think that would be fine. You would be most welcome, /VAR/-sama.	にこり	But when the three of us get together, it is rather loud, you know. It hardly ever stays calm like this.		Is there anything you would like to do with the three of us, /VAR/-sama?													I want to go to Zahha together	I'd like to visit a peaceful Arata settlement	I could never say that...		4			320						驚き	…………！	通常	/VAR/-sama, do you really mean that?		Natsumi will be there, you know?		Surely you know what will happen?		Goto and I are used to it, but for a beginner like you, /VAR/-sama, it may be a bit much, might it not?	閉じ	Well, it is a rite of passage of sorts. Survive that, and Natsumi will surely welcome you with all her heart, /VAR/-sama.	にこり						笑顔	Oh, that sounds lovely! If not for those cases, the Arata settlement is a very peaceful, nice place!	にこり	I recommend going in summer. It does not appear in the main story, but there is a waterfall, and you can swim near it.		From the settlement you can also see the fireworks festival held at the foot of the mountain. Everyone in the settlement gathers to enjoy it.	喜び	Natsumi and Goto, of course, but if you joined in too, /VAR/-sama, it would surely be fun.	にこり	If you ever stray into this world by some chance, please do come and see me. I will treat you so well you will not want to go home.									驚き	Something you could never say? Whatever could it be...?	閉じ	…………。	通常	/VAR/-sama, surely not, but...		you are not thinking of anything indecent, are you?	閉じ	No, this is you we are talking about, /VAR/-sama. Given half a chance, you would look at us that way...	怒り	/大文字//揺れ//VAR/-sama, you're so naughty!	しらけ	Should anything like that happen, I will take it upon myself to prepare a paper doll with '/VAR/' written on it, so please be aware.	にこり	/小/Hee hee, it's been a while―I might like to write one again.																				
黙示録のラッパ吹き～伝承～	401	384	Eden no Sakura Arc [Eden's Cherry]	st291	5	55			400	2											3	4	6	7	4	Is there anything /立木/ would like to do if she came to my world?	驚き	To your world, /VAR/-sama? Come to think of it, I had never even considered it...	にこり	In that case, I would very much like to meet you in person, /VAR/-sama. I think it would feel different from talking here.		What is it actually like? Is anything different between my world and yours, /VAR/-sama?													There's no area that doesn't belong to a prefecture	The history is pretty different	It's lonely without /立木/...	No big differences	3							1		驚き	Ah, I see! The Arata district does not belong to any prefecture, after all.	にこり	I see, so there is no such place in your world, /VAR/-sama.		Which means there is no settlement like the Arata settlement, nationalized and placed directly under the state's control.		Well, I do think that is the norm. In fact, even in this world, most people do not know the Arata district is land not assigned to any prefecture.											驚き	So it is as I thought. I knew from the start that the era names were different, but...	通常	Different era names mean different history, and that means different great figures. Some of it may have puzzled you at first, /VAR/-sama.		But it is a theory of my own that every world follows a similar history.	閉じ	From undeveloped civilizations to the present day, history takes many twists and turns, and humankind grows little by little.		I think that process ends up fairly similar: a hero who unifies the realm, some chance to make contact with other countries.	にこり	In that respect, I think you may consider it not so different from your world, /VAR/-sama.							恥	W-wait, /VAR/-sama... what are you saying all of a sudden...	にこり	But perhaps that is the biggest difference between us. You are not in my world, /VAR/-sama, and I am not in yours.		So it feels strange, people from different worlds talking like this. You and I, /VAR/-sama, met against truly slim odds.	喜び	And so...	悲しみ	And so... yes, you are right. I am lonely too, that you are not in this world, /VAR/-sama.	閉じ	But that, too, cannot be helped; we were born in different places. That we could meet like this at all is a miracle.	にこり	So please do not say you are lonely, /VAR/-sama. Even if I can never be with you in person, I am grateful we met like this.					驚き	Ah, is that so. So there is not much difference after all...	にこり	Place names and history differ in detail, but the basic culture and thinking are the same. So we can trade views, /VAR/-sama, and chase the truth together.		I am glad it was you, /VAR/-sama, from that world, who came. Had our cultures and ways of thinking clashed, this world would have been hard for you to grasp.	困り	I mean, if this had connected to some future like Shiyo 10000, our values would never match.	にこり									
屋梁落月～代替～	402	385	Eden no Sakura Arc [Eden's Cherry]	st295	5	55										1					5	0	0	0	0	Why did you choose my world?	通常	No, that was mere chance... I did not deliberately choose your world, /VAR/-sama.	閉じ	At first, all I wanted was someone to share the road to a happy ending with me.	にこり	So this world answered, and the world most like the dimension I was in was chosen, I suppose.		That is why, apart from the places where the story is set, I think there are no great differences. The history may differ somewhat.	困り	If a world with completely different place names and times had been chosen, I could not have guided you.	にこり												4																																																																																
屋梁落月～代替～	403	386	Eden no Sakura Arc [Eden's Cherry]	st295	5	55												1			3	5	6	0	0	So parallel worlds really do exist?	考える	Let me see... Given the present situation, I think it only natural that they do.	にこり	Whether there are only your world and mine, /VAR/-sama, or countless parallel worlds, I cannot say, though.		What do you think, /VAR/-sama? Do you think there are parallel worlds besides yours and mine?													There are countless of them	There's only this world and that one			4										I see. I think the same as you, /VAR/-sama.		Your world and mine are very alike, /VAR/-sama, so nothing feels strange―		Perhaps there is a world of swords and magic, a sterile world without even life, or a world where super-advanced civilization is the norm.	笑顔	Maybe there are lots of worlds like that!	喜び	If so, I would love to visit worlds like that too!	にこり								驚き	Oh... So that is what you think, /VAR/-sama. That only two worlds exist.	にこり	In that case, the two worlds might be something like mirrors. Mirrors that both truly exist and reflect each other.	考える	Even so, for the only difference to be where the story is set is awfully pinpoint. As if our world were this time's―	驚き	…………！！	通常	/VAR/-sama, I have just thought of something a little frightening. You may take it for my idle nonsense, though...		Let us talk about that in the next topic.																																										
死月妖花～いざない～	404	387	Eden no Sakura Arc [Eden's Cherry]	st298	5	55					403	1									4	9	4	6	6	If there's another world, what kind would you want to go to?		If there are other worlds, I would long for a world of swords and magic.	笑顔	And I would become an adventurer! I want to wield sword and magic and go on adventures all over that world!	考える	But, you know. Worlds of swords and magic have what you might call classes, do they not?	にこり	/VAR/-sama, which class do you think would suit me best?											Hero	Warrior	Priest	Mage	4									笑顔	Ooh, a hero! A woman hero is so cool!	考える	Then, if there is a hero, that means there is a demon king too, does it not?	閉じ	That is a class with heavy responsibility... Her strength would be top-notch, of course, but her enemies would be just as mighty...	にこり	Accepting such a harsh fate and fighting for the people she holds dear.	喜び	It really is cool! If I go to a world of swords and magic, I will be a hero!	にこり	But then I would need companions too. Natsumi as the priest, Goto as the mage...	考える	And for the warrior...	笑顔	Mom, maybe! Or Chiga-nee, or Kana?	にこり	Just imagining it is fun. I really do long for a world of swords and magic.	驚き	Oh, a warrior, is it?	にこり	Indeed, I suppose I do give off a rather militant image.	困り	But I am simple-minded, so I am afraid sleep spells or confusion spells would get me easily. I probably would not have any magic resistance either.	にこり	But in exchange, it is a class that mows enemies down in hand-to-hand combat and becomes the main force. I would need proper gear against mental attacks.											驚き	A priest? That is unexpected.	にこり	Because healing magic and support magic are not how I see myself at all.	考える	No, wait, priests have instant-death spells too, do they not? And spells that wipe out the undead...	にこり	Hee hee hee, even as a priest, I would show the enemy no mercy. I would wipe them out before the warrior or the mage could even whittle down their HP.	笑顔	Mwahahaha! I am a cleric who annihilates the enemy! Every last heretic shall die!	困り	Haha... that makes me sound like the enemy's strategist. Perhaps I am not cut out to be a priest after all.	にこり						焦り	A-a mage!? That seems the furthest thing from my image...	考える	Ah, but in this world I might be something like a mage. I did wear that outfit at first...	にこり	If I became a mage... let me see... what would I want to do...	笑顔	I would want to fly! With travel magic I would fly all over the world like a bird! And save on travel costs, too!		And, and, I could save on utilities too, right!? Control fire and ice, and there's no gas bill and no fridge bill!	にこり	Hee hee hee, if I could become one in the real world, it would be a mage. It seems handy in so many ways.						
死月妖花～いざない～	405	388	Eden no Sakura Arc [Eden's Cherry]	st298	5	55					403	2					2				8	6	5	4	0	The frightening thing if only two worlds exist	通常	If only my world and yours exist, /VAR/-sama, then each could be said to need the other.		And the differences lie only in the parts involved in this case. What that means is...	閉じ	That when this case is fully solved, one of the worlds might vanish.	通常	/VAR/-sama, have you heard of 'the five-minute hypothesis'?		It is the skeptical thought that "the world may have come into being five minutes ago."		Applied here, our world exists as a 'spectacle' for you, /VAR/-sama. In other words, our world was born for your sake.	閉じ	Which means that if you deem this world unnecessary, /VAR/-sama, our world would lose its reason to exist and vanish.		Our world stands only on whether or not you need it, /VAR/-sama.			You mean it's a world prepared for me?	That's just ridiculous	Then the worlds must be countless after all		4									通常	That is what I mean. If we assume only two worlds exist, I can see it no other way.		My grounds: only the parts where the case happened―that is, only the parts you are viewing, /VAR/-sama―differ from your world.	にこり	Or so I mused, philosophically, which is not like me. Once one starts saying such things, there is no end to it, though.	閉じ	Conversely, if you thought this world unnecessary, /VAR/-sama, it could just as well be your world that vanishes.	にこり	In that case, would you be both a god of creation and a god of destruction, /VAR/-sama?		Well, all of this is just my own fancy and idle talk. Please do not mind it.							困り	Hahaha! I thought so. The survival of a world depending on your will, /VAR/-sama...	にこり	If that were true, you would be more frightening than anything, /VAR/-sama. Far more troublesome than Shigatsu Youka.		Still, 'the five-minute hypothesis' is an interesting thing.		No world has proof that it existed more than five minutes ago. Our memories may have been planted five minutes ago, and old relics made five minutes ago too.		There is no end to that either, once one starts. Well, these were just passing thoughts of mine, so please do not mind them.									考える	Yes, I suppose it is most reasonable to think there are countless worlds after all.	にこり	Because I sought someone to walk with me, a very similar world connected, and you came here out of curiosity, /VAR/-sama. That fits far better.		The very fact that different worlds connect is strange, so I do not think any possibility should be ruled out, but...	閉じ	This is an emotional point, but it would be sad if our world vanished because of your intent, /VAR/-sama. I would like to hope that is not so.	にこり																											
黙示録のラッパ吹き～焦点～	406	389	Eden no Sakura Arc [Eden's Cherry]	st292	5	55			405	2								1			4	3	2	0	0	Do you like philosophical talk?		No, not particularly. What I said earlier just happened to come to mind.		'The five-minute hypothesis,' too, was something a teacher told us as small talk in ethics class.		Natsumi and Goto both said they are no good at that kind of talk. I do not dislike it; I just never happened to have a chance to talk about it.		Do you like philosophical talk, /VAR/-sama?											I love it	Not really interested			4									笑顔	I knew it! I had a feeling you did!	にこり	The story of this world has a lot of philosophical talk too, especially exchanges about ethics.		Talk of human life and death, especially, inevitably comes up a lot. Everyone is acting for their own sense of justice, after all.													驚き	Oh, that is unexpected... I had the impression you would like that kind of talk, /VAR/-sama...	にこり	Well, we have seen all sorts of stories here. Things tend to drift toward philosophy, so I simply imagined it on my own.																																																		
黙示録のラッパ吹き～焦点～	407	390	Eden no Sakura Arc [Eden's Cherry]	st292	5	55					406	1									2	8	9	7	6	What's ethically unforgivable?		Then, since we are on the subject, I would like to ask about your view of life and death, /VAR/-sama...	通常	Of the following cases, which do you think strays furthest from humanity, /VAR/-sama?															Mifuyu Niimura's flayed-body case	Kana Niimura killing her father (the Shigatsu Arc's second route)	Momoko Goto wiping out the Arata settlement		4									閉じ	I see... That truly was a horrific case.	通常	Normally, in murder trials, the shock and attention a crime causes in society seem to factor into the sentence as well.	閉じ	And the motive was not wanting her daughter taken away. Seen one way, it is utterly selfish. Even to me, her daughter.	悲しみ	But let me speak in my mother's defense. Mom was no longer in a normal state of mind then.	閉じ	She had lost Dad and been hospitalized, was driven so far that she had to kill an elementary schooler, and now her daughter might be taken from her.		Anyone who fell into the same situation might do just what Mom did―I sometimes think so.	通常	Straying from humanity could surely happen to anyone, could it not? Mom was truly unlucky, I would say...	にこり	Well, it did not happen in the dimension I was in, so honestly it does not feel very real to me.			閉じ	Hmm... Kana killing her father. Honestly, I was shocked.	通常	Kana adored Kotaro-san so much. I could not believe my eyes when she turned a blade on him like that.	閉じ	But a few months earlier, Kana and Chiga-nee fought over whether Kotaro-san was the culprit. Perhaps Kana had steeled herself from then on.	通常	Even if Kana wished otherwise, the past cannot be changed. If her father was the culprit, she had to stop him so that no more curse-killings would happen.	閉じ	When Kana slashed at Kotaro-san, that was surely the only way left to stop him. Otherwise, what would have become of everyone...	通常	You may think I am defending Kana, but if it were me, the idea of attacking my own father would never occur to me.	閉じ	Was it an act that far beyond humanity, or was Kana that determined... It is a hard thing to judge.	通常				閉じ	Momoko Goto's revenge on the Arata settlement. Of the cases done by human hands, it had the most victims.		And it was not the Green-Eye Curse-Killing, but the slaughter of the residents brought about by Momoko Goto's own will.	通常	Worse, it was really just lashing out. She killed Kana and the others with her own hands, then twisted it around and blamed the residents...		I understand how she felt, but by any humane standard it cannot be forgiven. Had she been arrested, she would surely have been sentenced to death, as she expected.	閉じ	And killing herself afterward is no atonement either. In the end, all she could ever do was run from the reality in front of her.		As unforgivable as it is, it is also very pitiful. Had she made peace with Goto, the ending would have been entirely different.	通常																							
翠眼～潜伏～	408	391	Eden no Sakura Arc [Eden's Cherry]	st279	5	90															3	8	5	5	0	Do you know the other residents of the Arata settlement?		Yes, of course I know them. I can at least put names to faces.	困り	But I have not talked with them much. I only tagged along with Mom a little, for memorial services and over summer and winter breaks.	にこり	But I do not think they are so different from people in general. They go out shopping and travel like anyone else.													What are the ages like in the settlement?	What's their everyday life like?	Do they ever go out as a group?		4										Quite high, really. The youngest is Kana, then Chiga-nee, and above her Kotaro-san. The other 20 are in their 40s to 60s.		It is not quite a dying village, but without people moving in from outside, its future is worrying.		That is why Grandma was working to make it a settlement that could mix actively with the outside world.		Do you remember the shochu with the Noh-mask label that came out? It was first made to sell outside as a local specialty.	閉じ	But just then, Sakura-san died. And then came those curse-killings. There must have been no room for anything else.	通常	At first some apparently blamed a faction against outside contact, but everyone understands well that such contact is needed.		So it did not hold up as a motive. People apparently concluded that Kotaro-san was far more suspicious.	閉じ	Either way, at this rate it will become a dying village.				They live fairly easygoing lives. Big game from a hunt feeds everyone for days, and the soil is fertile, so farming is easy, they say.	困り	And many of them love to drink, so they find every excuse to gather at the meeting hall and throw a party.		That's probably what rubbed off on Chiga-nee and made her the way she is.	閉じ	But it is true that when visitors come from outside, the air gets a little tense. Some wariness toward outsiders must still linger somewhere.	通常	Everyone understands that contact with the outside is vital, but deep down they must still want to live undisturbed by anyone.										Before Sakura-san died, the whole settlement apparently went on a trip once a year.		But then the settlement would be left empty, so half the residents went on one day and half on another, they say.		I never took part, but which household went in which group was apparently decided by that ghost-story contest.	困り	Well, it is not a rich settlement, though. At most it was an overnight trip within Iizawa Prefecture, I hear.	にこり	That is about the only time the whole settlement went out. They do not seem to have done anything very conspicuous.																										
翠眼～潜伏～	409	392	Eden no Sakura Arc [Eden's Cherry]	st279	5	90															4	8	3	7	0	How far into the Arata district do the residents range?		The Arata district is larger than you would imagine. About 300 square kilometers.		The settlement is 2 or 3 hectares at most, and even Mount Itohime is about 2 hours away on foot. That is only a tiny part of the district too.		The adults do hunt, but only within about an hour's walk.		So the residents' range is tiny when you look at the whole. The rest could be called land no human has set foot on.											Don't they try to expand into the interior?	Shouldn't the search for Chigaya Niimura have gone deeper?	How big is 300 square kilometers?		4									閉じ	Probably the residents had no need to go deep into the interior. So they have not surveyed it.		Even if they went, it is land no human has set foot on. Getting lost there would be a disaster.	にこり	In other words, their current range is enough for the residents to live on.		Of course, going deeper might open up new frontiers, but it would take them farther from the towns at the foot of the mountain.		The settlement where it is now, with easy access to Toyotake Station, is probably the best place to live.		Also, the cherries the Holy Cerejeira Church took had apparently spread toward the settlement, not across the whole district.	閉じ	Seen this way, Shigatsu Youka really was trying to breed close to where humans live.		They probably never surveyed as far as the depths of Arata.	にこり		閉じ	You are quite right, /VAR/-sama, but at first nobody would have thought she had been kidnapped by someone.		So the search only covered what human feet could reach. Searching uncharted land is dangerous in the first place.		Besides, as Kana and Mom testified, Chiga-nee was apparently thought to be already dead. So not everyone was searching in earnest.													考える	Let me see... would it help to picture a square 17 km on a side...?	通常	About half of Lake Biwa, the largest lake in Japan; about 6,300 Tokyo Domes; or 4.5 times the area inside the Yamanote Line.		A little larger than the average Japanese municipality, and almost all of it is land no human has set foot on.	考える	Hmm... even so, it is hard to picture, is it not...	通常	Its perimeter is about 70 km, so on flat ground walking around it would take 14 hours.		But in reality it is deep mountain country, so actually walking it would take three days. And there are no proper paths, either.	にこり	I do not know if that helps you picture it, but please think of it as 'reckless to cross on foot.'																						
翠眼～欺瞞～	410	393	Eden no Sakura Arc [Eden's Cherry]	st280	5	90												3			4	9	6	8	6	How far do the people of Motoki-cho range?		The people of Motoki-cho mostly stay in town. They do not leave it much.		Most of the facilities you need are there, and there are even a few places to have fun.		Over by the station there are karaoke places, an arcade, a bowling alley. And there are a few fast-food places, too.		Is there something you would like to ask about?											About karaoke	About the arcade	About the bowling alley	About the fast-food places	4										For karaoke, I go alone or with Natsumi. Goto does not seem to like that sort of thing. Now and then with classmates, too.	困り	But I do not know the popular songs very well, so I can only sing the oldies Mom used to listen to.	にこり	Oh, and Natsumi, believe it or not, loves enka. The way she belts it out, warbling every note, is rather cute.	悲しみ	Ah, and speaking of karaoke...		My mom is terribly tone-deaf... Well, being a little off-key would be perfectly fine, but...		It is so bad it bothers people. She lets out a voice like a demon of hell...	驚き	So Natsumi, for fun, put in a death metal song and had Mom sing it, and―	通常	She gave a magnificent performance; you would think it was the brightest moment of her life.	にこり	Though Mom said, "It hurts my throat, so I'm not singing anymore."		Well, by arcade I only mean photo booths and claw machines. It is not as if I go there all the time.		Speaking of which, did you not see a photo booth picture in one of the references? The one Natsumi, Goto and I took together.	困り	With proper doodles and frames, Goto was about to get buried, so we had no choice but to keep the decorations simple.	にこり	And at the claw machines, Goto is terribly noisy. She boasts that a few more centimeters to the left and some law or other means it is a sure thing...	困り	With that, Goto has never once won anything. She always makes the excuse, "My height threw off my sense of perspective."	にこり	Other than that, we sometimes try racing games or rhythm games. Well, nothing worth mentioning, really.								It is a bowling alley in name, but there are lots of variety shops inside, so those are the main draw. We hardly ever bowl.		The hair clip I used to wear, I bought there. Natsumi often went to look at accessories.		Goto only looked at strange foreign-made toys, gazing at them tirelessly and wondering how they worked.	考える	Ah, now that I think of it, there was this one time...	困り	Goto wandered into the adult section by mistake and found all sorts of items there...	恥	Wait, this is turning into an off-color story, is it not...	真っ赤	L-let's leave that story there! It's not worth telling here anyway!	閉じ	Phew...				For fast food there is a burger place and a coffee counter. Both national chains.		I go all the time, especially when they run campaigns on social media. I love things like pizza and burgers.	閉じ	Actually... I make a point of going to fast-food places alone. Because...	通常	I do not want Natsumi or Goto to find out I use social media...	閉じ	For some reason, the closer people are, the less you want them to know. I only want strangers to see it, or something...	にこり	W-well, it is nothing much. No, nothing much at all...						
翠眼～欺瞞～	411	394	Eden no Sakura Arc [Eden's Cherry]	st280	5	320					410	3						2			8	6	5	0	0	Tell me more about Erina Goto and the adult section	真っ赤	Whaat!? You're digging into that!? That's a little too racy...	恥	Ah... but I turned 18 the other day... so, well, I guess it's fine...	閉じ	Well, you see... This is the story of Goto wandering into the adult section of that variety shop...	恥	Goto really went in there knowing nothing at all. And there she apparently found... all sorts of unusual items...		Western torture instruments, handy massagers... She picked up all sorts of things like that...	通常	She took one of them in hand, came out of the adult section, and brought it over to us.	喜び	"Senpai, look! A toy like a glowing matsutake! It's a yakotake, a mushroom that's rare in Japan!"	閉じ	And she came toward us, happily waving it around...			That's an adult toy...	And then? And then?			4									真っ赤	Ahh, don't say it! Even Natsumi and I could tell it was something dodgy!	困り	When we explained to Goto what it was, she rolled around on the floor by herself the whole time.		And that night she even sent a message: "Thank you for everything until now. Please don't look for me."	閉じ	It was a lot of trouble then. Goto was seriously trying to run away from home. Does the Goto family run away from home whenever something happens?	困り	We finally talked her down by saying, "Running away from home over an adult toy would be way more embarrassing!?"	閉じ	Anyway, ignorance is a scary thing. All the more for someone like Goto who's sure of her brains.	にこり						通常	A clerk stopped her.	怒り	"Hey! Elementary schoolers shouldn't be holding things like that!"	閉じ	That is what she was told, but Goto apparently had no idea what it meant...	にこり	Goto understood what it meant later on, but that such things exist seems to have been quite a shock to her.		Natsumi still teased her about it from time to time. Unlike me, Natsumi seems fine with that kind of talk.																																												
乙女の聖戦～嫉妬～	412	395	Eden no Sakura Arc [Eden's Cherry]	st281	5	90					411	2									5	1	6	3	0	Is Natsumi Kogori fine with dirty jokes?	焦り	Whoa... /VAR/-sama, you're digging even deeper. You're really going for it.	悲しみ	Well, she does not bring it up herself, but if it comes up, she is the type to join in fairly readily.	にこり	Because, you see, Natsumi is self-conscious about her figure. Wondering about everyone else's, she ends up poking into that territory quite a lot.	通常	…………。		It seems you would like to hear an episode, /VAR/-sama...									N-n-no, it's not like that!	I'd love to hear it!	I don't really picture her telling dirty jokes...		3					1				閉じ	Haah, thank goodness... Even if it is about someone else, telling a dirty story myself is a bit...	にこり																恥	Well... yes... If anything, I think she does not realize dirty jokes are dirty jokes.	通常	Remember? Lose the Russian-roulette takoyaki match, and you post your three sizes, weight and cup size on the high school bulletin board.	閉じ	Natsumi says things like that without a second thought. I doubt she means anything lewd by it...	通常	And when we went to the hot-spring inn, she stared at my body and picked all sorts of holes in it...	閉じ	Come to think of it, in some scenario she also said, "If it comes to it, I'll just strip and that'll fix it!"	にこり	Well, rather than dirty jokes, I would say she charges into anything touching on body complexes.							考える	Is that so... Well, I suppose Natsumi looks rather timid in your eyes, /VAR/-sama...	にこり	But you know she has a pretty wild side too, do you not? When things are not serious, she is often like that.		You may picture me as the emotional one, but Natsumi is just as bad.																														
乙女の聖戦～嫉妬～	413	396	Eden no Sakura Arc [Eden's Cherry]	st281	5	90															3	4	4	0	0	Chigaya Niimura didn't have to get that mad about an exchange diary...		I think so too. Honestly, I thought, what a nasty personality.		Well, she must be bitter about having no luck with men. And her sister, 10 years younger, beat her to it, too.	困り	But once the lid came off, I thought Kana is much the same. They really are sisters.													Would you like to keep an exchange diary?	Chigaya Niimura seems like the jealous type			4									考える	An exchange diary... hmm, I have never even thought about it...	恥	If there were a suitable man, well, it is not that I am not interested...	困り	But with my personality, I would probably tire of it partway. These days you can message as much as you like on your phone.	にこり	Kana did not seem to have a phone or anything back then. An exchange diary was probably the only way she could think of.											驚き	Ah, I can sort of see that. All the more given Chiga-nee's bad luck with men.	考える	But then, men hate being tied down too much, do they not? If Chiga-nee got a boyfriend, I feel she would never let him go, no matter what...	困り	Thinking about it, Chiga-nee's jealousy may be a bigger problem than her drinking.	にこり	Chiga-nee has it hard in all sorts of ways. Her road to landing a man looks like a long one yet.																																														
翠眼～3つの真相～	414	397	Eden no Sakura Arc [Eden's Cherry]	st282	5	90										1					5	0	0	0	0	About the Arata settlement's scripture		The one found in the storehouse, you mean. Every house should have one, and there is one at my house too.	困り	But honestly, I have hardly ever read it. I think everyone in the settlement is much the same.	にこり	So I am not a believer in anything.	通常	Still, it is a fact that some part of that scripture lies at the root of Arata's culture.	閉じ	Though I doubt anyone knows exactly which part.	通常												4																																																																																
翠眼～3つの真相～	415	398	Eden no Sakura Arc [Eden's Cherry]	st282	5	90															3	4	4	0	0	What's the layout of the Niimura main house?	通常	Downstairs: the living room, kitchen, toilet and bathroom, plus Grandma's room and one more, Grandma's hobby room.		On the second floor, a guest room and three rooms. In Shiyo 800: the room Kotaro-san and Kana share, Chiga-nee's room, and that three-mat room.	にこり	Compared with an ordinary house it is maybe a little big, but in the settlement it is by far the biggest house.													What are the other houses like?	Aren't there any secret rooms?			4										The other houses are simple ones with thatched roofs. A living room and maybe one more room.		Plus a toilet and a bath, so they should be livable without inconvenience. The utilities are all in place, too.	閉じ	The problem, though, is that every house has poor fire protection. They are all old houses from long ago...	にこり	So everyone is very careful with fire. As on the route you saw before, the whole settlement could burn down.											考える	Secret rooms...? I wonder if there's anything like that...	通常	I do not think there is anything like that. At most, someone forcing the attic above the second floor into use, I would think.	にこり	Other than that there is only the storehouse; the house itself should not be oddly built.		Better not to imagine that the Niimura main house has a secret room holding the root of the case.																																														
翠眼～盗感～	416	399	Eden no Sakura Arc [Eden's Cherry]	st283	5	90	rk190	2								1	2				3	0	0	0	0	What is the Holy Cerejeira Church's report?	通常	You have probably seen some already: the references classed as 'Report' are exactly that.		The Holy Cerejeira Church seems to have carried off Shigatsu Youka's fruiting bodies and run all sorts of experiments.		By now you should be able to view many report references, so you may find them a good resource.																	4																																																																																
翠眼～盗感～	417	400	Eden no Sakura Arc [Eden's Cherry]	st283	5	90			416	2							2				5	5	6	0	0	How did the Holy Cerejeira Church handle Droga?	通常	Its side effects were severe, so practical use was apparently shelved. But research on Droga and Shigatsu Youka continued.		They even uncovered the Green-Eye Curse-Killing and the divine messengers; I suspect they had charted nearly all of Shigatsu Youka's ecology.	閉じ	Then a lot of things start to add up.		The National Police Agency halting the inquiry into Dad's fatal accident, research bodies regularly set up for the goshinboku.	通常	Shigatsu Youka's true nature was most likely all but worked out more than 70 years ago.									Why didn't the residents know the report existed?	Why did the government try to hide Shigatsu Youka?			4										That remains a question, but perhaps simply no one tried to read it.		It seems to have been kept with the storehouse's books at the Niimura main house, but many books there are in classical Japanese or foreign languages.		Few people could read such things, so the report, being one of them, probably drew no attention either.		Also, Droga had not been used since before Grandma came to the settlement; Dad made it for the first time in decades.		So there was no need for anyone to read such a report in the first place, I think.										As Goto said in the True Jusatsu Arc's 'The Flesh-Bound Mask': if its existence got out, the world's balance of power would collapse.		What would happen if Droga's existence became public? It would be used by criminal organizations, traded on the black market.	閉じ	No, that would still be the better case, I think.	通常	Shigatsu Youka has the power to control corpses. That would change the world drastically.		It was because of such fears that the government wanted to hide Droga and Shigatsu Youka, I suppose.		It made the Arata district national land and kept anyone but the residents out. Something like that, surely.																																										
翠眼～ネクロマンサー～	418	401	Eden no Sakura Arc [Eden's Cherry]	st284	5	90			417	2											1	4	6	5	6	I'd like a little more explanation of the report	通常	Certainly. I do not fully grasp all of it myself, but if what I understand will do...																	How Shigatsu Youka reproduces	Why Droga exists	Its link to Arata's scripture	About the fourth generation	4										Shigatsu Youka is a fungus that parasitizes mammals, a relative of the mushroom called the honey fungus.		The honey fungus parasitizes other plants, withering them one after another to widen its range. This kind of nature is called 'plant-parasitic fungi.'		Shigatsu Youka parasitizes not only plants but mammals too, and spreads that way.		That is the rough explanation.												Droga is a 'seed,' quite literally. The roots it is made from contain a great many spores.		To get mammals to eat it and so gain more chances to parasitize, it lures them with the sweet nectar of greater strength.		The spores then stay on in the bodies of the mammals that ate it, and through blood infection parasitize their descendants too.		And since the second generation gains danger sense, the people around them readily believe whatever they say.		It is the same situation as when we accepted Natsumi's danger sense without question.		The second generation is vital for spreading the infection, so Shigatsu Youka gave them that power to secure its species' survival.								It describes Abaddon, the divine messengers and the apocalyptic sound.		So: Abaddon = Shigatsu Youka; divine messengers = four of the Droga-infected; the apocalyptic sound = the sound Shigatsu Youka makes moving.		Goto guessed that when the scripture was written, a similar phenomenon may have happened long ago, too.		Indeed, if one exists in the Arata settlement, it would be no wonder if similar fungi existed in the past, and overseas too.		Such fungi would be very rare, of course, but that is surely why it was recorded in the scripture.										The final host: first or second generation that took in spores from a third-generation corpse.		The residents who appeared in the True Jusatsu Arc's 'Kill the Goddess Kill Them All' are just that.		So third-generation corpses are vital. Hence it brands the third generation dangerous―killers of the precious second generation―to urge their culling.		But when a third-generation person dies, spores are released from the skin and turn the first and second generations into its seedbed all at once.		So the community turns wholly into cherry trees, which draw new insects and small animals, and the breeding cycle repeats.		I am not sure I have explained it accurately, but I believe that is roughly how it works.						
翠眼～ネクロマンサー～	419	402	Eden no Sakura Arc [Eden's Cherry]	st284	5	90												3			5	3	7	5	0	How corpses move	通常	Corpses that move―sorcery or magic, surely, yet it seems science can explain it, after a fashion. Going by what has come up so far―		The corpse―strictly, the dead person's body―is probably just a container. Inside, it must be filled with Shigatsu Youka's hyphae.		Shigatsu Youka takes in buried corpses, absorbs human intelligence from their brains, and preserves the corpses deep underground.		In nature, there really are parasites that control insects they have hijacked, so as long as there is a body, it can be done.		In other words, the hyphae inside the corpse are what move the body, and Shigatsu Youka seems to send commands to them.									Wouldn't rigor mortis keep them from moving?	Can it absorb intelligence from a dead person's brain?	What happens when a corpse is taken over?		4										Probably that is no problem. Right after death, rigor mortis does make the body stiff, but later decomposition softens it again.		I cook a lot, so I know: you leave fish or meat for a few days to age it and make it tender. It is something like that.		Rigor mortis, simply put, is the muscles setting so the body goes stiff. Once that passes, it can be used as a puppet that moves freely.													閉じ	I have my doubts about that too. Once dead, the brain rots as well and becomes mere dead flesh...	通常	Perhaps it gained intelligence by touching corpses before decomposition set in.		What I mean is, it did not gain intelligence from every corpse; with suicides or accidental deaths, it can reach the body before people recover it.		Also, this is something I heard as an urban legend, but they say human memory is soaked into the whole body.		With organ transplants, for example, there are apparently real cases of a donor's memories passing to the recipient.		So even if the brain is damaged or dead, gaining intelligence from some other part cannot be absolutely ruled out.	閉じ	I am sorry, but it is all guesswork. I am just one more onlooker now, stacking guess on guess, so please bear with me.	通常					When a corpse is taken over, it seems to move entirely at Shigatsu Youka's will.		The hyphae spread through the body act as nerve fibers, putting it in a state like a marionette, I think.		So although we say corpses move, they do not move on their own; if Shigatsu Youka's commands were cut off somehow, they would probably stop.		The route those commands travel is probably the cherry pollen or spores, passing grain to grain through countless ones in the air to link it with the corpses.		Much like the principle behind Natsumi's danger sense.																										
翠眼～沈黙～	420	403	Eden no Sakura Arc [Eden's Cherry]	st285	5	90					419	3				1					8	0	0	0	0	Is the Green-Eye Curse-Killing also a command from Shigatsu Youka?	通常	That is a delicate question. Not every phenomenon is necessarily a command from Shigatsu Youka.		You see, the precognition and the Green-Eye Curse-Killings so far have happened almost without exception.		If they were commands from Shigatsu Youka, it would mean it can always keep watch, whatever the distance or the number of people.	閉じ	That seems a little too almighty, even for it.	通常	So I think they partly work on their own: without any command from Shigatsu Youka, danger sense and the Green-Eye Curse-Killing occur once the conditions are met.		Shigatsu Youka's spores are in me too, for example; if Natsumi used her danger sense here, I think the Green-Eye Curse-Killing would still happen.		If it happens even in this world, where Shigatsu Youka does not exist, then the spores in me are reacting to Natsumi's danger sense.		So I do not think Shigatsu Youka controls everything. Whether that is a good thing or a bad thing...							4																																																																																
翠眼～沈黙～	421	404	Eden no Sakura Arc [Eden's Cherry]	st285	5	90							st276	5		1					4	0	0	0	0	If Chigaya Niimura dies, does Shigatsu Youka die too?	通常	No, I do not think so. Chiga-nee thought so at first, but judging by how things have gone, that is wrong.		First, on the Shigatsu Arc's second route, Chiga-nee died when the residents cut her body clean in two.		Yet that summer, Sakura-san appeared before Goto as a divine messenger.		Kana also died on that route, so becoming green-eyed does not tie one's life to Shigatsu Youka's.															4																																																																																
翠眼～タクティクス～	422	405	Eden no Sakura Arc [Eden's Cherry]	st287	5	90							st304	5							5	5	4	0	0	What would actually happen if Chigaya Niimura killed herself?	閉じ	The reason Sakura-san and Dad attacked Chiga-nee was probably to keep the residents from learning what she had found out.		So Chiga-nee dying would be no problem at all for Shigatsu Youka.	通常	But for the living, it is a threat.		Because when Chiga-nee dies, the spores germinate on her skin and bind with the spores inside the first and second generations.		In other words, if Natsumi came, she would change into the fourth generation.									But there aren't any cherry trees in the settlement anymore, right?	Couldn't they just give the cure to Chigaya Niimura or Natsumi Kogori?			4										That is probably a ruse. It seems Shigatsu Youka is deliberately not releasing cherry spores.		Until now, the Niimura main house's cherry was said to be withering, without the strength to give anyone danger sense.		But in fact, in the True Jusatsu Arc and elsewhere, it has been proven that danger sense can work inside the settlement too.		So if Shigatsu Youka put its mind to it, it should be able to scatter spores and cause danger sense.		The Niimura main house's cherry is only a tiny part of Shigatsu Youka in the first place.										Exactly so. But Chiga-nee only learned of falsificaso's effect from the storehouse's books, so she had no time to prepare such a thing.	閉じ	But one person's behavior is strange.	通常	Kotaro-san knew how to treat it. That came up as a big question on the route Goto followed, too.	閉じ	There is something. Some reason it would be bad for Kotaro-san if Chiga-nee's green eyes were cured...	通常																																													
翠眼～タクティクス～	423	406	Eden no Sakura Arc [Eden's Cherry]	st287	5	90										5	2				7	0	0	0	0	If it had been a thirteenth-year memorial service with no curse-killings	閉じ	That is what I intended at first, too. For Natsumi and Goto to come to the thirteenth-year memorial as a little trip on the side.	にこり	If there had been no curse-killings, the Kogori couple would have attended the memorial, but suppose Natsumi and Goto had come―		On the first day, as you saw, we would have enjoyed the meal, somehow ended up in a ghost-story contest, and had a blast with fireworks.		After that...	困り	Probably an anime viewing party hosted by Grandma, or a cosplay contest with everyone, I would imagine.	にこり	The next day, once the memorial was over, we would have free time, so strolling around the area could be fun too.		It is the deep countryside, as you saw, so there are not many places to see, though.									4																																																																																
翠眼～堕天～	424	407	Eden no Sakura Arc [Eden's Cherry]	st286	5	120			423	2								2			5	9	5	7	9	Has /立木/ ever done cosplay too?	悲しみ	…………。		So that question has finally come... I was secretly dreading when it would be asked.	閉じ	Saying that should tell you, but I am made to do it every time I visit.		Grandma does not just buy cosplay outfits, she makes them herself too, so the hobby room holds more outfits than you can count.		What is more, Grandma sends me outfits like that every birthday...									What was the most embarrassing outfit?	Do you have to strike poses too?	Do Mifuyu Niimura and Chigaya Niimura get made to do it too?	Do the people around you know?	4									真っ赤	Ehh... I have to say it? Do I really have to?	恥	The most embarrassing was a woman warrior in bikini armor... I was made to wear it this New Year.	真っ赤	Do you get it!? Bikini armor!? Honestly, it's more embarrassing than being seen in my underwear!?	恥	So... I tried it on in Grandma's room, and she told me to go to the party in it, just like that.		But it was so embarrassing, and it was Grandma telling me, so I had to listen...		I ended up crying in that outfit. In bikini armor, holding an axe Shirozaki-san made.	怒り	Then Grandma said, "Oh! Love that face! The mighty warrior woman's shame!" and started taking photos! Can you believe that!?	閉じ	Well, Grandma seemed satisfied with that, so I never had to appear in front of everyone, but...	通常	Thinking Grandma may have worn that bikini armor herself afterward... gives me an indescribable feeling.	閉じ	Of course I do. Everything is specified in detail, from the poses to the catchphrases.		When I was little, for practice, I was told, "First, try imitating Grandma!"		That is why I am good at one thing: imitating Grandma. On some routes it even helped solve the case, but I still think of it as a useless skill.	にこり	Actually, this way of speaking is modeled on a character Grandma made me practice, too. A graceful, ladylike character.	閉じ	That is why I always keep my hands in front of me and my back straight, like this. Getting used to this posture was hard, too.	にこり								閉じ	Of course. Mom especially can never say no to her.		This is something I heard... Apart from Dad and Mom's wedding rite in Arata, a wedding for their friends was also held in Motoki-cho.	通常	The wedding dress for it was handmade by Grandma, apparently.	閉じ	By then Mom knew about Grandma's love of cosplay, so she was apparently dreading what kind of outfit would turn up...	にこり	What actually arrived was a pure white wedding dress, gorgeous, beautiful and cute all at once. Mom said she was moved.	困り	Actually, Sakura-san apparently vetoed things in earnest while it was made. Left alone, it might have sprouted wings and a feathered robe.	にこり	So Mom is apparently grateful for that time, and makes a point of going along with most of Grandma's wild demands.					焦り	N-n-n-no way! I could never tell Natsumi or Goto that!	悲しみ	But it would be rude not to wear them at all, so I have Mom take photos and send them to Grandma.	閉じ	If Goto ever found out about that...	笑顔	"Whoa! Niimura-senpai, you're into cosplay! Well, with a body like yours, Niimura-senpai, I get why you'd want to show it off!"	怒り	That's what she'd say, I just know it!	恥	Well, to tell the truth... when the clothes are cute, trying them on is rather fun. I am simple, you see.		So the photos go on social m―	真っ赤	Aaah! It's nothing! Absolutely nothing, I assuwe you!	閉じ	Phew... That was close...
翠眼～堕天～	425	408	Eden no Sakura Arc [Eden's Cherry]	st286	5	120					424	2				2					9	0	0	0	0	Who's the model for the character you're playing now?	恥	Ah... I knew you would be curious.		I do not know which anime she is from, but she is a young lady who lives in a big mansion.		A pretty girl, pure and graceful, with polite speech, just as you would imagine, /VAR/-sama...	閉じ	When I did that cosplay, Grandma was especially strict about my way of speaking. What she told me then was―	笑顔	"Haruka! The exact opposite of how you normally talk! That ought to do it!"	閉じ	When I did as she said, Grandma looked very satisfied.	恥	I never dreamed it would come in handy in a place like this.	真っ赤	Ahh, this is so embarrassing! Now you know it's an imitation of a pure, graceful, pretty young lady!	にこり	But in front of you, /VAR/-sama, this is my natural self now. If anything, acting the usual way might feel a bit awkward.					4																																																																																
翠眼～陽動～	426	409	Eden no Sakura Arc [Eden's Cherry]	st288	5	120					424	4						1			4	8	3	0	0	Don't tell me you post cosplay photos on social media?	通常	…………。		……………………。		………………………………。	閉じ	If you will promise not to tell anyone what I am about to say, I will tell you.											I won't tell a soul!	If it's that serious, I'll pass			4	320									Understood. I will trust you, /VAR/-sama.	恥	The truth is, I have a cosplay account on social media. A secret from everyone around me, of course...		Two years ago I posted anonymously, half as a joke, and the response was huge.	真っ赤	That would make anyone happy, right!? You'd get carried away, right!? That's human nature, right!? You'd keep at it, right!?	恥	Since then, I sometimes wear outfits Grandma made me and post with my face hidden. The other day I passed five digits in followers.		I often get invited to events, but with my personality I never appear in public. I only wear them at home.	真っ赤	Th-that's enough, right!? Don't you dare tell anyone, okay!?	閉じ	Haah... I finally told someone...			にこり	W-well, I think that is for the best. It is not that interesting a story anyway...	喜び	Ahahahahahahahahahahaha!!	悲しみ	Haah...	にこり																																															
翠眼～陽動～	427	410	Eden no Sakura Arc [Eden's Cherry]	st288	5	120					426	1					2				3	6	5	0	0	Doesn't Erika Niimura know about your social media?	閉じ	Sharp as ever, /VAR/-sama... That cosplay hag would never miss my account.	通常	Once, I got a direct message from someone called 'Eririn': "Lovely outfit! I'm rooting for you!"	閉じ	When I traced it, it was definitely Grandma. She had posted, "So happy my granddaughter's come to love cosplay too."													Is Erika Niimura being considerate?	Why not just reveal your hobby?			4									にこり	Yes, I think so. Grandma never once mentions social media, and she never sent me another direct message after that.	閉じ	That was Grandma's way of thinking of me, I suppose. That is why she dressed me in all sorts of things when I went back to Arata, I think.	悲しみ	So... honestly, it made me pretty happy. Grandma doing all sorts of things for me.		And even so, she never told anyone that the account was mine.		I think it would have been nice to go to an event with Grandma, at least once.		Grandma has passed away. Now I regret it a little.	閉じ						真っ赤	No no no no, that's absolutely out! I can't tell Natsumi or Mom!	恥	Because that is probably not the image anyone has of me normally. They would surely laugh at me.		Besides, I only wear what Grandma gave me. It is not as if I can prepare outfits myself, and I do not know much about the characters...		And if the mask slipped and I lost followers, it would be a shock... So there is no way I could reveal...	閉じ	This is my own secret hobby. I do not want anyone, whoever it may be, to get in its way.	通常																																											
黙示録のラッパ吹き～虚虚実実～	428	411	Eden no Sakura Arc [Eden's Cherry]	st293	5	105			427	2							2				2	4	6	0	0	Do you use social media that has nothing to do with cosplay?		Yes, I do. Mainly just for messaging with classmates. I keep it small.		It is locked, so fewer than 10 people are connected to me.															What do you talk about?	Aren't you connected with Natsumi Kogori?			4									考える	Hmm... nothing particularly worth mentioning...	にこり	Asking about homework I do not understand, casually posting something funny I saw, that sort of thing.		And arranging to meet up, or chatting among whoever is free.	困り	I am sorry, but there is really nothing interesting enough to tell.	にこり											Natsumi is not in it. We are not the kind of friends who need social media to keep in touch.		Natsumi seems to use it too, but honestly I do not know what she does on it. It is not something I should pry into, either.		As an aside, Goto does not seem to use it.	困り	Goto really has no friends. Even if she made an account, she would not know what to do with it.	にこり	I once said there would be demand if she made an account as the genius girl, but she hated the idea.		Goto is not actually fond of the 'genius girl' label, and if she ever ran it, I am sure it would wear her out too.																																										
黙示録のラッパ吹き～虚虚実実～	429	412	Eden no Sakura Arc [Eden's Cherry]	st293	5	105			428	2						1	2				9	0	0	0	0	Who do you think loves social media the most?	閉じ	That would be Chiga-nee, no question. She is looking for romance every day, so she must use it very actively.		Usually she is the way you saw, so her social circle seems wide and going well, but at night, well...	にこり	So Chiga-nee said she has set her social media apps so they will not open between 9 p.m. and 7 a.m.	困り	If she used them while drunk, she would surely make a fool of herself again and again.	にこり	Other than that, I think Grandma is quite into it too. When I looked once, her mutuals were in four digits.	閉じ	Still, just how much demand there is for Grandma's cosplay is highly questionable. If she posted photos that hid her age, I could understand...	驚き	Ah, I remember now!		Grandma also makes cosplay outfits, and she said she sells them too.	にこり	Grandma's outfits are very well made for cosplay, so they seem to be quite popular.					4																																																																																
死月妖花～希望(パンドラ)～	430	413	Eden no Sakura Arc [Eden's Cherry]	st299	5	105			429	2						2					6	0	0	0	0	Don't tell me Arata's finances run on cosplay?	考える	Who knows... They said the tools Shirozaki-san makes are the main source of income, but...	にこり	But as you say, /VAR/-sama, the outfits Grandma made probably contribute no small amount to the settlement's finances.	考える	Then Grandma's hobby is nothing to sneer at. If they can live on it, it is a fine business...	閉じ	But if so, I am a little worried about the settlement from now on. Grandma has passed away, after all.		It was so sudden that Grandma's followers may be worried that she has stopped posting.		Or I hope her outfit deals have not stalled and caused any trouble...	通常										4																																																																																
死月妖花～希望(パンドラ)～	431	414	Eden no Sakura Arc [Eden's Cherry]	st299	5	105							st302	5		1					5	0	0	0	0	Weren't the Arata settlement's cherry trees supposed to be gone?	通常	Yes, that is quite right. But as you saw, a great many cherry trees suddenly grew and burst into bloom.		Most likely the mycelial mat deep underground was alive and well all along, and could bloom like that whenever it wanted.		But judging by how things have gone, Shigatsu Youka seems to have deliberately not grown cherry trees.	閉じ	Probably because it feared humans would carry off its fruiting bodies again. So it lay low like that until the right time.	通常	Shigatsu Youka fears its existence becoming public. In that sense, you could say Shigatsu Youka was under threat all along too.													4																																																																																
降臨	432	415	Eden no Sakura Arc [Eden's Cherry]	st276	5	105															5	5	8	0	0	Shigatsu Youka's weakness is third-generation blood?	通常	So it seems. As it evolved, Shigatsu Youka became able to move corpses and grant precognition, but it also came to have a weakness.		That is third-generation blood. Yet the third generation is indispensable for Shigatsu Youka's reproduction.		So Shigatsu Youka must have been scheming to evolve further and make up for that weakness.		According to Dad, once the four divine messengers are assembled, Shigatsu Youka can become immortal.		So it meant to take in the divine messengers, be rid of its weakness, and become a creature that can live forever.									Isn't that kind of a dumb weakness?	Can blood alone kill such a huge creature?			4									閉じ	I thought so too. For a giant creature with such astonishing powers to be weak to third-generation blood, of all things...	通常	But take mammals: because they gained body heat, they came to need huge amounts of food to keep it up.		Reptiles can reportedly go about a month without eating, so seen that way, mammals evolved a very big weakness, I think.	通常	I do not know the details, but I suppose evolving means growing stronger and gaining some weakness at the same time.		Surely no creature living on Earth is without some weakness.									考える	I wonder... Even if third-generation blood holds a poison that works on Shigatsu Youka, its proportion would be tiny...	閉じ	Goto might know about that, but I have nothing...	通常	But I think there is some basis. For example...		Take the lethal dose of the most powerful poison to humans and scale it up to Shigatsu Youka's size. How much would that come to?		Maybe even that would be a fully lethal dose.		※Explanation 1※\nThe strongest natural poison to humans is botulinum toxin; a 70kg human dies from about 0.7ug.		※Explanation 2※\nIf Shigatsu Youka weighs 240,000 tons, about 3.5 million times a human, its lethal dose is 3.5 million x 0.7ug, about 2.4g.		※Explanation 3※\nIf 1/2000 of all third-generation blood is toxin that works on it, this dose holds.																																						
降臨	433	416	Eden no Sakura Arc [Eden's Cherry]	st276	5	105															5	4	4	0	0	Shigatsu Youka couldn't see through Chigaya Niimura's act?	通常	So it seems. One tends to picture anyone who has used Droga as an open book to Shigatsu Youka―		In Chiga-nee's case, she got falsificaso first, then Droga. So right after her third-generation traits were cured, she became first generation.		The first generation has no precognition, so there was no risk of Shigatsu Youka sensing her five senses.		After that, Chiga-nee was injected with falsificaso again by Kotaro-san, who was hiding underground, so she escaped Droga infection.		From all this, as long as Chiga-nee played her part well, Shigatsu Youka would never see through her act.									Why was Kotaro Niimura underground?	If she'd stayed infected, what would have happened to Chigaya Niimura?			4									考える	Come to think of it... that is odd too. According to Grandma, he was going around the settlement about the storehouse fire...	通常	He probably hid underground to cure Chiga-nee or Natsumi and foil Shigatsu Youka's ambitions. Chiga-nee was in fact cured that way.	閉じ	But why now, of all times... If so, he should have cured Chiga-nee much sooner...	通常	There was probably some other intention too. What it is, I cannot tell yet.												Had she stayed infected, Chiga-nee would have become fourth generation, and so would Natsumi, through the mummy.		Like Natsumi in 'Kill the Goddess Kill Them All,' she would have praised the Goddess, enraptured, and sunk to serving Shigatsu Youka.		Then it would be too late. Unless she were given falsificaso, Natsumi would have become a divine messenger as a living second generation.		From the look of it, even after becoming fourth generation, the first- and second-generation traits carry over, so one can still be reborn as a divine messenger.																																														
少女の願い	434	417	Eden no Sakura Arc [Eden's Cherry]	st300	5	105												1			6	5	5	0	0	古郡なつみの糸姫への態度をどう思う？	閉じ	正直に申し上げると、やっぱりなつみは甘いと感じました。		お父さんを殺し、集落をめちゃくちゃにし――。	悲しみ	何より、わたくしになつみを殺させた張本人です。		さらにわたくしはこの世界に逃げ込み――。	怒り	そんなやつ、絶対に許せるわけないじゃないですか！	閉じ	今のわたくしなら、絶対に糸姫を許しません。何を言われようとも、八つ裂きにしてやりたいです。							そんな考えはよくない	気持ちは分かる			4										でしょうね。/VAR/様ならそうおっしゃると思いました。		失礼な言い方ですが、/VAR/様はわたくしたちの世界には無関係の方です。だから傍観者としての視点になると思います。		いえ、/VAR/様だけでなく、普通の人なら、いわゆる『私刑』は言語道断と思うはず。	通常	しかしわたくしは当事者です。お父さんを殺し、なつみをわたくしに殺させ、この世界に閉じ込めるきっかけとなった存在。	閉じ	/VAR/様のお考えを否定する気はございませんが、わたくしは糸姫を許しません。それだけは変わらないと思います。									閉じ	ありがとうございます。わたくしの考えは非人道的と非難されても仕方ないのに……。	通常	今なら、なぜ家族を殺された遺族が犯人に極刑を求めるのか、痛いほど分かります。	閉じ	本当になつみは甘いです。あの次元のわたくしも、糸姫を目の前にしてよくあの程度で抑えたものだと感心します。	悲しみ	でも、なつみはいつもああでしたね。今の闇よりも、未来の光を見ている。そんなやつでした。	にこり	だからわたくしはなつみが好きなんです。暴走しがちなわたくしを引き止めてくれるのは、いつもなつみでした。																																												
少女の願い	435	418	Eden no Sakura Arc [Eden's Cherry]	st300	5	105					434	1						2	6	2	4	2	7	0	0	自分の次元で糸姫に会ったらどうする？	通常	なるほど、わたくしのいた世界にも糸姫はいるはずですね。もし向こうの世界に帰ることがあれば――。	怒り	探し出してぶっ殺してやります！　あいつさえ殺せば、呪殺事件だって全部解決するんですから！	にこり	何だか、帰ることに前向きな気分になってきましたよ。わたくしは糸姫を殺すために帰る。そして、みんなを助けることができる。		これがわたくしにしかできないこと。わたくしが役に立てるたった1つのことですから。											応援する	殺したらダメだ			2		150			1	5			笑顔	ありがとうございます、/VAR/様！　/VAR/様に応援していただけると張り合いがでますわ！	にこり	真相を見届けたら、すぐにでも帰りたいですね。お父さんとなつみのかたきを討てるとなったら、なおさらです。															悲しみ	どうしてそんなことおっしゃいますの？　/VAR/様だってずっと見て来たじゃないですか……。	閉じ	…………。		ありがとうございます、/VAR/様。これはわたくしの悪い癖ですものね。	通常	もしなつみが聞いていたら、きっと/VAR/様と同じことを言うに違いありません。	悲しみ	何だか、悔しいです。わたくしって全然成長していませんよね。カッと頭に血がのぼったら、いつもこうです。	閉じ	/VAR/様、もしわたくしがまた、何か間違った考えに至りそうになったら言いつけてください。ご面倒とは思いますが……。	通常	今、わたくしを止めて下さるのは、/VAR/様しかおられませんから。																																								
心をあなたに。	436	419	Eden no Sakura Arc [Eden's Cherry]	st301	5	105					435	2									7	6	5	0	0	糸姫の動機、どう思う？	閉じ	同情はしますけどね……。それでもやっぱり身勝手だと思います。		おそらく800年も同じことを考えていて、きっと思考もマヒしていたのでしょう。		だから善悪の分別もつけられないし、時代も変わり、そもそも今の倫理観とも違う。	通常	生きるか死ぬかの時代で生きてきた糸姫にとっては、勝てば官軍。願いをかなえることこそが正義だったのではないでしょうか。	閉じ	それでも、なつみの提案を受け入れようとした姿には驚きましたけどね。確かに死月妖花の力に頼る必要はなかった。		もう死月妖花ありきでしか願いをかなえられないと思い込んだのでしょう。		ですから、動機がどうかと聞かれると難しいです。先ほども申しました通り、許されはしないけど、同情はします。					逆の立場ならどう？	情状酌量の余地があるってこと？			4									驚き	逆の立場……？	閉じ	なるほど、もしわたくしの次元でなつみをよみがえらせる方法が分かったら、死月妖花に頼るかどうかってことですね。	通常	正直、分からないです。いざその時になってみないと、どのような行動に出るか自分でも想像がつきません。	悲しみ	なつみを生き返らせることができる……か……。		確かに死月妖花の力があれば、なつみを――。	閉じ	いえ、何でもございません。	通常						閉じ	まあそうですね。糸姫を絶対悪だと断言することはできません。		わたくしよりも年下の少女に、そのような倫理観を求めるのは酷でしょうし……。	通常	何より、人恋しい年頃です。家族であれ恋人であれ、大切な人が戻ってくると分かれば、どんな忌避も犯してしまうかもしれません。	閉じ	先ほどは糸姫を八つ裂きするなんて言いましたけど……。ちょっと気が引けます。		単に恨みをぶつけるだけで、糸姫の望みほど純粋なものではないですから。	通常																																											
心をあなたに。	437	420	Eden no Sakura Arc [Eden's Cherry]	st301	5	105										2					6	0	0	0	0	800年も同じ人を思い続けられる？	驚き	え？　それは……。	困り	ちょっと想像できませんね。わたくし、そこまで男性を好きになったことはありませんし……。	閉じ	そう考えると、800年も同じ人を思い続けるなんて、どれほど情が深いのか計り知れません。		もし糸姫が何の罪も犯さずに生きていたら、きっとみんなを愛し愛される少女だったでしょうね。	通常	それだけに残念としか言いようがありません。その純粋な心が悪意に染まった時、これほど恐ろしいことが起こるのですから。	閉じ	そう、わたくしのお母さんが女ケ沢市事件を起こしたように。	通常										4																																																																																
あるべき姿へ	438	421	Eden no Sakura Arc [Eden's Cherry]	st302	5	105										2					7	0	0	0	0	今新村栄一郎が現れたら、どんな言葉をかける？	悲しみ	今、お父さんが目の前に現れたら……。そうですね……。	閉じ	ありがとう、と伝えたいです。		実の親ではありませんし、わたくしの物心がつく前に死んでしまいましたが、それでもわたくしがここまで生きてこられたのは、お父さんのおかげでもあります。	通常	だって、お父さんあってこそのお母さんです。お母さんが生きていくためには、お父さんが必要でした。	閉じ	お父さんは亡くなりましたが、なつみたちのおかげでお母さんも生きてこられた。それはお父さんの死を受け入れることができたから。	通常	だから今でもお母さんの心にはお父さんがいる。そんなお母さんだから、わたくしをここまで育ててくれた。	閉じ	お父さんなしでは、今のわたくしはなかったはずです。	通常								4																																																																																
あるべき姿へ	439	422	Eden no Sakura Arc [Eden's Cherry]	st302	5	105										1					6	0	0	0	0	死月妖花が滅びてどう思った？	閉じ	正直言って、万歳する気にはなれませんね。確かにこれで呪殺事件は終わり、荒田集落も元木町も大丈夫でしょう。	悲しみ	ただ、何と言えばいいのでしょう……。ちょっと複雑な気持ちです。	閉じ	死月妖花が滅んで後に残ったのは、お父さんとサクラさんの腐りかけた肉体。それを見た今なら――。	通常	喜ぶよりも、死月妖花の件で死んだ人たちを慎んで弔いたいです。		終止符を打ったのは確かですが、それまでにたくさんの犠牲が出たのです。ならばまず、犠牲者になった人たちに報告すべきでしょう。	閉じ	それに、お父さんとサクラさんのあの姿を見て、喜ぶ気にはなれませんしね。ただ、冥福を祈りたいです。	通常										4																																																																																
まどろみ～春の幻～	440	423	Eden no Sakura Arc [Eden's Cherry]	st304	5	120															7	3	5	0	0	新村幸太郎は死んだ新村サクラと会って何をしていた？	閉じ	特にこれと言って事件に関わることはしていないでしょうね。夫婦の語らいといったところでしょうか。		幸太郎さんはサクラさんの死を受け入れることができず、あのようにあり得ない罠にはまってしまった。		だから死んだサクラさんの言いなりになっていたのでしょう。	通常	その中で最も厄介だったのは、チガ姉の翠眼を治さなかったことです。		死月妖花は、チガ姉をスケープゴートにするために、自分が犯人であるという幻想を見せつけていた。		幻想を見せるためには予知能力を有している必要がある、つまり翠眼のままでいなくてはなりません。		このように、幸太郎さんは死月妖花のスパイに成り下がってしまったのでしょう。					新村幸太郎は罠と気づかなかったのだろうか	新村幸太郎の弱みにつけこむなんて卑劣すぎる			4										それは気づいていたでしょう。幸太郎さんはすでに死月妖花の存在を知っていたわけですし。	閉じ	だけど、もしそれでサクラさんを拒否してしまえば、本当に最愛の妻を失うことになる。それを恐れたのだと思います。		わたくしは結婚したことがないので十分に理解できるわけではありませんが……。幸太郎さんにはもう少し何とかしてもらいたかったですね。	通常												閉じ	ええ、とても卑怯なやり方です。幸太郎さんの弱さを利用し、死月妖花のいいようにされてしまった。		サクラさんの中に人間の自我が残っていたなら、それはどれほど悲しいことだったでしょう。	悲しみ	見方によってはそれでも情愛を貫く姿は美しいものです。しかし、それでも罪は罪。	閉じ	死月妖花も、幸太郎さんのその弱みを知っていたからこそ成り立っていた関係と言えるでしょう。	通常	だからこそ、チガ姉の感染を治療したことは死月妖花も想定外だったのかもしれません。																																												
まどろみ～春の幻～	441	424	Eden no Sakura Arc [Eden's Cherry]	st304	5	120										3					5	0	0	0	0	もう二度と呪殺事件は起きないのだろうか	通常	わたくしはそう信じたいです。死月妖花に関わる全ての事象は消えたはずですから。	閉じ	しかし……何でしょう、この違和感は。	悲しみ	何か、とても大事なものを見落としているような……。	閉じ	いえ、何でもございません。きっとわたくしの思い過ごしです。		元凶は滅び、翠眼も予知能力も、そしてドローガも消えたわけですから。	通常												4																																																																																
まどろみ～巣立ち～	442	425	Eden no Sakura Arc [Eden's Cherry]	st311	5	120			384	2						3					8	0	0	0	0	死月編第一ルートの真相	通常	ここまできてようやく死月編第一ルートの真相が分かりました。		ここまで謎だったのは2つ。1つは幸太郎さんがどうやって古郡夫妻の存在を知ることができたのか、もう1つはなぜなつみが殺されたのかです。		幸太郎さんは死月編では既に神使となったサクラさんとつながりがありました。幸太郎さんはサクラさんを失いたくないがゆえ、言いなりになっていたでしょう。		古郡夫妻の存在に気づいた死月妖花が、サクラさんを使って幸太郎さんに密告。邪魔になりそうなので夏菜を使って殺させようとしました。		もう1つの謎は、どうして住人たちはなつみを殺したのかです。		死月妖花の目的であれば、なつみは生け捕りにするのが筋です。現に死月編第二ルートでは、幸太郎さんもなつみを生け捕りにしようとしていましたし。		おそらく幸太郎さんは住人に捕まえるよう指示したと思われますが、住人たちの独断で危険な魔女は殺すべきと決めたのでしょう。		だからある意味では死月妖花のたくらみを防ぐことはできましたが、新たな生きた第二世代を作ることは、そう難しくはないでしょう。							4																																																																																
まどろみ～巣立ち～	443	426	Eden no Sakura Arc [Eden's Cherry]	st311	5	120															2	5	4	0	0	新村幸太郎と新村茅萱は今後どうなるだろう	通常	きっとこれまで以上に親子の仲が深まると信じたいです。	閉じ	わたくしの望みは、それ以上でもそれ以下でもないですね。															住人たちに知られたらどうなるだろう	荒田集落はきっといい場所に生まれ変わる			4										もし住人たちが幸太郎さんの隠し事を知ってしまったら、咎められる可能性もあるでしょうし、チガ姉もそれを懸念しておりました。		しかし、住人たちも一丸となって死月妖花を滅ぼしたのです。幸太郎さんだって、裏で重要な役割を担っていました。	閉じ	わたくしは信じたいです。例え咎められることがあっても、きっと和解できると。そしてみんながその罪を受け入れてくれると。	通常	甘い考えかもしれませんが、幸太郎さんはあのような罠にはめられてしまったのです。抗いようもない、心の弱さにつけこまれ――。		だから、願望でしかないですが、きっと荒田集落はより強固な集落になってくれると信じています。									にこり	わたくしもそう思います。みんなで大きな敵に立ち向かい、勝利したのです。結束も一層強くなったはず。	閉じ	いえ、まずは呪殺事件で疑心暗鬼になっていた心を取り払うことが先でしょうかね。		元凶が分かったと言っても、10年間続いた隣人への不信感はそう簡単に消えるものではないと思います。	通常	でも、そんな中でも住人たちは助け合って生きてきました。だから/VAR/様のおっしゃる通り、今までよりもきっといい場所に生まれ変わります。																																														
ようこそ、元木町へ！	444	427	Eden no Sakura Arc [Eden's Cherry]	st303	12	120										1					5	0	0	0	0	後白河糸織は糸姫の生まれ変わりだろうか	閉じ	それは何とも言えませんね。ここへ来て命の転生なんて言われても、信じがたいものがあります。	通常	ただなつみが感じていたように、後白河糸織との付き合いは長いものになるでしょうね。		彼女が本当に記憶喪失なのかは分かりませんが、それでもああやって元木町に来たわけです。		それならば、きっとなつみが彼女を明るい未来へと導いてくれるはずです。	にこり	なつみはあの糸姫だって取り込んでしまうようなやつですから。明るい未来が待っていると信じています。													4																																																																																
ようこそ、元木町へ！	445	428	Eden no Sakura Arc [Eden's Cherry]	st303	12	120										5					8	0	0	0	0	全てのシナリオを見てどう思った？	閉じ	そうですね……。皮剥ぎ死体事件、女ケ沢市事件、老人の自殺、呪殺事件……。		さらに元木町の滅亡や死月妖花という元凶、糸姫の願い。	通常	それぞれが独立したものではなく、すべてつながる話でありました。		五島がどこかで言っていました。「すべての物事には因果が存在する」と。		その根にあるのは、死月妖花という菌類。そう考えると、ちょっとおかしな話だなあと。	困り	だって、すべてはキノコの繁殖が原因ですよ？　キノコの繁殖にあれだけの人たちがつき合わされたわけですから。	にこり	まあ糸姫の意思も含まれていたわけですけど、それも死月妖花の行動の一部ですからね。滑稽でありながら、何とも難解な話でした。		そんなことはすべてを見たから言えることですけどね。それまでは本当に何が何だか分かりませんでしたから。							4																																																																																
逃亡	448	429	Eigo Kaiki Arc [Eternal Recurrence]	st312	5	130											2				4	5	5	0	0	向こうの世界に帰ったんじゃ？	考える	…………？	通常	えっと……どういうことでしょう？　わたくしが帰った……？	考える	考えられるとすれば……。	通常	わたくしに何が起きたか分かりませんが、/VAR/様が今この状況を望んだので、この光景が広がっているとしか……。											/立木/に会いたいと思ったから？	別の結末を望んだから？			4										まあ、そういうことになりますかね……。		/VAR/様がそのようにお思いになることは非常に嬉しいのですが、どうもいいことがあったわけではないようですね。		つまり、/VAR/様がわたくしのことでやり直したいと望んだがゆえ、この状況が再現されたわけです。	閉じ	一体何があったのか気にはなりますが……。	通常	それはわたくしの方では知らない方がいいでしょうね。わたくしに変な意識が入ってしまっては、またこじれた結末になりかねませんから。									驚き	別の結末……？	通常	/VAR/様がそうおっしゃるということは、わたくしたちはある結末に至ったのでしょうか。		それが/VAR/様の望まぬ結末だったから、こうしてまたわたくしが現れた。そう解釈されます。	閉じ	わたくしには何が起きたかは分かりません。しかし/VAR/様が別の結末を望まれるというのであれば――。	通常	それに向かって進んでいただくしかありません。わたくしだけの意思では、きっとまた/VAR/様の望まぬ結末になるでしょうから。																																												
逃亡	449	430	Eigo Kaiki Arc [Eternal Recurrence]	st312	5	130			448	2									7	2	4	6	9	1	0	仮に/立木/が別の次元に逃げ込んだらどうなる？	驚き	わたくしが別次元へ逃げ込む……？	通常	/VAR/様、なかなかユニークなことをおっしゃいますね。わたくしが自分の意思で別次元へ行くことは不可能です。	閉じ	万一そんなことができるなら、もうすでにやっていますよ。なつみが生きている次元へと。	通常	あの……それが何か……？											古郡なつみのいる次元に帰ったらどうなる？	それでも自分の次元へ帰るべきだ			3		150				10			驚き	どうなる……？	考える	どう……なるのでしょうね……。	通常	わたくしの肉体はそれぞれの次元に1つしかありませんし……。	考える	その肉体に乗り移る……のでしょうか？	通常	仮にそうだとしたら、その次元のわたくしと同化して生きていくでしょうね。多分それだけで、何かおかしなことが起こるとも思えません。		ただ普通に、その次元の新村春花として生きていくだけです。							驚き	/VAR/様、どうなさいました？　帰るべきだ、だなんて……。	閉じ	…………。		なるほど……何となく察しがつきました。/VAR/様が一体何を見たのか……。		もしわたくしが別の次元に逃げ込めば、きっとわたくしはその次元で生きていけます。しかし――。	悲しみ	しかし、元の世界のわたくしが永遠に目を覚ますことはない。つまり、死を迎える。/VAR/様はもしかして、それをご覧に……。	閉じ	だから/VAR/様はこちらへ戻り、再度こうしてわたくしの出現を望まれたわけですね。	通常	/VAR/様、ならばせめて、わたくしは全ての情報を知ってから帰るべきでしょう。例えば、セレジェイラ聖教が残したレポートとか。	悲しみ	でも……まだちょっと勇気が出ないですね……。いざ自分の世界に帰るとなると……ちょっと怖いです……。	閉じ	/VAR/様、申し訳ございません。もう少し時間をいただきたいです。もう少し、勇気があれば……。																																				
跳梁跋扈	456	431	True Meicho Arc [Clear Sign]	st315	5	140												2			1	9	6	0	0	今、どうしたいのか、本音を聞きたい	驚き	どうしました？　急に改まって。																	いいから今したいことを話せ	人を殺してでも願いをかなえたいか？			4									悲しみ	あの……そう凄まれると、わたくし、どうしたらいいか……。		どうしたらいいか……？	閉じ	わたくし、どうしたいのでしょう……。	通常	自分の世界へ帰るべきなのは分かります。分かりますけど……。	悲しみ	怖い……。		怖いです……。なつみを殺してしまった次元に帰るのが怖い……。		そうじゃない場所へ行きたい……。		…………これが本音ですね……。わたくしは、自分の罪がなく、なつみのいる世界に行きたいです。	閉じ	これでよろしいでしょうか？	驚き	え？　なんでそんなこと言うんですか？		わたくし、/VAR/様に責められるような――。	悲しみ	ことをしたわけですね……。	閉じ	承知しました。/VAR/様、もう遠慮なさらないでください。	通常	おっしゃりたいことをはっきりと言ってください。		わたくしは/VAR/様を信じておりますから。																																										
跳梁跋扈	457	432	True Meicho Arc [Clear Sign]	st315	5	140					456	2						2	8	2	1	5	5	0	0	約束してほしいことがある	驚き	はい……何でしょう？																	最後まで信頼してほしい	自分のしたことを受け入れるんだ			3					10					…………？		どうしたのですか？　もちろん、わたくしは今、誰よりも/VAR/様を信頼しておりますよ。	通常	…………。	閉じ	承知しました。/VAR/様のそのご様子、気まぐれでおっしゃったわけではないようですね。	にこり	信じてください。わたくしはいつも、/VAR/様のこと、信頼しておりますから。									悲しみ	また、その話ですか……。	閉じ	だったら/VAR/様、わたくしも考え方を変える必要がありますね。	通常	/VAR/様が何を見て来たか。わたくしはそれを聞くべきではないと考えておりました。		もう、そう言うのはやめにしましょう。わたくしと/VAR/様は、もう隠し事をすべきではないと思います。		だから覚悟を決めました。/VAR/様の思うタイミングで、/VAR/様が言いたいことを申し付けてください。																																												
跳梁跋扈	458	433	True Meicho Arc [Clear Sign]	st315	5	140					457	2							9		2	9	0	0	0	新村春花がしようとしていることを当てる	閉じ	…………。		どうぞ、言ってみてください。															死月妖花の力で古郡なつみをよみがえらせようとしている				3					50					…………。		正直、心のどこかで疑っていました。/VAR/様は本当にわたくしがしたことを見てきたのかどうか。	通常	そこまで迷いなくおっしゃったと言うことは、本当にご覧になったのですね。	閉じ	確かに、そんなことも可能であろうとぼんやり考えておりました。	にこり	参りました。そこまで言われてしまっては、もう何も言い返せませんもの。	閉じ	でも、/VAR/様は決して見捨てず、わたくしを説得しようとしてくださっている。	通常	わたくしも努力します。もしまたわたくしがおかしなことをしそうになったら――。	閉じ	どうか、見捨てないでやってください。	通常	わたくしから言えるのは、ここまでです。あとは、/VAR/様の気の向くままに。																																																						
未来へ馳せる夢	450	434	Eigo Kaiki Arc [Eternal Recurrence]	st313	5								st249	3		3					4	0	0	0	0	全体進行率が100%になってないけど？	驚き	あー……そう言えば……。	考える	しかしすべてのシナリオをご覧になったはずですよね……？	通常	もしかすると、まだ何か隠れたルートがあるのかもしれませんわ。		それについては分かり次第、私の方からもお知らせしますので。															4																																																																																
未来へ馳せる夢	451	435	Eigo Kaiki Arc [Eternal Recurrence]	st313	5											2					4	0	0	0	0	全部の結末見て来たよ。	笑顔	まあ、それはよかったですわ！	通常	ということは、わたくしが今後どのような結末に至るか、ご存じということですよね。	閉じ	それについては、敢えて聞きません。それはきっと、/VAR/様の望まれた最後の結末。本当に幸せな終わり。	にこり	そのように信じておりますから。															4																																																																																
Birthday Trap!	325	436	True Jusatsu Arc [Killing by Curse]	st249	5													1			5	6	5	0	0	Birthday Trap!のシナリオ、どう思った？	考える	どう思ったかと言われると……。	困り	何だか恥ずかしいですね。身内の恋愛事情をあんな風に見せられると……。	にこり	まあでも、夏菜らしいと言えば夏菜らしいですね。	悲しみ	はあ……。		なんだか夏菜に負けた気分……。									焦る必要ないよ	あれくらいグイグイやってみたい？			3					1				にこり	まあそうですね。自分が良しと思ったタイミングでないと、焦って失敗するかもしれませんし。	悲しみ	ただ問題なのは……。		わたくし、全然モテないというか、男性に縁がなくて……。		それ以前に、あまり男性に対して積極的になれないというか、何というか……。	真っ赤	って、何を言わせるんですか！　そそそそんなこと、この世界には関係ないじゃないですか！	困り	もう……変な方向に話を持っていかないで下さいよ……。	通常						驚き	ええ……わたくしが、あんな風に……？	悲しみ	無理ですよ……。わたくし、夏菜みたいに自己肯定感ある方でもないし……。		まあでも、本当に意中の相手が見つかったら……どうなるのでしょうね。	にこり	ご存じのように、わたくし、感情的になりやすい面がありますからね。	困り	本気になったら、意外と積極的になっちゃうかもしれませんよ？　割と突っ走る方ですから！	にこり																																											
Birthday Trap!	326	437	True Jusatsu Arc [Killing by Curse]	st249	5						325	1						2			2	9	9	0	0	もしかして、女性の方が好き？	真っ赤	/大文字//揺れ/はあ！？		ななな何を言っているんですか！　い、一応恋愛対象は男ですよ！															古郡なつみに言い寄られたらどうする？	女性に言い寄られたことある？			4		320								/大文字/はー！？		そんなの想像もしたこともありません！　それ以前にわたくしたち、実の姉妹ですからそんな……。	恥	…………。		でも……仮に、万一ってこともありますよね……。		もしそうだったら……。わたくし、どうするんだろう……。		これまでの仲で居続けるには、無下に断るわけにもいかないし……。	真っ赤	って、変な想像させないで下さい！		/大文字//揺れ//VAR/様の破廉恥！	通常	ふう……。	しらけ	…………。	悲しみ	…………。		正直に言いますと……。		あります。同級生の女子に、その……。		一緒にいると安心できるし、頼れるからって……。		もう、断るの大変でしたよ。泣きながら告白されて……。		でもわたくしにそのような趣向がないの知っているから、嫌いにならずに友達で居続けてほしいとまで言われて……。		だからって「じゃあ友達で！」っていうのも軽すぎるし、長く話して変に勘違いされても困るし……。	にこり	まあ今となっては、笑い話ですよ。その後も良好な関係でしたから。																																				
Birthday Trap!	327	438	True Jusatsu Arc [Killing by Curse]	st249	5						326	2									4	6	7	8	0	同級生に告白された話、もっと詳しく！	真っ赤	/大文字/はー！？		ずいぶん食いつきますねえ！　わたくしの心、えぐってきますねえ！　人のプライベートにズガズガ入ってきますねえ！	恥	でもまあ……もう終わったことですし、少しくらいなら……。		えっと……何をお聞きになりたいのでしょう？											その子、かわいいの？	後でその子のこと、気にならなかった？	他のエピソードは？		4										そうですね……。容姿端麗なのは確かです。実際、男子からも人気がありましたし……。	にこり	それにその子、わたくしと性格真逆で、とても女の子らしくてかわいいんですよ。守ってあげたい感じで。		そんな子なのに、どうして彼氏作らないんだろうと常々疑問だったのですが……。	恥	まさか、わたくしのことをそんな風に思っていたなんて……。	真っ赤	も、もういいですよね！？　かわいくてかわいくて、それでかわいい子ですから！	通常	ふう……。	にこり						真っ赤	バ、バカですか！？　/VAR/様、バカですか！		そそそそんなことはございません！　そんな簡単に性的趣向って変わるものでは――	恥	ない……ですよね……？	閉じ	もうあれは済んだことなんです。今さらあの子のことをどうとか思うことはありません。	恥	でも、周りにちょっと気を遣わせてしまうことはありましたね。なるべく2人きりにならないようにとか、恋愛トークはしないようにとか。	閉じ	わたくしは何も気にしていないのに、周りに気を遣わせてしまったのがちょっと心苦しかったです。	にこり	まあ、今は特に問題なくいい友達だと思っております。					考える	他のエピソード……？　何かあったかな……。	困り	後にも先にも、わたくしが色恋沙汰に巻き込まれたのはそれだけですね。特筆すべきものはないと思いますが。	真っ赤	あ、そう言えば――！	恥	いや、まあ……これは昔のことですし、はあ、話してもいいかな……。	閉じ	実はわたくしとなつみ――。	通常	幼稚園の頃に「大きくなったら結婚しよう」と約束していました。	にこり	あの頃は、結婚とは仲のいい人と一緒に住むことだと思っていましたので、男女がどうとかは分かりませんでしたね。	困り	まあ、本当にその程度です。面白いこともなく申し訳ございません。	にこり																			
Birthday Trap!	328	439	True Jusatsu Arc [Killing by Curse]	st249	5																6	3	5	0	0	やっぱり新村美冬を守るために何でもしようと思う？	閉じ	なかなか難しい質問ですね。このわたくしの場合は、お母さんが殺人をしたわけではありませんし……。		ふむ、そうですね……。	通常	今のわたくしなら、やっぱり自首を勧めます。どんな理由であれ、人の道から外れた行動を取ったわけですから。		例えわたくしを守るためであっても、やっていいことと悪いことがあります。		ゴールデンウィークに温泉旅館に行ったシナリオでも申しましたが、やはり不幸の上に不幸を重ねたところで、それが幸せにつながるとも思えません。		その点は、お母さんと山籠したルートとでは、わたくしの価値観と差がありますね。							正しい考えだと思う	刺し違えても守りたいとは思わない？			4									にこり	ありがとうございます。		法律とは人類が正しくあろうとした積み重ねの証。それを守ることは、先人の知恵を拝借すること。	通常	ちょっと荒田集落の掟と似ていると思いますが、身勝手な判断で例外を作ってしまうことは、やはり許されないと思います。													考える	うーん……刺し違える……。	通常	もしわたくし自身の何かを犠牲にするのであれば……。		場合によってはその選択肢もありますね。お母さんはわたくしにとって大切な存在ですから。		しかしだからと言って、決して不幸を積み重ねるという意味ではありません。わたくしの身1つでお母さんを救えるなら――。	にこり	なんて言ったら、逆にお母さんに叱られそうですけどね。																																												
Birthday Trap!	329	440	True Jusatsu Arc [Killing by Curse]	st249	5											6					7	0	0	0	0	伊勢大二郎って/立木/の好み？	真っ赤	/大文字//揺れ/え！？	恥	あー……そう言えば……。		わたくし、呪殺編で彼のことを慕うような発言をしていましたね……。		まあ……趣味はあれですけど、真面目で気を遣える人だから、悪くは――。	真っ赤	っていうか、いつの話してるんですか！　だいぶ前の話を蒸し返さないで下さい！		しかもあれ、今のわたくしとは別次元ですから関係ありません！	恥	はあ……/VAR/様ったら、意地悪なんだから……。	通常								4																																																																																
Birthday Trap!	465	441	True Jusatsu Arc [Killing by Curse]	st249	5												2				3	5	9	4	5	全て見終わったので、何かひとことどうぞ！	驚き	ひとこと……？　えっと、そうですね……。	にこり	もう感謝しかございません。/VAR/様にここまでご覧いただけて、感無量でございます。		/VAR/様はいかがでしょう？　何かひとこと、いただけますか？													とても有意義な時間だった	もっと別の話も見たい	別の結末の方がよかった	イマイチだった	0					10	10	10	10	喜び	まあ！　これ以上嬉しいお言葉はございませんわ！	にこり	わたくしもこの世界で、/VAR/様と大変有意義な時間を過ごすことができました。		紆余曲折ありましたが、やはり/VAR/様とここまで来ることができて、大変な幸せ者でございます。		改めてお礼を申し上げたいと思います。		本当にありがとうございました。感謝の念にたえません。									驚き	別の話も……？	考える	そうですねえ、ここから別の話が展開するとなると……。	にこり	では、リファレンス『あとがき』にあった『制作見送り』の箇所についてちょっとだけ。	通常	死月妖花を滅ぼした彼女たちは、夏休みを迎え、荒田集落へ遊びに行きます。		初めは観光目的で訪れたのですが、あることがきっかけでまた惨劇が始まります。		この世界には、ある決定的な矛盾があります。その矛盾に関わる話が展開され、今まで登場しなかった『ある重要人物』が現れます。		死月妖花の生態や荒田集落の文化をよく見返すと、何となく分かるかもしれません。		ヒントはあるシナリオで『わたくしが荒田集落に住むと決めた理由』です。	にこり	その話が作られるかどうかは分かりませんが、ざっとこんなところです。	驚き	別の結末……でございますか？	閉じ	そうですね、誰もが望む未来になるとは限らない。それが/VAR/様の望むべくものとは違う。	通常	わたくし、序盤で申し上げたことがあります。「すべての未来を決められる者など存在しません」と。		それが残念ながら/VAR/様の望むものとは違っていたとしても、それは仕方のないこと。世界とは自分だけではなく、あらゆる人の意思によってできあがるものですから。	にこり										驚き	ええ……それ、本気でおっしゃってますか？　ここまで来たのにイマイチって……。	悲しみ	イマイチな理由は分かりかねますが……。/VAR/様にそのようなしこりを残してしまったことは大変残念に思います。	閉じ	でも、それでも大変ありがたいことです。こうやって最後の最後まで来ていただけたわけですから。	にこり	/VAR/様、わたくしは/VAR/様にここまで来ていただけただけでも満足です。/VAR/様にご納得いただけなかったのは残念ですが……。		またどこかで別の世界が出来上がり、再会することがあれば、その時はきっと満足していただけるよう善処いたします。								
Birthday Trap!	466	442	True Jusatsu Arc [Killing by Curse]	st249	5				465	2											9	4	0	0	0	もうこれでお別れかな……	閉じ	そうですね、この世界にはもう続きがございませんので、/VAR/様をいつまでもここにお引き留めするわけにも参りません。	にこり	もしもう一度この世界へ来たくなりましたら、いつでも歓迎いたします。わたくしは/VAR/様が望まれる限り、この世界に現れますから。		ではまた、どこかでお会いしましょう。	閉じ	と、言いたいところなのですが……。		まあ、もう言ってもいいと思うのですが……その……。									なになに？				3					500				恥	今までどうしても恥ずかしくて、選ぶのを拒否させていただいた選択肢があると思います。	閉じ	わたくしの好感度のせいではございますが、その制限を解除いたしますので……見てやってください。	にこり	でも、そう簡単には参りませんわ。/VAR/様はきっと、どの話題で選択肢を選び損ねたか、覚えておりませんもの。		どうぞ、ご興味がおありでしたら探してみてください。																																																																
1																																																																																																																																	
