jp	reading	en	pos	category	first_seen	status	locked	note
解禁	かいきん	unlock / unlocked	noun	ui	0000001E:557:0	provisional	n	menu label 解禁シナリオ = "Unlocked scenarios", 解禁状況 = "Unlock status"
シナリオ	しなりお	scenario	noun	ui	0000001E:557:0	provisional	n	game-menu word for a playable story segment
リファレンス	りふぁれんす	Reference	noun	ui	0000001E:4184:0	provisional	n	in-game reference feature; capitalised as a menu name
なつみ	なつみ	Natsumi	noun	person	00000024:16:32	provisional	n	given name, written in hiragana; surname 古郡 (as of 000001E3)
春花	はるか	Haruka	noun	person	00000024:16:8	provisional	n	given name; surname 新村 (as of 000001E3)
魔女	まじょ	witch	noun	concept	00000024:16:27	provisional	n	"本物の魔女" = "a real witch"; see V028
死神	しにがみ	shinigami	noun	concept	00000024:47:37	fixed	y	"お母さんが死神にならなかったら"; see V014 | RULING Fable 2026-10-01 (QP4C-02): romanized, lowercase, as parts 2-3 ship it; compounds: 死神失格 = a failed shinigami
伊勢	いせ	Ise	noun	person	00000024:51:11	provisional	n	伊勢さん = Ise-san; did the 家宅捜索 (house search), so police (inferred)
注射器	ちゅうしゃき	syringe	noun	object	00000024:51:6	provisional	n	contains 桃色の液体 (pink liquid)
ドローガ	どろーが	Droga	noun	object	00000024:51:15	provisional	n	label on the syringe, read one kana per cell over 4 cells; see V005
押入れ	おしいれ	closet	noun	object	00000024:51:2	provisional	n	also spelled 押し入れ (51:7); same EN
インターホン	いんたーほん	intercom	noun	object	00000024:51:25	provisional	n	American English per STYLE
ドアスコープ	どあすこーぷ	peephole	noun	object	00000024:51:32	provisional	n	
桜	さくら	cherry blossoms / cherry tree(s)	noun	term	00000024:51:38	provisional	n	central motif; flower vs tree by context; see V016
呪い	のろい	curse	noun	concept	00000024:16:39	provisional	n	"事故を呪いだのなんだの" = "calling an accident a curse or whatever"
五月六日	ごがつむいか	May 6	noun	date	00000024:16:2	provisional	n	kanji date in narration; digits per STYLE numerals rule
四月病	しがつびょう	April sickness	noun	term	000001DB:15:32	fixed	n	Haruka's coinage for Natsumi's cherry-season depression, modelled on 五月病; see V008
五月病	ごがつびょう	TBD (the May blues)	noun	term	000001DB:15:58	provisional	n	real JP term for new-term depression in May; pairs with 四月病; see V008
桜祭り	さくらまつり	cherry-blossom festival	noun	event	000001DB:15:8	provisional	n	held in 中央公園 (000001DB:21:4)
桜恐怖症	さくらきょうふしょう	cherry-blossom phobia	noun	term	000001DB:15:140	provisional	n	Natsumi's own label, hedged ("とでもいうのだろうか")
五島	ごとう	Goto	noun	person	000001DB:15:7	provisional	n	surname; full name 五島絵梨奈 (as of 0000020D); STYLE example spells Goto
たこ焼き	たこやき	takoyaki	noun	food	000001DB:15:43	provisional	n	romanized food name; TN case 1 at first occurrence
焼きそば	やきそば	yakisoba	noun	food	000001DB:15:7	provisional	n	
から揚げ	からあげ	fried chicken	noun	food	000001DB:15:7	provisional	n	
アジの干物	あじのひもの	dried horse mackerel	noun	food	000001DB:15:117	provisional	n	
きんぴらごぼう	きんぴらごぼう	braised burdock root	noun	food	000001DB:15:117	provisional	n	
おかゆ	おかゆ	rice porridge	noun	food	000001DB:15:160	provisional	n	
ガラケー	がらけー	flip phone	noun	object	000001DB:15:152	provisional	n	the mother's ten-year-old phone; 携帯 = "phone" / "cell phone"
作戦開始です	さくせんかいしです	Operation start	phrase	term	000001DB:15:35	fixed	n	Goto catchphrase family: 作戦開始 / 作戦成功 / 作戦遂行 / 作戦完遂 / 作戦失敗; one fixed EN pattern "Operation ___"; also used by Goto in narration (0000020D:11:7)
入学式	にゅうがくしき	entrance ceremony	noun	event	000001DB:15:2	provisional	n	
北海道	ほっかいどう	Hokkaido	noun	place	000001DB:15:103	provisional	n	
お母さん	おかあさん	Mom	noun	person	000001DB:15:80	provisional	n	speaker's own mother (STYLE). Natsumi's = 茜; in 00000024:47 Haruka's own mother. "うちのお母さん" = "my mom"
お父さん	おとうさん	Dad	noun	person	000001DB:15:91	provisional	n	speaker's own father; in 00000024:47 Haruka's own father; 00000024:51:43-47 split お/と/う/さ/ん (V006)
春花ちゃん	はるかちゃん	Haruka-chan	noun	person	000001DB:15:111	provisional	n	used by Natsumi's mother
はあ……	はあ	(sigh) Haah...	interjection	interjection	000001DB:15:9	provisional	n	function: a sigh of weariness, Natsumi alone; "はあ……" answering a statement (000001E3:8:211) = "Uh-huh..." (other function)
あは	あは	Ha	interjection	interjection	000001DB:15:38	fixed	n	function: short laugh opening a line (Natsumi, Haruka); shipped "Ha!" / "Ha," in 000001DB 000001DD; locked rulings-P6 QP7PRE-02 2026-10-01
よう！	よう	Hey!	interjection	interjection	000001DB:15:28	provisional	n	function: Haruka's greeting at the door; "Yo" banned by DIALECT policy
じゃな！	じゃな	See you!	interjection	interjection	000001DB:15:43	provisional	n	function: Haruka's casual goodbye; no "ya"
んで	んで	So	conjunction	interjection	000001DB:15:41	provisional	n	function: Haruka moving to the next topic ("んで、これ、お土産！" = "So, here, a present!")
元木町	もときちょう	Motoki-cho	noun	place	000001DD:11:5	fixed	n	reading inferred; population about 40,000; famous for cherries; 佐波県; see V009; locked rulings-P5 (00000779 pre-draft) 2026-10-01
向井	むかい	Mukai	noun	person	000001DD:11:35	provisional	n	homeroom teacher of 2年2組 (mail); 担任 = homeroom teacher
茜	あかね	Akane	noun	person	000001DD:11:102	provisional	n	Natsumi's mother (as of 000001DD), named only by Haruka's mother
おばさん	おばさん	Obasan	noun	person	000001DD:11:75	fixed	n	Natsumi's address/3p for Haruka's mother (not a relative); see V007. LOCKED "Obasan" (romanized per O-57; shipped so in 000001DD, 00000522, 00000564, 0000057B and part 8; RULING Fable QP8B-01). Common-noun uses are different: 11:66 そそっかしいおばさん = "a scatterbrained middle-aged woman", 11:95 おばさん臭い = "like an old lady"
なつみちゃん	なつみちゃん	Natsumi-chan	noun	person	000001DD:11:76	provisional	n	used by Haruka's mother
休校	きゅうこう	school closure / no school	noun	term	000001DD:11:33	provisional	n	mail subject 本日休校です = "No school today"
自宅待機	じたくたいき	stay-at-home order	noun	term	000001DD:11:36	provisional	n	自宅待機命令 = "the stay-at-home order"
2年2組	にねんにくみ	Class 2-2	noun	org	000001DD:11:34	provisional	n	Natsumi's class (as of 000001DD)
さきいか	さきいか	shredded dried squid	noun	food	000001DD:11:143	provisional	n	Natsumi's father's snack with drinks
DVD	でぃーぶいでぃー	DVD	noun	object	000001DD:11:46	provisional	n	
東北	とうほく	Tohoku	noun	place	000001DD:11:13	provisional	n	TV report
マンション	まんしょん	apartment building	noun	place	000001DD:11:83	provisional	n	American English; Natsumi and Haruka live in adjoining flats = "apartment"
題名	だいめい	Subject	noun	ui	000001DD:11:33	provisional	n	mail header label
本文	ほんぶん	Body	noun	ui	000001DD:11:33	provisional	n	mail header label; TBD whether to drop label
あ痛！	あいた	Ow!	interjection	interjection	000001DD:11:73	provisional	n	function: struck by a door
ほほほ	ほほほ	Hohoho	interjection	interjection	000001DD:11:80	fixed	n	function: Haruka's mother's laugh (also ほほほほ); P20: shipped family Ohoho / Ohohoho / Hohoho by syllable count
よいしょ	よいしょ	Hup / Heave-ho	interjection	interjection	000001DD:11:70	provisional	n	function: effort sound lifting a load; 11:117-120 spread over cells よっ/こら/しょっ/と
あらー	あらー	Oh my!	interjection	interjection	000001DD:11:86	provisional	n	function: Haruka's mother's delighted reaction (also あらら, あら)
もしもし	もしもし	Hello?	interjection	interjection	000001DD:11:61	provisional	n	function: phone greeting
デビルジャスティス	でびるじゃすてぃす	Devil Justice	noun	title	000001DF:11:85	provisional	n	film title / heroine's call 『清き悪魔に転生せよ！　デビルジャスティス！』
闇の熾天使	やみのしてんし	Seraph of Darkness	noun	person	000001DF:11:92	provisional	n	rival character in the film
佐波県	さわけん	Sawa Prefecture	noun	place	000001DF:11:115	fixed	y	reading unknown; see V011; V011 resolved rulings-P13 2026-10-02: 12 shipped files print Sawa
中央公園	ちゅうおうこうえん	Central Park	noun	place	000001DF:11:125	fixed	n	children's park about 100 m square in 元木町 with the 御神木; see V010; locked rulings-P6 2026-10-01 (parts 4-5 shipped the same)
元木高校掲示板	もときこうこうけいじばん	Motoki High message board	noun	ui	000001DF:11:140	provisional	n	page title shown on screen; 元木高校 = Motoki High School (Natsumi's school)
惨殺死体	ざんさつしたい	brutally murdered body	noun	term	000001DF:11:115	provisional	n	news headline wording
ノリツッコミ	のりつっこみ	TBD (playing along, then calling it out)	noun	term	000001DF:11:11	provisional	n	comedy term; Natsumi names Haruka's joke form
5000円	ごせんえん	5,000 yen	noun	term	000001DF:11:100	provisional	n	5000円札 = "5,000-yen bill"
おフランス	おふらんす	TBD (fancy French)	noun	term	000001DF:11:5	provisional	n	jokey お- on フランス, mock-posh
サンキュー	さんきゅー	Thanks!	interjection	interjection	000001DF:11:56	provisional	n	function: Haruka's casual thanks (English loanword)
トイアワセサキヲブンサン	といあわせさきをぶんさん	TBD	phrase	term	000001DF:11:29	provisional	n	Natsumi repeating 問い合わせ先を分散 in katakana because she does not follow it; see V027
御神木	ごしんぼく	goshinboku	noun	term	000001E1:33:16	fixed	n	GLOSSARY-LOCKS O-70: romanized, NO TN; "the sacred tree" swept to goshinboku (CONS9) 2026-10-01
赤い人	あかいひと	the red person	noun	concept	000001E1:33:34	provisional	n	dream figure; variants 真っ赤な人間 / 真っ赤な人 (see V030); ungendered in narration
祀耀	しよう	Shiyo	noun	era	000001E1:33:73	provisional	n	fictional era; "祀耀800年4月8日" = "Shiyo 800, April 8" per CALENDAR rule; reading from STYLE example
匿名	とくめい	Anonymous	noun	ui	000001E1:33:73	provisional	n	board poster name field
シャベッター	しゃべったー	TBD (Shabetter)	noun	brand	000001E1:33:88	provisional	n	social network name (しゃべる + Twitter-like); see V026
オフ会	おふかい	offline meetup	noun	term	000001E1:33:122	provisional	n	オフ alone = "meetup"
ROM専	ろむせん	lurkers	noun	term	000001E1:33:129	provisional	n	board slang for read-only users
花見	はなみ	cherry-blossom viewing	noun	event	000001E1:33:75	fixed	n	STYLE Q2121 fixes the note wording "cherry-blossom viewing"; 花見客 = "flower-viewer" / "a person viewing the blossoms"; P22: 00001355 8:14 "a grand cherry-blossom viewing"; the card-7 title keeps "Hanami"
停学	ていがく	suspension	noun	term	000001E1:33:125	provisional	n	口頭注意 = "a verbal warning"
ノ	の	TBD (raised-hand sign)	noun	ui	000001E1:33:86	provisional	n	board hand-raise glyph replying to 挙手; see V024
ｗ	わら	lol	noun	ui	000001E1:33:131	provisional	n	board laugh mark; lowercase board voice
古郡	こごおり	Kogori	noun	person	000001E3:8:12	provisional	n	Natsumi's surname (000001E3:8:20); reading from STYLE example
新村	にいむら	Niimura	noun	person	000001E3:8:12	provisional	n	Haruka's surname (000001E3:8:20); reading from STYLE example
古郡先輩	こごおりせんぱい	Kogori-senpai	noun	person	000001E3:8:12	provisional	n	Goto's address/reference for Natsumi; stretched 古郡せんぱーい = "Kogori-senpaaai"
新村先輩	にいむらせんぱい	Niimura-senpai	noun	person	000001E3:8:12	provisional	n	Goto's address/reference for Haruka
先輩	せんぱい	Senpai	noun	title	000001E3:8:14	provisional	n	title used as a name (STYLE): address "Senpai"; Goto's narration uses it for both seniors (0000020B)
ザッハ	ざっは	Zahha	noun	brand	000001E3:8:40	fixed	n	family restaurant (NOT a chain: 雑談リスト row 97 says the only one is in Motoki-cho; QUNTR3-06 2026-10-01); see V013
女ケ沢市	めがさわし	Megasawa City	noun	place	000001E3:8:101	fixed	n	reading unknown; in 飯沢県; see V012; P16: shipped everywhere
飯沢県	いいざわけん	Iizawa Prefecture	noun	place	000001E3:8:103	provisional	n	reading inferred (いいざわ/いいさわ)
女ケ沢市事件	めがさわしじけん	the Megasawa City case	noun	event	000001E3:8:101	fixed	n	serial April 8 killings; follows 女ケ沢市 rendering; locked rulings-P5 QUNTR3-02 2026-10-01 (CONS5 sweeps parts 1-4 "murders" -> "case"; 表示名 "Megasawa City Case")
旦那	だんな	husband	noun	title	000001E3:8:30	fixed	n	Goto's mock-servant address for Haruka; see V015; P21: 00001295 8:143 "my husband"; 000012C5 8:164/8:167 "your husband" (Kana's web-novel talk)
御意	ぎょい	TBD (As you command)	interjection	interjection	000001E3:8:59	provisional	n	function: Goto's mock-retainer acknowledgement; see V015
作戦成功です	さくせんせいこうです	Operation successful	phrase	term	000001E3:8:35	fixed	n	Goto catchphrase family, see 作戦開始です
作戦遂行	さくせんすいこう	carrying out the Operation	phrase	term	000001E3:8:61	fixed	n	Goto catchphrase family
ファザコン	ふぁざこん	daddy's girl	noun	term	000001E3:8:178	provisional	n	Haruka teasing Natsumi
皮剥ぎ死体	かわはぎしたい	flayed body	noun	term	000001E3:16:2	provisional	n	皮剥ぎ = flaying; 全身の皮が剥がされていた = "the skin had been stripped from the whole body"
神隠し	かみかくし	spirited away	noun	concept	000001E3:8:114	fixed	n	"神隠しによる犯行" = crimes as if people were spirited away; noun phrase inflects per context; locked rulings-P7 2026-10-01
単身赴任	たんしんふにん	transferred away alone (family stays behind)	noun	term	000001E3:8:151	provisional	n	Haruka's account of her father (as of 000001E3)
直感	ちょっかん	intuition	noun	concept	000001E3:24:31	provisional	n	Natsumi's trait; 直感力 = "intuition"
危険察知	きけんさっち	sensing danger	noun	concept	000001E3:24:33	provisional	n	related: 危険予知 (000001E5) "danger premonition"
予知能力	よちのうりょく	precognition	noun	concept	000001E3:24:34	provisional	n	
マムシ	まむし	pit viper	noun	term	000001E3:24:38	provisional	n	Japanese mamushi
パフェ	ぱふぇ	parfait	noun	food	000001E3:8:138	provisional	n	春のいちごパフェ = "spring strawberry parfait"
ドリンクバー	どりんくばー	drink bar	noun	term	000001E3:8:55	provisional	n	self-serve soft drinks at a family restaurant
スペシャルステーキランチ	すぺしゃるすてーきらんち	Special Steak Lunch	noun	food	000001E3:8:75	provisional	n	menu item
ゴホン	ごほん	Ahem	interjection	interjection	000001E3:8:194	provisional	n	function: throat-clearing before speaking
でゲスよ	でげすよ	..., gesu! (romanized)	phrase	term	000001E3:8:30	fixed	y	Goto's mock-lackey ending (with 旦那, もみ手); also ですぜ 8:33, でんなあ 8:53, であります 8:189; see V015 | RULING owner+Fable 2026-10-01: でゲス stays romanized "gesu" at the end of the clause, one-time [TN: "gesu" = a stock servile underling verb ending from period dramas] at first occurrence (000001E3 lns line 135); ですぜ / でんなあ are rendered by English diction, not romanized
作戦完遂	さくせんかんすい	Operation complete	phrase	term	000001E5:23:89	fixed	n	Goto catchphrase family
作戦失敗	さくせんしっぱい	Operation failed	phrase	term	000001E5:29:0	fixed	n	Goto catchphrase family
塾	じゅく	cram school	noun	place	000001E5:23:113	provisional	n	
お面	おめん	mask	noun	object	000001E5:29:13	provisional	n	what Natsumi thinks she saw
ガサツ	がさつ	crude / rough-mannered	adj	term	000001E5:23:101	provisional	n	Goto on Haruka
天才少女	てんさいしょうじょ	genius girl	noun	title	000001E3:8:146	provisional	n	Goto's self-description; board uses it for her (0000020D); P19: the shipped form (75 files); 0000156A:64:100, 46:140
危険予知	きけんよち	danger sense	noun	concept	00000024:51:37	fixed	n	GLOSSARY-LOCKS: the files' rendering; "danger premonition" swept (CONS9) 2026-10-01
せーんぱい	せーんぱい	Se-enpai!	noun	person	000001E5:41:13	provisional	n	Goto's stretched sing-song address; stretch on a content word is carried (STRETCHED ENDINGS rule)
聞き込み調査	ききこみちょうさ	door-to-door inquiries	noun	term	000001E7:11:11	provisional	n	police canvassing
駐輪場	ちゅうりんじょう	bike parking area	noun	place	000001E7:11:3	provisional	n	
市外局番	しがいきょくばん	area code	noun	term	000001E7:11:50	provisional	n	
丁字路	ていじろ	T-junction	noun	place	000001E7:11:14	provisional	n	
霊安室	れいあんしつ	morgue	noun	place	0000020B:12:45	provisional	n	
警察署	けいさつしょ	police station	noun	place	0000020B:12:1	provisional	n	
0110	ぜろいちいちぜろ	0110	noun	term	0000020B:12:41	provisional	n	last four digits of the call; 110 = police number in Japan, Goto infers a police station; TN case 6 candidate
参考人	さんこうにん	person of interest / witness	noun	term	0000020B:12:36	provisional	n	police term
五島絵梨奈	ごとうえりな	Erina Goto	noun	person	0000020D:11:99	provisional	n	full name, age 15 (as of 0000020D); STYLE example "Erina Goto"
祀耀788年	しようななひゃくはちじゅうはちねん	Shiyo 788	noun	date	0000020D:11:42	provisional	n	"12 years ago today"
模倣犯	もほうはん	copycat	noun	term	0000020D:11:32	provisional	n	
愉快犯	ゆかいはん	someone who commits crimes for the thrill	noun	term	0000020D:11:31	provisional	n	
鉈	なた	nata	noun	object	0000020D:11:90	fixed	n	GLOSSARY-LOCKS O-70: culture noun romanized, NO TN; parts 4-6 "hatchet" swept to nata (CONS7) 2026-10-01
鈍器	どんき	blunt weapon	noun	object	0000020D:11:90	provisional	n	先の丸い鈍器 = "a round-headed blunt weapon"
ポスト	ぽすと	mailbox	noun	object	0000020D:11:59	provisional	n	red postbox on the street; American English "mailbox"
脳挫滅	のうざめつ	crushed brain	noun	term	0000020D:11:99	provisional	n	cause-of-death wording on the board
通り魔	とおりま	random street attacker	noun	term	0000020D:11:98	provisional	n	
釣り乙	つりおつ	TBD (nice try, troll)	phrase	term	0000020D:11:96	provisional	n	board slang dismissing a post as bait
新1年	しんいちねん	new first-year	noun	term	0000020D:11:97	provisional	n	1年 = first-year, 2年 = second-year, 3年 = third-year (board)
明徴編	めいちょうへん	TBD	noun	title	000000F2:845:0	provisional	n	second volume name 二編目『明徴編』; see V029
呪殺編	じゅさつへん	TBD	noun	title	000000F2:845:2	provisional	n	first volume name; see V029
事典	じてん	Encyclopedia	noun	ui	000000F2:845:4	provisional	n	in-game glossary feature
雑談	ざつだん	Chats	noun	ui	000000F2:845:5	provisional	n	in-game feature name
ポイント	ぽいんと	points	noun	ui	000000F2:845:7	provisional	n	『ポイント』 quoted as a new concept
書簡	しょかん	Letters	noun	ui	000000F2:845:10	provisional	n	『書簡』 reference type
二編目	にへんめ	the second volume	noun	ui	000000F2:845:0	provisional	n	
絵梨奈	えりな	Erina	noun	person	000002F6:11:30	provisional	n	Goto's given name; used by her parents and sister (as of 000002F6)
絵梨奈ちゃん	えりなちゃん	Erina-chan	noun	person	000002F6:11:49	provisional	n	what everyone called Goto before middle school; to her a sign of distance (000002F6:11:49-50)
ニカッと	にかっと	grin / a big grin	adv	term	000002F6:11:35	provisional	n	Goto's habitual grin (ニカッと笑う = "grinned"); origin in 000002F6:11:35-38; ニカッとスマイル 000004A7:11:55 = "my trademark grin"
チビ	ちび	shrimp	noun	term	000002F6:11:67	fixed	n	Haruka's word for the small Goto; P19: Haruka's word for Goto is shipped as "shrimp" (000001E3, 00000656 + 5 files); "shorty" also shipped in 7 files for other speakers (CONS candidate, not swept)
大食い	おおぐい	big eater	noun	term	000002F6:11:74	provisional	n	大食い大会 = "eating contest"
部活	ぶかつ	club / club activities	noun	term	000002F6:11:59	provisional	n	school club; Goto and Natsumi met in the same middle-school club
暇人	ひまじん	someone with time on their hands	noun	term	000002F6:11:82	provisional	n	Natsumi teasing Haruka
同窓会	どうそうかい	class reunion	noun	event	000002F8:12:1	provisional	n	Goto's parents' reunion in 皆上市 on 4/8
桃子	ももこ	Momoko	noun	person	000002F8:12:17	provisional	n	Goto's older sister (inferred from 12:17, confirmed 0000037D:11:74); 20, dropped out of high school
皆上市	みなかみし	Minakami City	noun	place	000002F8:12:20	fixed	n	capital of 佐波県; reading unknown; see V033; P15
元木日報	もときにっぽう	TBD (the Motoki Daily)	noun	brand	000002F8:12:48	provisional	n	local newspaper; appears inside a search string; see V034
新村栄一郎	にいむらえいいちろう	Eiichiro Niimura	noun	person	000002F8:12:37	provisional	n	died 祀耀788 4/8 in 中央公園, age 30; reading inferred, see V037; 新村さん / 栄一郎さん in Goto's narration
十三回忌	じゅうさんかいき	the thirteenth-year memorial service	noun	event	000002F8:12:78	fixed	n	Buddhist memorial held in the 12th year after a death (counted as 13th); Goto's reasoning turns on it; TN case 6 candidate, see V035
命日	めいにち	the anniversary of their death	noun	term	000002F8:12:77	fixed	n	P23 (000014BC 8:122)
スマホ	すまほ	phone / smartphone	noun	object	000002F8:12:6	provisional	n	
カマをかける	かまをかける	ask a leading question / fish for the truth	phrase	term	000002F8:24:6	provisional	n	set phrase, no sickle image
風船	ふうせん	balloon	noun	object	000002F8:12:53	provisional	n	the balloon the child lost in the tree (article); cf. 000001DB dream
お姉ちゃん	おねえちゃん	Sis (P)	noun	person	000002F8:12:2	provisional	n	Goto's own older sister 桃子; STYLE お姉ちゃん -> Sis (P); Goto's narration uses it constantly, see V055
現在電話に出ることができません	げんざいでんわにでることができません	The person you are calling is unavailable.	phrase	ui	000002FA:11:5	provisional	n	automated phone message; 恐れ入りますが…… follows
着信	ちゃくしん	incoming call	noun	ui	000002FA:11:10	provisional	n	着信画面 = "the incoming-call screen"; メッセージ着信 = "a message arrived"
ツーツー	つーつー	TBD (beep... beep...)	noun	sfx	000002FA:11:75	provisional	n	dial tone after hang-up; SFX rule; see V053
自首	じしゅ	turn myself in	noun	term	000002FA:27:7	provisional	n	自首してくる = "I'm going to turn myself in"
はいはーい	はいはーい	Hi-iii!	interjection	interjection	000002FA:11:13	provisional	n	function: Goto answering the phone over-cheerfully ("はいはーい五島ですよー！" = "Hi-iii, it's Goto!")
コンビニ	こんびに	convenience store	noun	place	0000033D:11:5	provisional	n	
面会	めんかい	visiting hours (prison)	noun	term	0000033D:11:17	provisional	n	Haruka's joke that Goto came to visit her in jail; see V052
バカかよ	ばかかよ	You idiot...	phrase	interjection	0000033D:11:25	fixed	n	function: Haruka's rough rebuff to Goto, repeated 0000033D:11:25-66; ふっ、バカかよ (11:58) softened with a laugh; P17: Haruka's rough rebuff; 00000F24:100:59 "Jeez... you idiot..."; 00000FB7:11:80 "You idiot..."
自他ともに認める天才少女	じたともにみとめるてんさいしょうじょ	the genius girl, as everyone agrees, me included	phrase	term	0000033D:11:57	fixed	n	Goto's self-billing; recurs 000004A7:11:0, 11:61, 11:85; one fixed EN; locked rulings-P7 QP7C-04 2026-10-01
オオカミ男	おおかみおとこ	werewolf	noun	term	0000033D:11:93	provisional	n	
満月	まんげつ	full moon	noun	term	0000033D:11:96	provisional	n	
ペットボトル	ぺっとぼとる	bottle	noun	object	0000033D:11:33	provisional	n	hot drink in a plastic bottle
あっちい	あっちい	Hot!	interjection	interjection	0000033D:11:47	provisional	n	function: Haruka burning her mouth
紙人形	かみにんぎょう	paper dolls	noun	object	0000034C:11:134	fixed	y	human-shaped paper with a name; smeared with vomit = curse (Haruka's account); QMILE-04: 54 shipped sites say paper dolls
古郡良治	こごおりりょうじ	Ryoji Kogori	noun	person	0000034C:11:136	provisional	n	Natsumi's father (as of 0000034C); STYLE example spells Ryoji
古郡家	こごおりけ	the Kogori family / the Kogoris' home	noun	org	0000034C:11:135	provisional	n	family vs house by context
吐瀉物	としゃぶつ	vomit	noun	term	0000034C:11:174	provisional	n	
魔女狩り	まじょがり	witch hunts	noun	term	0000034C:11:84	provisional	n	
黒魔術	くろまじゅつ	black magic	noun	term	0000034C:11:84	provisional	n	
作戦第2弾	さくせんだいにだん	Operation, phase two	phrase	term	0000034C:11:49	fixed	n	Goto catchphrase family (see 作戦開始です); "作戦第2弾開始だ" in narration
アリバイ	ありばい	alibi	noun	term	0000034C:11:232	provisional	n	
嘘から出たまこと	うそからでたまこと	TBD (the lie came true)	phrase	term	0000034C:11:4	provisional	n	proverb; set phrase rendered by the English idiom of same weight
食あたり	しょくあたり	food poisoning	noun	term	0000034C:11:187	provisional	n	
女ケ沢	めがさわ	Megasawa	noun	place	0000034C:11:239	fixed	n	short form of 女ケ沢市 (Haruka); follows V012; P16: shipped everywhere as Megasawa (the Megasawa City case)
五島ちゃん	ごとうちゃん	Goto-chan	noun	person	0000034C:11:302	provisional	n	Natsumi's mother's address for Goto
あんた	あんた	you	pronoun	term	0000034C:11:15	provisional	n	Momoko's blunt address to Goto
スピーカーモード	すぴーかーもーど	speakerphone	noun	ui	0000034C:11:284	provisional	n	
夜遊び	よあそび	staying out at night	noun	term	0000034C:11:17	provisional	n	
能面	のうめん	Noh mask	noun	object	00000366:11:27	provisional	n	Haruka: worn at funerals with 赤装束 (her claim); one lies beside the bodies (00000366:11:73); cf. お面 (000001E5)
赤装束	あかしょうぞく	red robes	noun	object	00000366:11:27	fixed	n	see V051; locked rulings-P5 (00000779 pre-draft) 2026-10-01
葬儀	そうぎ	funeral	noun	event	00000366:11:17	provisional	n	
制服	せいふく	school uniform	noun	object	00000366:11:24	provisional	n	
新村流	にいむらりゅう	the Niimura way	noun	term	00000366:11:36	provisional	n	Goto's label for the funeral custom Haruka names
桜吹雪	さくらふぶき	a storm of cherry petals	noun	term	00000366:11:7	provisional	n	
エレベーター	えれべーたー	elevator	noun	object	00000366:11:51	provisional	n	American English
新村美冬	にいむらみふゆ	Mifuyu Niimura	noun	person	0000037D:11:58	provisional	n	name on a paper doll beside 新村春花; Haruka's mother by inference only; reading inferred; see V042
新村春花	にいむらはるか	Haruka Niimura	noun	person	0000037D:11:57	provisional	n	full name as written on a paper doll; given-name-first per STYLE
刑事	けいじ	detective	noun	title	0000037D:11:42	provisional	n	
病室	びょうしつ	hospital room	noun	place	0000037D:11:66	provisional	n	
包帯	ほうたい	bandages	noun	object	0000037D:11:12	provisional	n	
げほっ	げほっ	cough	interjection	sfx	0000037D:11:19	provisional	n	function: coughing inside a speech turn (also げほ……)
ビニールバック	びにーるばっく	plastic bag	noun	object	0000037D:11:51	provisional	n	source spelling of ビニールバッグ; see V054
佐波放送	さわほうそう	Sawa Broadcasting	noun	org	000003A8:8:5	provisional	n	follows 佐波県 (V011); follows 佐波県 (resolved 2026-10-02)
中継	ちゅうけい	live report	noun	term	000003A8:8:0	fixed	n	中継現場 = "the scene of the live report"; P23: the telepathic 中継 of 000014BC 8:239 = "the relay" (rulings-P23); this row keeps the TV sense
全国ネット	ぜんこくねっと	nationwide broadcast	noun	term	000003A8:8:24	provisional	n	
母ちゃん	かあちゃん	Mom	noun	person	000003A8:8:6	provisional	n	a rowdy boy's word for his own mother
××××	(mask)	××××	noun	ui	000003AE:8:1	provisional	n	masking symbol for the patient's name and birthdate; kept as is (× is CP932 0x817E); also ×× 000003AE:8:53, 000001DD:11:104; see V040
常時監視	じょうじかんし	constant watch	noun	term	000003AE:8:54	provisional	n	suicide watch context
外科医	げかい	surgeon	noun	title	000003AE:8:60	provisional	n	
警部補	けいぶほ	inspector	noun	title	000003B4:8:14	fixed	n	police rank; title used as address ("警部補" alone) = "Lieutenant"; see V048; P15: shipped 9 sites "Inspector Ise" decide
伊勢警部補	いせけいぶほ	Lieutenant Ise	noun	title	000003B4:8:14	provisional	n	follows 警部補; rulings-P13 2026-10-02
美少女愛好家	びしょうじょあいこうか	a devotee of pretty girls	noun	term	000003B4:8:15	fixed	n	see V047; V047 CLOSED P16: shipped 2 sites (000003B4) decide
ロリコン	ろりこん	lolicon	noun	term	000003B4:8:17	fixed	y	ロリコン趣味 = "taste for young girls"; see V047 | RULING Fable 2026-10-01 (QP4B-04, owner position: loanword): "lolicon", no TN (parts 2-3 ship it without one)
元木美少女同好会	もときびしょうじょどうこうかい	Motoki Bishojo Appreciation Society	noun	org	000003B4:23:0	provisional	n	see V047; named again by Ise 000004A7:11:64
当署	とうしょ	this station	noun	term	000003B4:8:8	provisional	n	police self-reference
少年犯罪	しょうねんはんざい	juvenile crime	noun	term	000003B4:8:2	provisional	n	少年 here = minors of either sex
示談	じだん	settlement	noun	term	000003B4:8:3	provisional	n	示談が成立 = "settled out of court"
監視カメラ	かんしかめら	security camera	noun	object	000003B4:8:7	provisional	n	
再犯率	さいはんりつ	reoffending rate	noun	term	000003B4:8:4	provisional	n	
盗難車	とうなんしゃ	stolen car	noun	term	000003BC:8:3	provisional	n	
ミニバン	みにばん	minivan	noun	object	000003BC:8:6	provisional	n	white, used for preparing the park food stalls
屋台	やたい	food stall	noun	place	000003BC:8:6	provisional	n	also 0000034C:11:186 公園の屋台
祀耀790年	しようななひゃくきゅうじゅうねん	Shiyo 790	noun	date	00000460:11:22	provisional	n	女ケ沢市事件 years: 祀耀790, 794, 797; this year 祀耀800 (CALENDAR rule)
元木町事件	もときちょうじけん	the Motoki-cho case	noun	event	00000460:11:40	fixed	y	Goto's coinage by analogy with 女ケ沢市事件; follows 元木町 (V009); QP12R2-02: one noun, parallel to the Megasawa City case
アドレナリン	あどれなりん	adrenaline	noun	term	00000460:11:0	provisional	n	also ノルアドレナリン = noradrenaline
後輩	こうはい	junior	noun	title	00000473:11:33	provisional	n	かわいい後輩 = "my cute junior"; common noun, no suffix
職務質問	しょくむしつもん	stopped and questioned by the police	noun	term	00000473:11:53	provisional	n	
銃刀法違反	じゅうとうほういはん	violating the weapons law	noun	term	00000473:11:53	provisional	n	Swords and Firearms Control Law; descriptive, no TN
補導	ほどう	taken in (as a minor)	noun	term	00000473:11:53	provisional	n	police custody/guidance of a juvenile
リュック	りゅっく	backpack	noun	object	00000473:11:62	provisional	n	
カッターナイフ	かったーないふ	box cutter	noun	object	00000473:11:50	provisional	n	
ボディガード	ぼでぃがーど	bodyguard	noun	term	00000473:11:37	provisional	n	
ふふ	ふふ	Heh	interjection	interjection	00000473:11:33	provisional	n	function: Natsumi's soft laugh opening a line (also 00000488:34:63)
受付	うけつけ	front desk	noun	place	00000488:34:3	provisional	n	police station reception
怖がりさん	こわがりさん	a scaredy-cat	noun	term	00000488:34:24	provisional	n	common noun + さん: suffix zero per STYLE
2人乗り	ふたりのり	riding double	noun	term	00000488:34:40	provisional	n	two on one bike
荒田集落	あらたしゅうらく	the Arata settlement	noun	place	00000488:48:7	fixed	n	display / title form "The Arata Settlement" (UNTR3 card 134); locked rulings-P7 2026-10-01
麻薬	まやく	drugs	noun	term	00000488:48:7	provisional	n	heard among the voices
習わし	ならわし	custom	noun	term	00000488:48:7	provisional	n	これが荒田集落の習わし = "this is the custom of the Arata settlement"
伊勢大二郎	いせだいじろう	Daijiro Ise	noun	person	000004A7:11:41	provisional	n	full name; 元木警察署警部補; reading inferred
元木警察署	もときけいさつしょ	Motoki Police Station	noun	org	000004A7:11:41	provisional	n	
巡査部長	じゅんさぶちょう	sergeant	noun	title	000004A7:11:92	provisional	n	used as address by Ise ("おい！巡査部長！")
警部補殿	けいぶほどの	Inspector, sir	noun	title	000004A7:11:61	fixed	n	Goto's mock-military address with salute; see V048; P15
であります	であります	..., sir!	phrase	term	000004A7:11:5	fixed	y	Goto's mock-soldier ending, with a salute (000004A7:11:61, 11:71); also 000001E3:8:189; DIALECT policy: word choice only; see V015 | RULING Fable 2026-10-01 (QP4A-01): clipped mock-military report English ending in ", sir!" (same gender-crossing bit as 旦那 = Boss); one rendering project-wide
元木高校	もときこうこう	Motoki High School	noun	org	000004A7:11:61	provisional	n	元木高校1年 = "first-year at Motoki High"; cf. 元木高校掲示板
キャリア組	きゃりあぐみ	career-track officers	noun	term	000004A7:11:105	provisional	n	elite national-exam police track
美少女	びしょうじょ	pretty girl	noun	term	000004A7:11:21	provisional	n	
不審者	ふしんしゃ	suspicious person	noun	term	000004A7:11:48	provisional	n	
入試	にゅうし	entrance exam	noun	event	000004A7:11:71	provisional	n	
喫煙席	きつえんせき	smoking section	noun	place	000004BB:8:4	provisional	n	喫煙席ブース = "the smoking booth"
警察手帳	けいさつてちょう	police badge	noun	object	000004BB:8:17	provisional	n	Japanese police ID folder; "badge" per US usage
JK	じぇーけー	TBD (high-school girl)	noun	term	000004BB:8:30	provisional	n	slang abbreviation for 女子高生; Goto on herself "ここはJKらしく"; see V074
ミルフィーユ	みるふぃーゆ	mille-feuille	noun	food	000004BB:8:30	provisional	n	イチゴのミルフィーユ = "strawberry mille-feuille"
イケメン	いけめん	a hunk / good-looking	noun	term	000004BB:8:34	provisional	n	Goto's compliment to Ise
元木駅	もときえき	Motoki Station	noun	place	000004BB:16:2	provisional	n	pizza fair venue; 駅構内の商店街 = "the shops inside the station"
ピザフェア	ぴざふぇあ	pizza fair	noun	event	000004BB:16:2	provisional	n	at 元木駅 with a TV-famous Italian chef
津軽弁	つがるべん	Tsugaru dialect	noun	term	000004BB:16:5	provisional	n	named in narration only (the chef has no lines); DIALECT rule; see V057
コックコート	こっくこーと	chef's whites	noun	object	000004BB:16:6	provisional	n	
援助交際	えんじょこうさい	compensated dating	noun	term	000004BB:16:32	provisional	n	Natsumi's worried guess
即日宅配サービス	そくじつたくはいさーびす	same-day delivery service	noun	term	000004BB:16:47	provisional	n	at the station, 500円
はひ	はひ	Huh?	interjection	sfx	000004BB:8:20	provisional	n	function: a baffled noise (Goto or waitress, 「はひ？」⏎「ふぁあ？」); narration calls both "疑問符" from nowhere; pair with ふぁあ
ふぁあ	ふぁあ	Whaa?	interjection	sfx	000004BB:8:20	provisional	n	function: the second baffled noise in 8:20; must differ from はひ
ん？	ん	Hm?	interjection	interjection	000004BB:8:51	provisional	n	function: short prompting "yes?" to an address (Ise, Natsumi)
五島様様	ごとうさまさま	TBD (Thank God for Goto!)	phrase	term	000004CF:12:0	provisional	n	idiom X様様 = "X is a godsend"; not an honorific on the name; see V058
ソメイヨシノ	そめいよしの	Somei-yoshino cherry	noun	term	000004CF:12:15	provisional	n	the common cultivated cherry variety
挿し木	さしき	cuttings	noun	term	000004CF:12:15	provisional	n	propagation by cuttings
接ぎ木	つぎき	grafting	noun	term	000004CF:12:15	provisional	n	
実家	じっか	family home	noun	place	000004CF:12:18	provisional	n	お父さんの実家 = "my dad's family home" (his parents' home)
着信履歴	ちゃくしんりれき	call log	noun	ui	000004CF:12:26	provisional	n	
夢枕に立つ	ゆめまくらにたつ	appear in a dream (to bring a message)	phrase	term	000004CF:12:91	provisional	n	set phrase: the dead appearing at the bedside in a dream
確執	かくしつ	feud / bad blood	noun	term	000004CF:12:80	provisional	n	古郡家と新村家の確執
殺人鬼	さつじんき	murderer / killer	noun	term	000004E3:27:9	provisional	n	Haruka on herself
メイス	めいす	mace	noun	object	000004E3:27:131	provisional	n	Haruka glosses it: 金属の棍棒 = "a metal club"; the 死神's weapon with the 鉈
棍棒	こんぼう	club	noun	object	000004E3:27:131	provisional	n	
まじない	まじない	charm / spell	noun	concept	000004E3:11:103	provisional	n	色々とまじないをかける = "cast all sorts of spells"
警笛	けいてき	the train's horn	noun	sfx	000004E3:27:111	provisional	n	masks Haruka's line
かりそめの友情	かりそめのゆうじょう	TBD (a make-believe friendship)	phrase	concept	000004E3:27:28	provisional	n	surfaces in Natsumi's mind twice (000004F9:11:23); one fixed EN; see V073
親不孝	おやふこう	a bad daughter	noun	term	000004E3:11:52	provisional	n	親不孝と思われてもいい = "Let them think I'm a bad daughter"
頭の中お花畑	あたまのなかおはなばたけ	head full of daydreams	phrase	term	000004E3:27:11	provisional	n	idiom; naive; image not used by the text
主犯	しゅはん	mastermind	noun	term	000004E3:27:102	provisional	n	paired with 実行犯
実行犯	じっこうはん	the one who does the killing	noun	term	000004E3:27:102	provisional	n	paired with 主犯
鎌	かま	scythe	noun	object	000004E3:27:136	provisional	n	鎌に骸骨 = the reaper image (scythe and skeleton)
骸骨	がいこつ	skeleton	noun	object	000004E3:27:136	provisional	n	
凶悪犯	きょうあくはん	violent criminal	noun	term	000004E3:27:103	provisional	n	also 凶悪事件 = "violent crime" (000004F9:11:142)
桜岡	さくらおか	Sakuraoka	noun	place	000004F9:11:1	fixed	n	unstaffed station; source prints "桜 岡" once (ruby residue); 桜岡と言う名の通り the name means cherry hill and the text uses it (11:7); reading inferred; P21 QUNTR19-03: 6 shipped uses
桜岡駅	さくらおかえき	TBD (Sakuraoka Station)	noun	place	000004F9:11:39	provisional	n	follows 桜岡
無人駅	むじんえき	unstaffed station	noun	place	000004F9:11:1	provisional	n	
気配のない気配	けはいのないけはい	TBD (a presence of no presence)	phrase	concept	000004F9:11:9	provisional	n	in 『』 in narration; paradox kept
西佐波警察	にしさわけいさつ	TBD (West Sawa Police)	noun	org	000004F9:11:136	provisional	n	follows 佐波 (V011)
桜岡街道	さくらおかかいどう	TBD (the Sakuraoka road)	noun	place	000004F9:11:142	provisional	n	follows 桜岡
警察無線	けいさつむせん	police radio	noun	object	000004F9:11:129	provisional	n	
パトカー	ぱとかー	police car	noun	object	000004F9:11:87	provisional	n	also パトランプ (00000522:11:148) = "the police car's light"
つばぜり合い	つばぜりあい	locked blade to blade	noun	term	000004F9:11:101	provisional	n	set phrase; the text shows the actual clash, so a blade image fits
馬鹿力	ばかぢから	monstrous strength	noun	term	000004F9:11:107	provisional	n	
了解	りょうかい	Roger.	interjection	interjection	000004F9:11:138	provisional	n	function: radio acknowledgement (了解しました 11:142 = "Roger that")
どうぞ	どうぞ	Over.	interjection	interjection	000004F9:11:136	provisional	n	function: radio sign-off only; elsewhere どうぞ = "go ahead"/"please"
女子高生	じょしこうせい	high-school girls	noun	term	000004F9:11:140	provisional	n	police radio "被害者は女子高生2人"
発作	ほっさ	attack / fit	noun	term	0000050E:11:77	provisional	n	四月病の発作 = "an April-sickness attack" (follows 四月病, V008)
めまい	めまい	dizziness	noun	term	0000050E:11:50	provisional	n	
虚脱感	きょだつかん	a drained feeling / weakness	noun	term	0000050E:11:50	provisional	n	
土下座	どげざ	get down on my knees and bow	noun	term	0000050E:11:64	provisional	n	何回土下座したって = "no matter how many times I got on my knees"; descriptive, no TN
独りよがり	ひとりよがり	self-righteous	adj	term	0000050E:11:132	provisional	n	独りよがりの正義 = "your self-righteous idea of justice"
自己満足	じこまんぞく	self-satisfaction	noun	term	0000050E:11:132	provisional	n	
テールランプ	てーるらんぷ	taillights	noun	object	0000050E:11:167	provisional	n	
死神失格	しにがみしっかく	TBD (a failure as a 死神)	phrase	term	0000050E:11:173	provisional	n	Haruka's taunt; follows 死神 (V014)
ざまあみろ	ざまあみろ	Serves you right!	interjection	interjection	0000050E:11:172	provisional	n	function: Haruka's taunt
ちくしょう	ちくしょう	Dammit	interjection	interjection	0000050E:11:7	provisional	n	function: Haruka's frustrated curse; stronger than くそ ("Damn")
ブレーキ痕	ぶれーきこん	skid marks	noun	term	00000522:11:4	provisional	n	
緊急手術	きんきゅうしゅじゅつ	emergency surgery	noun	term	00000522:11:8	provisional	n	
待合所	まちあいじょ	waiting area	noun	place	00000522:11:9	provisional	n	hospital
うわごと	うわごと	as if delirious	noun	term	00000522:11:12	provisional	n	うわごとのようにつぶやく = "murmured as if delirious"
焼死体	しょうしたい	burned body	noun	term	00000522:11:55	provisional	n	
仮説	かせつ	hypothesis	noun	term	00000522:11:70	provisional	n	Goto's word; 推測 = "guess" (11:100) is lower, the text contrasts them
推測	すいそく	guess / conjecture	noun	term	00000522:11:100	provisional	n	contrasted with 仮説
パトランプ	ぱとらんぷ	the police car's light	noun	object	00000522:11:148	provisional	n	
社会復帰	しゃかいふっき	return to normal life	noun	term	00000522:11:154	provisional	n	
墓参り	はかまいり	visit to a grave	noun	event	00000522:11:173	provisional	n	お父さんのお墓参り = "visiting Dad's grave"
祀耀802年	しようはっぴゃくにねん	Shiyo 802	noun	date	00000522:11:170	provisional	n	"2年後――祀耀802年　四月。" CALENDAR rule
美冬	みふゆ	Mifuyu	noun	person	00000522:11:92	provisional	n	Haruka's mother's given name (as of 00000550:11:72); 美冬さん by Natsumi's father (00000538:11:111); reading inferred, see V042
カラス	からす	crow(s)	noun	term	00000538:11:1	provisional	n	
死臭	ししゅう	the smell of death	noun	term	00000538:11:2	provisional	n	
事情聴取	じじょうちょうしゅ	questioning	noun	term	00000538:11:18	provisional	n	殺人容疑での事情聴取 = "questioning as a murder suspect"
表札	ひょうさつ	nameplate (on a door)	noun	object	00000538:11:33	provisional	n	the room is not named in the line (霊安室 at 11:163)
身元確認	みもとかくにん	identification	noun	term	00000538:11:34	provisional	n	identifying a body; 身元不明 = "unidentified" (000004CF:12:86)
供花	きょうか	funeral flowers	noun	object	00000538:11:51	provisional	n	
位牌	いはい	memorial tablet	noun	object	00000538:11:51	provisional	n	無記名の位牌 = "a blank memorial tablet"
線香	せんこう	incense	noun	object	00000538:11:51	provisional	n	
失血死	しっけつし	bled to death	noun	term	00000538:11:82	provisional	n	
肉塊	にくかい	lump of flesh	noun	term	00000538:11:85	provisional	n	
進級	しんきゅう	moving up a year	noun	event	00000538:11:105	provisional	n	進級おめでとう = "Congratulations on moving up a year"
おそろい	おそろい	matching	adj	term	00000538:11:110	provisional	n	おそろいスマホ = "matching phones"
火葬	かそう	cremation	noun	event	00000538:11:129	provisional	n	
干し肉	ほしにく	jerky	noun	food	00000538:11:131	provisional	n	image the narrator uses for the dry skin; keep
取調室	とりしらべしつ	interrogation room	noun	place	00000538:11:176	provisional	n	
取り調べ	とりしらべ	questioning	noun	term	00000538:11:172	provisional	n	also 取調べ (11:172); same EN
スマートフォン	すまーとふぉん	smartphone	noun	object	00000538:11:106	provisional	n	スマホ in speech = "phone"
年忌	ねんき	memorial anniversaries	noun	term	00000550:11:62	provisional	n	Buddhist memorials counted with the death year as the first; Natsumi's reasoning turns on it; see V067
三回忌	さんかいき	third-year memorial service	noun	event	00000550:11:64	fixed	y	held 2 years after a death; see V067, V035 | RULING Fable 2026-10-01 (QP4C-03): N-year memorial pattern as 十三回忌 = thirteenth-year memorial; once per file the note [TN: Buddhist memorials count the year of death as the first year.]
七回忌	ななかいき	seventh-year memorial service	noun	event	00000550:11:64	fixed	n	held 6 years after; see V067; rulings-P5 2026-10-01
十回忌	じゅっかいき	tenth-year memorial service	noun	event	00000550:11:65	fixed	n	Natsumi doubts it exists; the 荒田集落 custom (11:70); see V067; rulings-P5 2026-10-01
十年祭	じゅうねんさい	TBD (tenth-year rite)	noun	event	00000550:11:70	provisional	n	Shinto memorial rite (神道でいう十年祭)
法要	ほうよう	the memorial service	noun	event	00000550:11:71	fixed	n	P23 (000014BC 8:123-125)
神道	しんとう	Shinto	noun	term	00000550:11:70	provisional	n	
いじめ	いじめ	bullying	noun	term	00000550:11:37	provisional	n	いじめていた児童や生徒 = "children and students who bullied her"
間抜け	まぬけ	klutz	noun	term	00000550:11:108	provisional	n	Haruka on her dead father: "お父さんが間抜けだっただけだよ！"
絆	きずな	bond	noun	term	00000550:11:115	provisional	n	source prints " 絆 " with ruby-residue spaces
ガチ	がち	a real, hardcore	adj	term	00000550:11:144	provisional	n	ガチなロリコン = "a hardcore lolicon" (follows V047)
空気読めよ	くうきよめよ	Read the room	phrase	term	00000550:11:147	provisional	n	narration punchline "空気読めよ、五島。"
手紙	てがみ	letter(s)	noun	object	00000550:11:38	provisional	n	Haruka's letters to Natsumi; the father's note 00000564 is called 手紙 from 0000057B:11:24
ハイエナ	はいえな	hyena	noun	term	00000564:11:17	provisional	n	Haruka's insult to Goto
天才美少女	てんさいびしょうじょ	TBD (genius beauty)	noun	title	00000564:11:19	provisional	n	variant of 自他ともに認める天才少女 with 美 inserted; Haruka reacts to the 美少女 part (11:20); see V071
中二病	ちゅうにびょう	chunibyo	noun	term	00000564:11:26	fixed	n	O-61 culture noun, no TN; shipped 00000564; locked 2026-10-01
丁目	ちょうめ	-chome	noun	place	00000CCA:15:0	fixed	n	address unit stays Japanese (2丁目 = "2-chome"; 七海町2丁目区画 = "Nanami-cho 2-chome block"); locked rulings-P7 QP8PRE-06 2026-10-01
山湖ハイランド	さんこはいらんど	Sanko Highland	noun	place	000008D0:8:0	provisional	n	; UNTR5 QUNTR5-07 2026-10-01
白桃	はくとう	Hakuto	noun	brand	000008D0:8:0	provisional	n	display "Chinese Restaurant 'Hakuto'"; UNTR5 QUNTR5-07 2026-10-01
敷島伸浩	しきしまのぶひろ	Nobuhiro Shikishima	noun	person	000008D0:8:0	provisional	n	reading from the source parenthesis; UNTR5 QUNTR5-07 2026-10-01
七海町病院	ななみちょうびょういん	Nanami-cho Hospital	noun	place	000008D0:8:0	provisional	n	; UNTR5 QUNTR5-07 2026-10-01
飯沢北本線	いいざわきたほんせん	Iizawa North Main Line	noun	place	000008D0:8:0	provisional	n	; UNTR5 QUNTR5-07 2026-10-01
飯沢北線	いいざわきたせん	Iizawa North Line	noun	place	000008D0:8:0	provisional	n	; UNTR5 QUNTR5-07 2026-10-01
飯沢縦貫線	いいざわじゅうかんせん	Iizawa Trunk Line	noun	place	000008D0:8:0	provisional	n	; UNTR5 QUNTR5-07 2026-10-01
荒田線	あらたせん	Arata Line	noun	place	000008D0:8:0	provisional	n	; UNTR5 QUNTR5-07 2026-10-01
荒田駅	あらたえき	Arata Station	noun	place	000008D0:8:0	provisional	n	; UNTR5 QUNTR5-07 2026-10-01
豊岳村	とよたけむら	Toyotake Village	noun	place	000008D0:8:0	provisional	n	follows 豊岳; UNTR5 QUNTR5-07 2026-10-01
豊岳山道	とよたけさんどう	the Toyotake mountain road	noun	place	000008D0:8:0	provisional	n	; UNTR5 QUNTR5-07 2026-10-01
荒田山道	あらたさんどう	the Arata mountain road	noun	place	000008D0:8:0	provisional	n	display "Arata Mountain Road"; UNTR5 QUNTR5-07 2026-10-01
中津駅	なかつえき	Nakatsu Station	noun	place	000008D0:8:0	provisional	n	; UNTR5 QUNTR5-07 2026-10-01
中津市	なかつし	Nakatsu City	noun	place	000008D0:8:0	provisional	n	; UNTR5 QUNTR5-07 2026-10-01
新村幸一郎	にいむらこういちろう	Koichiro Niimura	noun	person	000008D0:8:0	provisional	n	; UNTR5 QUNTR5-07 2026-10-01
新村本家	にいむらほんけ	the Niimura main house	noun	place	000008D0:8:0	provisional	n	as a place; display "Niimura Main House"; UNTR5 QUNTR5-07 2026-10-01
黄泉戸喫	よもつへぐい	yomotsuhegui	noun	concept	000008D0:8:0	provisional	n	O-61, no note; UNTR5 QUNTR5-07 2026-10-01
町歩	ちょうぶ	chobu	noun	term	000008D0:8:0	provisional	n	old land unit, O-61; UNTR5 QUNTR5-07 2026-10-01
マスク・デ・ルシフェル	ますく・で・るしふぇる	Masque de Lucifer	noun	title	000008D0:8:0	provisional	n	; UNTR5 QUNTR5-07 2026-10-01
コンパ	こんぱ	drinking party	noun	term	000008D0:8:0	provisional	n	; UNTR5 QUNTR5-07 2026-10-01
元木小学校	もときしょうがっこう	Motoki Elementary School	noun	org	000008D0:8:0	provisional	n	; UNTR5 QUNTR5-07 2026-10-01
オカルト雑誌『M』	おかるとざっし えむ	Occult Magazine 'M'	noun	brand	000008D0:8:0	provisional	n	; UNTR5 QUNTR5-07 2026-10-01
女ケ沢新聞③	めがさわしんぶん さん	Megasawa Newspaper 3	noun	title	000008D0:8:0	provisional	n	as rows 27/28; UNTR5 QUNTR5-07 2026-10-01
黒歴史	くろれきし	embarrassing past	noun	term	00000564:11:27	provisional	n	
高3	こうさん	third-year of high school	noun	term	00000564:11:26	provisional	n	also あの3年 (11:5) = "that third-year"
ショートメッセージ	しょーとめっせーじ	text message	noun	ui	00000564:11:29	provisional	n	
迷惑メッセージ	めいわくめっせーじ	spam	noun	ui	00000564:11:30	provisional	n	
ピザバカ女	ぴざばかおんな	TBD (pizza-crazy girl)	phrase	term	00000564:11:54	provisional	n	日本一のピザバカ女 = "the most pizza-crazy girl in Japan"
連絡帳	れんらくちょう	address book	noun	object	00000564:11:68	provisional	n	親戚の連絡帳 = "the relatives' address book"
葬儀屋	そうぎや	funeral home	noun	place	00000564:11:11	provisional	n	
宗派	しゅうは	sect	noun	term	00000564:11:71	provisional	n	Buddhist denomination; 新村家は特別な宗派
例の件	れいのけん	the matter / that matter	phrase	term	00000564:11:103	provisional	n	in the father's letter; unexplained, keep vague
抹殺	まっさつ	erased / wiped out	noun	term	00000564:11:108	provisional	n	社会から抹殺される = "be erased from society"
正体	しょうたい	true identity / what she really is	noun	term	00000564:11:114	provisional	n	美冬さんの正体; also 死神の正体 (000004E3:27:103)
屋上	おくじょう	roof	noun	place	00000564:11:139	provisional	n	5階の上が屋上 = "the roof is above the 5th floor"
怪人	かいじん	the strange figure	noun	term	00000564:11:157	fixed	y	narration word for the masked figure before unmasking; ungendered; QP14A-05 rulings-P14 2026-10-02: 5 shipped sites
緊急逮捕	きんきゅうたいほ	arrest (on the spot, without a warrant)	noun	term	00000564:11:182	provisional	n	"緊急逮捕する！" = "You're under arrest!"
死体遺棄	したいいき	abandoning a body	noun	term	00000564:11:182	provisional	n	殺人および死体遺棄の容疑 = "on suspicion of murder and abandoning a body"
衆人環視	しゅうじんかんし	in front of all these people	noun	term	00000564:11:187	provisional	n	
ベランダ	べらんだ	balcony	noun	place	00000564:11:127	provisional	n	
茜へ	あかねへ	To Akane,	phrase	term	00000564:11:97	provisional	n	letter salutation; letter signed 古郡良治 (11:120)
非常線	ひじょうせん	cordon	noun	term	0000057B:11:7	provisional	n	
時報	じほう	time signal	noun	sfx	0000057B:11:19	provisional	n	午前0時を知らせる時報 = "the time signal announcing midnight"; same sound as the clock at Haruka's home
冥福	めいふく	rest in peace	noun	term	0000057B:11:16	provisional	n	冥福を祈る = "pray for their souls"
手を合わせる	てをあわせる	put my hands together	phrase	term	0000057B:11:15	provisional	n	prayer gesture; the gesture is seen (11:18), keep
お姉さん	おねえさん	older sister (Goto's)	noun	person	0000057B:11:91	provisional	n	STYLE: separate row from お姉ちゃん. Here Natsumi's reference to Goto's older sister (not a relative) = "Goto's sister" / "her sister"
ガキ	がき	a kid	noun	term	0000057B:11:96	provisional	n	Momoko on Goto: "いつまでたってもガキなんだから"
ったく	ったく	Geez	interjection	interjection	0000057B:11:96	provisional	n	function: exasperated opener (Momoko)
ピザサービス券	ぴざさーびすけん	free-pizza coupon	noun	object	00000595:11:2	provisional	n	
デラックスピザ	でらっくすぴざ	Deluxe Pizza	noun	food	00000595:11:14	provisional	n	menu name
タバスコ	たばすこ	Tabasco	noun	food	00000595:11:19	provisional	n	
Lサイズ	えるさいず	large	noun	term	00000595:11:23	provisional	n	
広告塔	こうこくとう	poster child	noun	term	00000595:11:45	provisional	n	Goto at the cram school
ネットサーフィン	ねっとさーふぃん	surfing the net	noun	term	00000595:11:48	provisional	n	
自然史博物館	しぜんしはくぶつかん	the Natural History Museum	noun	place	00000595:11:80	provisional	n	London; Haruka's mix-up, translate as written (V068)
エッフェル塔	えっふぇるとう	the Eiffel Tower	noun	place	00000595:11:80	provisional	n	
チリ	ちり	Chile	noun	place	00000595:11:85	provisional	n	pun on 地理 (geography); see V068
パリ	ぱり	Paris	noun	place	00000595:11:86	provisional	n	
ピサの斜塔	ぴさのしゃとう	the Leaning Tower of Pisa	noun	place	00000595:11:87	provisional	n	
サグラダファミリア	さぐらだふぁみりあ	the Sagrada Familia	noun	place	00000595:11:87	provisional	n	
ヨーロッパ	よーろっぱ	Europe	noun	place	00000595:11:79	provisional	n	
離婚	りこん	divorce	noun	term	00000595:11:108	provisional	n	
服役	ふくえき	serving time	noun	term	00000595:11:112	provisional	n	
郵便受け	ゆうびんうけ	mailbox	noun	object	00000595:11:122	provisional	n	the apartment building's mailbox at the entrance (cf. ポスト = street mailbox); lock: 暗証番号式 00000595:11:123, ダイヤル式 000005AC:11:2
暗証番号式	あんしょうばんごうしき	combination lock	noun	term	00000595:11:123	provisional	n	see V069
ダイヤル式	だいやるしき	combination dial	noun	term	000005AC:11:2	provisional	n	see V069
もぐもぐ	もぐもぐ	munch munch	interjection	sfx	00000595:11:24	provisional	n	Haruka talking while eating; also むぐむぐ 11:25 (a variant, keep distinct: "mmf mmf")
うひょー	うひょー	Woo-hoo!	interjection	interjection	00000595:11:5	provisional	n	function: Haruka's delight at food
ほれ	ほれ	Here.	interjection	interjection	00000595:11:19	provisional	n	function: Haruka handing something over
超炭酸ボンバー	ちょうたんさんぼんばー	Super Soda Bomber	noun	brand	000005AC:11:40	fixed	y	Haruka's favourite drink, extremely fizzy, thick can like an oxygen tank; 超 is repeated one per cell 11:41-44
酸素ボンベ	さんそぼんべ	oxygen tank	noun	object	000005AC:11:41	provisional	n	image the text uses for the can
県道	けんどう	prefectural road	noun	place	000005AC:11:5	provisional	n	
外廊下	そとろうか	outside walkway	noun	place	000005AC:11:0	provisional	n	apartment corridor open to the air
ぶあっぺ	ぶあっぺ	Bwahpff!	interjection	sfx	000005AC:11:55	provisional	n	function: Haruka hit in the face by soda spray
そっちかい	そっちかい	That's what you're upset about?!	phrase	interjection	000005AC:11:62	provisional	n	function: tsukkomi retort (Natsumi)
四月病患者	しがつびょうかんじゃ	an April-sickness patient	noun	term	000005AC:11:23	fixed	n	follows 四月病 (V008)
喫茶店	きっさてん	cafe	noun	place	000005C1:11:14	provisional	n	the pricey café opposite Goto's cram school; named プリマベラ at 00000656:11:13
チャージ料	チャージりょう	cover charge	noun	term	000005C1:11:89	provisional	n	Haruka calls it a 謎システム
サービス料	サービスりょう	service charge	noun	term	000005C1:11:135	provisional	n	in 『』; pairs with the free cookie ("サービス")
ブレンドコーヒー	ブレンドコーヒー	blend coffee	noun	food	000005C1:11:70	provisional	n	1200 yen, the cheapest item
スイーツデラックスセット	スイーツデラックスセット	Sweets Deluxe Set	noun	food	000005C1:11:102	provisional	n	menu item name; cf. プリマベラのデラックスセット 00000656:11:15
元木成金	もときなりきん	TBD (Motoki new money)	noun	term	000005C1:11:53	provisional	n	Haruka's coinage for rich incomers buying Motoki property; Natsumi echoes it as a question
ざます	ざます	(register) over-formal English, no contractions	phrase	term	000005C1:11:40	provisional	n	genteel madam register with ですわ; STYLE DIALECT POLICY (Q074): never "my dear", never "positively"
奥様	おくさま	TBD (madam)	noun	title	000005C1:11:40	provisional	n	the two madams' address to each other (V078)
築5年	ちくごねん	five years old (building)	phrase	term	000005C1:11:40	provisional	n	"only five years old" as a put-down of an apartment
一軒家	いっけんや	a house of one's own	noun	term	000005C1:11:45	provisional	n	detached house, contrasted with マンション
ケバい	ケバい	flashy / overdone	adj	term	000005C1:11:35	provisional	n	"not flashy at all" about the waitress's dyed hair
食い逃げ	くいにげ	dine and dash	noun	term	000005C1:11:83	provisional	n	Natsumi's alarm at Haruka's "run for it"
片言	かたこと	TBD (broken speech)	noun	term	000005C1:11:93	provisional	n	Haruka's word for Natsumi's katakana answers (V079)
ボッタクリ	ぼったくり	Rip-off.	noun	term	000005C1:11:119	provisional	n	said in katakana by Natsumi; Haruka: "that's not even broken speech" (V079)
梅干し	うめぼし	pickled plums	noun	food	000005C1:11:195	provisional	n	"あれは正義" (Haruka)
桜もち	さくらもち	sakura mochi	noun	food	000005C1:11:204	provisional	n	Natsumi's only disliked food (cherry-leaf rice cake); TN case 1 at first occurrence per file
ピカイチ	ピカイチ	second to none	noun	term	000005C1:11:244	provisional	n	inside Goto's refrain extension
家出	いえで	running away from home	noun	term	000005C1:11:249	provisional	n	Goto's guess
新村タコ	にいむらタコ	TBD (Niimura octopus)	phrase	term	000005C1:11:270	provisional	n	Goto squeezing Haruka's cheeks into an octopus face; "タコさん" 11:274
ぐぬぬ	ぐぬぬ	Grrr...!	interjection	interjection	000005C1:11:280	provisional	n	function: frustrated, cannot answer back (Haruka)
お三方	おさんかた	the three of you	noun	term	000005C1:11:300	provisional	n	service 敬語 by the waitress (Goto's sister)
化けの皮	ばけのかわ	the mask slipped	phrase	term	000005C1:11:308	provisional	n	set phrase (化けの皮がはがれる); IMAGES AND SET PHRASES
許されぬ愛の逃避行	ゆるされぬあいのとうひこう	TBD (a forbidden-love elopement)	phrase	term	000005C1:15:0	provisional	n	Goto's joke line closing both variants (15:0, 25:0)
＼バカ！／	＼バカ！／	TBD	phrase	ui	000005C1:15:1	provisional	n	two shouted voices with emphasis glyphs (V081)
五島家	ごとうけ	the Goto home	noun	org	000005D6:11:2	provisional	n	"ようこそ五島家へ！" cf. 古郡家
そ・れ・と・も	それとも	TBD (Or...)	phrase	term	000005D6:11:14	provisional	n	one mora per cell, stock newlywed line; CELL-SPLIT WORDS (V083)
捜索願	そうさくねがい	a missing-person report	noun	term	000005D6:11:81	provisional	n	filed by Natsumi's mother
新人	しんじん	a rookie	noun	term	000005D6:11:113	provisional	n	Haruka's guess about Ise
ツインテール	ツインテール	twin tails	noun	term	000005D6:11:149	provisional	n	Goto's hairstyle for Ise's photos
盗聴器	とうちょうき	bug (listening device)	noun	object	000005D6:11:165	provisional	n	left by the police; recurs 000005EB, 0000062C
湯船	ゆぶね	the tub	noun	object	000005EB:11:1	provisional	n	
かけ湯	かけゆ	rinsed off with hot water	noun	term	000005EB:11:7	provisional	n	rinse before getting into the tub; descriptive, no TN
じゃーん	じゃーん	Ta-da!	interjection	interjection	000005EB:11:34	provisional	n	function: showy entrance (Goto)
参上	さんじょう	has arrived!	noun	term	000005EB:11:34	fixed	y	mock-heroic entrance formula "五島絵梨奈、参上！"; rulings-P14 2026-10-02
成敗	せいばい	punish	noun	term	000005EB:11:44	provisional	n	mock-samurai "成敗してやる！" (Haruka)
エロ親父	エロおやじ	dirty old man	noun	term	000005EB:11:63	provisional	n	Haruka to Goto
幼児体型	ようじたいけい	a little kid's body	noun	term	000005EB:11:70	provisional	n	Haruka's jab at Goto
ちんちくりん	ちんちくりん	shrimp	noun	term	000005EB:11:81	provisional	n	Natsumi to Goto; recurs 00000656:11:44
ボッチ	ぼっち	loner	noun	term	000005EB:11:88	provisional	n	Haruka to Goto
嘘泣き	うそなき	fake crying	noun	term	000005EB:11:92	fixed	n	P23 (0000142B 8:197)
修羅	しゅら	demon of fury	noun	concept	000005EB:11:102	fixed	n	recurs 00000600:11:44 (implied), 19:5, 19:7-9 (V088); rulings-P5 2026-10-01
へっくしょん	へっくしょん	Achoo!	interjection	sfx	000005EB:11:84	provisional	n	the unattributed sneeze (V090)
桜寿司	さくらずし	TBD (Sakura Sushi)	noun	brand	00000600:11:13	provisional	n	high-class sushi shop
特上	とくじょう	the premium set	noun	term	00000600:11:13	provisional	n	top-grade sushi order
でおます	でおます	TBD	phrase	term	00000600:11:13	provisional	n	Goto's Kansai-merchant flavoured joke ending; same family as でんなあ (V015)
寿司桶	すしおけ	sushi tub	noun	object	00000600:11:14	provisional	n	
ウニの軍艦	ウニのぐんかん	sea-urchin gunkan	noun	food	00000600:11:19	provisional	n	battleship-style sushi
かっぱ巻き	かっぱまき	cucumber roll	noun	food	00000600:11:22	provisional	n	
いくら	いくら	TBD (ikura / salmon roe)	noun	food	00000600:11:23	provisional	n	the text defines it (Russian for "fish eggs"); V085
シャケ	シャケ	TBD	noun	food	00000600:11:28	provisional	n	vs サケ, two readings of "salmon" (V085)
ガーネット	ガーネット	garnet	noun	term	00000600:11:29	provisional	n	with ルベライト, ルビー in the いくら passage
ルベライト	ルベライト	rubellite	noun	term	00000600:11:29	provisional	n	
割り箸	わりばし	disposable chopsticks	noun	object	00000600:11:41	provisional	n	
わさび	わさび	wasabi	noun	food	00000600:11:54	provisional	n	
長野県	ながのけん	Nagano Prefecture	noun	place	00000600:11:56	provisional	n	real place
安曇野	あづみの	Azumino	noun	place	00000600:11:56	provisional	n	real place (wasabi region)
鮫肌	さめはだ	sharkskin grater	noun	object	00000600:11:57	provisional	n	
計画通り	けいかくどおり	TBD (All according to plan)	phrase	term	00000600:15:0	provisional	n	vertical caption, parody of a well-known manga line (V084)
ふはははは	ふはははは	Fwahahaha!	interjection	interjection	00000600:19:3	provisional	n	function: villain laugh (Natsumi possessed); lengths vary (ふはははははは 19:16)
叫喚	きょうかん	screams	noun	term	00000600:19:7	provisional	n	"叫喚の旋律、修羅の舞" (V088)
チチタンク	チチタンク	TBD (boob tanks)	noun	term	00000600:19:18	provisional	n	Natsumi's tirade (V087)
産廃	さんぱい	industrial waste	noun	term	00000600:19:21	provisional	n	"乳デカ産廃どもめ" (V087)
あおっぱな	あおっぱな	a runny nose	noun	term	00000600:19:37	provisional	n	"あおっぱなを垂らしたガキ大将"
ガキ大将	ガキだいしょう	the neighbourhood bully-kid	noun	term	00000600:19:37	provisional	n	Natsumi's picture of the soaked Haruka
オタサーの姫	オタサーのひめ	TBD (the princess of a geek club)	noun	term	00000600:19:38	provisional	n	the soaked Goto; the only girl adored in an otaku circle
仁王立ち	におうだち	standing tall, feet planted	noun	term	00000600:19:39	provisional	n	set phrase; no temple-guardian image
バレー部	バレーぶ	volleyball club	noun	org	00000617:8:43	provisional	n	middle-school club of Natsumi and Goto
顧問	こもん	coach	noun	title	00000617:8:47	provisional	n	顧問の先生; addressed as 先生 in the flashback
レギュラー	レギュラー	a starting spot / a starter	noun	term	00000617:8:135	provisional	n	Natsumi's goal; Goto echoes "レギュラー？"
レギュラー選考	レギュラーせんこう	tryouts for the starting lineup	noun	event	00000617:8:181	provisional	n	April 6
保健室	ほけんしつ	the nurse's office	noun	place	00000617:8:194	provisional	n	
体育館	たいいくかん	the gym	noun	place	00000617:8:66	provisional	n	
吹き抜け	ふきぬけ	the open stairwell	noun	place	00000617:8:206	provisional	n	the shelf fell from it
大会	たいかい	the tournament	noun	event	00000617:8:135	provisional	n	in July (8:234)
エース	エース	ace	noun	term	00000617:8:225	provisional	n	
予言	よげん	prediction	noun	concept	00000617:8:208	provisional	n	"妙な予言" (Natsumi's warning); different kanji from 預言 (prophecy)
燃え尽きた	もえつきた	burned out	phrase	term	0000062C:11:4	provisional	n	Natsumi on quitting club activities; Goto repeats it
二人三脚	ににんさんきゃく	as a team	noun	term	0000062C:11:15	provisional	n	set phrase; no three-legged-race image unless the text uses it
おとり	おとり	bait	noun	term	0000062C:11:79	provisional	n	written in narration as "おとりにして"
停電	ていでん	power cut	noun	term	0000062C:19:31	provisional	n	
排水パイプ	はいすいパイプ	drainpipe	noun	object	0000062C:19:59	provisional	n	雨水の排水パイプ
防弾チョッキ	ぼうだんチョッキ	bulletproof vest	noun	object	00000641:11:106	provisional	n	
テレパシー	テレパシー	telepathy	noun	concept	00000641:11:10	provisional	n	Natsumi's theory of her intuition
立入禁止	たちいりきんし	closed off	noun	term	00000641:11:20	provisional	n	the park after the murder
殺人術	さつじんじゅつ	killing techniques	noun	term	00000641:11:108	provisional	n	Ise to the 死神
殺人未遂	さつじんみすい	attempted murder	noun	term	00000641:11:111	provisional	n	with 殺人罪 (murder) in the arrest formula 11:112
救急車	きゅうきゅうしゃ	ambulance	noun	object	00000641:11:132	provisional	n	
良治君	りょうじくん	Ryoji-kun	noun	person	00000641:11:123	provisional	n	茜's name for her husband (3p)
おばあちゃん	おばあちゃん	Grandma	noun	person	00000656:11:4	provisional	n	Natsumi's own grandmother ("私のおばあちゃんの家")
プリマベラ	プリマベラ	Primavera	noun	brand	00000656:11:13	fixed	n	the café of 000005C1; Italian "spring"; P20: the shipped cafe name (00000656, 000007BC)
新村本家	にいむらほんけ	the Niimura main family	noun	org	00000656:11:31	provisional	n	in the 荒田集落 (00000656:11:107)
脱臼	だっきゅう	dislocated	noun	term	00000656:11:38	provisional	n	Natsumi's elbow
氷山の一角	ひょうざんのいっかく	the tip of the iceberg	phrase	term	00000656:11:169	provisional	n	English idiom matches
豊岳駅	とよたけえき	Toyotake Station	noun	place	00000656:11:173	fixed	n	reading unknown (V092); V092 resolved; shipped 4 sites; P17: reading column filled (V092)
女神様	めがみさま	the Goddess	noun	concept	00000656:11:180	fixed	n	00000656:679 shipped "the Goddess"; locked rulings-P7 QP7D-06 2026-10-01
預言	よげん	prophecy	noun	concept	00000656:11:180	provisional	n	religious prophecy; keep apart from 予言 (prediction)
呪殺	じゅさつ	curse-killing	noun	concept	00000656:11:186	fixed	n	"今年も、呪殺が起きるのか"; cf. title 呪殺編 (V029); aligned rulings-P14 2026-10-02
ちゅうもーーく	ちゅうもく	Attention, everyone!	interjection	interjection	0000066B:11:0	provisional	n	function: Goto's announcement opener; stretch on a content word may be carried ("Atteeention!")
花より団子	はなよりだんご	TBD (food over flowers)	phrase	term	0000066B:11:7	provisional	n	proverb; Haruka about Goto; the scene is flower-viewing, so the image is live
お兄さん	おにいさん	mister	noun	person	0000066B:11:9	provisional	n	non-relative address to a young stall vendor (STYLE non-relatives)
だ・か・らー	だから	TBD (So-o-o!)	phrase	term	0000066B:11:10	provisional	n	one mora per cell, twice (V104)
値切り	ねぎり	haggling	noun	term	0000066B:11:13	provisional	n	
食べかけ	たべかけ	half-eaten	noun	term	0000066B:11:22	provisional	n	"五島の食べかけ" / "食べかけって言うな！"
七海荘	ななみそう	TBD (Nanamiso)	noun	place	00000682:11:37	provisional	n	"七海荘と言うぼろぼろのアパート" in 女ケ沢市; V108
御子神	みこがみ	TBD (Mikogami)	noun	person	00000682:11:41	provisional	n	elementary classmate bullied over her family's religion; bullies say bare 御子神, Haruka 御子神さん; V109
邪教	じゃきょう	evil cult	noun	term	00000682:11:42	provisional	n	"あの邪教のやつ"; the old cult of 女ケ沢市 (00000716:8:117)
邪教徒	じゃきょうと	cultist	noun	term	00000682:11:154	provisional	n	bullies' insult to Haruka
児童養護施設	じどうようごしせつ	children's home	noun	place	00000682:11:23	provisional	n	short form 施設 11:24 -> "the home"
未就学児	みしゅうがくじ	a child not yet in school	noun	term	00000682:11:25	provisional	n	
葉桜	はざくら	cherry trees in leaf	noun	term	00000682:11:26	provisional	n	cherries after the blossoms have fallen; the mother watches them from the ward
おまじない	おまじない	charm / spell (childish)	noun	concept	00000682:11:30	provisional	n	picture-book charms; set against 呪い "curse" (11:35); cf. まじない row
PTA役員	ぴーてぃーえーやくいん	a PTA officer	noun	title	00000682:11:51	provisional	n	
PTA会長	ぴーてぃーえーかいちょう	the PTA president	noun	title	00000682:11:122	provisional	n	
モンスターペアレント	もんすたーぺあれんと	monster parent	noun	term	00000682:11:52	provisional	n	Japanese coinage from English; keep the coinage
のろいのせかい	のろいのせかい	TBD ('The World of Curses')	noun	title	00000682:11:79	provisional	n	children's book title, hiragana, in 『』; given by Haruka's mother
悪魔召喚	あくましょうかん	summoning demons	noun	term	00000682:11:80	provisional	n	
ご先祖様	ごせんぞさま	the ancestors	noun	term	00000682:11:89	provisional	n	様 on a common noun: suffix is zero (STYLE)
カルト教団	かるときょうだん	a cult	noun	org	00000682:11:121	provisional	n	女ケ沢市 was once a 宗教都市 dominated by one
宗教都市	しゅうきょうとし	a religious city	noun	term	00000682:11:121	provisional	n	
給食費	きゅうしょくひ	school lunch money	noun	term	00000682:11:125	provisional	n	
劇薬	げきやく	a toxic chemical	noun	term	00000682:11:143	provisional	n	
野犬	やけん	wild dogs	noun	term	00000682:11:178	provisional	n	
転校勧告	てんこうかんこく	a recommendation to change schools	noun	term	00000682:11:182	provisional	n	issued by the 自治体; "女ケ沢市から出るように"
掟	おきて	the rule (of the settlement)	noun	concept	00000682:11:190	provisional	n	" 掟 " ruby-residue spaces; 荒田集落 forbids Haruka moving there before 16
四月八日の魔女	しがつようかのまじょ	TBD (the witch of April 8)	phrase	concept	00000682:11:186	provisional	n	Haruka's self-name; 四月八日 is the game's subtitle word; V125
遺影	いえい	memorial photo	noun	object	00000682:11:211	provisional	n	the father's portrait in the living-room cabinet
心の支え	こころのささえ	what keeps me going	phrase	term	00000682:11:157	provisional	n	Natsumi's letters (11:157-158); Natsumi herself (11:221)
谷崎	たにざき	Tanizaki	noun	person	00000697:8:46	provisional	n	Haruka's homeroom teacher, Class 3-1; odd Japanese per Haruka (8:51); V105
3年1組	さんねんいちくみ	Class 3-1	noun	org	00000697:8:46	provisional	n	Haruka's class
夏菜	かな	Kana	noun	person	00000697:8:77	fixed	n	someone on the 荒田 side who likes to tease Haruka with dirty jokes; reading V107; P16: reading かな (shipped ruby); full name Kana Niimura; P17: reading column filled (shipped ruby)
ばあちゃん	ばあちゃん	Grandma	noun	person	00000697:8:72	provisional	n	Haruka's grandmother (荒田 side); the caller says おばあちゃん (8:73)
機種変	きしゅへん	got a new phone	noun	term	00000697:8:65	provisional	n	"最近機種変したばっかでさ"
二度寝	にどね	go back to sleep	noun	term	00000697:8:6	provisional	n	also 2度寝 (8:30)
病欠	びょうけつ	off sick	noun	term	00000697:8:71	provisional	n	
下ネタ	しもねた	dirty jokes	noun	term	00000697:8:78	provisional	n	
若作り	わかづくり	dressing younger than her age	noun	term	00000697:8:140	provisional	n	
醜男	ぶおとこ	an ugly man	noun	term	00000697:8:145	provisional	n	Haruka on her father
馴れ初め	なれそめ	how they got together	noun	term	00000697:8:146	provisional	n	
正社員登用	せいしゃいんとうよう	hired on full-time	noun	term	00000697:8:183	provisional	n	from a part-time job
バイト	ばいと	part-time job	noun	term	00000697:8:183	provisional	n	
5000円札	ごせんえんさつ	a 5,000-yen bill	noun	object	00000697:8:176	provisional	n	digits per STYLE numerals (money)
本日休校です	ほんじつきゅうこうです	No School Today	phrase	ui	00000697:8:45	provisional	n	mail subject line after 題名
ん……	ん	Mm...	interjection	interjection	00000697:8:61	fixed	n	opens every line of the 00000697 phone caller; a voice tic, not assent; V106; locked rulings-P7 QP7C-06 2026-10-01 (00000697, 00000944 shipped)
ネットニュース	ねっとにゅーす	online news	noun	term	000006B2:8:6	provisional	n	
謀ったな	はかったな	TBD (You tricked me!)	phrase	interjection	000006B2:8:64	provisional	n	Goto's stock betrayed-villain line
綱渡り	つなわたり	a tightrope walk	noun	term	000006B2:8:87	provisional	n	figurative (risk)
1000円札	せんえんさつ	a 1,000-yen bill	noun	object	000006B2:8:104	provisional	n	
ふんふんふーん	ふんふんふーん	Hmm hmm hmmm	interjection	sfx	000006C9:8:14	provisional	n	Natsumi humming
電柱	でんちゅう	utility pole	noun	object	000006C9:8:58	provisional	n	
ぶえっくしょん	ぶえっくしょん	Ah-CHOO!	interjection	sfx	000006C9:8:98	provisional	n	Goto's fake sneeze; cf. へっくしょん; trailing い V112
ウンがつく	うんがつく	TBD (pun: luck / poop)	phrase	term	000006C9:8:117	provisional	n	"ウンがついちゃいましたね" after the dog mess; V111
犬の糞	いぬのふん	dog poop	noun	term	000006C9:8:116	provisional	n	
お騒がせモード	おさわがせもーど	troublemaker mode	noun	term	000006C9:8:129	provisional	n	
配信サイト	はいしんさいと	streaming site	noun	term	000006C9:8:133	provisional	n	
秤	はかり	scale	noun	object	000006C9:8:143	provisional	n	" 秤 " ruby-residue spaces; kitchen scale used to weigh the phones (000006E0:16:34)
ノンストップ	のんすとっぷ	nonstop	noun	term	000006C9:8:133	provisional	n	
ウインク	ういんく	wink	noun	term	000006C9:8:94	provisional	n	
盗聴	とうちょう	bugged / listening in	noun	term	000006E0:12:0	provisional	n	cf. 盗聴器 row
抹茶ラテ	まっちゃらて	matcha latte	noun	food	000006E0:16:17	provisional	n	
コーラ	こーら	cola	noun	food	000006E0:16:5	provisional	n	
ホットコーヒー	ほっとこーひー	hot coffee	noun	food	000006E0:16:7	provisional	n	Haruka hates coffee (16:15)
GPS	じーぴーえす	GPS	noun	term	000006E0:16:55	provisional	n	
フレンドGPS	ふれんどじーぴーえす	Friend GPS	noun	brand	000006E0:16:56	provisional	n	preinstalled app, in 『』
プリインストール	ぷりいんすとーる	preinstalled	noun	term	000006E0:16:56	provisional	n	
アプリ	あぷり	app	noun	term	000006E0:16:40	provisional	n	
チェックアプリ	ちぇっくあぷり	a scanner app	noun	term	000006E0:16:64	provisional	n	
とう！	とう	Hup!	interjection	interjection	000006E0:16:97	provisional	n	battle cry before a lunge
ほうほう	ほうほう	Oho...	interjection	interjection	000006E0:16:99	provisional	n	appraising, while groping
セクハラ親父	せくはらおやじ	TBD (you groping old perv)	noun	term	000006E0:16:108	provisional	n	cf. エロ親父 row
ヴォリュゥミィ	ゔぉりゅぅみぃ	TBD (voluuuminous)	adj	term	000006E0:16:110	provisional	n	stylised katakana of "volumy"; V114
スリーサイズ	すりーさいず	measurements (bust-waist-hip)	noun	term	000006E0:16:126	provisional	n	
カップ数	かっぷすう	cup size	noun	term	000006E0:16:126	provisional	n	
ロシアンたこ焼き	ろしあんたこやき	Russian-roulette takoyaki	noun	food	000006E0:16:132	provisional	n	12 pieces, some with a spice "hit"
呼び出しボタン	よびだしぼたん	call button	noun	object	000006E0:16:143	provisional	n	
パラメン・アビラン・エリクラン	ぱらめん・あびらん・えりくらん	TBD (Paramen Abiran Eriklan)	phrase	term	000006E0:16:179	provisional	n	Natsumi's incantation; continues "ガラフ・イトア・ギドアクス"; V115
ファミレス	ふぁみれす	family restaurant	noun	place	000006E0:16:183	provisional	n	
ほっほっほ	ほっほっほ	Ohohoho	interjection	interjection	000006E0:16:155	provisional	n	Goto's mock-grand laugh; also ほほほほ (00000761:8:42); cf. ほほほ row
修羅少女	しゅらしょうじょ	Fury Girl	noun	title	000006F9:11:4	fixed	n	one of three parallel titles; V120; rulings-P5 2026-10-01
鬼才少女	きさいしょうじょ	Prodigy Girl	noun	title	000006F9:11:5	fixed	n	Haruka's self-title; V120; rulings-P5 2026-10-01
棺桶	かんおけ	coffin	noun	object	000006F9:17:8	provisional	n	
ハバネロ	はばねろ	habanero	noun	food	000006F9:17:35	provisional	n	
和がらし	わがらし	Japanese mustard	noun	food	000006F9:17:37	provisional	n	
ブラック・デス・デビル・ペッパー	ぶらっく・です・でびる・ぺっぱー	Black Death Devil Pepper	noun	food	000006F9:17:39	provisional	n	in 『』 on the menu; abbreviated BDDP (00000761:8:20)
自主規制	じしゅきせい	self-censorship	noun	term	000006F9:17:32	provisional	n	
じゃんけんポン	じゃんけんぽん	Rock, paper, scissors!	interjection	interjection	000006F9:17:62	provisional	n	"じゃーんけんポン" stretched
チョキ	ちょき	scissors	noun	term	000006F9:17:63	provisional	n	
パー	ぱー	paper	noun	term	000006F9:17:64	provisional	n	
(￣ー￣)	(￣ー￣)	TBD	noun	ui	000006F9:17:69	provisional	n	emoticon as a whole cell of Goto's speech; V117
スコヴィル	すこゔぃる	Scoville	noun	term	000006F9:17:142	provisional	n	
カプサイシン	かぷさいしん	capsaicin	noun	term	000006F9:17:142	provisional	n	
陽動	ようどう	a feint	noun	term	000006F9:17:265	provisional	n	Natsumi's tactic
運ゲー	うんげー	a game of pure luck	noun	term	000006F9:17:139	provisional	n	
修羅モード	しゅらもーど	fury mode	noun	term	000006F9:17:140	fixed	n	rulings-P5 2026-10-01
富良野市	ふらのし	Furano	noun	place	000006F9:17:232	provisional	n	"北海道富良野市"; pumpkins and melons
本州	ほんしゅう	Honshu	noun	place	000006F9:17:231	provisional	n	
修学旅行	しゅうがくりょこう	school trip	noun	event	000006F9:17:229	provisional	n	
ポタージュスープ	ぽたーじゅすーぷ	potage	noun	food	000006F9:17:115	provisional	n	
心理戦	しんりせん	a battle of nerves	noun	term	000006F9:17:289	provisional	n	
天才少女、敗れたり	てんさいしょうじょ、やぶれたり	TBD (The genius girl is defeated!)	phrase	term	000006F9:17:176	provisional	n	archaic ～たり victory cry
代理殺人	だいりさつじん	murder by proxy	noun	term	00000716:8:107	provisional	n	
サイコパス	さいこぱす	psychopath	noun	term	00000716:8:66	provisional	n	
快楽殺人者	かいらくさつじんしゃ	thrill killer	noun	term	00000716:8:66	provisional	n	
遺留品	いりゅうひん	things left at the scene	noun	term	00000716:8:66	provisional	n	
アリバイ工作	ありばいこうさく	manufacturing an alibi	noun	term	00000716:8:69	provisional	n	cf. アリバイ row
猟奇殺人者	りょうきさつじんしゃ	a sick killer	noun	term	00000731:8:56	provisional	n	
烙印	らくいん	brand (stigma)	noun	term	00000731:8:56	provisional	n	
仇	かたき	enemy (in 仇を討つ: take revenge on X's enemy)	noun	term	00000731:8:38	provisional	n	" 仇 " ruby-residue spaces; "お父さんの 仇"
仲間割れ	なかまわれ	falling out among themselves	noun	term	00000731:8:129	provisional	n	
ツギハギ	つぎはぎ	patched-together	noun	term	00000731:8:105	provisional	n	
足がつく	あしがつく	be traced	phrase	term	00000731:8:105	provisional	n	set phrase
下4桁	しもよんけた	the last four digits	noun	term	00000731:8:122	provisional	n	
＝	いこーる	=	noun	ui	00000731:8:13	fixed	n	ASCII " = " with spaces, list shape kept; full-width equals in a spoken premise list; V129
主犯格	しゅはんかく	the ringleader	noun	term	00000749:8:34	provisional	n	cf. 主犯 row
嫁入り	よめいり	marrying in	noun	term	00000749:8:41	provisional	n	brides from outside are welcomed in 荒田集落
帰省	きせい	going back (to the family home)	noun	term	00000749:8:39	provisional	n	
よそ者	よそもの	outsider	noun	term	00000749:8:87	provisional	n	
はみ出し者	はみだしもの	outcasts	noun	term	00000749:8:41	provisional	n	the settlement's founders
排他的	はいたてき	closed to outsiders	adj	term	00000749:8:43	provisional	n	
閉鎖的	へいさてき	insular	adj	term	00000749:8:46	provisional	n	
冠婚葬祭	かんこんそうさい	weddings and funerals	noun	term	00000749:8:59	provisional	n	
終着駅	しゅうちゃくえき	the end of the line	noun	place	00000749:8:75	provisional	n	a mountain terminus below 荒田集落
観光客	かんこうきゃく	tourists	noun	term	00000749:8:106	provisional	n	
戦友	せんゆう	comrade-in-arms	noun	term	00000761:8:15	provisional	n	Natsumi to Haruka, mock
BDDP戦争	びーでぃーでぃーぴーせんそう	the BDDP War	noun	event	00000761:8:20	provisional	n	BDDP = ブラック・デス・デビル・ペッパー
じゃわい	じゃわい	TBD (register: old-man speech)	phrase	term	00000761:8:21	provisional	n	with "すまぬのお", "かのう"; V122
でしてよ	でしてよ	(register) over-formal English, no contractions	phrase	term	00000761:8:34	provisional	n	Goto's posh-lady voice with ですわよ / わたくし; STYLE DIALECT POLICY genteel register, cf. ざます row
リンゴジュース	りんごじゅーす	apple juice	noun	food	00000761:8:24	provisional	n	
着やせ	きやせ	looking slimmer in clothes	noun	term	00000761:8:73	provisional	n	recurring joke word in 00000761
メジャー	めじゃー	tape measure	noun	object	00000761:8:76	provisional	n	
谷間	たにま	cleavage	noun	term	00000761:8:96	provisional	n	
パイだけに	ぱいだけに	TBD (pun: pioneer / boobs)	phrase	term	00000761:8:99	provisional	n	V123
鬼才的アイディア	きさいてきあいでぃあ	a stroke of devilish genius	phrase	term	00000761:8:107	fixed	n	echoes 鬼才少女 (000006F9:11:5); rulings-P5 2026-10-01
最終作戦開始です	さいしゅうさくせんかいしです	TBD ("Final operation, start!")	phrase	term	00000761:8:127	provisional	n	作戦 family (see 作戦開始です row)
レボハイツ	れぼはいつ	Revo Heights	noun	place	00000779:8:1	fixed	n	name of the building with the Kogori and Niimura flats; locked rulings-P5 (00000779 pre-draft) 2026-10-01
軽自動車	けいじどうしゃ	a light car	noun	object	00000779:8:1	provisional	n	kei car; descriptive, no TN
イヤフォン	いやふぉん	earphones	noun	object	00000779:8:3	provisional	n	
小面	こおもて	young woman's mask	noun	object	00000779:8:37	fixed	n	contrasted with 老女の能面; V149; locked rulings-P5 (00000779 pre-draft) 2026-10-01
老女の能面	ろうじょののうめん	an old woman's Noh mask	phrase	object	00000779:8:37	provisional	n	the disguise mask; V149
大魔女	だいまじょ	the Grand Witch	noun	title	00000779:8:43	fixed	n	title of the head of the 荒田集落; must keep the link to 魔女 = "witch"; V149; locked rulings-P5 (00000779 pre-draft) 2026-10-01; P17: GLOSSARY was stale (RESUME 2026-10-04 lesson a): shipped "the Grand Witch" 24 files; address form "Grand Witch-sama" (00000779:201)
大魔女様	だいまじょさま	Grand Witch-sama	noun	title	00000779:8:43	fixed	n	title as address; suffix on a title used as a name (STYLE); V149; locked rulings-P5 (00000779 pre-draft) 2026-10-01
1人はみんなのために。みんなは1人のために。	ひとりはみんなのために。みんなはひとりのために。	One for all, all for one.	phrase	term	00000779:8:49	fixed	n	the 荒田 slogan; same English at every occurrence, byte-identical; locked rulings-P5 QP6PRE-01 (comma, one final stop; no "and"); row fixed 2026-10-01; a printing with ！ after each half ("1人はみんなのために！　みんなは1人のために！", 00000A7C:11:123) = "One for all! All for one!" (words locked, punctuation per printing per STYLE; RULING Fable QP8B-04)
標語	ひょうご	slogan	noun	term	00000779:8:50	provisional	n	
婚姻式	こんいんしき	wedding ceremony	noun	event	00000779:8:57	provisional	n	
殺人教唆	さつじんきょうさ	incitement to murder	noun	term	00000779:8:105	provisional	n	added to the 00000564 arrest formula
婦警	ふけい	a policewoman	noun	title	00000779:8:107	provisional	n	
手錠	てじょう	handcuffs	noun	object	00000779:8:106	provisional	n	
ドッキリ	どっきり	a surprise prank	noun	term	00000779:8:117	fixed	n	aligned to rulings-P14 2026-10-02 (was "a prank / a hidden-camera prank")
モノマネ	ものまね	impression / impersonation	noun	term	00000779:8:102	provisional	n	cf. Haruka's impressions (CAST)
モットー	もっとー	motto	noun	term	00000779:8:149	provisional	n	新村家のモットー
報道規制	ほうどうきせい	a press embargo	noun	term	000007A5:8:16	provisional	n	
引っ越し祝い	ひっこしいわい	housewarming gifts	noun	term	000007A5:8:14	provisional	n	
ゴールデンウィーク	ごーるでんうぃーく	Golden Week	noun	event	000007A5:8:55	provisional	n	holiday week; TN case 1 only if the story turns on it
極刑	きょっけい	the death penalty	noun	term	000007A5:8:61	provisional	n	
心中	しんじゅう	die together	noun	term	000007A5:8:76	fixed	n	心中する / 心中しよう = "die together", nominal 心中 = "dying together"; never "murder-suicide" / "double suicide" (names a killer; the JP leaves it open); locked rulings-P6 2026-10-01
母親失格	ははおやしっかく	a failure as a mother	phrase	term	000007A5:8:97	provisional	n	repeated by Haruka 8:112, 8:119; same English
濡れ衣	ぬれぎぬ	blamed for	noun	term	000007A5:8:106	provisional	n	set phrase, no image
死刑	しけい	the death penalty / execution	noun	term	000007A5:8:131	provisional	n	
係員	かかりいん	the guard	noun	title	000007A5:8:102	provisional	n	the officer at the visiting room
ブラ	ぶら	bra	noun	object	000007A5:8:42	provisional	n	
送料税込	そうりょうぜいこみ	with shipping and tax	phrase	term	000007A5:8:46	provisional	n	
スモーク	すもーく	smoke	noun	term	000007A5:8:178	provisional	n	the dry-ice effect on the takoyaki
蝶々	ちょうちょう	butterfly / butterflies	noun	term	000007BC:8:5	provisional	n	child speech 蝶々さん "Mr. Butterfly"? TBD
ひまわり	ひまわり	sunflowers	noun	term	000007BC:8:32	provisional	n	
痛いの痛いの、飛んでけ	いたいのいたいの、とんでけ	TBD (Pain, pain, fly away!)	phrase	interjection	000007BC:8:25	provisional	n	children's charm against pain
うぎゅ	うぎゅ	Uugh...	interjection	interjection	000007BC:8:20	fixed	n	Mifuyu's whimper tic; the text names and quotes it (000007BC:8:198, 00000818:11:230); V143; locked rulings-P6 QP6C-02 2026-10-01 (quoted inside another line: 'Uugh...')
ブフッ	ぶふっ	Pfft!	interjection	sfx	000007BC:8:120	provisional	n	茜's snorting laugh; variants ブフフ, ブフフッ, ブフホッ, ブフフフホッ -> Pfft-heh, lengthened by the JP length
老け顔	ふけがお	an old face / looks older	noun	term	000007BC:8:112	provisional	n	
猫背	ねこぜ	slouching / a stoop	noun	term	000007BC:8:106	provisional	n	
工業高校	こうぎょうこうこう	a technical high school	noun	org	000007BC:8:79	provisional	n	
甘えん坊	あまえんぼう	a big baby / clingy	noun	term	000007BC:8:89	provisional	n	
共依存	きょういぞん	codependency	noun	term	000007BC:8:196	provisional	n	
イメチェン	いめちぇん	a makeover	noun	term	000007BC:8:201	provisional	n	
ナンパ	なんぱ	hitting on / pick up	noun	term	000007BC:8:228	provisional	n	
着せ替え人形	きせかえにんぎょう	a dress-up doll	noun	term	000007BC:8:213	provisional	n	used twice (8:213, 8:250), same English
罰ゲーム	ばつげーむ	a forfeit	noun	term	000007BC:8:211	provisional	n	
金井	かない	Kanai	noun	person	000007BC:8:254	provisional	n	Mifuyu's maiden name
金井美冬	かないみふゆ	Mifuyu Kanai	noun	person	000007BC:8:255	provisional	n	given name first (STYLE); name-order gag V136
家族になれる人	かぞくになれるひと	someone I can become a family with	phrase	term	000007BC:8:137	provisional	n	Mifuyu's ideal; recurs (000007BC:8:143, 8:268; 00000801:8:2; 000007EA:11:248 家族になってください); keep 家族 = "family" in every variant
旦那様	だんなさま	husband / my husband	noun	term	000007BC:8:146	provisional	n	not the mock 旦那 row; "世界一の旦那様" 00000818:11:205
斡旋	あっせん	set up (arrange)	noun	term	000007BC:8:302	provisional	n	joking use; Mifuyu repeats it (8:303)
良治さん	りょうじさん	Ryoji-san	noun	person	000007BC:8:281	provisional	n	Mifuyu's form
プロポーズ	ぷろぽーず	proposal / propose	noun	event	000007BC:8:279	provisional	n	
ちゃ・ん・と、ご検討ください！以上！	ちゃんと、ごけんとうください！いじょう！	TBD (Give it proper thought! That is all!)	phrase	term	000007BC:8:311	provisional	n	茜's refrain over five cells; replayed 00000818:11:235-239 byte-identical: identical English; CELL-SPLIT WORDS
合コン	ごうこん	a group date	noun	event	000007D3:11:0	provisional	n	
イタリアン居酒屋	いたりあんいざかや	an Italian bar-restaurant	noun	place	000007D3:11:1	provisional	n	
自己紹介	じこしょうかい	self-introduction / introduce yourself	noun	term	000007D3:11:15	provisional	n	child's "じこ……じこしょ……" 0000085D:11:4-5
乾杯	かんぱい	Cheers!	interjection	interjection	000007D3:11:64	provisional	n	toast
ウォッカロック	うぉっかろっく	vodka on the rocks	noun	food	000007D3:11:158	provisional	n	
気合いだ	きあいだ	Fighting spirit!	phrase	interjection	000007D3:11:95	fixed	n	Eiichiro's self-pep; same English at every repeat; locked rulings-P6 2026-10-01
双子の兄貴	ふたごのあにき	my twin brother (older)	phrase	person	000007D3:11:224	provisional	n	Eiichiro's older twin; unnamed
介抱	かいほう	look after (a drunk)	noun	term	000007D3:11:178	provisional	n	
火事だ	かじだ	Fire!	interjection	interjection	000007D3:11:292	provisional	n	
消防士	しょうぼうし	firefighter	noun	title	000007D3:11:302	provisional	n	
アパート	あぱーと	apartment	noun	place	000007D3:11:251	provisional	n	cf. マンション "apartment building"
一一月	じゅういちがつ	November	noun	date	000007D3:11:197	provisional	n	written with two kanji 一; also 000007EA:11:134
鏡	かがみ	mirror	noun	concept	000007D3:11:364	provisional	n	motif: 000007EA:11:240, 11:258-259 "あなたは、私の鏡。私は、あなたの鏡。"
突入	とつにゅう	Charge!	noun	term	000007EA:11:12	fixed	n	then spelled out over cells as "Ch-/ar-/g-/e!" (CELL-SPLIT WORDS); locked rulings-P6 2026-10-01
ちゃ・ん・と、ご検討ください！	ちゃんと、ごけんとうください	Prop- / er- / ly, / give it your consideration!	phrase	term	000007BC:11:0	fixed	n	spelled-out imperative over 4 cells then 「以上！」 = "That is all!"; ASCII hyphens, the JP ・ not carried; ANCHOR: any later speaker repeating the device reuses these bytes cell for cell (QP6A-05, QP6C-01); locked rulings-P6 2026-10-01
お好み焼き	おこのみやき	okonomiyaki	noun	food	000007EA:11:83	provisional	n	TN case 1 at first occurrence
幻聴	げんちょう	hearing things	noun	term	000007EA:11:52	provisional	n	
パンツ一丁	ぱんついっちょう	in his underwear	phrase	term	000007EA:11:61	provisional	n	
美女と野獣	びじょとやじゅう	Beauty and the Beast	phrase	term	000007EA:11:155	provisional	n	gossip
裏メニュー	うらめにゅー	a secret menu	noun	term	000007EA:11:182	provisional	n	
金井様	かないさま	Kanai-sama	noun	person	000007EA:11:169	provisional	n	service address with suffix on a name (see V082)
お連れ様	おつれさま	your companion	noun	term	000007EA:11:188	provisional	n	service formula
常連	じょうれん	a regular	noun	term	000007EA:11:191	provisional	n	
試験	しけん	the tests	noun	term	00000801:8:16	provisional	n	the bride tests of the 荒田集落
休職	きゅうしょく	leave from work	noun	term	00000801:8:20	provisional	n	
大ウシガエル	おおうしがえる	a giant bullfrog	noun	food	00000801:8:79	provisional	n	
恋する乙女	こいするおとめ	a girl in love	phrase	term	00000801:8:27	provisional	n	
春夏秋冬	しゅんかしゅうとう	TBD (spring, summer, autumn and winter)	phrase	term	00000801:8:116	provisional	n	name-season joke; V141
お笑いカルテット	おわらいかるてっと	a comedy quartet	noun	term	00000801:8:117	provisional	n	
おめでた	おめでた	You're expecting.	phrase	term	00000801:8:121	provisional	n	doctor's formula おめでたですね
美冬ちゃん	みふゆちゃん	Mifuyu-chan	noun	person	00000801:8:128	provisional	n	Eiichiro's form after marriage (was 美冬さん)
茜ちゃん	あかねちゃん	Akane-chan	noun	person	000007D3:11:67	provisional	n	Eiichiro's form
カフェインレス	かふぇいんれす	caffeine-free	adj	term	00000801:8:146	provisional	n	
アフタヌーンティーセット	あふたぬーんてぃーせっと	an afternoon tea set	noun	food	00000801:8:147	provisional	n	
悪阻	つわり	morning sickness	noun	term	00000818:11:59	provisional	n	
養子	ようし	adoption / an adopted child	noun	term	00000818:11:76	provisional	n	
代理母	だいりはは	a surrogate mother	noun	term	00000818:11:82	provisional	n	
八つ当たり	やつあたり	taking it out on you	noun	term	00000818:11:104	provisional	n	
元木山	もときやま	Mount Motoki	noun	place	00000818:11:126	fixed	n	locked 2026-10-01 (UNTR4 QUNTR4-05; Motoki-cho pattern)
焼き芋	やきいも	roasted sweet potato	noun	food	00000818:11:128	provisional	n	
リヤカー	りやかー	a cart	noun	object	00000818:11:128	provisional	n	
露店	ろてん	stall	noun	place	00000818:11:132	provisional	n	
おばちゃん	おばちゃん	TBD (ma'am)	noun	person	00000818:11:187	provisional	n	to an unrelated vendor; gag with お姉さん; V144
おばちゃん	おばちゃん	Obachan	noun	person	000008B9:11:0	fixed	n	a child's address / 3p for a friend's mother (non-relative): O-57 pattern (Obasan / Ojisan / Onee-san); locked rulings-P6 QP7PRE-01 2026-10-01
年子	としご	a year apart	noun	term	00000818:11:218	provisional	n	年子の姉妹 = "sisters born a year apart"
花見客	はなみきゃく	cherry-blossom viewers	noun	term	0000082F:11:3	provisional	n	
有給	ゆうきゅう	paid leave	noun	term	0000082F:11:4	provisional	n	
花見休暇	はなみきゅうか	TBD (cherry-blossom leave)	noun	term	0000082F:11:5	provisional	n	in 『』
樹齢	じゅれい	(tree) age	noun	term	0000082F:11:17	provisional	n	
観光資源	かんこうしげん	a tourist attraction	noun	term	0000082F:11:22	provisional	n	
パパ	ぱぱ	Daddy	noun	person	0000082F:11:24	provisional	n	used by the girls at 4; distinct from お父さん = Dad; V148
ママ	まま	Mommy	noun	person	0000082F:11:100	provisional	n	used by Natsumi at 4; toddler まま 00000801:8:163; V148
紙芝居	かみしばい	picture-story show	noun	event	0000082F:11:44	provisional	n	TN case 1 if needed
お駄賃	おだちん	a tip (for the errand)	noun	term	0000082F:11:94	provisional	n	
桜色	さくらいろ	cherry-pink	noun	term	0000082F:11:12	provisional	n	the balloon is 桜色 (11:115)
柵	さく	fence	noun	object	0000082F:11:152	provisional	n	鉄製の先が尖った柵 = spiked iron fence
酒酔い運転	さけよいうんてん	drunk driving	noun	term	0000082F:27:21	provisional	n	
祀耀800年	しようはっぴゃくねん	Shiyo 800	noun	date	00000846:11:0	provisional	n	as written (CALENDAR); conflicts with the 三回忌 (V145)
腐れ縁	くされえん	an old friendship we couldn't shake	noun	term	00000846:11:22	provisional	n	
社用車	しゃようしゃ	the company car	noun	object	00000846:11:58	provisional	n	also 会社の車 (Natsumi)
試作機	しさくき	prototype	noun	object	00000846:11:43	provisional	n	
半導体	はんどうたい	semiconductors / the chips	noun	term	00000846:11:47	provisional	n	
筐体	きょうたい	the casing	noun	term	00000846:11:47	provisional	n	
先方	せんぽう	the client	noun	term	00000846:11:57	provisional	n	
軽量化	けいりょうか	make it lighter	noun	term	00000846:11:66	provisional	n	
情報部	じょうほうぶ	the software department	noun	org	00000846:11:124	provisional	n	
設計図	せっけいず	the design / blueprints	noun	object	00000846:11:44	provisional	n	
コインパーキング	こいんぱーきんぐ	pay parking	noun	place	00000846:11:63	provisional	n	
経理	けいり	accounting	noun	org	00000846:11:64	provisional	n	
心的障害	しんてきしょうがい	trauma	noun	term	00000846:11:107	provisional	n	
暗黙の了解	あんもくのりょうかい	an unspoken rule	phrase	term	00000846:11:104	provisional	n	
促音	そくおん	TBD (the small っ / a doubled consonant)	noun	term	0000085D:11:36	provisional	n	pronunciation passage on ザッハ; V146
転属願い	てんぞくねがい	a transfer request	noun	term	0000085D:11:58	provisional	n	
入学祝	にゅうがくいわい	celebrating starting school	noun	event	0000085D:11:63	provisional	n	
肩車	かたぐるま	on my shoulders	noun	term	0000085D:11:39	provisional	n	
ホウレンソウ炒め	ほうれんそういため	stir-fried spinach	noun	food	0000085D:11:69	provisional	n	
ホットケーキ	ほっとけーき	pancakes	noun	food	0000085D:11:100	provisional	n	
ハンバーグ	はんばーぐ	a hamburger steak	noun	food	0000085D:11:100	provisional	n	
ドライアイス	どらいあいす	dry ice	noun	object	0000085D:11:113	provisional	n	
敵情視察	てきじょうしさつ	reconnaissance	noun	term	0000085D:11:111	provisional	n	mock-military
賭博師	とばくし	gamblers	noun	term	0000085D:11:170	provisional	n	also 賭博気質 11:93 "a gambler's streak"
せーの	せーの	Ready, go!	interjection	interjection	0000085D:11:178	provisional	n	three voices in one cell 11:179
幼なじみ	おさななじみ	childhood friend	noun	term	00000874:11:43	provisional	n	
ターゲット	たーげっと	targets	noun	term	00000874:11:53	provisional	n	quoted back by 良治 in 『』 11:60
消印	けしいん	postmark	noun	term	00000874:11:104	provisional	n	
公衆電話	こうしゅうでんわ	a public phone	noun	object	00000874:11:107	provisional	n	
外崎家	とのさきけ	TBD (the Tonosaki family)	noun	org	00000874:11:98	provisional	n	茜's parents' family; reading unconfirmed (V150)
常夜灯	じょうやとう	the night-light	noun	object	0000088B:16:26	provisional	n	
バックミラー	ばっくみらー	rear-view mirror	noun	object	0000088B:16:2	provisional	n	
身内に不幸	みうちにふこう	a death in the family	phrase	term	0000088B:35:1	provisional	n	set phrase, used as a cover story
お義父さん	おとうさん	TBD (my father-in-law)	noun	person	0000088B:35:41	provisional	n	良治's in-laws (茜's parents); narration only here; STYLE silent on in-law address (V151)
お義母さん	おかあさん	my mother-in-law	noun	person	0000088B:35:41	fixed	n	reference form; as address "Mother"; also Mifuyu's 3p for the 大魔女; V151; locked rulings-P6 QP6D-04 2026-10-01
お義父さん	おとうさん	my father-in-law	noun	person	0000088B:35:41	fixed	n	reference form; as address "Father"; locked rulings-P6 QP6D-04 2026-10-01
外崎津花	とのさきつばな	Tsubana Tonosaki	noun	person	000007A5:8:0	provisional	n	UNTR4 side tables; reading assumed
外崎家	とのさきけ	the Tonosaki home	noun	place	000007A5:8:0	provisional	n	display "The Tonosaki Home"; UNTR4
満田	みつだ	Mitsuda	noun	person	000007A5:8:0	provisional	n	-kun; reading assumed (no ruby); UNTR4
七海荘	ななみそう	Nanami-so	noun	place	00000682:8:0	provisional	n	as 00000682; UNTR4
西佐波市	にしさわし	West Sawa City	noun	place	000007A5:8:0	provisional	n	follows 西佐波警察 West Sawa Police; UNTR4
山籠	さんろう	mountain seclusion	noun	term	000007A5:8:0	fixed	n	display "Mountain Seclusion"; 山籠目録 = "Mountain Seclusion Catalog"; UNTR4; reading さんろう per the ruby at 00000A7C:11:111 (QP8B-06); P23: the shipped ruby form (4 files); 000014D7 8:204
ストロンボリ	すとろんぼり	Stromboli	noun	place	000007A5:8:0	provisional	n	UNTR4
顛末書	てんまつしょ	account	noun	term	000007A5:8:0	provisional	n	reading gag kept as 'tenmatsusho'; 始末書 = "written apology"; UNTR4
元木工業高校	もときこうぎょうこうこう	Motoki Technical High School	noun	org	000007A5:8:0	provisional	n	UNTR4
段ボール	だんぼーる	a cardboard box	noun	object	000008A2:8:25	provisional	n	
ドーピング薬	どーぴんぐやく	a doping drug	noun	term	000008A2:8:46	provisional	n	
リミッター	りみったー	limiter	noun	term	000008A2:8:47	provisional	n	
火事場の馬鹿力	かじばのばかぢから	strength you only find in an emergency	phrase	term	000008A2:8:47	provisional	n	set phrase; cf. 馬鹿力 "monstrous strength"
浮浪者	ふろうしゃ	drifters	noun	term	000008A2:8:61	provisional	n	
西洋人	せいようじん	Westerners	noun	term	000008A2:8:61	provisional	n	
大名	だいみょう	warlords (daimyo)	noun	title	000008A2:8:64	provisional	n	also 00000801:8:42; TN not needed if "warlords"
山賊	さんぞく	bandits	noun	term	000008A2:8:64	provisional	n	also 00000801:8:42
神官	しんかん	a priest	noun	title	000008A2:8:85	provisional	n	the 荒田 meaning of 魔女 (V124)
戦いの正装	たたかいのせいそう	battle dress	phrase	term	000008A2:8:95	provisional	n	
信頼できる人	しんらいできるひと	someone I can trust	phrase	term	000008A2:8:130	fixed	n	in 『』 as a term (000008A2, 000008D0); locked rulings-P7 2026-10-01
密通者	みっつうしゃ	a secret accomplice / an insider	noun	term	000008A2:8:115	provisional	n	
教団	きょうだん	a religious sect / cult	noun	org	000008A2:16:24	provisional	n	cf. カルト教団, 邪教 (00000682)
信者	しんじゃ	believer	noun	term	000008A2:16:26	provisional	n	
口外厳禁	こうがいげんきん	strictly secret	phrase	term	000008A2:16:16	provisional	n	also 00000801:8:45
生きがい	いきがい	all I live for	noun	term	000008A2:8:117	provisional	n	
疫病神	やくびょうがみ	jinx	noun	term	000008B9:8:2	provisional	n	良治's word for small 絵梨奈 (after the takoyaki "hit"), self-corrected to 天才少女
携帯ストラップ	けいたいすとらっぷ	phone strap	noun	object	000008B9:8:12	provisional	n	matching straps (100 yen); yellow one given to 絵梨奈 in block 22; recur 0000092D:11:102
売店	ばいてん	the shop / kiosk	noun	place	000008B9:8:12	provisional	n	next to the lion enclosure
いじめっ子	いじめっこ	bullies / the bully	noun	term	000008B9:29:30	provisional	n	
本末転倒	ほんまつてんとう	backwards / defeating the purpose	phrase	term	000008B9:29:34	provisional	n	set phrase, render by sense
指示書	しじしょ	the instructions	noun	object	000008B9:29:65	provisional	n	Mifuyu's written plan
久慈浩二	くじ こうじ	Koji Kuji	noun	person	000008B9:29:70	provisional	n	the boy target; reading inferred (V179)
畑中ここな	はたなか ここな	Kokona Hatanaka	noun	person	000008B9:29:73	provisional	n	the girl target (V179)
メガモール	めがもーる	TBD ('Megamall')	noun	brand	000008B9:29:76	provisional	n	in 『』 (V180)
プリガールショー	ぷりがーるしょー	TBD ('Pri-Girl Show')	noun	title	000008B9:29:77	provisional	n	in 『』 (V180)
動物園	どうぶつえん	zoo	noun	place	000008B9:29:128	provisional	n	
ロープウェイ	ろーぷうぇい	cable car	noun	object	000008B9:29:128	provisional	n	American English; up a mountain with a sea view
コアリクイ	こありくい	lesser anteater	noun	term	000008B9:29:139	provisional	n	the joke: コ = 小 "small"; "lesser" keeps the small-vs-大 pose gag
威嚇	いかく	threat (display)	noun	term	000008B9:29:141	provisional	n	威嚇のポーズ = "a threat pose"
中華レストラン	ちゅうかれすとらん	Chinese restaurant	noun	place	000008B9:36:2	provisional	n	
ロシアン肉まん	ろしあんにくまん	Russian-roulette pork buns	noun	food	000008B9:36:7	provisional	n	follows ロシアンたこ焼き
大福	だいふく	daifuku	noun	food	000008B9:36:8	provisional	n	TN case 1 if first occurrence needs one
芥末餡包子	じぇもあんばおず	TBD (mustard-filled buns)	noun	food	000008B9:36:11	provisional	n	Chinese menu word with ruby-residue spaces and ASCII gloss (からし入り肉まん) (V153)
花椒	ほあじゃお	TBD (Sichuan peppercorns)	noun	food	000008B9:36:12	provisional	n	gloss (山椒の実) in ASCII parentheses (V153)
女ケ沢事件	めがさわじけん	TBD (the Megasawa case)	noun	event	000008B9:36:29	provisional	n	良治's hypothetical name; must match 女ケ沢 row; distinct from 女ケ沢市事件
たらればの話	たらればのはなし	all ifs and maybes	phrase	term	000008B9:36:54	provisional	n	
宗教団体	しゅうきょうだんたい	a religious group	noun	org	000008B9:36:69	provisional	n	
肉片	にくへん	bits of flesh	noun	term	000008D0:33:19	provisional	n	
証拠隠滅	しょうこいんめつ	destroying the evidence	noun	term	000008D0:33:49	provisional	n	
ガスコンロ	がすこんろ	gas stove	noun	object	000008D0:33:48	provisional	n	
焼死	しょうし	burning to death	noun	term	000008D0:33:51	provisional	n	
まやかしの術	まやかしのじゅつ	trickery / sorcery	phrase	concept	000008D0:39:1	provisional	n	Mifuyu's accusation of Natsumi; identical at 46:147
心理誘導	しんりゆうどう	steering people's minds	noun	term	000008D0:46:62	provisional	n	
新興宗教	しんこうしゅうきょう	a new religion	noun	org	000008D0:46:50	provisional	n	
オカルト	おかると	the occult	noun	concept	000008D0:46:52	provisional	n	
タブー	たぶー	taboo	noun	term	000008D0:46:78	provisional	n	
デタラメ	でたらめ	made up / nonsense	noun	term	000008D0:46:83	provisional	n	
一派	いっぱ	a faction	noun	org	000008D0:46:84	provisional	n	the group that left 荒田 for 女ケ沢
脅し	おどし	a threat / a bluff	noun	term	000008D0:46:99	provisional	n	
鬼の形相	おにのぎょうそう	a face like a demon's	phrase	term	000008D0:46:115	provisional	n	set phrase; image test (STYLE IMAGES): 鬼 motif not noticed here, render by weight
子供用の呪いの本	こどもようののろいのほん	a children's book of curses	phrase	object	000008D0:46:46	provisional	n	= 『のろいのせかい』 (00000682); later 黒魔術の本 (000008E8:8:188)
消毒液	しょうどくえき	disinfectant	noun	term	000008E8:8:1	provisional	n	
問診	もんしん	the doctor's questions	noun	term	000008E8:8:52	provisional	n	
詫言	わびごと	apology	noun	term	000008E8:8:104	provisional	n	
天使様	てんしさま	the angel	noun	concept	000008E8:8:172	provisional	n	child's charm; 天使さん at 8:173 ("our angel")
天使様のおまじない	てんしさまのおまじない	the angel's charm	phrase	concept	000008E8:8:172	provisional	n	opposed to 呪い; おまじない row = charm
おじちゃん	おじちゃん	Ojichan	noun	person	000008E8:8:90	fixed	n	a child's address / 3p for an unrelated man: O-57 pattern (Obasan / Ojisan / Onee-san / Obachan); locked rulings-P7 QP7A-03 2026-10-01
豊岳	とよたけ	Toyotake	noun	place	00000944:8:40	provisional	n	station / place on the line; reading guessed (QP7B-01) 2026-10-01; P20: the shipped form (22 uses)
卍	まんじ	manji	noun	concept	00000944:8:241	fixed	n	OWNER RULING O-61: culture noun romanized, no TN; locked rulings-P7 V161 2026-10-01
口癖	くちぐせ	habit / pet phrase	noun	term	000008E8:8:247	provisional	n	of うぎゅ (V143)
ちょうちょ	ちょうちょ	butterflies	noun	term	000008E8:8:322	provisional	n	child-register word; cf. 蝶々 row
親友	しんゆう	best friend	noun	term	000008E8:8:349	provisional	n	also Haruka's address to Natsumi (00000656:11:34)
供養	くよう	offering for the dead	noun	term	000008E8:8:304	provisional	n	"the best thing I could do for you" by sense
満天の星	まんてんのほし	a sky full of stars	phrase	term	000008E8:8:297	provisional	n	
お隣さん	おとなりさん	the neighbors / next door	noun	term	000008E8:8:352	provisional	n	also 00000916:31:13
県立元木高等学校	けんりつもときこうとうがっこう	Motoki Prefectural High School	noun	org	00000900:11:1	provisional	n	formal name of 元木高校
新入生	しんにゅうせい	new students	noun	term	00000900:11:1	provisional	n	
新入生代表	しんにゅうせいだいひょう	representative of the new students	noun	title	00000900:11:28	provisional	n	
校長先生	こうちょうせんせい	the principal	noun	title	00000900:11:2	provisional	n	
来賓	らいひん	guests	noun	term	00000900:11:2	provisional	n	来賓の皆様 = "our honored guests"
感無量	かんむりょう	deeply moved	adj	term	00000900:11:7	provisional	n	formal speech
花吹雪	はなふぶき	a flurry of petals	noun	term	00000900:11:6	provisional	n	cf. 桜吹雪 row
演台	えんだい	the lectern	noun	object	00000900:11:23	provisional	n	
保護者	ほごしゃ	parents	noun	term	00000900:11:27	provisional	n	保護者の方 = "parents"
祀耀800年四月七日	しようはっぴゃくねんしがつなのか	Shiyo 800, April 7	noun	date	00000900:11:0	provisional	n	CALENDAR rule
始業式	しぎょうしき	the opening ceremony (of the term)	noun	event	00000916:31:0	provisional	n	
春休みボケ	はるやすみぼけ	spring-break daze	noun	term	00000916:31:1	provisional	n	
重箱	じゅうばこ	stacked lunch boxes	noun	object	00000916:31:25	provisional	n	later 弁当箱 (0000092D:11:6)
手土産	てみやげ	a gift (to bring)	noun	object	00000916:31:33	provisional	n	
腹7分目	はらしちぶんめ	only 70% full	phrase	term	00000916:11:7	provisional	n	eat light; digits per NUMERALS? kept as the idiom's number
特急電車	とっきゅうでんしゃ	express train	noun	object	00000916:11:24	provisional	n	
各駅電車	かくえきでんしゃ	local train	noun	object	00000916:11:26	provisional	n	
大天使なつみ様	だいてんしなつみさま	Archangel Natsumi-sama	phrase	title	00000916:25:17	provisional	n	Haruka's mock title
承知	しょうち	Understood!	interjection	interjection	00000916:31:4	provisional	n	Goto, with a salute
嘘も方便	うそもほうべん	a white lie in a good cause	phrase	term	00000916:31:61	provisional	n	
民宿	みんしゅく	a guesthouse	noun	place	00000916:31:94	provisional	n	
受験生	じゅけんせい	studying for entrance exams	noun	term	00000916:31:85	provisional	n	"I'm taking entrance exams this year"
隠れ家的宿	かくれがてきやど	a hideaway inn	noun	place	00000916:31:92	provisional	n	
1泊旅行	いっぱくりょこう	an overnight trip	noun	term	00000916:11:20	provisional	n	also 土日で1泊
ボックス席	ぼっくすせき	facing seats	noun	object	0000092D:11:0	provisional	n	
観光ガイドブック	かんこうがいどぶっく	travel guidebook	noun	object	0000092D:11:22	provisional	n	
花火	はなび	fireworks	noun	object	0000092D:11:38	provisional	n	
夜桜	よざくら	cherry blossoms at night	noun	term	0000092D:11:40	provisional	n	
故人様	こじんさま	the deceased	noun	term	0000092D:11:30	provisional	n	common noun + 様: suffix zero (STYLE)
独り立ち	ひとりだち	standing on my own feet	noun	term	0000092D:11:78	provisional	n	
親離れ	おやばなれ	growing out of needing my mom	noun	term	0000092D:11:79	provisional	n	
妹よ	いもうとよ	little sister	phrase	person	0000092D:11:120	provisional	n	Haruka's mock address to Natsumi; keep "sister" explicit (they are sisters, 00000818)
お・こ・と・わ・り・だ	おことわりだ	TBD (six-cell refusal)	phrase	term	0000092D:11:128	provisional	n	CELL-SPLIT WORDS, six cells (V160)
チガ姉	ちがねえ	Chiga-nee	noun	person	00000944:8:21	provisional	n	kin suffix on a name (STYLE)
新村茅萱	にいむら ちがや	Chigaya Niimura	noun	person	00000944:8:41	provisional	n	reading from チガ姉
茅萱	ちがや	Chigaya	noun	person	00000944:8:25	provisional	n	茅萱さん / 茅萱ちゃん
従姉	じゅうし	cousin	noun	person	00000944:8:41	provisional	n	older female cousin
山菜	さんさい	wild mountain greens	noun	food	00000944:8:35	provisional	n	
1両編成	いちりょうへんせい	a one-car train	noun	term	00000944:8:28	provisional	n	
横がけの椅子	よこがけのいす	side-facing bench	noun	object	00000944:8:16	provisional	n	
オッドアイ	おっどあい	odd eyes (one blue, one green)	noun	term	00000944:8:87	provisional	n	Chigaya, 夏菜; "青と緑のオッドアイ"
コンパ	こんぱ	drinking party	noun	event	00000944:8:158	provisional	n	student mixers; 合コン row = group date
逆ナン	ぎゃくなん	a woman picking up men	noun	term	00000944:8:170	provisional	n	cf. ナンパ row
目力	めぢから	the force of her gaze	noun	term	00000944:8:176	provisional	n	
男性遍歴	だんせいへんれき	my history with men	noun	term	00000944:8:181	provisional	n	
側溝	そっこう	a roadside gutter	noun	place	00000944:8:197	provisional	n	
残念な美人	ざんねんなびじん	a beauty with a catch	phrase	term	00000944:8:220	provisional	n	
関取	せきとり	a sumo wrestler	noun	term	00000944:8:217	provisional	n	
絶叫マシーン	ぜっきょうましーん	a thrill ride	noun	term	00000944:8:239	provisional	n	
荒田	あらた	Arata	noun	place	000008A2:8:12	fixed	n	short form of 荒田集落 (V043); frequent from chunk 06; P16: shipped everywhere
叔母さん	おばさん	Auntie	noun	person	0000095B:11:1	provisional	n	Chigaya to Mifuyu (her own aunt by marriage; STYLE kinship); collides with Natsumi's おばさん (V177)
生け垣	いけがき	hedge	noun	object	0000095B:11:11	provisional	n	
陸の孤島	りくのことう	cut off from the world	phrase	term	0000095B:11:28	provisional	n	set phrase
異国	いこく	a foreign land	noun	term	0000095B:11:28	provisional	n	
長	おさ	the head (of the settlement)	noun	title	0000095B:11:52	provisional	n	荒田集落の長
長老	ちょうろう	an elder	noun	title	0000095B:11:66	provisional	n	
新村エリカ	にいむら えりか	Erika Niimura	noun	person	0000095B:11:85	provisional	n	Haruka's grandmother; katakana given name; "Erika" vs "Erina" keeps the 00000989 one-character joke
ニットワンピース	にっとわんぴーす	knit dress	noun	object	0000095B:11:72	provisional	n	
コスプレ	こすぷれ	cosplay	noun	term	0000095B:11:106	provisional	n	
コスプレババア	こすぷればばあ	cosplay hag	noun	term	0000095B:11:93	provisional	n	Haruka to her grandmother
アニメオタク	あにめおたく	anime otaku	noun	term	0000095B:11:108	provisional	n	TN case 1 if romanized; "anime nerd" alternative
カラコン	からこん	colored contacts	noun	object	0000095B:11:132	provisional	n	
縁側	えんがわ	the veranda	noun	place	0000095B:11:146	provisional	n	
新村幸太郎	にいむら こうたろう	Kotaro Niimura	noun	person	0000095B:35:21	provisional	n	Eiichiro's older twin
幸太郎伯父さん	こうたろうおじさん	Uncle Kotaro	noun	person	0000095B:35:14	provisional	n	Haruka's own relative (STYLE kinship)
伯父さん	おじさん	Uncle	noun	person	0000095B:35:18	provisional	n	relative; Natsumi's おじさん for Eiichiro is a non-relative
新村夏菜	にいむら かな(?)	Kana Niimura	noun	person	0000095B:35:39	fixed	n	reading per UNTR5 tables (QUNTR5-07); locked 2026-10-01
次女	じじょ	second daughter	noun	term	0000095B:35:39	provisional	n	
従妹	じゅうまい	cousin	noun	person	0000095B:35:66	provisional	n	younger female cousin
ロリ巨乳	ろりきょにゅう	a busty loli	noun	term	0000095B:35:92	fixed	y	夏菜, crude slang; aligned to rulings-P14 2026-10-02 (was "TBD")
パッドブラ	ぱっどぶら	padded bra	noun	object	0000095B:35:93	provisional	n	盛り盛りパッドブラ = "heavily padded bra"
まな板	まないた	flat as a board	noun	term	0000095B:35:93	provisional	n	chest insult (cutting board image)
月とすっぽん	つきとすっぽん	worlds apart	phrase	term	0000095B:35:93	provisional	n	set phrase
サバサバ系	さばさばけい	the no-nonsense type	noun	term	0000095B:35:54	provisional	n	
幽霊	ゆうれい	ghost	noun	concept	0000095B:27:6	fixed	n	P23 (000014BC): 幽霊犯人説 = "the ghost-culprit theory"
理屈バカ	りくつばか	logic-obsessed	noun	term	0000095B:11:46	provisional	n	Natsumi on Goto
月がきれいですね	つきがきれいですね	'The moon is beautiful, isn't it?'	phrase	term	0000095B:35:86	provisional	n	V166
ブレイン	ぶれいん	the brains	noun	term	00000972:11:31	provisional	n	
地産地消	ちさんちしょう	local food, eaten locally	noun	term	00000972:11:34	provisional	n	
操	みさお	TBD (virtue)	noun	term	00000972:11:72	provisional	n	Goto's list (V168)
純潔	じゅんけつ	TBD (purity)	noun	term	00000972:11:73	provisional	n	V168
貞操	ていそう	TBD (chastity)	noun	term	00000972:11:74	provisional	n	V168
恥じらい	はじらい	TBD (modesty)	noun	term	00000972:11:75	provisional	n	V168
貞淑	ていしゅく	TBD (decency)	noun	term	00000972:11:107	provisional	n	V168
貞節	ていせつ	TBD (faithfulness)	noun	term	00000972:11:108	provisional	n	V168
節操	せっそう	TBD (principles)	noun	term	00000972:11:109	provisional	n	V168
改造人間	かいぞうにんげん	cyborgs	noun	term	00000972:11:119	provisional	n	"modified humans" (hero-show term) alternative
触診	しょくしん	examination by touch	noun	term	00000972:11:98	provisional	n	
経験則	けいけんそく	experience / rule of thumb	noun	term	00000972:11:132	provisional	n	
焼酎	しょうちゅう	shochu	noun	food	00000972:11:160	provisional	n	TN case 1 at first occurrence
一升瓶	いっしょうびん	a big 1.8-liter bottle	noun	object	00000972:11:159	provisional	n	
般若	はんにゃ	hannya (a demon-woman Noh mask)	noun	object	00000972:11:161	provisional	n	般若の能面
シニガミトカゲ	しにがみとかげ	Shinigami lizard	noun	food	00000972:11:175	fixed	n	must follow the 死神 row (V170); P20: the TBD guess confirmed by the Enma-deer rule (the figure's name kept)
トリカブト	とりかぶと	monkshood	noun	term	00000972:11:176	provisional	n	毒なしトリカブト = "poison-free monkshood"
ゲテモノ	げてもの	weird food	noun	term	00000972:11:179	provisional	n	
極楽	ごくらく	paradise	noun	concept	00000972:11:201	provisional	n	
いただきます	いただきます	Itadakimasu	interjection	interjection	00000972:11:223	fixed	y	the text explains it (a thanks to the food's life); V171; rulings-P13 2026-10-02: romanized, one TN per file at the first site
ダッセエ	だっせえ	Lame!	interjection	interjection	00000972:11:167	provisional	n	
五島エリカ	ごとう えりか	Erika Goto	noun	person	00000989:11:33	provisional	n	the grandmother's Goto persona; name on her paper doll (000009A0:11:98)
仮装	かそう	a costume party act	noun	term	00000989:11:15	provisional	n	beyond コスプレ
スットコドッコイ	すっとこどっこい	nitwit	noun	term	00000989:11:80	provisional	n	old comic insult
オタンコナス	おたんこなす	numbskull	noun	term	00000989:11:80	provisional	n	old comic insult
パッド	ぱっど	padding	noun	object	00000989:11:66	provisional	n	
バトルロイヤル	ばとるろいやる	battle royale	noun	event	00000989:11:112	provisional	n	
荒田流	あらたりゅう	the Arata way	noun	term	00000989:11:117	provisional	n	follows 荒田 row; cf. 新村流
怪談	かいだん	ghost story	noun	term	00000989:11:140	provisional	n	
ジンクス	じんくす	jinx	noun	term	00000989:11:150	provisional	n	
ろうそく	ろうそく	candle	noun	object	00000989:11:138	provisional	n	
坊主憎けりゃ袈裟まで憎い	ぼうずにくけりゃけさまでにくい	hate the monk, hate his robe	phrase	term	00000989:11:88	provisional	n	idiom; English set-phrase equivalent allowed by STYLE IMAGES
フナ虫	ふなむし	a sea slater	noun	term	00000989:11:105	provisional	n	fled "like a cockroach" by weight
連れション	つれしょん	going to the bathroom together	noun	term	000009A0:11:18	provisional	n	
おもらし	おもらし	wetting yourself	noun	term	000009A0:11:22	provisional	n	
趣	おもむき	atmosphere	noun	term	000009A0:11:34	provisional	n	" 趣 " ruby residue
山籠	さんろう	the mountain seclusion	noun	concept	000009A0:11:111	fixed	n	the one-year bride test; reading inferred (V182); reading さんろう per the ruby at 00000A7C:11:111 (QP8B-06)
先代大魔女	せんだいだいまじょ	the previous Grand Witch	noun	title	000009A0:11:109	provisional	n	follows 大魔女 row
地上げ	じあげ	a land grab	noun	term	000009A0:11:126	provisional	n	
県庁所在地	けんちょうしょざいち	the prefectural capital	noun	place	000009A0:11:133	provisional	n	
県庁	けんちょう	the prefectural office	noun	place	000009A0:11:136	provisional	n	
電車代	でんしゃだい	train fare	noun	term	000009A0:11:165	provisional	n	
チャー坊	ちゃーぼう	TBD (Cha-bo)	noun	person	000009A0:11:182	provisional	n	nickname of the official's grandson
神のご加護	かみのごかご	God bless you	phrase	term	000009A0:11:173	provisional	n	"あなたに、神のご加護がありますように"
口が堅い	くちがかたい	can keep a secret	phrase	term	000009A0:11:223	provisional	n	
2000円	にせんえん	2,000 yen	noun	term	000009A0:11:171	provisional	n	
霊感	れいかん	a sense for the supernatural	noun	concept	000009B7:11:3	provisional	n	
不良	ふりょう	delinquent	noun	term	000009B7:11:5	provisional	n	
高校受験	こうこうじゅけん	high-school entrance exams	noun	event	000009B7:11:7	provisional	n	
あっち系	あっちけい	the other kind (supernatural)	phrase	term	000009B7:11:20	provisional	n	
雪だるま	ゆきだるま	snowman	noun	object	000009B7:11:31	provisional	n	
読経	どきょう	sutra chanting	noun	sfx	000009B7:19:15	provisional	n	
着信音	ちゃくしんおん	ringtone	noun	sfx	000009B7:19:14	provisional	n	
バイブ音	ばいぶおん	a buzz (vibration)	noun	sfx	000009B7:19:31	provisional	n	also 00000944:8:205
災害対策	さいがいたいさく	disaster preparedness	noun	term	000009B7:19:48	provisional	n	
テスト送信	てすとそうしん	test message	noun	term	000009B7:19:48	provisional	n	
黒魔術師	くろまじゅつし	a black magician	noun	term	000009CF:11:9	provisional	n	
図書室	としょしつ	the school library	noun	place	000009CF:11:11	provisional	n	
紋章	もんしょう	emblem	noun	object	000009CF:11:28	provisional	n	
女神さま	めがみさま	the Goddess	noun	concept	000009CF:11:31	fixed	n	same as the 女神様 row (V175); locked rulings-P7 QP7D-06 2026-10-01
たすけたい人をたすけるおまじない	たすけたいひとをたすけるおまじない	'A charm to help someone you want to help'	phrase	title	000009CF:11:18	provisional	n	child's hiragana writing in 『』
後半戦	こうはんせん	the second half	noun	term	000009E6:11:0	provisional	n	
設立	せつりつ	founding (a company)	noun	term	000009E6:11:10	provisional	n	
人身事故	じんしんじこ	a person hit by a train	noun	event	000009E6:11:24	provisional	n	
駅員	えきいん	station staff	noun	title	000009E6:11:18	provisional	n	
車掌	しゃしょう	conductor	noun	title	000009E6:11:20	provisional	n	
自動販売機	じどうはんばいき	vending machine	noun	object	000009E6:11:31	provisional	n	
準備中	じゅんびちゅう	Not Available	noun	ui	000009E6:11:33	fixed	n	vending-machine button label (000009E6); locked rulings-P7 2026-10-01
血痕	けっこん	bloodstain	noun	term	000009E6:11:42	provisional	n	
指紋	しもん	fingerprint	noun	term	000009E6:11:53	provisional	n	
ベチャリ	べちゃり	splat	noun	sfx	000009E6:11:61	provisional	n	twice over two cells
モトキザクラ様	もときざくらさま	Motokizakura-sama	noun	concept	000009E6:19:13	fixed	n	romanized; once-per-file TN [TN: Motokizakura: 'Motoki cherry tree'; -sama is an honorific.] (V181); locked rulings-P7 2026-10-01
横書き	よこがき	written horizontally	noun	term	000009E6:19:20	provisional	n	V172
都市伝説	としでんせつ	urban legend	noun	term	000009FE:11:1	provisional	n	
妖怪	ようかい	yokai	noun	concept	000009FE:11:3	fixed	n	O-61 / O-70 culture noun, NO TN; locked 2026-10-01
守護神	しゅごしん	guardian deity	noun	concept	000009FE:11:12	provisional	n	
悪霊	あくりょう	evil spirit	noun	concept	000009FE:11:15	provisional	n	
桜柄	さくらがら	cherry-blossom pattern	noun	term	000009FE:11:10	provisional	n	
着物	きもの	kimono	noun	object	000009FE:11:10	provisional	n	
元木山山頂	もときやまさんちょう	TBD (Mount Motoki Summit; follows 元木山)	noun	place	000009FE:11:36	provisional	n	signboard text in 「」
A子	えーこ	Girl A	noun	person	000009FE:11:19	provisional	n	placeholder name ("仮にA子とします")
祠	ほこら	shrine (a small one)	noun	place	000009FE:11:70	provisional	n	
立札	たてふだ	signboard	noun	object	000009FE:11:81	provisional	n	
べからず	べからず	Never ... (notice style)	phrase	term	000009FE:11:85	provisional	n	archaic prohibition on signs; keep the notice register
ご利益	ごりやく	blessings	noun	concept	000009FE:11:16	provisional	n	
石段	いしだん	stone steps	noun	place	000009FE:11:56	provisional	n	also 階段 in the same story
開手	ひらて	clapped their hands (in prayer)	noun	term	000009FE:11:77	provisional	n	Shinto hand-clap before praying
タレサロ・コニラク・サハン・イウユ・キンケ	たれさろ・こにらく・さはん・いうゆ・きんけ	TBD (see V183)	phrase	term	000009FE:11:76	provisional	n	chant; reversed = ケンキユウインハサクラニコロサレタ
占い師	うらないし	fortune-teller	noun	title	00000A18:11:17	provisional	n	
人相占い	にんそううらない	face reading	noun	term	00000A18:11:31	provisional	n	
不動産屋	ふどうさんや	the real-estate agency	noun	place	00000A18:11:13	provisional	n	
家賃	やちん	rent	noun	term	00000A18:11:49	provisional	n	
築年数	ちくねんすう	the building's age	noun	term	00000A18:11:51	provisional	n	
リフォーム	りふぉーむ	renovated / renovation	noun	term	00000A18:11:52	provisional	n	
ユニットバス	ゆにっとばす	a bathroom unit (bath and toilet)	noun	term	00000A18:11:52	provisional	n	
205号室	にひゃくごごうしつ	Room 205	noun	place	00000A18:11:69	provisional	n	also 204, 206
おまんじゅう	おまんじゅう	manju (sweet buns)	noun	food	00000A18:11:92	provisional	n	
詩林館	しりんかん	Shirinkan	noun	place	00000A18:11:72	fixed	n	building name in 『』; romanized Shirinkan (RULING Fable QP8A-01 / V185: the pun with 死隣館 is sound-based; 11:164 carries the one TN, 11:168 glosses both meanings in parentheses)
死隣館	しりんかん	Shirinkan	noun	term	00000A18:11:164	fixed	n	homophone pun on 詩林館, named at 11:168; romanized Shirinkan like 詩林館, TN at 11:164 "[TN: Written here death-next-door hall, not poem-grove hall.]" (RULING Fable QP8A-01)
いわくつき	いわくつき	with a dark history	noun	term	00000A18:11:102	provisional	n	
死のバトン	しのばとん	the baton of death	phrase	term	00000A18:11:273	provisional	n	
食人鬼	しょくじんき	ghoul	noun	term	00000A18:11:234	provisional	n	
ゾンビ	ぞんび	zombie	noun	term	00000A18:11:239	provisional	n	
ループもの	るーぷもの	a time-loop story	noun	term	00000A18:11:303	provisional	n	
勝者	しょうしゃ	winner	noun	term	00000A30:11:14	provisional	n	
打ち上げ花火	うちあげはなび	skyrockets	noun	object	00000A30:11:41	provisional	n	
手持ち花火	てもちはなび	handheld fireworks	noun	object	00000A30:11:42	provisional	n	text has 手持ちだけ
線香花火	せんこうはなび	sparklers	noun	object	00000A30:11:192	provisional	n	
お徳用特大花火セット	おとくようとくだいはなびせっと	Value-Size Jumbo Fireworks Set	noun	object	00000A30:11:39	provisional	n	
帝	みかど	the Emperor	noun	title	00000A30:11:69	provisional	n	
帝の血筋	みかどのちすじ	the imperial bloodline	phrase	term	00000A30:11:69	provisional	n	
戦乱	せんらん	the wars	noun	term	00000A30:11:69	provisional	n	
エリカちゃん	えりかちゃん	Erika-chan	noun	person	00000A30:11:160	provisional	n	Goto's and Natsumi's address for the grandmother from here; narration too
悪しき伝統	あしきでんとう	a bad tradition	phrase	term	00000A30:11:121	provisional	n	
よっこらしょっと	よっこらしょっと	TBD (Oof, there we go)	interjection	interjection	00000A30:11:60	provisional	n	sitting down; also 幸太郎 00000AC4:11:5
疑心暗鬼	ぎしんあんき	suspicion feeding on itself	noun	term	00000A30:11:137	provisional	n	
継承の儀	けいしょうのぎ	the succession rite	noun	event	00000A48:11:7	provisional	n	also 継承の儀式 (26:45), same EN
墓地広場	ぼちひろば	the graveyard clearing	noun	place	00000A48:11:24	provisional	n	
見届け人	みとどけにん	witnesses	noun	term	00000A48:26:14	provisional	n	also 見届人 (26:20), same EN
穢れ	けがれ	impurity	noun	concept	00000A48:26:21	provisional	n	
肝試し	きもだめし	a test of courage	noun	event	00000A48:26:27	provisional	n	
御神酒	おみき	sacred sake	noun	food	00000A48:26:50	provisional	n	
サクラ	さくら	Sakura	noun	person	00000A62:11:70	provisional	n	幸太郎's wife; see V187
希少種	きしょうしゅ	a rare variety	noun	term	00000A62:11:11	provisional	n	
墓石	ぼせき	gravestone	noun	object	00000A62:11:60	provisional	n	
Bem-vindo, novo bruxa.	(Portuguese)	(keep as in source; see V186)	phrase	term	00000A62:19:51	provisional	n	
Vamos, Destrua a bruxa morta.	(Portuguese)	(keep as in source; see V186)	phrase	term	00000A62:19:55	provisional	n	
Return, novo bruxa.	(Portuguese / English)	(keep as in source; see V186)	phrase	term	00000A62:19:61	provisional	n	
ポルトガル語	ぽるとがるご	Portuguese	noun	term	00000A62:19:77	provisional	n	
マナーモード	まなーもーど	silent mode	noun	ui	00000A62:19:49	provisional	n	
黒い装束	くろいしょうぞく	black robes	phrase	object	00000A62:19:45	provisional	n	cf. 赤装束
荒田駅	あらたえき	Arata Station	noun	place	00000A62:11:15	fixed	n	aligned rulings-P14 2026-10-02
子守	こもり	babysitting	noun	term	00000A7C:11:37	provisional	n	
ハイハイ	はいはい	crawling	noun	term	00000A7C:11:49	provisional	n	
んま	んま	TBD (Mm-ma!)	interjection	interjection	00000A7C:11:47	provisional	n	baby babble; variants んまま, んままま, んまー
おっちゃん	おっちゃん	TBD (see V198)	noun	person	00000A7C:11:123	provisional	n	
住民簿	じゅうみんぼ	the residents' register	noun	object	00000A94:11:29	provisional	n	also 記帳 (11:169)
風土病	ふうどびょう	an endemic disease	noun	term	00000A94:11:5	provisional	n	
狂犬病	きょうけんびょう	rabies	noun	term	00000A94:11:6	provisional	n	
ギニアワーム	ぎにあわーむ	Guinea worm	noun	term	00000A94:11:6	provisional	n	
自殺	じさつ	suicide	noun	term	00000A94:11:5	provisional	n	also a register label
病死	びょうし	died of illness	noun	term	00000A94:11:190	provisional	n	register label (00000AAC:11:16)
他殺	たさつ	murder (killed by someone)	noun	term	00000A94:11:42	provisional	n	
隠語	いんご	slang / a code word	noun	term	00000A94:11:42	provisional	n	
メモ帳	めもちょう	notepad	noun	object	00000A94:11:1	provisional	n	also ノート (00000AC4:11:45)
頭蓋骨	ずがいこつ	skull	noun	term	00000A94:11:62	provisional	n	
新村桔梗	にいむらききょう	Kikyo Niimura	noun	person	00000AAC:11:16	fixed	n	V195; aligned rulings-P14 2026-10-02
桔梗	ききょう	Kikyo	noun	person	00000AAC:11:18	fixed	n	V195: reading confirmed by the ruby in 00000AAC; "Kikyo Niimura", no gloss (RULING Fable QP8C-03)
集会場	しゅうかいじょう	the meeting hall	noun	place	00000AAC:11:37	fixed	n	also 集会所 (00000B0F:11:34), same EN (LOCKED, RULING Fable QP8C-02)
惰性	だせい	habit / inertia	noun	term	00000AAC:11:82	provisional	n	
助っ人	すけっと	backup	noun	term	00000AAC:11:149	provisional	n	
切れ者	きれもの	the sharpest mind	noun	term	00000AAC:11:155	provisional	n	
起承転結	きしょうてんけつ	kishotenketsu	noun	term	00000AC4:11:17	fixed	n	parts 『起』『承』『転』『結』 quoted as words: the four parts are the fixed single-quoted English words 'setup', 'development', 'twist', 'conclusion' (承転結 = 'development, twist and conclusion'); the compound stays romanized with the once-per-file TN "[TN: Kishotenketsu: four parts, ki 'setup', sho 'development', ten 'twist', ketsu 'conclusion'.]" (RULING Fable QP8C-04 / V190)
4コマ漫画	よんこままんが	four-panel comics	noun	term	00000AC4:11:17	provisional	n	
止めを刺す	とどめをさす	finish (someone) off	phrase	term	00000AC4:11:96	provisional	n	
序破急	じょはきゅう	jo-ha-kyu	noun	term	00000ADE:11:47	fixed	n	V190: romanized + the once-per-file TN "[TN: Jo-ha-kyu: a three-part structure from Noh: opening, break, rapid finish.]" (RULING Fable QP8C-08)
序論本論結論	じょろんほんろんけつろん	introduction, body, conclusion	noun	term	00000ADE:11:47	fixed	n	
年表	ねんぴょう	a timeline	noun	term	00000ADE:11:23	provisional	n	
生き証人	いきしょうにん	a living witness	noun	term	00000ADE:11:31	provisional	n	
逆接	ぎゃくせつ	a contrast ("but")	noun	term	00000ADE:11:90	provisional	n	V191
ばああ	ばああ	Boo!	interjection	interjection	00000AF7:11:11	provisional	n	
くノ一	くのいち	TBD (see V199)	noun	term	00000AF7:11:22	provisional	n	
ムササビ	むささび	a flying squirrel	noun	term	00000AF7:11:18	provisional	n	
パルクール	ぱるくーる	parkour	noun	term	00000AF7:11:27	provisional	n	
秘密基地	ひみつきち	secret base	noun	place	00000AF7:11:39	provisional	n	
ムカデ競争	むかできょうそう	a centipede race (single file, holding on)	noun	term	00000AF7:11:56	provisional	n	
四畳半	よじょうはん	four and a half tatami mats	noun	term	00000AF7:11:76	provisional	n	
ゴザ	ござ	a rush mat	noun	object	00000AF7:11:84	provisional	n	
大の字	だいのじ	spread-eagled	noun	term	00000AF7:11:83	provisional	n	
エリ姉	えりねえ	Eri-nee	noun	person	00000AF7:11:137	provisional	n	夏菜's nickname for Goto (cf. チガ姉)
1人っ子	ひとりっこ	an only child	noun	term	00000AF7:11:147	provisional	n	
魔女継承	まじょけいしょう	becoming the witch	noun	event	00000B0F:11:5	provisional	n	
祟り	たたり	a curse (a spirit's retribution)	noun	concept	00000B0F:11:83	provisional	n	
部外者	ぶがいしゃ	outsider(s)	noun	term	00000B0F:11:140	provisional	n	in 『』 at 11:140, 11:157
心理トリック	しんりとりっく	a psychological trick	noun	term	00000B0F:11:172	provisional	n	
ミスリード	みすりーど	misdirection	noun	term	00000B0F:11:172	provisional	n	
目くらまし	めくらまし	a smokescreen	noun	term	00000B0F:11:174	provisional	n	
運転免許	うんてんめんきょ	driver's license	noun	object	00000B0F:11:54	provisional	n	
城崎	しろざき	Shirozaki	noun	person	00000B27:11:148	fixed	n	LOCKED by the in-file ruby しろざき at 00000B27:11:148 (RULING Fable QP8D-02 / V193; the C5 dispute Kizaki / Shirozaki is closed)
知花	ちばな	Chibana	noun	person	00000B27:11:116	fixed	n	reading from the in-file ruby ちばな (V194); who it is stays withheld
ビジートーン	びじーとーん	the busy signal	noun	sfx	00000B27:11:145	provisional	n	
晩酌	ばんしゃく	his evening drink	noun	term	00000B27:11:45	provisional	n	
城崎家	しろざきけ	the Shirozaki house	noun	org	00000B3F:11:3	fixed	n	
佐波県警	さわけんけい	the Sawa Prefectural Police	noun	org	00000B3F:11:62	provisional	n	follows 佐波県 (resolved 2026-10-02)
検問	けんもん	checkpoints	noun	term	00000B3F:11:61	provisional	n	
拉致	らち	abducted	noun	term	00000B3F:11:55	provisional	n	
資材倉庫	しざいそうこ	the storage shed	noun	place	00000B3F:11:109	provisional	n	at 荒田駅
被害妄想	ひがいもうそう	paranoia	noun	term	00000B3F:11:27	provisional	n	
模試	もし	practice exam	noun	event	00000B57:11:84	provisional	n	
盗聴アプリ	とうちょうアプリ	a bugging app	noun	term	00000B57:11:121	provisional	n	built into the gift phones
進級祝い	しんきゅういわい	a gift for moving up a year	noun	event	00000B57:11:121	provisional	n	cf. 入学祝, 進級
首謀者	しゅぼうしゃ	the mastermind	noun	term	00000B57:11:184	provisional	n	cf. 主犯
殺人の訓練	さつじんのくんれん	training to kill	phrase	term	00000B57:15:0	provisional	n	replayed 19:0, 19:9
人殺し	ひとごろし	murderer	noun	term	00000B57:19:6	provisional	n	shouted as address
人為的	じんいてき	human-made / by someone's design	adj	term	00000B6F:11:12	provisional	n	
卑劣	ひれつ	despicable	adj	term	00000B6F:11:16	provisional	n	
手のひらの上	てのひらのうえ	in the palm of (the culprit's) hand	phrase	term	00000B6F:11:61	provisional	n	image used and extended (11:63, 手の上 11:67)
堂々巡り	どうどうめぐり	going around in circles	noun	term	00000B6F:11:64	provisional	n	
未必の故意	みひつのこい	reckless intent	phrase	term	00000B6F:11:126	provisional	n	legal term, quoted in 『』
鉄砲	てっぽう	guns	noun	object	00000B87:19:5	provisional	n	hunting rifles
熊	くま	bear	noun	term	00000B87:11:72	provisional	n	
不意打ち	ふいうち	a surprise attack	noun	term	00000B87:11:77	provisional	n	
殺人マシーン	さつじんマシーン	a killing machine	noun	term	00000B87:27:38	provisional	n	
軟禁	なんきん	confinement	noun	term	00000B87:27:8	provisional	n	the watch on 幸太郎 793-795
密告	みっこく	a tip-off / an informer's word	noun	term	00000B87:27:7	provisional	n	
洗脳	せんのう	brainwashing / brainwash	noun	term	00000B87:27:6	provisional	n	
怨念	おんねん	a grudge (a vengeful spirit's)	noun	concept	00000B87:27:6	provisional	n	
張本人	ちょうほんにん	the ones responsible	noun	term	00000B9F:11:102	provisional	n	
操り人形	あやつりにんぎょう	puppet	noun	term	00000B9F:11:110	provisional	n	
人質	ひとじち	hostage	noun	term	00000B9F:11:159	fixed	n	P23: 貴重な人質 = "a valuable hostage" (0000142B 8:218)
神使	しんし	divine messengers	noun	concept	00000B9F:11:317	fixed	n	paired with 魔女 by 幸太郎; 00000BB7:15:33, 15:41; RULING Fable 2026-10-02 QUNTR6S-02
アキレス腱	アキレスけん	Achilles tendon(s)	noun	term	00000B9F:11:285	provisional	n	
麻酔	ますい	anesthesia	noun	term	00000BB7:11:1	provisional	n	
手術室	しゅじゅつしつ	the operating room	noun	place	00000BB7:11:20	provisional	n	
集中治療室	しゅうちゅうちりょうしつ	intensive care / the ICU	noun	place	00000BB7:11:46	provisional	n	
心電図	しんでんず	the heart monitor	noun	object	00000BB7:11:124	provisional	n	a flatline ("抑揚のない心電図")
来世	らいせ	the next life	noun	concept	00000BB7:11:32	provisional	n	
ひぐらし	ひぐらし	evening cicadas	noun	sfx	00000BB7:11:153	provisional	n	higurashi cicada; the song a summer-evening sign
茅萱の花	ちがやのはな	cogongrass flowers	phrase	object	00000BB7:11:160	provisional	n	Chigaya's name is this plant (茅萱 row = the name)
狂い咲き	くるいざき	out-of-season blooming	noun	term	00000BB7:15:20	provisional	n	explained in the text as a 季語 (V233)
季語	きご	a season word (in haiku)	noun	term	00000BB7:15:22	provisional	n	
小春日和	こはるびより	an Indian summer (mild late-autumn days)	noun	term	00000BB7:15:22	provisional	n	
小生	しょうせい	this humble servant	pronoun	term	00000BD6:11:0	fixed	n	Goto's mock-formal male 'I' in the 小生 tier; one TN at first remark; locked rulings-P7 QP8PRE-05 2026-10-01
御尊母様	ごそんぼさま	TBD (see V227)	noun	person	00000BD6:11:8	provisional	n	Goto's mock-reverent "your honoured mother"
御尊父様	ごそんぷさま	TBD (see V227)	noun	person	00000BD6:11:11	provisional	n	echoed uncomprehending by 良治 00000C50:11:107
貴女	あなた	you (mock-formal)	pronoun	term	00000BD6:11:8	provisional	n	Goto's retainer register
五臓六腑	ごぞうろっぷ	my very innards	phrase	term	00000BD6:11:9	provisional	n	set phrase ("to the depths of my stomach")
日の本	ひのもと	this land of the rising sun	phrase	place	00000BD6:11:12	provisional	n	archaic, mock-epic
家来	けらい	a retainer	noun	term	00000BD6:11:7	provisional	n	
スライディング土下座	スライディングどげざ	a sliding kowtow	noun	term	00000BD6:11:2	provisional	n	cf. 土下座
Que droga	ケ・ドローガ	Que droga	phrase	interjection	00000BD6:11:15	provisional	n	Portuguese, Latin script in source; Goto glosses it "なんてこったい" (V225)
バカと天才は紙一重	バカとてんさいはかみひとえ	there's a fine line between genius and idiocy	phrase	term	00000BD6:11:48	provisional	n	
猿	さる	monkey	noun	term	00000BD6:11:96	provisional	n	ruby residue " 猿 "
ロータリー	ロータリー	the station roundabout	noun	place	00000BD6:11:77	provisional	n	
手取り腰取り	てとりこしとり	TBD (pun on 手取り足取り, "step by step", with 腰 "hips")	phrase	term	00000BD6:11:114	provisional	n	夏菜's dirty twist
変態下ネタ女	へんたいしもネタおんな	you pervy dirty-joke girl	phrase	term	00000BD6:11:115	provisional	n	Haruka's insult
野生児	やせいじ	a wild child	noun	term	00000BD6:11:121	provisional	n	
岩の庇	いわのひさし	a rock overhang	phrase	place	00000BED:11:64	provisional	n	ruby residue " 庇 "
桐	きり	paulownia	noun	term	00000BED:11:81	provisional	n	
渓流	けいりゅう	a mountain stream	noun	place	00000BED:11:45	provisional	n	
土砂崩れ	どしゃくずれ	a landslide	noun	term	00000BED:11:158	provisional	n	
へっちょん	へっちょん	Achoo!	interjection	sfx	00000BED:11:96	provisional	n	built from "へい……へ……" over cells
沈丁花	じんちょうげ	daphne	noun	term	00000BED:11:179	fixed	n	サクラ's favourite flower; P23 (000014A5 8:17): ruby tag on "daphne"; the flowers at the riverbank
花言葉	はなことば	the language of flowers	noun	term	00000BED:11:181	fixed	n	P23 (000014A5 8:19)
不死、不滅、永遠	ふし、ふめつ、えいえん	immortality, imperishability, eternity	phrase	term	00000BED:11:182	provisional	n	沈丁花's flower language
着替え	きがえ	a change of clothes	noun	object	00000BED:11:83	provisional	n	
廃屋	はいおく	an abandoned hut	noun	place	00000C08:11:15	provisional	n	quoted 『廃屋』 11:16
バギー	バギー	buggy / buggies	noun	object	00000C08:11:21	provisional	n	all-terrain vehicles
ニットワンピ	ニットワンピ	knit dress	noun	object	00000C08:11:32	provisional	n	short for ニットワンピース (row exists)
コミケ	コミケ	Comiket	noun	event	00000C08:11:51	provisional	n	Goto explains it in 11:54-56
同人誌即売会	どうじんしそくばいかい	a fan-comics convention	noun	event	00000C08:11:54	provisional	n	
Fascination	Fascination	Fascination	noun	title	00000C08:11:64	provisional	n	film title in ASCII straight quotes in source (V229)
ディレクターズカット	ディレクターズカット	director's cut	noun	term	00000C08:11:66	provisional	n	
鑑賞会	かんしょうかい	a movie night	noun	event	00000C08:11:67	provisional	n	
留学	りゅうがく	studying abroad	noun	term	00000C08:11:109	provisional	n	
スウェーデン	スウェーデン	Sweden	noun	place	00000C08:11:117	provisional	n	
福祉	ふくし	welfare	noun	term	00000C08:11:119	provisional	n	
頸動脈	けいどうみゃく	the carotid artery	noun	term	00000C08:11:155	provisional	n	ruby residue "頸 動 脈"
鋼鉄メンタル	こうてつメンタル	nerves of steel	noun	term	00000C21:11:55	provisional	n	
ポーカーフェイス	ポーカーフェイス	a poker face	noun	term	00000C21:11:98	provisional	n	
状況証拠	じょうきょうしょうこ	circumstantial evidence	noun	term	00000C21:11:106	provisional	n	
容疑者	ようぎしゃ	suspect	noun	term	00000C21:11:97	provisional	n	
弓矢	ゆみや	bows and arrows	noun	object	00000C38:11:42	provisional	n	
忌避	きひ	taboo (shunned)	noun	term	00000C38:11:100	fixed	n	P23: Mifuyu 忌避を犯しました = "I have broken a taboo" (00001459 8:207 / 8:219); 忌避の対象 = "shunned" (000014BC 8:167)
消去法	しょうきょほう	process of elimination	noun	term	00000C50:11:39	provisional	n	
医食同源	いしょくどうげん	food is medicine	phrase	term	00000C68:11:3	provisional	n	
滋養強壮	じようきょうそう	nourishing and invigorating	phrase	term	00000C68:11:3	provisional	n	
三畳間	さんじょうま	a small three-mat room	noun	place	00000C68:11:49	provisional	n	cf. 四畳半
美魔女	びまじょ	TBD (an ageless beauty; contains 魔女)	noun	term	00000C68:11:123	provisional	n	the 魔女 inside the word may matter (V214)
天才ハンター少女	てんさいハンターしょうじょ	genius hunter girl	noun	title	00000C68:11:143	provisional	n	夏菜's riff on 天才少女
略奪愛	りゃくだつあい	stealing someone's love	noun	term	00000C68:11:82	provisional	n	Goto's tease
定石	じょうせき	the standard move	noun	term	00000C68:11:118	provisional	n	
あらすじ	あらすじ	synopsis / the story so far	noun	ui	00000C81:15:1	provisional	n	title card "ここまでのあらすじ"
夜這い	よばい	a night visit (to seduce)	noun	term	00000C81:19:72	provisional	n	drunk Chigaya's tease
圏外	けんがい	out of signal range / no signal	noun	term	00000C81:19:51	provisional	n	
正当防衛	せいとうぼうえい	self-defense	noun	term	00000CB3:11:81	provisional	n	
七海町	TBD	Nanami-cho	noun	place	00000CCA:15:0	fixed	n	locked 2026-10-01 (UNTR4 QUNTR4-05; Motoki-cho pattern)
区画	くかく	block	noun	address	00000CCA:15:0	provisional	n	"七海町2丁目区画"
第一女ケ沢市事件	TBD	TBD (the First Megasawa City Incident; follows 女ケ沢市事件)	noun	event	00000CCA:47:13	provisional	n	
課長	かちょう	section chief	noun	title	00000CE3:11:68	provisional	n	"近藤課長" / "古郡課長" as address (V242)
近藤	こんどう	Kondo	noun	person	00000CE3:11:68	provisional	n	section chief of the software department (情報部)
開発部	かいはつぶ	the development department	noun	org	00000CE3:11:108	provisional	n	良治's department ("何が開発部の課長だ！")
デバイスドライバ	でばいすどらいば	device drivers	noun	term	00000CE3:11:66	provisional	n	
やけ酒	やけざけ	drowning my sorrows	noun	term	00000CE3:11:110	provisional	n	"やけ酒をあおっていた"
30万円	さんじゅうまんえん	300,000 yen	noun	term	00000CE3:11:42	provisional	n	digits per numerals rule
戸籍謄本	こせきとうほん	the family register	noun	object	00000CFA:11:34	provisional	n	official copy showing adoption
はったり	はったり	a bluff	noun	term	00000CFA:11:61	provisional	n	
呪縛	じゅばく	hold (a binding spell)	noun	term	00000CFA:11:49	provisional	n	"俺たちの呪縛から解放してやる"; 00000D59:11:106 "この地への愛着という名の呪縛"
ホームセンター	ほーむせんたー	the home-improvement store	noun	place	00000CFA:11:149	provisional	n	
砥石	といし	a whetstone	noun	object	00000CFA:11:149	provisional	n	
食紅	しょくべに	red food coloring	noun	object	00000CFA:11:149	provisional	n	
地下駐車場	ちかちゅうしゃじょう	underground parking lot	noun	place	00000CFA:11:152	provisional	n	
平和ボケ	へいわぼけ	complacent from too much peace	noun	term	00000CFA:11:163	provisional	n	"この平和ボケした元木町"
ウェットティッシュ	うぇっとてぃっしゅ	wet wipes	noun	object	00000CFA:11:142	provisional	n	
県外	けんがい	out of the prefecture	noun	place	00000CFA:11:174	provisional	n	
高速道路	こうそくどうろ	the expressway	noun	place	00000CFA:11:277	provisional	n	
サービスエリア	さーびすえりあ	a rest area	noun	place	00000CFA:11:277	provisional	n	
ノルアドレナリン	のるあどれなりん	noradrenaline	noun	term	00000CFA:11:257	provisional	n	list with アドレナリン, βエンドルフィン, ドーパミン
βエンドルフィン	べーたえんどるふぃん	beta-endorphin	noun	term	00000CFA:11:257	provisional	n	β is CP932 but not in the allowed English set; spell "beta"
ドーパミン	どーぱみん	dopamine	noun	term	00000CFA:11:257	provisional	n	
性善説	せいぜんせつ	the view that people are born good	noun	concept	00000CFA:11:264	provisional	n	paired with 性悪説
性悪説	せいあくせつ	the view that people are born bad	noun	concept	00000CFA:11:264	provisional	n	
豚箱	ぶたばこ	the slammer	noun	term	00000CFA:11:260	provisional	n	slang for jail
死刑台	しけいだい	the gallows	noun	term	00000CFA:11:261	provisional	n	
お嬢ちゃま	おじょうちゃま	a pampered little princess	noun	term	00000CFA:11:246	provisional	n	baby-talk form of お嬢ちゃん, mocking 茜 ("温室育ちのお嬢ちゃま")
脊髄反射	せきずいはんしゃ	a spinal reflex	noun	term	00000CFA:11:209	provisional	n	
イタチの最後っ屁	いたちのさいごっぺ	TBD (a weasel's last stink)	phrase	term	00000CFA:11:297	provisional	n	idiom: a last desperate act; she then calls him イタチさん (11:299), so the image is used: keep the weasel
日本	にほん	Japan	noun	place	00000CFA:11:395	provisional	n	"日本全国", "日本のみなさん" (11:397)
鞘	さや	sheath	noun	object	00000D11:11:45	provisional	n	
ダメでもともと	だめでもともと	nothing to lose by asking	phrase	term	00000D11:11:7	provisional	n	
秘密の場所	ひみつのばしょ	a secret place	phrase	place	00000D11:11:115	provisional	n	Goto's words for 夏菜's 秘密基地 (secret base); keep the two apart
ほら穴	ほらあな	a cave	noun	place	00000D29:11:4	provisional	n	夏菜's secret base
壺	つぼ	a pot / the urn	noun	object	00000D29:11:11	provisional	n	ritual pot on a tripod (法要 祭具)
三脚	さんきゃく	a tripod	noun	object	00000D29:11:47	provisional	n	"理科の実験で使うような三脚"
祭具	さいぐ	ritual implements	noun	object	00000D29:11:52	provisional	n	
焼香	しょうこう	offering incense	noun	term	00000D29:11:56	provisional	n	"お焼香みたいなもんだよ"; 00000D89:11:92 "焼香のように"
お告げ	おつげ	an oracle / a revelation	noun	concept	00000D29:11:84	provisional	n	the 魔女's pronouncement naming a culprit (城崎's story)
捧げる	ささげる	offer up (as a sacrifice)	verb	term	00000D29:19:7	provisional	n	used in 『』 as a euphemism for killing (19:19 "捧げる＝殺す")
火のないところに煙は立たない	ひのないところにけむりはたたない	where there's smoke, there's fire	phrase	term	00000D29:11:28	provisional	n	
殺害予告	さつがいよこく	a death threat	noun	term	00000D29:19:26	provisional	n	
過剰防衛	かじょうぼうえい	excessive self-defense	noun	term	00000D29:19:51	provisional	n	follows 正当防衛
立ち退き	たちのき	evictions	noun	term	00000D29:19:80	provisional	n	
領土問題	りょうどもんだい	territorial disputes	noun	term	00000D29:19:81	provisional	n	
先住民	せんじゅうみん	indigenous peoples	noun	term	00000D29:19:82	provisional	n	
侵略戦争	しんりゃくせんそう	wars of conquest	noun	term	00000D29:19:83	provisional	n	
土着	どちゃく	rooted (native to a place)	noun	term	00000D29:19:85	provisional	n	"土着した住人"
独り身	ひとりみ	on my own	noun	term	00000D29:19:92	provisional	n	城崎, a widower
SOS	えすおーえす	SOS	noun	term	00000D29:19:73	provisional	n	
ぐごごごご	ぐごごごご	Snrrrk...	interjection	sfx	00000D41:11:66	provisional	n	幸太郎's snore; 11:74 "ぐごご……" shorter form
桜の枝	さくらのえだ	the cherry branch	phrase	object	00000D59:11:24	provisional	n	城崎's gift, carried to the 法要
黙認	もくにん	turned a blind eye	noun	term	00000D59:11:56	provisional	n	
やっほー	やっほー	Yoo-hoo!	interjection	interjection	00000D71:11:10	provisional	n	夏菜 calling out in the woods
杭	くい	stakes / pegs	noun	object	00000D71:11:72	provisional	n	turn out to be bolts in sockets (11:86)
ボルト	ぼると	bolt	noun	object	00000D71:11:86	provisional	n	
ソケット	そけっと	socket	noun	object	00000D71:11:86	provisional	n	
麻	あさ	hemp	noun	term	00000D71:11:77	provisional	n	"麻のゴザ", 00000D89 "麻布"
工具箱	こうぐばこ	toolbox	noun	object	00000D89:11:10	provisional	n	
グレーチング	ぐれーちんぐ	a grating	noun	object	00000D89:11:25	provisional	n	the JP glosses it in full-width parentheses (V252)
バール	ばーる	a crowbar	noun	object	00000D89:11:34	provisional	n	
ハシゴ	はしご	ladder	noun	object	00000D89:11:35	provisional	n	
地下道	ちかどう	an underground passage	noun	place	00000D89:11:70	provisional	n	
落盤事故	らくばんじこ	a cave-in	noun	event	00000D89:11:73	provisional	n	
鉄格子	てつごうし	iron bars	noun	object	00000D89:11:96	provisional	n	"鉄格子の扉" = a barred door
蜘蛛の巣	くものす	cobwebs	noun	object	00000D89:11:118	provisional	n	
排水溝	はいすいこう	a drainage channel	noun	object	00000D89:11:67	provisional	n	
固有種	こゆうしゅ	a native variety	noun	term	00000DA1:11:68	provisional	n	荒田's own cherry; cf. 希少種
根こそぎ	ねこそぎ	root and all	adv	term	00000DA1:11:71	provisional	n	in 『』: a pun, the roots are the point; keep "roots" in the English
開放骨折	かいほうこっせつ	an open fracture	noun	term	00000DA1:11:78	provisional	n	Goto glosses it (11:80)
複雑骨折	ふくざつこっせつ	a compound fracture	noun	term	00000DA1:11:80	provisional	n	
共犯者	きょうはんしゃ	accomplice	noun	term	00000DA1:11:141	provisional	n	
口裏合わせ	くちうらあわせ	getting their stories straight	noun	term	00000DA1:11:149	provisional	n	
複数犯	ふくすうはん	more than one culprit	noun	term	00000DA1:11:148	provisional	n	
意味が分かると怖い話	いみがわかるとこわいはなし	TBD (a "scary once you get it" story)	phrase	term	00000DA1:11:182	provisional	n	a genre name in 『』 on the net
井戸	いど	well	noun	object	00000DA1:11:175	provisional	n	
筋肉注射	きんにくちゅうしゃ	an intramuscular injection	noun	term	00000DB9:11:70	provisional	n	
蔵	くら	the storehouse	noun	place	00000DB9:11:72	provisional	n	
燻す	いぶす	burn it as smoke	verb	term	00000DB9:11:77	provisional	n	ドローガ crystals burned for many at once; 00000DE9:11:96 "燻して使う"
尋問	じんもん	an interrogation	noun	term	00000DB9:11:100	provisional	n	00000DD1:11:115 "尋問チック"
下駄	げた	geta (wooden sandals)	noun	object	00000DD1:11:62	provisional	n	TN case 1 if romanized; or "wooden clogs"
鼻緒	はなお	the thong (of the geta)	noun	object	00000DD1:11:95	provisional	n	
集会所	しゅうかいじょ	the meeting hall	noun	place	00000DD1:11:98	provisional	n	same building as 集会場 (V262); same EN
がおー	がおー	Rawr!	interjection	interjection	00000DD1:11:28	provisional	n	Goto's threat-pose roar
顔デカお化け	かおでかおばけ	a big-headed monster	phrase	term	00000DD1:11:26	provisional	n	"キッズアニメに出てきそうな"
顔面偏差値	がんめんへんさち	looks score	noun	term	00000DD1:11:44	provisional	n	偏差値 = standardized test score; "私の顔面偏差値は般若未満"
ぷぽ	ぷぽ	TBD (a burst of laughter)	interjection	sfx	00000DD1:11:40	provisional	n	lone laugh cell; cf. V118, V173 (V256)
事実は小説より奇なり	じじつはしょうせつよりきなり	truth is stranger than fiction	phrase	term	00000DD1:11:137	provisional	n	narration calls it "文学的なセリフ"
祭壇	さいだん	altar	noun	object	00000DE9:11:2	provisional	n	
フラスコ	ふらすこ	flask	noun	object	00000DE9:11:24	provisional	n	
引火点	いんかてん	flash point	noun	term	00000DE9:11:41	provisional	n	
正座	せいざ	kneeling (seiza)	noun	term	00000DE9:11:10	provisional	n	
自傷行為	じしょうこうい	self-harm	noun	term	00000DE9:11:73	provisional	n	
ファルシフィカソ	ふぁるしふぃかそ	falsificaso	noun	object	00000DE9:11:140	fixed	y	the flask liquid; katakana of Portuguese falsificacao (V259); rulings-P14 2026-10-02: 17 shipped sites lowercase
falsificacao	falsificacao	falsificacao	noun	term	00000DE9:11:151	provisional	n	Latin script in the source, no diacritics; keep as printed; Goto glosses it 『偽物』 (V259)
スグニゲロ	すぐにげろ	TBD (RUN NOW)	phrase	term	00000DE9:11:231	provisional	n	katakana note written in blood; Goto repeats it (11:236) (V260)
悪魔退治	あくまたいじ	exorcising a demon	noun	term	00000DE9:11:219	provisional	n	
魔女デビュー	まじょでびゅー	debut as a witch	phrase	term	00000DE9:11:205	provisional	n	
A morte chegou. Todo mundo vai Shibaro o Grim Reaper.	(Latin script)	(keep as in source; see V258)	phrase	term	00000DE9:11:43	provisional	n	contains the Japanese word "Shibaro" and English "Grim Reaper"
A morte foi amarrado. Matar a partir de agora!	(Latin script)	(keep as in source; see V258)	phrase	term	00000DE9:11:167	provisional	n	
Grim Reaper esta morto. Vamos la, ir para casa para todos em casa.	(Latin script)	(keep as in source; see V258)	phrase	term	00000DE9:11:172	provisional	n	
猟銃	りょうじゅう	hunting rifle	noun	object	00000E01:11:67	provisional	n	
懐	ふところ	inside the front of her clothes	noun	term	00000E01:11:74	provisional	n	ruby residue " 懐 " (00000E01:11:74; 00000E49:11:99); where she keeps the mask against her chest
大魔女の能面	だいまじょののうめん	the Grand Witch's Noh mask	noun	object	00000E01:11:36	provisional	n	metal, heavy; follows the 大魔女 row (TBD); takes the hatchet blow (00000E49:11:99-100)
歴代の大魔女	れきだいのだいまじょ	the Grand Witches of generations past	noun	title	00000E01:11:37	provisional	n	also "歴代の大魔女様" in Natsumi's prayer (11:75); same English
お守り	おまもり	amulet	noun	object	00000E01:11:37	fixed	n	"きっとお守りになる" -> "It will protect you" or "a charm" by line; RULING Fable 2026-10-02 (QUNTR6-03): お守り = "amulet" (the object), kept apart from おまじない = "charm" (card 96 "The Charm"); card 223 title "The Amulet"
ヘアピンカーブ	へあぴんかーぶ	hairpin bend	noun	place	00000E01:11:102	provisional	n	also 急カーブ (11:95) "sharp bend"
地の利	ちのり	the advantage of the ground	noun	concept	00000E01:11:90	provisional	n	
急ブレーキ	きゅうぶれーき	slam on the brakes	noun	term	00000E01:11:100	provisional	n	
荒田の女	あらたのおんな	the women of Arata	noun	concept	00000E01:11:162	provisional	n	Mifuyu; echoed by 幸太郎 as 荒田の女性 (00000E19:11:176), same English; 荒田 reading per V043
あいよ	あいよ	You got it!	interjection	interjection	00000E01:11:124	provisional	n	function: cheerful acceptance of an order (夏菜 to Chigaya); cf. V248, V263
援護	えんご	cover (back us up)	noun	term	00000E01:11:29	provisional	n	"車を追いながら援護して" -> "follow the car and cover us"
化け物	ばけもの	monster	noun	term	00000E01:11:135	provisional	n	"化け物ども" (Haruka 00000E01:11:135; 幸太郎 raving 00000E49:11:114)
倒木	とうぼく	fallen tree	noun	object	00000E19:11:14	provisional	n	first as "1本の大木が横倒しになり" (00000E01:11:104)
燭台	しょくだい	candle stand	noun	object	00000E19:11:1	provisional	n	ruby residue "燭 台" (00000E19:11:1, 11:80)
行き止まり	いきどまり	dead end	noun	place	00000E19:11:66	provisional	n	
隠し通路	かくしつうろ	hidden passage	noun	place	00000E19:11:66	provisional	n	
マインドコントロール	まいんどこんとろーる	mind control	noun	concept	00000E19:11:119	provisional	n	
ドミノ倒し	どみのだおし	dominoes falling	noun	concept	00000E19:11:118	provisional	n	"あとはドミノ倒しだ" -> "the rest goes down like dominoes"
頭でっかち	あたまでっかち	know-it-all	noun	term	00000E19:11:115	provisional	n	幸太郎's insult for Goto
鎮痛作用	ちんつうさよう	painkilling effect	noun	term	00000E19:11:150	provisional	n	of ドローガ
クソブタ野郎	くそぶたやろう	you damn pig	noun	term	00000E19:11:148	provisional	n	Haruka's insult to 幸太郎; her card's profanity ceiling "damn/dammit" holds
姪っ子	めいっこ	niece	noun	person	00000E19:11:164	provisional	n	"かわいい姪っ子よ！" mock-fond, said as he swings
実の姉	じつのあね	real older sister	noun	person	00000E19:11:183	provisional	n	blood sister, against 養子; see V267
走馬灯	そうまとう	life flashing before my eyes	noun	concept	00000E19:11:202	provisional	n	set phrase; the lantern image is not used (STYLE IMAGES)
痛覚信号	つうかくしんごう	pain signal	noun	term	00000E19:11:193	provisional	n	with 神経線維 "nerve fibres" -> American "nerve fibers"
くっふふふ	くっふふふ	Kuh-heh-heh-heh	interjection	interjection	00000E19:11:77	fixed	y	low gloating laugh; LOCK rulings-P9 (P10PRE) + QP11A-01: one heh per ふ, the くっ onset kept, every speaker incl. Mifuyu; also Mifuyu's (000008D0:33:6; 00000CFA:11:244); V265
兄貴	あにき	my brother	noun	person	00000E31:11:34	provisional	n	Eiichiro's 3p word for his twin 幸太郎; casual, not "big bro"
死刑囚	しけいしゅう	a condemned man	noun	person	00000E31:11:95	provisional	n	
悪役	あくやく	the villain	noun	concept	00000E31:11:98	provisional	n	"自ら悪役を演じる" -> "playing the villain himself"
さみしがり屋	さみしがりや	gets lonely easily	noun	concept	00000E31:11:105	provisional	n	
真相	しんそう	the truth	noun	concept	00000E31:11:94	provisional	n	key word of the ending (00000E31; 00000E49:11:184-199; 00000E61:45:5); one English throughout
副作用	ふくさよう	side effect	noun	term	00000E49:11:83	provisional	n	
肉離れ	にくばなれ	torn muscles	noun	term	00000E49:11:88	provisional	n	
満身創痍	まんしんそうい	battered all over	noun	term	00000E49:11:87	provisional	n	
急所	きゅうしょ	vital spot	noun	term	00000E49:11:90	provisional	n	
応急処置	おうきゅうしょち	first aid	noun	term	00000E49:11:103	provisional	n	
すり替え	すりかえ	swap	noun	term	00000E49:11:45	provisional	n	"すり替えやがったな" -> "swapped them"; "鍵のすり替え術" (11:139) -> "key-swapping trick"
ぴちぴち	ぴちぴち	bright and bouncy	adjective	term	00000E49:11:165	provisional	n	"元気なぴちぴちの10歳" (夏菜); cf. her "ピチピチの10代" joke (0000095B)
お供え	おそなえ	offering	noun	term	00000E49:11:172	provisional	n	flowers for the dead; verb お供えする -> "leave (flowers) for"
送別会	そうべつかい	farewell party	noun	event	00000E49:11:148	provisional	n	
夏休み	なつやすみ	summer vacation	noun	date	00000E49:11:148	provisional	n	American (STYLE ENGLISH VARIETY)
真犯人	しんはんにん	the real culprit	noun	concept	00000E49:11:183	provisional	n	also 『真犯人』 in Erika's line (00000D59:11:52)
付き添い	つきそい	staying with the patient	noun	term	00000E61:11:3	provisional	n	
快気祝い	かいきいわい	get-well celebration	noun	event	00000E61:11:54	provisional	n	
看護師	かんごし	nurse	noun	person	00000E61:11:69	provisional	n	
強制退去	きょうせいたいきょ	thrown out	noun	term	00000E61:11:70	provisional	n	the nurse: 『今度うるさくしたら強制退去！』
道の駅	みちのえき	roadside rest stop	noun	place	00000E61:11:76	provisional	n	descriptive; no TN
記念写真	きねんしゃしん	commemorative photo	noun	term	00000E61:11:116	provisional	n	11:117 "何の記念ですか？" turns on 記念 -> keep "commemorate" in both lines
タイマー撮影	たいまーさつえい	timer shot	noun	term	00000E61:11:123	provisional	n	also "タイマー式のカメラ" (11:119) "a camera with a timer"
ほい、チーズ！	ほい、ちーず	Okay, say cheese!	phrase	interjection	00000E61:11:131	provisional	n	function: the photographer's cue
セクシーポーズ	せくしーぽーず	sexy pose	noun	term	00000E61:11:130	provisional	n	
女手一つ	おんなでひとつ	on your own (as a single mother)	noun	concept	00000E61:11:95	provisional	n	
平均点	へいきんてん	the average score	noun	term	00000E61:11:112	provisional	n	
はにゃ	はにゃ	Hunh	interjection	interjection	00000E61:11:16	fixed	y	夏菜's puzzled noise "はにゃ……？"
除け者	のけもの	left out	noun	term	00000E61:11:122	provisional	n	"除け者扱い" -> "leaving me out"
ヘリコプター	へりこぷたー	helicopter	noun	object	00000E7B:82:0	provisional	n	
自然鎮火	しぜんちんか	burned itself out	noun	term	00000E7B:11:2	provisional	n	radio report
ルーシー人形	るーしーにんぎょう	'Lucy doll'	noun	brand	00000E7B:11:73	provisional	n	in 『』; 11:76 『ルーシー』 = 'Lucy'
helpless	helpless	helpless	adj	term	00000E7B:11:56	provisional	n	English in the source, in ASCII double quotes; also "A little baby is helpless." 11:57, "more helpless" 11:61; see V269
復讐	ふくしゅう	revenge	noun	concept	00000E7B:11:127	provisional	n	contrasted with 仕返し and 報復 (11:135-143); keep the three distinct
仕返し	しかえし	payback	noun	concept	00000E7B:11:138	provisional	n	short-term, per 桃子 (11:141)
報復	ほうふく	retaliation	noun	concept	00000E7B:11:135	provisional	n	between countries
探偵	たんてい	private detectives	noun	term	00000E7B:11:149	provisional	n	
情報屋	じょうほうや	information brokers	noun	term	00000E7B:11:149	provisional	n	
ヤクザ	やくざ	yakuza	noun	org	00000E7B:11:149	provisional	n	
拳銃	けんじゅう	handgun	noun	object	00000E7B:11:158	provisional	n	also 銃 = gun
銃弾	じゅうだん	bullets	noun	object	00000E7B:11:158	provisional	n	
1グロス	いちぐろす	a gross	noun	term	00000E7B:11:158	provisional	n	"1グロス(144発)" = "a gross (144 rounds)"
9ミリパラベラム弾	きゅうみりぱらべらむだん	9mm Parabellum rounds	noun	object	00000E7B:34:51	provisional	n	
消音器	しょうおんき	silencer	noun	object	00000E7B:28:208	provisional	n	180:47 writes 消音機 (V285)
幻影追想劇	げんえいついそうげき	a pitiful play of chasing a phantom	phrase	term	00000E7B:11:171	provisional	n	11:172 追想劇 alone = "that play"
良心	りょうしん	conscience	noun	concept	00000E7B:11:194	provisional	n	motif: 良心という名の腫瘍 (28:86, 34:45)
腫瘍	しゅよう	tumor	noun	concept	00000E7B:11:195	provisional	n	recurring metaphor through the file (良性 benign / 悪性 malignant 11:196-197; 寛解 remission 82:62); keep one word
良心の呵責	りょうしんのかしゃく	pangs of conscience	phrase	term	00000E7B:11:199	provisional	n	
桜アレルギー	さくらあれるぎー	cherry-blossom allergy	noun	term	00000E7B:28:6	provisional	n	
第一世代	だいいちせだい	the first generation	noun	concept	00000E7B:28:16	provisional	n	a ドローガ user, per 桃子's research
第二世代	だいにせだい	the second generation	noun	concept	00000E7B:28:20	provisional	n	a person who touched first-generation blood; foresight
第三世代	だいさんせだい	the third generation	noun	concept	00000E7B:100:0	provisional	n	bare cell alone in its block
頭部粘膜	とうぶねんまく	the mucous membranes of the head	noun	term	00000E7B:28:19	provisional	n	gloss （眼球やくちびる等）
荒田桜	あらたざくら	the Arata cherry	noun	term	00000E7B:28:27	fixed	n	aligned rulings-P14 2026-10-02 (2 shipped sites)
女神	めがみ	the Goddess	noun	concept	00000E7B:28:64	fixed	n	桃子's image for サクラ and 夏菜 (28:64, 48:268); cf. 女神様 / 女神さま rows; P22: the one entity (the 482 text shipped in 000021BD, the dead's word); generic 女神のような = "goddess-like"
天女	てんにょ	a celestial maiden	noun	concept	00000E7B:28:60	provisional	n	
五島桃子	ごとうももこ	Momoko Goto	noun	person	00000E7B:54:208	provisional	n	news: 五島桃子容疑者（24） 82:49
藤野桃子	ふじのももこ	Momoko Fujino	noun	person	00000E7B:34:32	provisional	n	alias; 藤野さん to 城崎 and 幸太郎
所属未定地	しょぞくみていち	land not assigned to any prefecture	noun	term	00000E7B:34:3	provisional	n	
国有地	こくゆうち	state-owned land	noun	term	00000E7B:34:4	provisional	n	
小熊	こぐま	bear cub	noun	term	00000E7B:34:148	provisional	n	motif through the file (82:114-128)
母熊	ははぐま	the mother bear	noun	term	00000E7B:34:153	provisional	n	
冬眠	とうみん	hibernation	noun	term	00000E7B:34:102	provisional	n	
獣害	じゅうがい	damage from wild animals	noun	term	00000E7B:34:208	provisional	n	
初潮	しょちょう	first period	noun	term	00000E7B:60:42	provisional	n	plain words, no euphemism beyond the JP's
予知のループ	よちのるーぷ	a foresight loop	phrase	concept	00000E7B:54:158	provisional	n	桃子's coinage, in 『』
3畳間	さんじょうま	a small three-mat room	noun	place	00000E7B:54:179	provisional	n	same EN as the 三畳間 row
緑目	みどりめ	green-eyed	noun	concept	00000E7B:60:108	provisional	n	also 緑の目 (60:106); see V272
翠眼	すいがん	green-eyed	noun	concept	00000E7B:104:18	fixed	n	villagers' word; see V272; matches 翠眼の獣 "The Green-Eyed Beast"; RULING Fable 2026-10-02 QUNTR6S-03
死神の装	しにがみのそう	TBD (the 死神 dress)	noun	object	00000E7B:180:36	provisional	n	V274
たいまつ	たいまつ	torch	noun	object	00000E7B:180:45	provisional	n	
殺気	さっき	bloodlust	noun	concept	00000E7B:40:5	provisional	n	also 68:118-123
第六感	だいろっかん	sixth sense	noun	concept	00000E7B:68:146	provisional	n	
お客人	おきゃくじん	our guest	noun	title	00000E7B:88:121	provisional	n	villagers' address for 桃子 (88:121, 88:142, 88:147); 客人 104:20
岡山県	おかやまけん	Okayama Prefecture	noun	place	00000E7B:82:164	provisional	n	
業火	ごうか	hellfire	noun	concept	00000E7B:82:270	provisional	n	地獄の業火
亡者	もうじゃ	the damned	noun	concept	00000E7B:82:271	provisional	n	
地獄	じごく	hell	noun	concept	00000E7B:82:255	provisional	n	
五島絵梨奈撲殺事件	ごとうえりなぼくさつじけん	the Erina Goto beating case	noun	event	00000E7B:227:16	provisional	n	
殲滅	せんめつ	wipe out	noun	term	00000E7B:28:105	provisional	n	
ぐがががが	ぐがががが	Ghhk-k-k-k	interjection	sfx	00000E7B:54:269	provisional	n	夏菜's frenzy noise; also "ががが…" 54:268, 54:273
温泉旅館	おんせんりょかん	hot-spring inn	noun	place	00000E95:11:15	provisional	n	
家族風呂	かぞくぶろ	family bath	noun	place	00000E95:11:61	fixed	y	QUNTR12-03 2026-10-02 (shipped practice)
温泉まんじゅう	おんせんまんじゅう	hot-spring manju	noun	food	00000E95:11:10	provisional	n	
海産物	かいさんぶつ	seafood	noun	food	00000E95:11:11	provisional	n	
枝豆	えだまめ	edamame	noun	food	00000E95:11:98	provisional	n	
仲居	なかい	the inn attendant	noun	title	00000E95:11:94	provisional	n	仲居さん (common noun: no suffix)
三つ指をつく	みつゆびをつく	bowed with her fingertips to the floor	phrase	term	00000E95:11:96	provisional	n	
手酌	てじゃく	poured his own	noun	term	00000E95:11:99	provisional	n	
テーマパーク	てーまぱーく	theme park	noun	place	00000E95:11:18	provisional	n	
遊園地	ゆうえんち	amusement park	noun	place	00000E95:11:18	provisional	n	
戦闘民族	せんとうみんぞく	warrior race	noun	term	00000E95:11:41	provisional	n	V283
家族水入らず	かぞくみずいらず	just the family	phrase	term	00000E95:11:206	provisional	n	
1泊2日	いっぱくふつか	an overnight trip	noun	term	00000E95:11:5	provisional	n	
社長	しゃちょう	company president	noun	title	00000E95:11:16	provisional	n	
最上室	さいじょうしつ	the best room	noun	place	00000E95:11:62	provisional	n	also 最高級室 11:15
隠れ巨乳	かくれきょにゅう	TBD (secretly busty)	noun	term	00000E95:11:252	provisional	n	
むぎゅ	むぎゅ	Mmph	interjection	interjection	00000E95:11:216	provisional	n	squeezed in a crowd; "むぎゅぎゅ" 11:216, "ぎゅー！" 11:221
大食祭804	たいしょくさい はっぴゃくよん	Big Eating Festival 804	noun	event	00000EAF:22:2	fixed	y	the national eating contest of 祀耀804, Japonica TV; the number is the era year; V303 CLOSED rulings-P13 2026-10-02: shipped form 0000191C Big Eating Festival 800 ~Winter Battle~
大食い大会	おおぐいたいかい	eating contest	noun	event	00000EAF:16:53	provisional	n	also 元木町's local one (46:116)
サイレントエンジェル	さいれんとえんじぇる	Silent Angel	noun	title	00000EAF:22:17	provisional	n	Goto's TV nickname (she is mute); English in katakana, keep the English words
エンジェルボイス	えんじぇるぼいす	Angel Voice	noun	title	00000EAF:97:205	provisional	n	"サイレントエンジェル改め" after Goto speaks
南崎しのり	みなみざき しのり (V307)	Shinori Minamizaki	noun	person	00000EAF:22:10	provisional	n	4-year eating champion; reading not given; printed "南 崎" at 40:144, 40:146, 46:96 (ruby residue)
新橋ゆき乃	しんばし ゆきの (V307)	Yukino Shinbashi	noun	person	00000EAF:22:7	provisional	n	Japonica TV announcer; 新橋アナ
ゆきぴん	ゆきぴん	Yukipin	noun	person	00000EAF:91:167	provisional	n	the announcer's popular nickname
鵜飼	うかい (V307)	Ukai	noun	person	00000EAF:28:200	provisional	n	Japonica TV program director
ジャポニカテレビ	じゃぽにかてれび	Japonica TV	noun	org	00000EAF:28:200	provisional	n	"日本で1番大きな民間のテレビ局" (46:78)
謝肉館	しゃにくかん	'Shanikukan'	noun	brand	00000EAF:34:12	fixed	y	Shibuya steak house; the kanji "似合わない" per Goto (34:22); V308 CLOSED rulings-P13 2026-10-02: romanized, one TN at 00000EAF:34:12 (carnival pun)
カレーハウス『Challenger』	かれーはうす ちゃれんじゃー	Curry House 'Challenger'	noun	brand	00000EAF:46:28	provisional	n	the name is Latin script in the source; "店名がずいぶんと扇動的だな"
太郎	たろう	Taro	noun	brand	00000EAF:91:187	provisional	n	点心の名店『太郎』, supplier of the qualifier buns; not a person here
唖者	あしゃ	mute	noun	term	00000EAF:46:47	provisional	n	a dated, blunt word; Goto uses it of herself (V310)
手話	しゅわ	sign language	noun	term	00000EAF:40:37	provisional	n	
ノーベル平和賞	のーべるへいわしょう	the Nobel Peace Prize	noun	event	00000EAF:16:52	provisional	n	
ノーベル委員会	のーべるいいんかい	the Nobel Committee	noun	org	00000EAF:16:57	provisional	n	"ノルウェー・ノーベル委員会" = the Norwegian Nobel Committee
オスロ	おすろ	Oslo	noun	place	00000EAF:16:51	provisional	n	
ノルウェー	のるうぇー	Norway	noun	place	00000EAF:16:51	provisional	n	
慈善活動	じぜんかつどう	charity work	noun	term	00000EAF:16:31	provisional	n	in 『』 at 16:107 ('charity work')
慈善活動家	じぜんかつどうか	philanthropist	noun	term	00000EAF:16:52	provisional	n	
偽善者	ぎぜんしゃ	hypocrite	noun	term	00000EAF:16:130	provisional	n	偽善 16:129 = hypocrisy
贖罪	しょくざい	atonement	noun	term	00000EAF:16:147	provisional	n	printed " 贖 罪" with ruby-residue spaces
升	しょう	sho	noun	term	00000EAF:22:138	fixed	y	rice measure; narration: "ご飯1升は約3.3キロ" (22:140); V311 CLOSED rulings-P13 2026-10-02: "5 sho of rice"; the narration 22:140 glosses it; no TN
ノンアルコールビール	のんあるこーるびーる	non-alcoholic beer	noun	food	00000EAF:22:230	provisional	n	
ホップ	ほっぷ	hops	noun	term	00000EAF:22:234	provisional	n	
イソフムロン	いそふむろん	isohumulone	noun	term	00000EAF:22:236	provisional	n	"（イソα酸）" gloss = iso-alpha acids
豚まん	ぶたまん	pork bun	noun	food	00000EAF:28:94	provisional	n	the qualifier dish; used alongside 肉まん for the same buns
肉まん	にくまん	meat bun	noun	food	00000EAF:28:0	provisional	n	
小龍包	しょうろんぽう	soup dumpling (xiaolongbao)	noun	food	00000EAF:28:9	provisional	n	
渋谷スクランブル交差点	しぶやすくらんぶるこうさてん	the Shibuya scramble crossing	noun	place	00000EAF:22:37	provisional	n	also 渋谷交差点 (22:5)
渋谷	しぶや	Shibuya	noun	place	00000EAF:22:15	provisional	n	渋谷区 = Shibuya Ward
池袋	いけぶくろ	Ikebukuro	noun	place	00000EAF:22:3	provisional	n	
東京	とうきょう	Tokyo	noun	place	00000EAF:22:3	provisional	n	
佐波空港	さわくうこう	Sawa Airport	noun	place	00000EAF:16:22	provisional	n	follows 佐波県 (V011)
さわ皆上駅	さわみなかみえき	Sawa-Minakami Station	noun	place	00000EAF:46:0	provisional	n	さわ in hiragana; follows 佐波県 / 皆上市 (V011, V033)
新幹線	しんかんせん	the bullet train	noun	object	00000EAF:28:177	provisional	n	
ネカフェ	ねかふぇ	internet cafe	noun	place	00000EAF:46:11	fixed	y	ネカフェ生活 = living in internet cafés; rulings-P13 2026-10-02: no accented letters (CP932)
町長	ちょうちょう	the mayor	noun	title	00000EAF:28:246	provisional	n	of 元木町
中嶋長司	なかじま ちょうじ (V307)	Choji Nakajima	noun	person	00000EAF:28:244	provisional	n	the mayor; name split over two cells "中嶋……／長司さん？"
高野	たかの (V307)	Takano	noun	person	00000EAF:28:76	provisional	n	contestant, qualifies, then a doctor's stop
藤代	ふじしろ (V307)	Fujishiro	noun	person	00000EAF:28:76	provisional	n	contestant
ドクターストップ	どくたーすとっぷ	ordered out by the doctor	noun	term	00000EAF:28:201	provisional	n	
食祝	しょくしゅく?	食祝 (kanji kept; read "Shokushuku")	noun	ui	00000EAF:22:73	fixed	y	painted backdrop; Goto guesses the reading; V304 CLOSED rulings-P13 2026-10-02: painted sign keeps the kanji; TN at 22:74
5ポンドステーキ	ごぽんどすてーき	5-pound steak	noun	food	00000EAF:34:13	provisional	n	narration: about 2,300 g
10ポンドステーキ	じゅっぽんどすてーき	10-pound steak	noun	food	00000EAF:34:84	provisional	n	4.6 kg (34:126)
リーゼント	りーぜんと	pompadour	noun	term	00000EAF:28:233	fixed	y	34:23 corrects itself "(正しくはポンパドール)": keep both words (a Japanese "regent" is a pompadour); TBD by drafter; rulings-P13 2026-10-02: "regent hair (properly, a pompadour)" at 00000EAF:34:23 only
前哨戦	ぜんしょうせん	warm-up bout	noun	term	00000EAF:34:69	provisional	n	
褐色脂肪細胞	かっしょくしぼうさいぼう	brown fat cells	noun	term	00000EAF:97:26	provisional	n	
一揆	いっき	an uprising	noun	term	00000EAF:28:291	provisional	n	町民の一揆 = the townspeople will revolt
八百万の神	やおよろずのかみ	the myriad gods	noun	concept	00000EAF:40:65	provisional	n	
嚥下力	えんげりょく	swallowing power	noun	term	00000EAF:46:175	provisional	n	glossed in text "飲みこむ力"
咀嚼力	そしゃくりょく	chewing power	noun	term	00000EAF:46:173	provisional	n	
生存本能	せいぞんほんのう	survival instinct	noun	concept	00000EAF:22:32	provisional	n	a key word of the file; keep one rendering
天寿	てんじゅ	natural span of life	noun	term	00000EAF:16:5	provisional	n	天寿が尽きる = die of old age / her life run out
警視庁	けいしちょう	the Tokyo Metropolitan Police	noun	org	00000EAF:22:5	provisional	n	
ヘリポート	へりぽーと	heliport	noun	place	00000EAF:28:266	provisional	n	
放送事故	ほうそうじこ	an on-air accident	noun	term	00000EAF:91:192	provisional	n	
イカ焼き少女	いかやきしょうじょ	the grilled-squid girl	noun	title	00000EAF:22:47	provisional	n	南崎's name for the girl of the 元木町 桜祭り contest four years before
炊飯器	すいはんき	rice cooker	noun	object	00000EAF:22:136	provisional	n	
しゃもじ	しゃもじ	rice paddle	noun	object	00000EAF:22:225	provisional	n	
どんぶり	どんぶり	bowl	noun	object	00000EAF:22:224	provisional	n	
重量計	じゅうりょうけい	scale	noun	object	00000EAF:22:149	provisional	n	
烏龍茶	うーろんちゃ	oolong tea	noun	food	00000EAF:22:223	provisional	n	
寿司酢	すしず	sushi vinegar	noun	food	00000EAF:97:48	provisional	n	
一味	いちみ	chili powder (ichimi)	noun	food	00000EAF:97:14	provisional	n	
山椒	さんしょう	Sichuan pepper (sansho)	noun	food	00000EAF:97:20	provisional	n	97:22 "『麻』という味覚" = the numbing taste; 麻 already a GLOSSARY key (hemp), so this sense lives here
生ふりかけ	なまふりかけ	soft rice seasoning (nama-furikake)	noun	food	00000EAF:22:109	provisional	n	
海苔の佃煮	のりのつくだに	seaweed paste (nori tsukudani)	noun	food	00000EAF:22:110	provisional	n	
食べるラー油	たべるらーゆ	chunky chili oil	noun	food	00000EAF:22:100	provisional	n	
トンカツ	とんかつ	pork cutlet	noun	food	00000EAF:22:89	provisional	n	menu item 1
刺身盛り合わせ	さしみもりあわせ	assorted sashimi	noun	food	00000EAF:22:90	provisional	n	
みそ汁	みそしる	miso soup	noun	food	00000EAF:22:91	provisional	n	
野菜炒め	やさいいため	stir-fried vegetables	noun	food	00000EAF:22:92	provisional	n	
明太子	めんたいこ	spicy cod roe (mentaiko)	noun	food	00000EAF:22:93	provisional	n	
カレールー	かれーるー	curry sauce	noun	food	00000EAF:22:94	provisional	n	
鳥の唐揚げ	とりのからあげ	fried chicken	noun	food	00000EAF:22:95	provisional	n	から揚げ row = "fried chicken" too
漬物盛り合わせ	つけものもりあわせ	assorted pickles	noun	food	00000EAF:22:96	provisional	n	（梅干し、たくあん、キムチ等）
たくあん	たくあん	pickled daikon	noun	food	00000EAF:22:96	provisional	n	
キムチ	きむち	kimchi	noun	food	00000EAF:22:96	provisional	n	
焼き魚	やきざかな	grilled fish	noun	food	00000EAF:22:97	provisional	n	（鮭、さんま、照り焼き等）
豚の角煮	ぶたのかくに	braised pork belly	noun	food	00000EAF:22:99	provisional	n	
納豆	なっとう	natto	noun	food	00000EAF:22:101	provisional	n	
麻婆豆腐	まーぼーどうふ	mapo tofu	noun	food	00000EAF:22:103	provisional	n	
チンジャオロース	ちんじゃおろーす	pepper steak (qingjiao rousi)	noun	food	00000EAF:22:104	provisional	n	
すき焼き	すきやき	sukiyaki	noun	food	00000EAF:22:105	provisional	n	
酢豚	すぶた	sweet-and-sour pork	noun	food	00000EAF:22:106	provisional	n	
餃子	ぎょうざ	gyoza	noun	food	00000EAF:22:107	provisional	n	
豚キムチ	ぶたきむち	pork kimchi	noun	food	00000EAF:22:108	provisional	n	
鳥の辛みそ炒め	とりのからみそいため	chicken stir-fried in spicy miso	noun	food	00000EAF:22:111	provisional	n	
鰻の蒲焼	うなぎのかばやき	grilled eel (kabayaki)	noun	food	00000EAF:22:112	provisional	n	printed " 鰻 の蒲焼" (ruby residue)
回鍋肉	ほいこーろー	twice-cooked pork	noun	food	00000EAF:22:113	provisional	n	
豚の生姜焼き	ぶたのしょうがやき	ginger pork	noun	food	00000EAF:22:114	provisional	n	
とろろ	とろろ	grated yam	noun	food	00000EAF:22:116	provisional	n	
エビチリ	えびちり	chili shrimp	noun	food	00000EAF:22:117	provisional	n	
楽屋	がくや	the dressing room	noun	place	00000EAF:28:161	provisional	n	91:36 "楽屋という名の待合室"
予選	よせん	the qualifier	noun	event	00000EAF:22:10	provisional	n	
決勝	けっしょう	the final	noun	event	00000EAF:22:2	provisional	n	決勝戦
実況	じっきょう	play-by-play	noun	term	00000EAF:16:54	provisional	n	
横断幕	おうだんまく	banner	noun	object	00000EAF:40:47	provisional	n	
プラカード	ぷらかーど	placard	noun	object	00000EAF:28:236	provisional	n	
見世物小屋	みせものごや	a freak show	noun	term	00000EAF:46:160	provisional	n	
出陣	しゅつじん	Into battle!	noun	term	00000EAF:22:214	provisional	n	the countdown's last narration cell "出陣！！！", after "いざ――。"
聖戦	せいせん	holy war	noun	term	00000EAF:22:57	provisional	n	本能の聖戦 97:226
食堂	しょくどう	diner	noun	place	00000EAF:52:75	provisional	n	the neighbourhood set-meal place Goto frequents
かつ丼	かつどん	pork-cutlet rice bowl	noun	food	00000EAF:52:90	provisional	n	特盛の3倍マシ = extra-large, triple helping
日替わり	ひがわり	daily special	noun	food	00000EAF:52:90	provisional	n	
デカ盛り	でかもり	giant portions	noun	term	00000EAF:52:82	provisional	n	
名刺	めいし	business card	noun	object	00000EAF:46:126	provisional	n	
出演料	しゅつえんりょう	appearance fee	noun	term	00000EAF:46:131	provisional	n	
ゲップ	げっぷ	burp	noun	term	00000EAF:22:289	provisional	n	
ゲフゥ	げふぅ	Urrp	interjection	sfx	00000EAF:22:285	provisional	n	a burp, in 「」
食う、寝る、呼吸する	くう、ねる、こきゅうする	eat, sleep, breathe	phrase	term	00000EAF:16:5	provisional	n	Goto's refrain (16:5, 16:79, 22:198, 46:3, 52:55, 97:338); keep the same three verbs every time
食うことしか能のない	くうことしかのうのない	good for nothing but eating	phrase	term	00000EAF:28:193	provisional	n	Goto's refrain (口, 私, 女); from the couple's "あの口、食うためだけにあるんだな" (52:105)
伝説の天才少女	でんせつのてんさいしょうじょ	the legendary genius girl	phrase	title	00000EAF:40:25	provisional	n	board post; follows 天才少女
両陛下	りょうへいか	Your Majesties	noun	title	00000EAF:16:57	provisional	n	"国王、王妃両陛下" = Their Majesties the King and Queen
両殿下	りょうでんか	Your Royal Highnesses	noun	title	00000EAF:16:57	provisional	n	"皇太子、皇太子妃両殿下" = the Crown Prince and Crown Princess
記者会見	きしゃかいけん	press conference	noun	event	00000EAF:16:154	provisional	n	
晩餐会	ばんさんかい	banquet	noun	event	00000EAF:16:154	provisional	n	
大浴場	だいよくじょう	the big bath	noun	place	00000EC7:11:3	provisional	n	
露天風呂	ろてんぶろ	open-air bath	noun	place	00000EC7:11:11	provisional	n	
半月	はんげつ	half moon	noun	term	00000EC7:11:18	provisional	n	"少し太った半月" = a half moon, a little past half
お嬢ちゃん	おじょうちゃん	TBD (miss / young lady)	noun	person	00000EC7:11:44	provisional	n	an older stranger to a teenage girl (STYLE non-relative rule); cf. 000008B9:36:13 to a child
人生相談	じんせいそうだん	life counseling	noun	term	00000EC7:11:101	provisional	n	
当たるも八卦、当たらぬも八卦	あたるもはっけ、あたらぬもはっけ	Some fortunes are right, some fortunes are wrong.	phrase	term	00000EC7:11:249	fixed	y	set phrase, render by English of the same weight (IMAGES AND SET PHRASES); QUNTR11-05 2026-10-02: aligned to the shipped 00000EC7:648 sentence
1060億人	せんろくじゅうおくにん	106 billion people	noun	term	00000EC7:11:226	provisional	n	the count of all humans who have died
防衛本能	ぼうえいほんのう	defensive instinct	noun	concept	00000EC7:11:176	provisional	n	
相容れない体質	あいいれないたいしつ	'constitutions that cannot coexist'	phrase	concept	00000EC7:11:170	fixed	y	in 『』; Natsumi notes it contradicts "とてもよく似ている" (11:171); QUNTR11-05 2026-10-02: shipped 00000EC7:466-468
女社長	おんなしゃちょう	a woman company president	noun	title	00000EC7:11:53	provisional	n	
長湯	ながゆ	stayed too long in the bath	noun	term	00000EC7:11:255	provisional	n	
サード・ジェネレーション	さーど・じぇねれーしょん	Third Generation	noun	title	00000EDF:47:4	fixed	y	the eyeless woman's name for Goto; katakana English, kept apart from 第三世代; V325 CLOSED rulings-P14 2026-10-02: the double's nickname for Goto; capitalized, no article; 第三世代 stays 'the third generation'
翠眼呪殺	すいがんじゅさつ	Green-Eye Curse-Killing	noun	concept	00000EDF:47:6	fixed	y	book heading; reading guessed by Goto 83:123; V326 CLOSED rulings-P14 2026-10-02: heading cell curly; 83:123 reading 'suigan jusatsu' in single quotes, no TN
貧相ちゃん	ひんそうちゃん	Flatty-chan	noun	person	00000EDF:37:314	fixed	y	桃子's nickname for Natsumi (flat-chested); address 117:261; aligned to rulings-P14 2026-10-02 (was "Scrawny-chan")
バインバイン		boing-boing	adj	sfx	00000EDF:37:239	fixed	y	chest-size word; graded series with パインパイン, バルンバルン, ボヨンボヨン; V327 CLOSED rulings-P14 2026-10-02: パインパイン poing-poing / バルンバルン ba-boing ba-boing / ボヨンボヨン boingy-boingy
パインパイン		poing-poing	adj	sfx	00000EDF:37:270	fixed	y	"若干控えめ" than バインバイン; aligned to rulings-P14 2026-10-02 (was "TBD")
バルンバルン		ba-boing ba-boing	adj	sfx	00000EDF:37:277	fixed	y	"more バインバイン"; aligned to rulings-P14 2026-10-02 (was "TBD")
ボヨンボヨン		boingy-boingy	adj	sfx	00000EDF:47:71	fixed	y	aligned to rulings-P14 2026-10-02 (was "TBD")
使い捨てカラーコンタクト	つかいすてからーこんたくと	disposable colored contacts	noun	object	00000EDF:71:54	provisional	n	
元木メモリアルパーク	もときめもりあるぱーく	Motoki Memorial Park	noun	place	00000EDF:37:326	provisional	n	cemetery; follows 元木町
キャッチアンドリリース		catch and release	noun	term	00000EDF:37:200	provisional	n	
どんぐりの背比べ		six of one, half a dozen of the other	phrase	term	00000EDF:37:218	provisional	n	
論破	ろんぱ	argue (me) into the ground	noun	term	00000EDF:37:222	provisional	n	
画びょう	がびょう	thumbtack	noun	object	00000EDF:37:53	provisional	n	
ペンチ		pliers	noun	object	00000EDF:37:58	provisional	n	
赤点	あかてん	a failing grade	noun	term	00000EDF:37:160	provisional	n	
天才少女様	てんさいしょうじょさま	Her Highness the Genius Girl	noun	title	00000EDF:37:159	fixed	y	answer to "何様よ"; not a name + suffix; rulings-P14 2026-10-02
人間万事塞翁が馬	にんげんばんじさいおうがうま	who knows what's good luck and what's bad	phrase	term	00000EDF:53:12	fixed	y	Haruka's saying; recalled 117:311; rulings-P14 2026-10-02: one string at 53:12 and 117:311 (single quotes there); no horse, no silver lining
人生山あり谷あり	じんせいやまありたにあり	life has its ups and downs	phrase	term	00000EDF:53:12	provisional	n	
エフェドリン		ephedrine	noun	term	00000EDF:53:151	provisional	n	
Aエフェドリン		A-ephedrine	noun	term	00000EDF:59:48	provisional	n	A for 荒田
αエフェドリン		TBD (alpha-ephedrine; see V329)	noun	term	00000EDF:59:49	provisional	n	
メタンフェタミン		methamphetamine	noun	term	00000EDF:53:152	provisional	n	
覚せい剤	かくせいざい	a stimulant drug	noun	term	00000EDF:53:152	provisional	n	
前駆物質	ぜんくぶっしつ	precursor	noun	term	00000EDF:53:152	provisional	n	
胞子	ほうし	spores	noun	term	00000EDF:53:150	provisional	n	
菌類	きんるい	fungi	noun	term	00000EDF:59:52	provisional	n	
寄生	きせい	parasitizing / a parasite	noun	term	00000EDF:59:57	provisional	n	
交感神経	こうかんしんけい	the sympathetic nerves	noun	term	00000EDF:59:44	provisional	n	
動体視力	どうたいしりょく	dynamic vision	noun	term	00000EDF:59:44	provisional	n	
ドローガの精製法	どろーがのせいせいほう	The Droga Refining Method	noun	title	00000EDF:192:199	fixed	y	book title in straight quotes; aligned to rulings-P14 2026-10-02 (was "TBD")
男女が大人の身体になる時	だんじょがおとなのからだになるとき	'When Boys and Girls Become Adults'	noun	title	00000EDF:83:75	provisional	n	book title in straight quotes
春画	しゅんが	shunga (erotic prints)	noun	term	00000EDF:83:80	provisional	n	
偃息図	えんそくず	TBD (see V330)	noun	term	00000EDF:83:83	provisional	n	
隠号	いんごう	hidden signatures	noun	term	00000EDF:83:85	provisional	n	
浮世絵	うきよえ	ukiyo-e	noun	term	00000EDF:83:87	provisional	n	
怪盗ゴトー	かいとうごとー	Phantom Thief Goto	noun	title	00000EDF:77:145	provisional	n	夏菜's game name
怪盗団ゴトーズ	かいとうだんごとーず	the Gotos Phantom Thief Gang	noun	org	00000EDF:192:0	fixed	y	aligned to rulings-P14 2026-10-02 (was "the Phantom Thief Gotos")
ゴトー団長	ごとーだんちょう	Captain Goto	noun	title	00000EDF:192:4	fixed	y	aligned to rulings-P14 2026-10-02 (was "Chief Goto")
副団長怪盗ニームラ	ふくだんちょうかいとうにーむら	Vice-Chief Phantom Thief Niimura	noun	title	00000EDF:192:6	provisional	n	夏菜's game name; also ニームラ副団長
怪盗さん	かいとうさん	phantom thief (address)	noun	term	00000EDF:89:36	provisional	n	幸太郎 to Goto; common noun, no suffix
ナンバー錠	なんばーじょう	a combination lock	noun	object	00000EDF:192:62	provisional	n	four digits
金メッキ	きんめっき	gold plating	noun	term	00000EDF:192:37	provisional	n	
懐中電灯	かいちゅうでんとう	flashlight	noun	object	00000EDF:192:27	provisional	n	
匁	もんめ	monme (see V346)	noun	term	00000EDF:83:8	provisional	n	old weight unit; JP glosses 約375グラム per 100
蒸留水	じょうりゅうすい	distilled water	noun	term	00000EDF:83:54	provisional	n	
緊急避難	きんきゅうひなん	an act of necessity	noun	term	00000EDF:83:236	fixed	y	legal term; aligned to rulings-P14 2026-10-02 (was "self-defense by necessity")
生存権	せいぞんけん	the right to survive	noun	term	00000EDF:83:238	provisional	n	
ヘロイン		heroin	noun	term	00000EDF:83:213	provisional	n	
禁断症状	きんだんしょうじょう	withdrawal symptoms	noun	term	00000EDF:83:211	provisional	n	
お通夜	おつや	the wake	noun	event	00000EDF:71:91	provisional	n	
弔問	ちょうもん	paying condolences	noun	term	00000EDF:71:95	provisional	n	
香典	こうでん	condolence money	noun	term	00000EDF:71:112	provisional	n	
検死	けんし	the autopsy	noun	term	00000EDF:71:92	provisional	n	
牛丼	ぎゅうどん	beef bowl	noun	food	00000EDF:53:310	provisional	n	
特盛	とくもり	extra-large	noun	term	00000EDF:53:312	provisional	n	
既読マーク	きどくまーく	the read receipt	noun	ui	00000EDF:53:329	provisional	n	
爆乳軍団	ばくにゅうぐんだん	the Mega-Boobs Squad	noun	term	00000EDF:117:273	fixed	y	夏菜's greeting; aligned to rulings-P14 2026-10-02 (was "the Big-Boob Brigade")
師匠	ししょう	Master	noun	title	00000EDF:117:254	provisional	n	nickname for 桃子 (V331)
桃ちん	ももちん	Momo-chin	noun	person	00000EDF:117:256	provisional	n	nickname for 桃子 (V331)
シスコン		siscon	noun	term	00000EDF:117:297	fixed	y	aligned to rulings-P14 2026-10-02 (was "sister complex")
歓迎会	かんげいかい	welcome party	noun	event	00000EDF:117:285	provisional	n	
誕生会	たんじょうかい	birthday party	noun	event	00000EDF:117:285	provisional	n	
ナンパ師	なんぱし	pickup artist	noun	term	00000EDF:117:282	provisional	n	
痴漢	ちかん	groper	noun	term	00000EDF:202:263	provisional	n	
ペドフィリア		pedophilia	noun	term	00000EDF:202:265	provisional	n	
光源氏	ひかるげんじ	Hikaru Genji	noun	person	00000EDF:202:266	provisional	n	JP glosses in full-width parentheses
源氏物語	げんじものがたり	The Tale of Genji	noun	title	00000EDF:202:266	provisional	n	
ルイス・キャロル		Lewis Carroll	noun	person	00000EDF:202:267	provisional	n	
不思議の国のアリス	ふしぎのくにのありす	Alice's Adventures in Wonderland	noun	title	00000EDF:202:267	provisional	n	
性犯罪者	せいはんざいしゃ	sex offender	noun	term	00000EDF:47:90	provisional	n	
焼身自殺	しょうしんじさつ	burning herself to death	noun	term	00000EDF:65:50	provisional	n	
包丁	ほうちょう	kitchen knife	noun	object	00000EDF:65:31	provisional	n	
家事手伝い	かじてつだい	helping with the housework	noun	term	00000EDF:186:23	provisional	n	résumé term for a young woman living at home; Goto: "言葉の使い方間違えてる" (186:24)
演劇会	えんげきかい	the school play	noun	event	00000EDF:77:29	provisional	n	
少子高齢化	しょうしこうれいか	fewer children and more old people	noun	term	00000EDF:77:36	provisional	n	
住民帳	じゅうみんちょう	the residents' register (see V334)	noun	object	00000EDF:77:140	provisional	n	cf. 住民簿
自然分娩	しぜんぶんべん	natural birth	noun	term	00000EDF:77:122	provisional	n	
帝王切開	ていおうせっかい	C-section	noun	term	00000EDF:77:122	provisional	n	
突然変異	とつぜんへんい	mutation	noun	term	00000EDF:77:92	provisional	n	
遺伝	いでん	heredity	noun	term	00000EDF:77:92	provisional	n	
虹彩	こうさい	iris	noun	term	00000EDF:71:57	provisional	n	
メラニン色素	めらにんしきそ	melanin	noun	term	00000EDF:71:57	provisional	n	
コンタクトレンズ		contact lenses	noun	object	00000EDF:71:48	provisional	n	
地下倉庫	ちかそうこ	the underground storeroom	noun	place	00000EDF:59:13	provisional	n	
研究レポート	けんきゅうれぽーと	research report	noun	object	00000EDF:59:26	provisional	n	
書庫	しょこ	the archive room	noun	place	00000EDF:59:21	provisional	n	
罪滅ぼし	つみほろぼし	making amends	noun	term	00000EDF:59:229	provisional	n	
てやんでえ		Ha! Nothing to it!	interjection	interjection	00000EDF:202:237	fixed	n	夏菜's old-Edo pose; DIALECT POLICY, no dialect in EN; rulings-P14 2026-10-02: 202:237 with お安い御用でい; QP14C-01: STYLE bans dropped-g spellings
ピザトースト		pizza toast	noun	food	00000EDF:117:21	provisional	n	
とろけるチーズ		melting cheese	noun	food	00000EDF:117:19	provisional	n	
オーブントースター		toaster oven	noun	object	00000EDF:117:29	provisional	n	
シャクトリムシ		inchworm	noun	term	00000EDF:117:49	provisional	n	
ハイスペックイタズラー		high-spec prankster	noun	term	00000EDF:117:75	provisional	n	
祀耀342年	しようさんびゃくよんじゅうにねん	Shiyo 342	noun	date	00000EDF:83:1	provisional	n	
祀耀735年	しようななひゃくさんじゅうごねん	Shiyo 735	noun	date	00000EDF:83:57	provisional	n	
祀耀800年四月一一日		Shiyo 800, April 11	noun	date	00000EDF:65:122	provisional	n	
祀耀800年八月一日		Shiyo 800, August 1	noun	date	00000EDF:117:245	provisional	n	
七月二三日	しちがつにじゅうさんにち	July 23	noun	date	00000EDF:192:111	provisional	n	
レンタカー		rental car	noun	object	00000EDF:33:17	provisional	n	
ごろ合わせ	ごろあわせ	a number pun (see V328)	noun	term	00000EDF:117:214	provisional	n	
地下室	ちかしつ	the basement room	noun	place	00000EDF:83:205	provisional	n	
保健体育	ほけんたいいく	health education	noun	term	00000EDF:83:101	provisional	n	
薬物中毒者	やくぶつちゅうどくしゃ	a drug addict	noun	term	00000EDF:53:156	provisional	n	
幻覚	げんかく	hallucination	noun	term	00000EDF:53:128	provisional	n	
錯乱	さくらん	out of your mind / delirium	noun	term	00000EDF:53:153	provisional	n	
外面	そとづら	how I come across	noun	term	00000EDF:37:154	provisional	n	paired with 内面
ビッチ		slut	noun	term	00000EDF:37:212	fixed	n	rulings-P14 2026-10-02
一生の不覚	いっしょうのふかく	the blunder of a lifetime	phrase	term	00000EDF:83:110	provisional	n	Goto's refrain "この天才少女、一生の不覚……！"
通り名	とおりな	alias	noun	term	00000EDF:77:147	provisional	n	
おせっかいババア		a nosy old hag	noun	term	00000EDF:202:131	provisional	n	
肉付きの面	にくづきのめん	the flesh-bound mask	noun	title	00000EF6:8:195	fixed	n	a Fukui folk tale (110:43-83) and the file's central metaphor for Natsumi; also お面 / 面 alone in the same sense (67:36, 61:82); V353 CLOSED P15: descriptive, no TN; as the tale's title 'The Flesh-Bound Mask'
交換輸血	こうかんゆけつ	exchange transfusion	noun	term	00000EF6:14:5	provisional	n	
稀血	まれけつ	rare blood type	noun	term	00000EF6:20:262	provisional	n	Natsumi repeats it in hiragana まれけつ (20:263): an echo of a word she does not know
シスAB型	しすえーびーがた	cis-AB blood type	noun	term	00000EF6:20:265	provisional	n	
ボンベイ型	ぼんべいがた	the Bombay blood type	noun	term	00000EF6:20:267	provisional	n	
新生児黄疸	しんせいじおうだん	newborn jaundice	noun	term	00000EF6:20:238	provisional	n	
鎌状赤血球症	かまじょうせっけっきゅうしょう	sickle-cell disease	noun	term	00000EF6:20:238	provisional	n	printed with ruby-residue spaces "鎌 状 赤 血 球 症"
血液センター	けつえきせんたー	the blood center	noun	org	00000EF6:20:244	provisional	n	
廃血	はいけつ	drawing off blood	noun	term	00000EF6:20:240	provisional	n	
カテーテル	かてーてる	catheter	noun	object	00000EF6:20:293	provisional	n	
処置室	しょちしつ	the treatment room	noun	place	00000EF6:14:1	provisional	n	
アロマミスト	あろまみすと	aroma mist	noun	object	00000EF6:14:4	provisional	n	
人工呼吸器	じんこうこきゅうき	ventilator	noun	object	00000EF6:14:71	provisional	n	
自発呼吸	じはつこきゅう	breathing on her own	noun	term	00000EF6:14:82	provisional	n	
反射	はんしゃ	reflex	noun	term	00000EF6:36:144	provisional	n	
反射消失	はんしゃしょうしつ	suppressing the reflexes	noun	term	00000EF6:14:81	provisional	n	
反射反応	はんしゃはんのう	reflex responses	noun	term	00000EF6:14:226	provisional	n	
神経科病棟	しんけいかびょうとう	the neurology ward	noun	place	00000EF6:36:49	provisional	n	
外科病棟	げかびょうとう	the surgical ward	noun	place	00000EF6:36:50	provisional	n	
面会謝絶	めんかいしゃぜつ	No Visitors	noun	ui	00000EF6:36:80	provisional	n	a door sign in 『』 (36:80); also as a state (26:163, 36:103)
拘束着	こうそくぎ	a restraint jacket	noun	object	00000EF6:36:121	provisional	n	
下顎呼吸	かがくこきゅう	agonal jaw breathing	noun	term	00000EF6:36:140	provisional	n	glossed by the JP in ASCII parentheses (V366)
死戦期呼吸	しせんきこきゅう	agonal breathing	noun	term	00000EF6:26:170	provisional	n	
昏睡状態	こんすいじょうたい	a coma	noun	term	00000EF6:36:143	provisional	n	
アルカロイド	あるかろいど	alkaloid	noun	term	00000EF6:36:170	provisional	n	
麻黄	まおう	ephedra (mao)	noun	term	00000EF6:26:61	provisional	n	first said in katakana マオウ (26:59-60), then explained as 麻の黄
葛根湯	かっこんとう	kakkonto (a kampo cold remedy)	noun	term	00000EF6:26:62	provisional	n	
漢方	かんぽう	herbal medicine (kampo)	noun	term	00000EF6:26:59	provisional	n	
胃潰瘍	いかいよう	stomach ulcer	noun	term	00000EF6:61:31	provisional	n	
内視鏡	ないしきょう	endoscope / endoscopic	noun	term	00000EF6:61:35	provisional	n	
吐血	とけつ	vomiting blood	noun	term	00000EF6:61:33	provisional	n	
導眠剤	どうみんざい	sleeping pill	noun	term	00000EF6:42:3	provisional	n	
痛み止め	いたみどめ	painkiller	noun	term	00000EF6:20:17	provisional	n	
点滴	てんてき	IV drip	noun	object	00000EF6:36:15	provisional	n	点滴スタンド = IV stand
ナースコール	なーすこーる	the nurse call button	noun	object	00000EF6:61:220	provisional	n	
ナースステーション	なーすすてーしょん	the nurses' station	noun	place	00000EF6:14:240	provisional	n	
バイタルサイン	ばいたるさいん	vital signs	noun	term	00000EF6:14:240	provisional	n	
検死結果	けんしけっか	autopsy report	noun	object	00000EF6:20:40	provisional	n	"新村栄一郎検死結果" read off a document (20:40)
警察庁	けいさつちょう	the National Police Agency	noun	org	00000EF6:20:52	provisional	n	distinct from 佐波県警 (the prefectural police)
国家機密	こっかきみつ	a state secret	noun	term	00000EF6:20:92	provisional	n	
被疑者死亡	ひぎしゃしぼう	the suspect being dead	noun	term	00000EF6:20:36	provisional	n	
精密分析	せいみつぶんせき	detailed analysis	noun	term	00000EF6:20:60	provisional	n	
続柄	つづきがら	relationship (register field)	noun	ui	00000EF6:26:143	provisional	n	a field label on the 戸籍謄本 (26:143, 26:149, 26:152)
長女	ちょうじょ	eldest daughter	noun	term	00000EF6:26:149	provisional	n	register value; cf. 次女
養父	ようふ	adoptive father	noun	term	00000EF6:26:150	provisional	n	register label
養母	ようぼ	adoptive mother	noun	term	00000EF6:26:151	provisional	n	register label
養女	ようじょ	adopted daughter	noun	term	00000EF6:26:152	provisional	n	register value
車椅子	くるまいす	wheelchair	noun	object	00000EF6:14:99	provisional	n	
留置所	りゅうちじょ	the police cells	noun	place	00000EF6:8:164	provisional	n	
両墓制	りょうぼせい	the two-grave system	noun	concept	00000EF6:8:165	provisional	n	a burial grave at 荒田 and a visiting grave near the hospital; the narration explains it (no TN)
娑婆	しゃば	the outside world	noun	term	00000EF6:8:168	provisional	n	prison slang, of Natsumi's mother
災い転じて福となす	わざわいてんじてふくとなす	a blessing in disguise	phrase	term	00000EF6:8:175	provisional	n	
民話	みんわ	folk tale	noun	term	00000EF6:8:196	provisional	n	
福井県	ふくいけん	Fukui Prefecture	noun	place	00000EF6:110:42	provisional	n	
鬼女	きじょ	demon woman	noun	concept	00000EF6:110:48	provisional	n	鬼女の面 = a demon-woman mask
姑	しゅうとめ	mother-in-law	noun	person	00000EF6:110:43	provisional	n	in the folk tale; printed with ruby-residue spaces " 姑 " at most occurrences
住職	じゅうしょく	the head priest	noun	title	00000EF6:110:74	provisional	n	
念仏	ねんぶつ	the nembutsu (prayer)	noun	term	00000EF6:50:23	provisional	n	50:23 "念仏のような恨み言" = a droning, chant-like grudge
懺悔	ざんげ	repent	noun	term	00000EF6:110:77	provisional	n	
語り部	かたりべ	storyteller	noun	term	00000EF6:110:84	provisional	n	
看板娘	かんばんむすめ	the shop's star girl	noun	term	00000EF6:110:163	provisional	n	
なっちゃん	なっちゃん	Nat-chan	noun	person	00000EF6:110:159	fixed	n	Natsumi's nickname at the izakaya; V355 CLOSED P15
長さん	ちょうさん?	Cho-san	noun	person	00000EF6:26:67	fixed	n	a regular; reading not given; V354 CLOSED P15
山さん	やまさん	Yama-san	noun	person	00000EF6:110:175	fixed	n	a regular; V354 CLOSED P15
店長	てんちょう	the manager / Boss	noun	title	00000EF6:26:45	fixed	n	Natsumi addresses him 店長; 110:309 she jokes he will be 社長; V354 CLOSED P15: "the manager" in narration, "Boss" as address
2号店	にごうてん	the second shop	noun	place	00000EF6:67:16	provisional	n	
居酒屋	いざかや	izakaya	noun	place	00000EF6:140:108	provisional	n	
お酌	おしゃく	pouring drinks (for a customer)	noun	term	00000EF6:110:165	provisional	n	
地鶏モモのたたき	じどりもものたたき	seared free-range chicken thigh	noun	food	00000EF6:110:183	provisional	n	モモのたたき at 110:181
生ビール	なまびーる	draft beer	noun	food	00000EF6:110:205	provisional	n	
出禁	できん	banned from the shop	noun	term	00000EF6:110:218	provisional	n	
逮捕状	たいほじょう	an arrest warrant	noun	term	00000EF6:110:213	provisional	n	
サバイバル寿司	さばいばるずし	Survival Sushi	noun	food	00000EF6:110:252	provisional	n	the dish; the game is 寿司サバイバル (next row)
寿司サバイバル	すしさばいばる	Sushi Survival	noun	event	00000EF6:110:247	provisional	n	the game (14 pieces, 7 with wasabi); modelled on ロシアンたこ焼き
キャロライナ・リーパー	きゃろらいな・りーぱー	Carolina Reaper	noun	food	00000EF6:110:263	provisional	n	
元木大学	もときだいがく	Motoki University	noun	org	00000EF6:110:245	fixed	n	P15; follows 元木町
時給	じきゅう	hourly wage	noun	term	00000EF6:110:285	provisional	n	
高校中退	こうこうちゅうたい	a high-school dropout	noun	term	00000EF6:110:295	provisional	n	
2次会	にじかい	an after-party (second round)	noun	event	00000EF6:110:243	provisional	n	
ウェーイ	うぇーい	Wooo!	interjection	interjection	00000EF6:110:244	fixed	n	stretched "ウウウェェェェーーーイイイ！！" (110:253): stretch carried per STRETCHED ENDINGS; P15: the party whoop; stretched forms Woooooooooo!!
生徒会	せいとかい	the student council	noun	org	00000EF6:134:71	provisional	n	
生徒会長	せいとかいちょう	student council president	noun	title	00000EF6:134:72	provisional	n	
論文	ろんぶん	paper / thesis	noun	term	00000EF6:134:74	provisional	n	
プレゼン大会	ぷれぜんたいかい	the presentation contest	noun	event	00000EF6:67:6	provisional	n	also 論文大会 (134:83)
無認可薬品	むにんかやくひん	unapproved drugs	noun	term	00000EF6:134:77	provisional	n	
臨床実験	りんしょうじっけん	clinical trials	noun	term	00000EF6:134:77	provisional	n	
文系	ぶんけい	humanities track	noun	term	00000EF6:134:80	provisional	n	
理系	りけい	science track	noun	term	00000EF6:134:79	provisional	n	
偏差値	へんさち	test scores (deviation score)	noun	term	00000EF6:134:84	provisional	n	
志望校	しぼうこう	her first-choice school	noun	term	00000EF6:134:84	provisional	n	
ホットミルク	ほっとみるく	hot milk	noun	food	00000EF6:134:52	provisional	n	
外出許可	がいしゅつきょか	permission to go out	noun	term	00000EF6:134:63	provisional	n	
家族写真	かぞくしゃしん	a family photo	noun	term	00000EF6:14:135	provisional	n	recurs as the promise (8:220)
家人療養	かじんりょうよう	caring for a sick family member	noun	term	00000EF6:67:215	provisional	n	inside a quoted excuse 『家人療養のため、数日休みます』
退学届	たいがくとどけ	notice of withdrawal (from school)	noun	term	00000EF6:140:62	provisional	n	
無期懲役	むきちょうえき	life imprisonment	noun	term	00000EF6:140:184	provisional	n	P19: 0000156A; 無期懲役囚 = "a lifer"; 終身刑 (92:9) = "imprisonment until you die" (the text contrasts them)
山姥	やまんば	a mountain hag	noun	concept	00000EF6:36:129	provisional	n	
新しい世界	あたらしいせかい	a new world	phrase	concept	00000EF6:8:25	provisional	n	recurring motif of the file (8:25-36, 8:134, 14:185-203, 8:204-206): one English throughout
奇跡	きせき	miracle	noun	concept	00000EF6:140:11	provisional	n	recurring in 140:11-22, 140:171-177, 20:222-224
祀耀802年四月八日	しようはちひゃくにねんしがつようか	Shiyo 802, April 8	noun	date	00000EF6:8:153	provisional	n	caption "祀耀802年四月八日、早朝――。"
祀耀802年四月三〇日	しようはちひゃくにねんしがつさんじゅうにち	Shiyo 802, April 30	noun	date	00000EF6:8:156	provisional	n	
祀耀802年四月七日	しようはちひゃくにねんしがつなのか	Shiyo 802, April 7	noun	date	00000EF6:14:0	provisional	n	captions with clock times 6:00, 15:00, 20：00 (V356)
祀耀802年四月六日	しようはちひゃくにねんしがつむいか	Shiyo 802, April 6	noun	date	00000EF6:20:0	provisional	n	captions with 15:00, 18:00, 20：00
祀耀800年四月八日	しようはっぴゃくねんしがつようか	Shiyo 800, April 8	noun	date	00000EF6:140:0	provisional	n	
おじいちゃん	おじいちゃん	Grandpa	noun	person	00000EF6:61:55	provisional	n	Natsumi's grandfather (her own relative); おじいちゃんたち = her grandparents
はーい	はーい	Coming! / Okay!	interjection	interjection	00000EF6:20:18	provisional	n	function: a staff reply to a call (20:18, 20:20 "はーい、すぐ行きまーす"; 61:224 "――はーい。"); 110:254 "はーい！　じゃあご用意しますね！" = "Okay!"
ちぇ	ちぇ	Tch	interjection	interjection	00000EF6:8:215	provisional	n	a mild sulk (Haruka 8:215)
えへ	えへ	Hehe	interjection	interjection	00000EF6:61:203	provisional	n	a pleased, shy laugh (Goto 61:203; Natsumi 67:16, 140:50); cf. あは = "Aha"
きゃ	きゃ	Eek!	interjection	interjection	00000EF6:110:197	provisional	n	a startled squeal (Natsumi, groped)
ロリコンでもシリコンでも	ろりこんでもしりこんでも	lolicon or silicon	phrase	term	00000EF6:36:255	fixed	n	Natsumi's narration rhymes ロリコン with シリコン ("whether he's a lolicon or silicone"); a sound pun with no meaning; TN case 4 or an English rhyme (V358); V358 CLOSED P15: the rhyme survives in English, no TN
古村秋菜	ふるむらあきな (ruby 00000F0D:8:131, 38:147)	Akina Furumura	noun	person	00000F0D:8:131	fixed	n	夏菜's false name, built from her own: 新 (new) -> 古 (old), 夏 (summer) -> 秋 (autumn); the narration remarks on it (8:133); reading not given; V367 CLOSED P16: romanized; one TN at 00000F0D:8:133 names the mechanism (nii/furu = new/old, ka/aki = summer/autumn); QP16A-01: the ruby reads Furumura, Komura withdrawn
秋菜ちゃん	あきなちゃん	Akina-chan	noun	person	00000F0D:8:134	fixed	n	address to the false name (the plainclothes officer, Goto); Ise once says bare 秋菜 (44:96), which Goto notices (44:101); V367 CLOSED P16; the surname is Furumura (QP16A-01)
夏菜ちゃん	かなちゃん	Kana-chan	noun	person	00000F0D:56:65	provisional	n	Goto, Natsumi on 夏菜; reading かな per 26:181-184 (V107)
大ちゃん	だいちゃん	Dai-chan	noun	person	00000F0D:20:0	provisional	n	nickname for 伊勢大二郎 used by the soba-shop woman; 夏菜 borrows it while posing as his relative (38:148)
家出少女	いえでしょうじょ	runaway girl	noun	term	00000F0D:8:109	provisional	n	recurring self-label of 夏菜 and police term
居場所	いばしょ	a place to belong	noun	concept	00000F0D:20:80	fixed	n	the file's refrain word (Ise's view of runaways; 夏菜's home, then 元木町 and Ise himself); V381 CLOSED P16: one noun everywhere, inflected (my place to belong / your place to belong / a place to belong)
天皇陛下	てんのうへいか	His Majesty the Emperor / the Emperor	noun	title	00000F0D:8:75	provisional	n	crowd cheer "天皇陛下ばんざーい！" -> "Long live the Emperor!"
皇后さま	こうごうさま	Your Majesty the Empress / the Empress	noun	title	00000F0D:8:76	provisional	n	crowd cry; narration 皇后様 (8:81)
日の丸	ひのまる	the Rising Sun flag	noun	object	00000F0D:8:72	provisional	n	日の丸野次馬 (8:80) -> "the flag-waving crowd"
私服警官	しふくけいかん	plainclothes officer(s)	noun	title	00000F0D:8:185	provisional	n	
佐波県警本部	さわけんけいほんぶ	Sawa Prefectural Police Headquarters	noun	org	00000F0D:8:183	provisional	n	follows 佐波県 (resolved 2026-10-02)
青少年健全育成	せいしょうねんけんぜんいくせい	the healthy development of young people	noun	term	00000F0D:14:1	provisional	n	Ise's watchword; 健全 recurs as his catchword ("健全かつ健康的" 14:99)
佐波県青少年健全育成委員	さわけんせいしょうねんけんぜんいくせいいいん	the Sawa Prefecture Youth Development Committee	noun	org	00000F0D:14:60	provisional	n	Ise is a 理事 of it; follows 佐波県 (resolved 2026-10-02)
理事	りじ	director (board member)	noun	title	00000F0D:14:60	provisional	n	
進路指導室	しんろしどうしつ	a career-guidance room	noun	place	00000F0D:14:5	provisional	n	
逸材	いつざい	a rare talent / a find	noun	term	00000F0D:14:50	provisional	n	Ise means her looks; 夏菜 takes it as hunting skill
高速 / 拘束	こうそく	TBD (pun: expressway / restraint; see V368)	noun	term	00000F0D:14:118	provisional	n	夏菜 says 高速 (expressway); Ise hears 拘束 (restraint, tying up); homophone
きんりょうなろ、しれいない	きんりょうなろ、しれいない	TBD (a bitten garble of "緊張などしていない"; see V369)	phrase	term	00000F0D:14:134	provisional	n	Ise bites his tongue; narration "ついに噛み始めた" (14:135)
旅は道連れ世は情け	たびはみちづれよはなさけ	TBD (a traveler needs company, and the world needs kindness)	phrase	term	00000F0D:14:148	provisional	n	proverb quoted by 夏菜 as her mother's saying
一期一会	いちごいちえ	every meeting happens only once	phrase	term	00000F0D:14:149	provisional	n	set phrase
ざるそば	ざるそば	cold soba on a bamboo tray	noun	food	00000F0D:20:161	provisional	n	
薬味	やくみ	condiments	noun	food	00000F0D:20:162	provisional	n	
出汁	だし	broth / stock	noun	food	00000F0D:20:171	provisional	n	
めんつゆ	めんつゆ	noodle dipping sauce	noun	food	00000F0D:20:172	provisional	n	
妾	めかけ	a mistress	noun	term	00000F0D:20:6	provisional	n	ruby residue " 妾 "; Ise's old-fashioned word
天真爛漫	てんしんらんまん	innocent and unaffected	adj	term	00000F0D:20:45	provisional	n	Ise's "type"
ドストライク	どすとらいく	right down the middle of (his) strike zone	noun	term	00000F0D:20:47	provisional	n	slang; pairs with ストライクゾーン (20:39)
ストライクゾーン	すとらいくぞーん	strike zone	noun	term	00000F0D:20:39	provisional	n	figurative (romantic type)
中三	ちゅうさん	third year of middle school	noun	term	00000F0D:20:52	provisional	n	cf. 高3
殺人衝動	さつじんしょうどう	murderous urge	noun	concept	00000F0D:20:118	provisional	n	also 殺人欲求 (68:71), 殺意
殺人欲求	さつじんよっきゅう	the craving to kill	noun	concept	00000F0D:68:71	provisional	n	
幽閉	ゆうへい	confined / locked away	noun	term	00000F0D:20:100	provisional	n	Chigaya under the secret base
発狂	はっきょう	went mad / a frenzy	noun	term	00000F0D:20:99	provisional	n	also 集団発狂
集団発狂	しゅうだんはっきょう	mass frenzy	noun	term	00000F0D:68:0	provisional	n	
元木駅集団発狂殺人事件	もときえきしゅうだんはっきょうさつじんじけん	the Motoki Station mass-frenzy killings	noun	event	00000F0D:68:0	provisional	n	caption name; cf. 元木町事件
品行方正	ひんこうほうせい	well-behaved / proper conduct	noun	term	00000F0D:20:105	provisional	n	
親公認	おやこうにん	with my parents' approval	noun	term	00000F0D:26:131	provisional	n	親公認の家出少女 / 親公認の理由
待ち受け画面	まちうけがめん	lock-screen wallpaper	noun	ui	00000F0D:26:68	provisional	n	
下心	したごころ	ulterior motives	noun	term	00000F0D:26:159	provisional	n	
呼び捨て	よびすて	calling someone by their bare name (no suffix)	noun	term	00000F0D:26:175	provisional	n	the name-form event of the file; cf. 000002F6:11:61 (V295)
流し目	ながしめ	a sidelong glance	noun	term	00000F0D:26:168	provisional	n	
児童誘拐	じどうゆうかい	child abduction	noun	term	00000F0D:32:45	provisional	n	
買春	かいしゅん	paying a minor for sex	noun	term	00000F0D:32:143	provisional	n	Kana's tease; Ise's rebuttal 32:145
パーテーション	ぱーてーしょん	partition	noun	object	00000F0D:32:11	provisional	n	
ペペロンチーノ	ぺぺろんちーの	peperoncino (spaghetti with garlic and chili)	noun	food	00000F0D:38:30	provisional	n	
養子縁組	ようしえんぐみ	adoption	noun	term	00000F0D:38:42	provisional	n	cf. 養子
実の妹	じつのいもうと	real younger sister	noun	person	00000F0D:38:49	provisional	n	cf. 実の姉
隠匿	いんとく	harboring / concealing	noun	term	00000F0D:38:131	provisional	n	
新陳代謝	しんちんたいしゃ	metabolism	noun	term	00000F0D:44:74	provisional	n	
ロリコン冥利に尽きる	ろりこんみょうりにつきる	a lolicon's dream come true	phrase	term	00000F0D:44:80	fixed	n	Goto's tease; 冥利に尽きる set phrase ("couldn't ask for more"); P16
5階建てマンション	ごかいだてまんしょん	a five-story apartment building	noun	place	00000F0D:44:146	provisional	n	American "5-story" (STYLE numerals: floors are measurements, digits)
異次元	いじげん	another dimension	noun	concept	00000F0D:44:152	provisional	n	
少数精鋭	しょうすうせいえい	a small, elite team	noun	term	00000F0D:44:168	provisional	n	
刑法103条-105条の2『犯人蔵匿及び証拠隠滅の罪』	けいほう	Penal Code Articles 103 to 105-2, 'Harboring Criminals and Destroying Evidence'	phrase	term	00000F0D:44:199	provisional	n	statute citation spoken by Goto in the vision; 『』 -> single quotes (STYLE)
自衛隊	じえいたい	the Self-Defense Forces	noun	org	00000F0D:44:203	provisional	n	
2000円札	にせんえんさつ	a 2,000-yen bill	noun	object	00000F0D:50:109	provisional	n	narration: "今は珍しい"
野宿	のじゅく	sleeping outdoors	noun	term	00000F0D:50:111	provisional	n	
発信履歴	はっしんりれき	outgoing call log	noun	ui	00000F0D:50:74	provisional	n	cf. 着信履歴
506号室	ごまるろくごうしつ	Room 506	noun	place	00000F0D:56:237	provisional	n	hotel room
同志	どうし	comrade(s)	noun	term	00000F0D:179:175	fixed	n	夏菜's word for the women turned 翠眼 by the blood; P16: shipped 00000C08 "comrade"; Kana's word for the women turned green-eyed by the blood
等活地獄	とうかつじごく	the Hell of Revival	noun	concept	00000F0D:179:181	fixed	n	the first Buddhist hell, where the damned kill each other and revive; used as an image; P16: no TN; the image explains itself
テレホンカード	てれほんかーど	phone card	noun	object	00000F0D:179:139	provisional	n	
電話ボックス	でんわぼっくす	phone booth	noun	place	00000F0D:62:30	provisional	n	
ヒッチハイク	ひっちはいく	hitchhiking	noun	term	00000F0D:62:32	provisional	n	
祀耀804年四月八日	しようはっぴゃくよねんしがつようか	Shiyo 804, April 8	noun	date	00000F0D:68:53	provisional	n	CALENDAR rule
祀耀805年八月一日	しようはっぴゃくごねんはちがつついたち	Shiyo 805, August 1	noun	date	00000F0D:68:0	provisional	n	caption
七月二九日	しちがつにじゅうくにち	July 29	noun	date	00000F0D:68:239	provisional	n	Natsumi's birthday per Goto (V383)
園長先生	えんちょうせんせい	the director (of the children's home)	noun	title	00000F0D:68:15	provisional	n	address 先生-title: STYLE standalone 先生 rule; "Director" as address (TBD)
退園	たいえん	leave (the children's home)	noun	term	00000F0D:68:26	provisional	n	
親代わり	おやがわり	stand-in parent	noun	term	00000F0D:68:37	provisional	n	
非番	ひばん	off duty	noun	term	00000F0D:68:36	provisional	n	
神経ガス	しんけいがす	nerve gas	noun	term	00000F0D:68:60	provisional	n	
テロ	てろ	terrorism / a terror attack	noun	term	00000F0D:68:60	provisional	n	『テロ』 in quotes 68:76
前科	ぜんか	a criminal record	noun	term	00000F0D:68:75	provisional	n	
特効薬	とっこうやく	wonder drug	noun	term	00000F0D:68:82	provisional	n	= ファルシフィカソ here
フォトスタンド	ふぉとすたんど	photo frame	noun	object	00000F0D:68:225	provisional	n	Ise's gift; motif to 74:193-196
髪留め	かみどめ	hair clip	noun	object	00000F0D:68:246	provisional	n	
北海道富良野産のメロン	ほっかいどうふらのさんのめろん	a Furano melon from Hokkaido	phrase	food	00000F0D:68:251	provisional	n	cf. 富良野市
違法駐車	いほうちゅうしゃ	illegal parking	noun	term	00000F0D:74:64	provisional	n	
みぞおち	みぞおち	the pit of the stomach	noun	term	00000F0D:74:92	provisional	n	
お幸せに	おしあわせに	TBD (Be happy together!)	phrase	term	00000F0D:74:190	provisional	n	written on the back of Goto's photo, in 『』
ハーフ	はーふ	half-Japanese	noun	term	00000F0D:8:143	fixed	n	"秋菜ちゃんはハーフなの！？"; mixed parentage; V382 CLOSED P16: "Are you half-Japanese!?"; 純日本人 = "fully Japanese"
純日本人	じゅんにほんじん	fully Japanese	noun	term	00000F0D:8:147	provisional	n	
四捨五入	ししゃごにゅう	rounding off	noun	term	00000F0D:8:137	provisional	n	"やっと私も四捨五入で20歳ですよ！"
屋台アイス	やたいあいす	ice cream from a stall	noun	food	00000F0D:8:14	provisional	n	at 豊岳駅
買い食い	かいぐい	buying snacks to eat on the way	noun	term	00000F0D:8:14	provisional	n	
命綱	いのちづな	lifeline	noun	term	00000F0D:8:23	provisional	n	her wallet
白般若	しろはんにゃ	the White Hannya	noun	person	00000F24:64:136	fixed	n	a figure named by its mask (a white 般若 Noh mask) and 白装束; = 新村美冬 from 142:139; keep ungendered before that (V388); P17 (V388): ungendered until 00000F24:142:139; 88:48 explains the mask in-text
白装束	しろしょうぞく	white robes	noun	object	00000F24:64:136	provisional	n	also "白い羽織もの" 106:279; pairs with 赤装束
ヴェルジ	ヴェルジ	Verde	noun	person	00000F24:118:251	fixed	n	the mummified girl worshipped as the settlement's goddess; the text glosses the name as Portuguese for "green" (100:149); P17 Q17-1: Portuguese spelling restored (the text glosses the name as Portuguese for green, 00000F24:100:149; shipped tsv-en ref title "The Goddess Verde"; shipped rite lines use "novo bruxa")
ヴェルジ様	ヴェルジさま	Lady Verde	noun	person	00000F24:112:183	fixed	n	suffix on a deity name used as address/reference by the possessed; P17 Q17-1; follows ヴェルジ
女神ヴェルジ	めがみヴェルジ	the Goddess Verde	noun	title	00000F24:100:74	fixed	n	女神 = "goddess" per GLOSSARY 女神; P17 Q17-1
ヴェルジ教	ヴェルジきょう	the Verde faith	noun	org	00000F24:64:89	fixed	n	Goto's provisional name (仮称, 118:254); P17 Q17-1; Goto's provisional name
トミ	トミ	Tomi	noun	person	00000F24:100:81	provisional	n	ヴェルジ's name in life (100:80-81)
ブルーシャ	ブルーシャ	Bruxa	noun	title	00000F24:106:92	fixed	n	name given to サクラ's mummy as a goddess; unglossed in the text (Portuguese bruxa = witch); P17 Q17-1: Portuguese spelling (bruxa = witch; the shipped rite lines already use "novo bruxa", 00000A62-line19)
女神ブルーシャ	めがみブルーシャ	the Goddess Bruxa	noun	title	00000F24:106:92	fixed	n	in 『』 at 106:92; P17 Q17-1
恵み	めぐみ	the Blessing	noun	concept	00000F24:88:139	provisional	n	always in 『』; what the goddess mummy gives off (Goto: like pollen, 94:111)
繁栄の儀	はんえいのぎ	the Rite of Prosperity	noun	event	00000F24:94:69	provisional	n	in 『』
第四世代	だいよんせだい	the fourth generation	noun	concept	00000F24:100:177	provisional	n	Goto's hypothesis; series with 第一世代-第三世代
寄生種	きせいしゅ	a parasitic species	noun	term	00000F24:100:179	provisional	n	
宿主	しゅくしゅ	host	noun	term	00000F24:88:230	provisional	n	parasite's host
胚	はい	embryo	noun	term	00000F24:94:112	provisional	n	the villagers become 胚 (193:40-46)
苗床	なえどこ	seedbed	noun	term	00000F24:94:112	provisional	n	
繁殖	はんしょく	breed / propagation	noun	term	00000F24:88:18	provisional	n	
自家不和合性	じかふわごうせい	self-incompatibility	noun	term	00000F24:94:92	provisional	n	botany term, Goto
クローン	クローン	clone	noun	term	00000F24:94:89	provisional	n	
被子植物	ひししょくぶつ	a flowering plant (angiosperm)	noun	term	00000F24:142:88	provisional	n	
冬虫夏草	とうちゅうかそう	cordyceps	noun	term	00000F24:100:236	provisional	n	
女王蜂	じょおうばち	queen bee	noun	term	00000F24:100:202	provisional	n	in 『』 at 100:202
働き蜂	はたらきばち	worker bees	noun	term	00000F24:100:202	provisional	n	
ロイコクロリディウム	ロイコクロリディウム	Leucochloridium	noun	term	00000F24:142:75	provisional	n	a real parasite, in 『』
タイワンアリタケ	タイワンアリタケ	Ophiocordyceps (the zombie-ant fungus)	noun	term	00000F24:142:82	provisional	n	real fungus; "タイワンアリタケの仲間" = "a relative of"
ハリガネムシ	ハリガネムシ	horsehair worms	noun	term	00000F24:142:86	provisional	n	
ミイラ	ミイラ	the mummy	noun	term	00000F24:88:138	fixed	n	P23: ヴェルジのミイラ = "the Verde mummy" (shipped); トミのミイラ = "Tomi's mummy"
ミイラ取りがミイラになる	ミイラとりがミイラになる	the one who goes for a mummy ends up a mummy	phrase	term	00000F24:94:180	provisional	n	a set phrase used about a real mummy here, so the image is kept
一周忌	いっしゅうき	the first-anniversary memorial	noun	event	00000F24:106:84	fixed	n	memorial on the first anniversary; P17: 00000F24:106:84 (one year after the death; 三回忌 stays "the third-year memorial service")
追善供養	ついぜんくよう	merit-adding prayers	noun	concept	00000F24:70:12	fixed	n	Goto glosses 追善 as "善行を追加する" (76:119); the English must carry "adding good deeds"; P17: carries Goto's gloss 追善 = adding good deeds (76:119 "Merit-adding: you add good deeds―") without a TN
阿鼻地獄	あびじごく	the Avici Hell	noun	concept	00000F24:76:106	provisional	n	paired with 無間地獄 as two names
無間地獄	むけんじごく	the Hell of Unceasing Torment	noun	concept	00000F24:76:106	provisional	n	
鳥葬	ちょうそう	a sky burial	noun	term	00000F24:193:19	provisional	n	
心筋梗塞	しんきんこうそく	a heart attack	noun	term	00000F24:76:50	provisional	n	
土葬	どそう	buried (in the ground)	noun	term	00000F24:142:153	provisional	n	
司法解剖	しほうかいぼう	a forensic autopsy	noun	term	00000F24:187:56	provisional	n	
腐敗死体	ふはいしたい	a decomposing body	noun	term	00000F24:76:73	provisional	n	
お雑煮	おぞうに	ozoni (New Year mochi soup)	noun	food	00000F24:76:129	provisional	n	
どら焼き	どらやき	a dorayaki	noun	food	00000F24:64:49	provisional	n	
和菓子	わがし	Japanese sweets	noun	food	00000F24:64:43	provisional	n	
非常食	ひじょうしょく	emergency food	noun	food	00000F24:64:45	provisional	n	
保存料	ほぞんりょう	preservatives	noun	term	00000F24:64:47	provisional	n	
高血糖	こうけっとう	high blood sugar	noun	term	00000F24:64:53	provisional	n	
糸姫山	いとひめやま	Mount Itohime	noun	place	00000F24:70:19	fixed	n	the 山籠 mountain; P17: shipped 0000217A x3 (V389 resolved)
糸姫温泉	いとひめおんせん	Itohime Hot Spring	noun	place	00000F24:70:23	fixed	n	named by Haruka ("命名者、私"); P17; follows 糸姫山
秘湯	ひとう	a secret hot spring	noun	place	00000F24:70:23	provisional	n	
源泉	げんせん	the spring's source	noun	place	00000F24:70:47	provisional	n	
湯冷め	ゆざめ	getting chilled after a bath	noun	term	00000F24:70:35	provisional	n	
湯たんぽ	ゆたんぽ	a hot-water bottle	noun	object	00000F24:70:37	provisional	n	
春眠暁を覚えず	しゅんみんあかつきをおぼえず	in spring, sleep does not notice the dawn	phrase	term	00000F24:70:6	provisional	n	a quoted classical line ("とはよく言ったものだ")
自浄作用	じじょうさよう	natural self-cleaning	noun	term	00000F24:70:58	provisional	n	
ブロイラー	ブロイラー	broiler chicken	noun	food	00000F24:70:55	provisional	n	
通過儀礼	つうかぎれい	a rite of passage	noun	term	00000F24:76:4	provisional	n	
嫁候補	よめこうほ	a prospective bride	noun	term	00000F24:76:10	provisional	n	
克己心	こっきしん	self-discipline	noun	term	00000F24:76:160	provisional	n	克己 at 76:154 = "master myself"
煩悩	ぼんのう	a worldly craving	noun	concept	00000F24:76:153	provisional	n	
俗世	ぞくせ	the everyday world	noun	term	00000F24:76:1	provisional	n	
下界	げかい	the world down below	noun	term	00000F24:76:164	provisional	n	
仙人	せんにん	a hermit sage	noun	term	00000F24:193:117	provisional	n	
境界未定地	きょうかいみていち	land with undetermined boundaries	noun	term	00000F24:118:211	provisional	n	in 『』; cf. 所属未定地 (00000E7B), a different word
文化人類学	ぶんかじんるいがく	cultural anthropology	noun	term	00000F24:118:227	provisional	n	
セレジェイラ聖教	セレジェイラせいきょう	the Holy Cerejeira Church	noun	org	00000F24:118:259	fixed	n	a 女ケ沢市 faith from 荒田, collapsed about 70 years ago; P17 (V390): Portuguese spelling as for the other Arata Portuguese words
篠崎ハジメ	しのざきハジメ	Hajime Shinozaki	noun	person	00000F24:118:272	provisional	n	reading assumed (V391); changed his name
神器	じんぎ	a sacred object	noun	object	00000F24:118:270	provisional	n	
異邦人	いほうじん	foreigners	noun	term	00000F24:100:84	provisional	n	
大和民族	やまとみんぞく	the Yamato Japanese	noun	term	00000F24:100:84	provisional	n	
内戦	ないせん	a civil war	noun	event	00000F24:100:101	provisional	n	
しもべ	しもべ	servant	noun	term	00000F24:64:88	provisional	n	女神のしもべ = 神使 per Goto (64:88, 64:107)
人中	じんちゅう	the philtrum	noun	term	00000F24:106:264	provisional	n	glossed in full-width parentheses (鼻と口の間)
独鈷	どっこ	the dokko (behind the ear)	noun	term	00000F24:106:264	fixed	n	glossed (耳の裏); martial-arts vital point; P17: the text glosses it (耳の裏); romanized
炭酸マグネシウム	たんさんマグネシウム	magnesium carbonate	noun	term	00000F24:106:235	provisional	n	
峰打ち	みねうち	a blow with the back of the blade	noun	term	00000F24:106:291	provisional	n	
足払い	あしばらい	a foot sweep	noun	term	00000F24:106:246	provisional	n	
回し蹴り	まわしげり	a roundhouse kick	noun	term	00000F24:106:220	provisional	n	後ろ回し蹴り 124:141 = a spinning back kick
刃こぼれ	はこぼれ	nicks (in a blade)	noun	term	00000F24:88:58	provisional	n	
足元をすくわれる	あしもとをすくわれる	get your legs swept out from under you	phrase	term	00000F24:106:242	provisional	n	quoted in 『』 at 106:244 and followed by a literal sweep: keep the leg image
怨霊	おんりょう	a vengeful spirit	noun	concept	00000F24:88:48	provisional	n	
敵愾心	てきがいしん	hostility	noun	term	00000F24:88:48	provisional	n	
カセットコンロ	カセットコンロ	a portable gas burner	noun	object	00000F24:112:101	provisional	n	
煮物	にもの	simmered stew	noun	food	00000F24:64:16	provisional	n	meat, egg and vegetables (112:102)
郷に入れば郷に従え	ごうにいればごうにしたがえ	When in Rome, do as the Romans do	phrase	term	00000F24:112:187	provisional	n	set phrase of the same weight (STYLE images and set phrases)
視床下部	ししょうかぶ	the hypothalamus	noun	term	00000F24:112:165	provisional	n	
扁桃体	へんとうたい	the amygdala	noun	term	00000F24:112:166	provisional	n	
前頭葉	ぜんとうよう	the frontal lobe	noun	term	00000F24:112:166	provisional	n	
整理券	せいりけん	a numbered boarding ticket	noun	object	00000F24:118:142	provisional	n	rural-train fare ticket
死者操作	ししゃそうさ	controlling the dead	noun	concept	00000F24:187:43	provisional	n	
瞬間移動	しゅんかんいどう	teleportation	noun	concept	00000F24:187:43	provisional	n	
帰巣本能	きそうほんのう	homing instinct	noun	concept	00000F24:88:257	provisional	n	
無線LAN	むせんラン	Wi-Fi	noun	term	00000F24:130:49	provisional	n	
無料通話アプリ	むりょうつうわアプリ	a free calling app	noun	term	00000F24:130:71	provisional	n	
意気地なし	いくじなし	coward	noun	term	00000F24:88:99	provisional	n	
ご尊顔	ごそんがん	your noble face (mocking)	noun	term	00000F24:88:101	provisional	n	mock-honorific insult
祀耀340年	しよう340ねん	Shiyo 340	noun	date	00000F24:100:102	provisional	n	
祀耀354年	しよう354ねん	Shiyo 354	noun	date	00000F24:100:153	provisional	n	
乗り物酔い	のりものよい	carsick	noun	term	00000F40:11:5	provisional	n	
瘴気	しょうき	foul air	noun	term	00000F40:11:12	provisional	n	comic, of her nausea
高級旅館	こうきゅうりょかん	a luxury inn	noun	place	00000F40:11:29	provisional	n	
宴会場	えんかいじょう	banquet hall	noun	place	00000F40:11:30	provisional	n	
新郎新婦	しんろうしんぷ	the bride and groom	noun	term	00000F40:11:32	provisional	n	
小上がり	こあがり	a raised tatami area	noun	place	00000F40:11:50	provisional	n	
万歳	ばんざい	banzai (cheer)	interjection	interjection	00000F40:11:51	provisional	n	
酒癖	さけぐせ	how someone behaves drunk	noun	term	00000F40:11:54	provisional	n	酒癖が悪い = a bad drunk
泣き上戸	なきじょうご	a crying drunk	noun	term	00000F40:11:60	provisional	n	
土産物屋	みやげものや	souvenir shop	noun	place	00000F40:11:65	provisional	n	
テレビ電話	テレビでんわ	video call	noun	term	00000F40:11:103	provisional	n	
フロント	フロント	the front desk	noun	place	00000F40:11:115	provisional	n	
迷子	まいご	lost	noun	term	00000F40:11:120	provisional	n	"春花も迷子？" replay of 00000E95:11:125
全裸親父	ぜんらおやじ	the naked old man	noun	term	00000F57:11:58	provisional	n	Haruka's narration, comic
のぞき	のぞき	peeper	noun	term	00000F57:11:68	provisional	n	shouted list with 変態, 痴漢
変態	へんたい	pervert	noun	term	00000F57:11:68	provisional	n	
婦女暴行	ふじょぼうこう	assault on women	noun	term	00000F57:11:99	provisional	n	charge in Haruka's fantasy
わいせつ物陳列	わいせつぶつちんれつ	indecent exposure	noun	term	00000F57:11:99	provisional	n	
現行犯逮捕	げんこうはんたいほ	arrested in the act	noun	term	00000F57:11:99	provisional	n	
風呂桶	ふろおけ	bath bucket	noun	object	00000F57:11:62	provisional	n	
洗いっこ	あらいっこ	washing each other	noun	term	00000F57:11:116	provisional	n	
絡み酒	からみざけ	pestering people when drunk	noun	term	00000F57:11:136	provisional	n	
裸の付き合い	はだかのつきあい	a naked friendship (bathing together)	phrase	term	00000F57:11:138	provisional	n	idiom used literally as a joke
クソ親父	クソおやじ	damn old man	noun	term	00000F57:11:139	provisional	n	
家族行事	かぞくぎょうじ	family outing	noun	term	00000F6F:11:43	provisional	n	
お化け屋敷	おばけやしき	haunted house (attraction)	noun	place	00000F6F:11:139	provisional	n	
ジェットコースター	ジェットコースター	roller coaster	noun	object	00000F6F:11:114	provisional	n	
心霊スポット	しんれいスポット	haunted spot	noun	place	00000F6F:11:153	provisional	n	
逆切れ	ぎゃくぎれ	snapping back (when in the wrong)	noun	term	00000F6F:11:131	provisional	n	
自分語り	じぶんがたり	talking about myself	noun	term	00000F87:11:75	provisional	n	
地毛	じげ	natural hair color	noun	term	00000F87:11:98	provisional	n	
偏見	へんけん	prejudice	noun	term	00000F87:11:174	provisional	n	refrain in 00000F87 (11:221 『偏見』)
接客業	せっきゃくぎょう	customer-service work	noun	term	00000F87:11:142	provisional	n	
名づけ親	なづけおや	the one who named (her)	noun	term	00000F87:11:276	provisional	n	
ニート	ニート	NEET (jobless)	noun	term	00000F87:11:311	provisional	n	ニート生活 = "living as a NEET"
劣等感	れっとうかん	inferiority complex	noun	term	00000F87:11:182	provisional	n	
仲違い	なかたがい	falling out	noun	term	00000F87:11:188	provisional	n	
存在価値	そんざいかち	reason to exist	noun	term	00000F87:11:207	provisional	n	
共同墓地	きょうどうぼち	the communal graveyard	noun	place	00000F9F:11:55	provisional	n	
拘留	こうりゅう	held in custody	noun	term	00000F9F:11:41	provisional	n	
大魔女の代理	だいまじょのだいり	standing in for the Grand Witch	phrase	term	00000F9F:11:43	provisional	n	follows 大魔女
あやか	あやか	Ayaka	noun	person	00000FB7:11:84	provisional	n	Mifuyu's stillborn child; kana only
既成事実	きせいじじつ	a done deal (fait accompli)	noun	term	00000FB7:11:173	provisional	n	
番人	ばんにん	guardian	noun	term	00000FB7:11:177	provisional	n	
退学の手続	たいがくのてつづき	withdrawal paperwork	phrase	term	00000FB7:11:174	provisional	n	cf. 退学届
ノーブラ	ノーブラ	no bra	noun	term	00000FCF:43:34	provisional	n	
社会人	しゃかいじん	working adult	noun	term	00000FCF:43:27	provisional	n	
就職	しゅうしょく	getting a job	noun	term	00000FCF:43:24	provisional	n	
季節外れの花	きせつはずれのはな	out-of-season blossoms	phrase	term	00000FCF:19:13	provisional	n	cf. 狂い咲き
ペットボトルロケット	ペットボトルロケット	bottle rocket	noun	object	00001039:19:7	provisional	n	
ボトル缶	ボトルかん	bottle-can	noun	object	00001039:19:4	provisional	n	
クソ野郎ども	クソやろうども	you bastards (greeting)	phrase	term	00001039:19:0	provisional	n	video host's crude greeting
メッタ刺し	めったざし	stabbing again and again	noun	term	0000104E:11:6	provisional	n	
断末魔	だんまつま	death cry	noun	term	0000104E:11:27	provisional	n	
自我	じが	my sense of self	noun	term	0000104E:11:10	provisional	n	
ゴマコメマメ知識	ゴマコメマメちしき	TBD (a TV trivia segment title; pun on 豆知識)	noun	title	00001073:8:7	provisional	n	
日本園芸大学	にほんえんげいだいがく	Japan University of Horticulture	noun	org	00001073:8:11	provisional	n	
名誉教授	めいよきょうじゅ	professor emeritus	noun	title	00001073:8:11	provisional	n	
秋野冬夫	あきの ふゆお	Fuyuo Akino	noun	person	00001073:8:11	provisional	n	reading assumed
ゆきちゃん	ゆきちゃん	Yuki-chan	noun	person	00001073:8:5	provisional	n	see V426
変質者	へんしつしゃ	creeps	noun	term	00001073:8:18	provisional	n	
品種	ひんしゅ	variety (of plant)	noun	term	00001073:8:26	provisional	n	
寄生生物	きせいせいぶつ	a parasite	noun	term	00001073:8:32	provisional	n	cf. 寄生
浮気者	うわきもの	a two-timer	noun	term	00001073:8:36	provisional	n	
大物ミュージシャン	おおものミュージシャン	big-name musicians	noun	term	00001073:8:0	provisional	n	
場所取り	ばしょとり	saving a spot	noun	term	00001073:8:2	provisional	n	
元号	げんごう	era name	noun	term	0000107B:11:0	provisional	n	
太良聖守	たらのきよもり	Tara no Kiyomori	noun	person	0000107B:11:1	fixed	n	parody name; reading not given; P18 (V410): ruby たらのきよもり in 0000107B; の-name kept as is (STYLE name order)
太良氏	たらし	the Tara clan	noun	org	0000107B:11:2	fixed	n	P18 (V410): ruby たら on 太良
盛者必衰の理	じょうしゃひっすいのことわり	the rule that the mighty must fall	phrase	term	0000107B:11:2	provisional	n	" 理 " ruby residue
皇子	みこ / おうじ	the Prince	noun	title	0000107B:11:3	provisional	n	narrator of 0000107B
皇子様	みこさま / おうじさま	Your Highness	noun	title	0000107B:11:60	provisional	n	糸姫's address
令旨	りょうじ	the Prince's decree	noun	term	0000107B:11:4	provisional	n	
湊氏	そうし	the Minato clan	noun	org	0000107B:11:6	fixed	n	P18 (V410): the clan name carries ruby そう (on-reading, like 源氏 Genji); English keeps the kun-reading of the person names for readability
湊綱宗	みなとのつなむね	Minato no Tsunamune	noun	person	0000107B:11:9	fixed	n	cf. STYLE の-names; P18 (V410): ruby みなとのつなむね; の-name kept as is
綱宗	つなむね	Tsunamune	noun	person	0000107B:11:9	provisional	n	
湊朝寄	みなとのともより	Minato no Tomoyori	noun	person	0000107B:11:48	fixed	n	head of the 東の都; P18 (V410): ruby みなとのともより; の-name kept as is
朝寄	ともより	Tomoyori	noun	person	0000107B:11:161	fixed	n	P18 (V410): ruby ともより (3x)
西の都	にしのみやこ	the Western Capital	noun	place	0000107B:11:17	provisional	n	
東の都	ひがしのみやこ	the Eastern Capital	noun	place	0000107B:11:17	provisional	n	
京	きょう	the capital	noun	place	0000107B:11:84	provisional	n	see V431
従者	じゅうしゃ	attendants	noun	term	0000107B:11:19	provisional	n	
甲冑	かっちゅう	armor	noun	object	0000107B:11:15	provisional	n	
糸姫	いとひめ	Itohime	noun	person	0000107B:11:50	fixed	n	P18 (V408): one name, ruby いとひめ; 0000107B:11:73 carries the hime gloss in its own words
糸	いと	Ito	noun	person	0000107B:11:68	provisional	n	the girl's own name; P23 QUNTR21-04: 糸 alone = "Ito" (人物/糸.tsv row 0), 糸姫 = "Itohime"; owner question Q23-3
人肉	じんにく	human flesh	noun	term	0000107B:11:91	provisional	n	
化け物鹿	ばけものじか	a monster deer	noun	term	0000107B:11:107	provisional	n	
天涯孤独	てんがいこどく	all alone in the world	phrase	term	0000107B:11:68	provisional	n	
天田	あまた	Amata	noun	place	0000107B:11:218	fixed	n	rejected name, "天の田"; P18 (V409): ruby あまた; the lines 11:217-226 gloss both names themselves (heaven's field / a ruined field)
祀耀元年四月八日	しようがんねんしがつようか	Shiyo 1, April 8	noun	date	0000107B:11:259	provisional	n	see V430
台所奉行	だいどころぶぎょう	kitchen steward	noun	title	00001092:11:0	provisional	n	
お館様	おやかたさま	my lord	noun	title	00001092:11:0	provisional	n	
足軽	あしがる	foot soldier	noun	title	00001092:11:2	provisional	n	
麻生田家	おうだけ?	the Ouda house	noun	org	00001092:11:4	fixed	y	
麻生田領	おうだりょう	the Ouda domain	noun	place	00001092:11:30	fixed	n	P18: follows 麻生田家 (ruby おうだ)
間川基義	まがわもとよし	Motoyoshi Magawa	noun	person	00001092:11:5	fixed	n	P18 (V410): ruby まがわもとよし; no の, so Western order; address 基義殿 = Motoyoshi-dono, 基義様 = Lord Motoyoshi, 間川殿 = Magawa-dono
間川家	まがわけ?	the Magawa house	noun	org	00001092:11:7	fixed	y	
間川	まがわ?	Magawa	noun	org	00001092:11:25	fixed	y	
日本一の弓取り	にほんいちのゆみとり	the finest warlord in the land	phrase	title	00001092:11:6	provisional	n	
奉公人	ほうこうにん	a servant	noun	title	00001092:11:15	provisional	n	
吉郎	よしろう	Yoshiro	noun	person	00001092:11:27	fixed	n	豊吉's name for 藤吉郎; P18: ruby よしろう (4x in 00001092), not きちろう; 豊吉's name for 藤吉郎
豊吉	ほうきち	Hokichi	noun	person	00001092:11:28	fixed	n	P18: ruby ほうきち, not とよきち
密偵	みってい	a spy	noun	term	00001092:11:26	provisional	n	
樽狭間	たるはざま	Taruhazama	noun	place	00001092:11:119	fixed	n	P18 (V410): ruby たるはざま (6x)
分国法	ぶんこくほう	domain law	noun	term	00001092:11:151	provisional	n	
一円知行	いちえんちぎょう	full control of the lands	noun	term	00001092:11:153	provisional	n	
年貢	ねんぐ	land tax	noun	term	00001092:11:153	provisional	n	
竹田	たけだ	Takeda	noun	org	00001092:11:156	provisional	n	see V410
南条	なんじょう	Nanjo	noun	org	00001092:11:156	provisional	n	"南 条" ruby residue
イノシシ	イノシシ	boar	noun	term	00001092:11:181	provisional	n	
祀耀309年	しよう309ねん	Shiyo 309	noun	date	00001092:11:22	provisional	n	
祀耀310年	しよう310ねん	Shiyo 310	noun	date	00001092:11:82	provisional	n	
1里	いちり	one ri (about 4 km)	noun	term	00001092:11:161	provisional	n	unit; numerals rule
藤吉郎	ふじよしろう	Fujiyoshiro	noun	person	000010AA:11:25	fixed	n	narrator of 00001092, 000010AA; P18: ruby ふじよしろう (000010AA), not とうきちろう; narrator of 00001092 / 000010AA; 藤殿 = Fuji-dono; 藤家 = the Fuji house
藤殿	ふじどの	Fuji-dono	noun	person	000010AA:11:41	fixed	n	P18: ruby ふじ on 藤; -dono is in the STYLE suffix list; 儀之助's address for 藤吉郎
新村儀之助	にいむら ぎのすけ	Ginosuke Niimura	noun	person	000010AA:11:26	provisional	n	a Westerner with a Japanese name
儀之助	ぎのすけ	Ginosuke	noun	person	000010AA:11:28	provisional	n	
植民地	しょくみんち	colony	noun	term	000010AA:11:65	provisional	n	
尾張	おわり	Owari	noun	place	000010AA:11:69	provisional	n	see V431
ガラス	ガラス	glass	noun	object	000010AA:11:173	provisional	n	
鬼神	きしん	demon warriors	noun	concept	000010AA:11:228	provisional	n	鬼神のごとき力
一騎当千	いっきとうせん	a match for a thousand	phrase	term	000010AA:11:207	provisional	n	
平松泰基	ひらまつやすもと	Yasumoto Hiramatsu	noun	person	000010AA:11:258	fixed	n	P18 (V410): ruby ひらまつやすもと; Western order
戸川保家	とがわやすいえ	Yasuie Togawa	noun	person	000010AA:11:258	fixed	n	P18 (V410): ruby とがわやすいえ; Western order
四河地域	しかわちいき?	TBD (the Shikawa region)	noun	place	000010AA:11:258	provisional	n	
砦	とりで	fort	noun	place	000010AA:11:261	provisional	n	ruby residue
天下	てんか	the realm	noun	concept	000010AA:11:230	provisional	n	
うつけ	うつけ	a fool (nickname)	noun	term	000010AA:11:191	provisional	n	
高みの見物	たかみのけんぶつ	watching from the heights	phrase	term	000010AA:11:285	provisional	n	used literally
8尺	はっしゃく	8 shaku (about 2.4 m)	noun	term	000010AA:11:291	provisional	n	unit
祀耀310年六月一二日	しよう310ねんろくがつじゅうににち	Shiyo 310, June 12	noun	date	000010AA:11:252	provisional	n	
Clientes para trazer uma refeicao.	-	(keep as in source; see V419)	phrase	term	000010AA:11:29	provisional	n	
Traga as drogas.	-	(keep as in source; see V419)	phrase	term	000010AA:11:131	provisional	n	
殿下	でんか	His Highness	noun	title	000010C3:11:0	provisional	n	= 藤吉郎 per colour and 藤家
内府	だいふ	the Minister	noun	title	000010C3:11:36	fixed	n	narrator of 000010C3; P18: ruby だいふ; rendered "the Minister" (address "Minister"), no romanization in the text; narrator of 000010C3
桜の呪い	さくらののろい	the curse of the cherries	phrase	concept	000010C3:11:4	provisional	n	
麻生田延永	おうだえんえい	Enei Ouda	noun	person	000010C3:11:5	fixed	n	P18 (V410): ruby えんえい on 延永 (2x in 000010C3), NOT nobunaga; 麻生田延永公 = Lord Enei Ouda
鬼神の王	きしんのおう	the king of demon warriors	phrase	title	000010C3:11:5	provisional	n	
理性寺の変	りせいじのへん	the Riseiji Incident	noun	event	000010C3:11:8	fixed	n	P18 (V410): no ruby; りせいじ assumed
蛙吉	あきち	Akichi	noun	person	000010C3:11:9	fixed	n	P18 (V410): ruby あきち; 蛙吉殿 = Akichi-dono
薨去	こうきょ	passing (of a lord)	noun	term	000010C3:11:28	provisional	n	
吾大寺	ごだいじ	Godaiji	noun	place	000010C3:11:42	fixed	n	P18 (V410): ruby ごだいじ; 西の都の吾大寺 = Godaiji in the Western Capital
傾奇者	かぶきもの	eccentric rogues	noun	term	000010C3:11:78	provisional	n	
荷車	にぐるま	cart	noun	object	000010C3:11:76	provisional	n	
上半身男	じょうはんしんおとこ	the man with only an upper body	noun	term	000010C3:11:147	provisional	n	
片足男	かたあしおとこ	the one-legged man	noun	term	000010C3:11:147	provisional	n	
心の臓	しんのぞう	the heart	noun	term	000010C3:11:158	provisional	n	archaic
天下人	てんかびと	the ruler of the realm	noun	title	000010C3:11:81	provisional	n	
妖魔	ようま	demons	noun	concept	000010C3:11:286	provisional	n	
妖花	ようか	bewitching flowers	noun	concept	000010C3:11:287	provisional	n	cf. the title word 妖花
藤家	ふじけ / とうけ?	TBD (the house of Fuji)	noun	org	000010C3:11:270	provisional	n	
戸川	とがわ	Togawa	noun	org	000010C3:11:283	provisional	n	
流行り病	はやりやまい	an epidemic	noun	term	000010C3:11:227	provisional	n	
祀耀332年	しよう332ねん	Shiyo 332	noun	date	000010C3:11:8	provisional	n	
祀耀340年四月五日	しよう340ねんしがついつか	Shiyo 340, April 5	noun	date	000010C3:11:75	provisional	n	
祀耀340年四月一一日	しよう340ねんしがつじゅういちにち	Shiyo 340, April 11	noun	date	000010C3:11:206	provisional	n	
四月二〇日	しがつはつか	April 20	noun	date	000010C3:11:46	provisional	n	
茶会	ちゃかい	tea ceremonies	noun	event	000010C3:11:234	provisional	n	
歌会	うたかい	poetry gatherings	noun	event	000010C3:11:234	provisional	n	
雷怨猫達	らいおんきゃっつ	the Lion Cats	noun	org	000010DD:11:76	fixed	n	a biker gang from the next city, yankee-style ateji name; P20PRE (V435): romanized by the source ruby ライオンキャッツ (the Q18-1 rule), no TN
レディース	れでぃーす	a girls' biker gang	noun	org	000010DD:11:82	provisional	n	slang for a female 暴走族 gang
少年院	しょうねんいん	juvenile detention	noun	place	000010DD:11:65	provisional	n	
蔵書	ぞうしょ	the storehouse's books	noun	object	000010DD:11:111	fixed	n	the 新村本家 蔵's old books (cf. 蔵); P20: aligned to the P20PRER form shipped in 000010DD (17 uses)
古語辞典	こごじてん	a dictionary of classical Japanese	noun	object	000010DD:11:118	provisional	n	
隔世遺伝	かくせいいでん	skipping a generation (atavism)	noun	term	000010DD:11:115	provisional	n	foreign-looking children born now and then in 荒田
セレ	せれ	Sele	noun	person	000010DD:11:120	fixed	n	the Westerner who took the name 新村儀之助 (000010AA); P20PRE (V436): the Westerner later named Ginosuke Niimura; the shipped Eden scripts name him only as Ginosuke
甕	かめ	the crock	noun	object	000010DD:11:217	provisional	n	
原液	げんえき	the stock (undiluted liquid)	noun	term	000010DD:11:241	provisional	n	ドローガの原液 = the pink layer
結晶	けっしょう	crystals	noun	term	000010DD:11:242	provisional	n	the pink ドローガ crystals (cf. 000010AA)
躁状態	そうじょうたい	the manic high	noun	term	000010DD:11:306	provisional	n	11:267 "とんでもない躁の感覚"
鬱状態	うつじょうたい	depression	noun	term	000010DD:11:267	provisional	n	
縫合手術	ほうごうしゅじゅつ	surgery to stitch it up	noun	term	000010DD:11:317	provisional	n	
田植え	たうえ	planting rice	noun	event	000010F5:8:10	provisional	n	
求婚	きゅうこん	proposal (of marriage)	noun	term	000010F5:8:107	provisional	n	cf. プロポーズ
桐箱	きりばこ	paulownia boxes	noun	object	000010F5:8:159	provisional	n	cf. 桐
運送業者	うんそうぎょうしゃ	a shipping company	noun	org	000010F5:8:161	provisional	n	
配送センター	はいそうせんたー	the delivery depot	noun	place	000010F5:8:202	provisional	n	豊岳の配送センター
解毒薬	げどくやく	antidote	noun	term	000010F5:8:340	provisional	n	幸太郎's cover for ファルシフィカソ
肉体増強	にくたいぞうきょう	physical enhancement	noun	term	000010F5:8:340	provisional	n	
投与	とうよ	dose (administer)	noun	term	000010F5:8:355	provisional	n	
うがががが	-	Ghhk-k-k-k	interjection	sfx	000010F5:8:255	provisional	n	same function as ぐがががが (frenzy onset); reuse that English
ゲホッ	げほっ	cough	interjection	sfx	000010F5:8:74	provisional	n	katakana form of げほっ; same English
祀耀790年四月一二日	しよう790ねんしがつじゅうににち	Shiyo 790, April 12	noun	date	0000110D:8:28	provisional	n	
祀耀790年四月一七日	しよう790ねんしがつじゅうしちにち	Shiyo 790, April 17	noun	date	0000110D:8:72	provisional	n	also written 四月十七日 (000011B4:8:124)
栄一郎叔父さん	えいいちろうおじさん	Uncle Eiichiro	noun	person	0000110D:8:29	provisional	n	茅萱's real uncle; kinship term on a name (cf. 幸太郎伯父さん)
東京市	とうきょうし	Tokyo City	noun	place	0000110D:24:124	fixed	n	TV weather; P20 (V437): the TV weather cells only, carried as written
パッケージ版	ぱっけーじばん	the boxed (physical) edition	noun	term	0000110D:8:11	provisional	n	of video games
抱っこひも	だっこひも	a baby carrier	noun	object	0000110D:8:149	provisional	n	
んまま	-	Mm-ma-ma	interjection	interjection	0000110D:8:148	fixed	n	baby 夏菜; P20: the shipped 00000A7C form
早咲きの桜	はやざきのさくら	early-blooming cherries	phrase	term	0000110D:24:129	provisional	n	
開花予想	かいかよそう	the bloom forecast	noun	term	0000110D:24:129	provisional	n	
花粉	かふん	pollen	noun	term	0000110D:24:125	provisional	n	
美冬叔母さん	みふゆおばさん	Aunt Mifuyu	noun	person	00001124:8:9	provisional	n	茅萱's 3p form (a relative by marriage; STYLE kinship on a name)
本店	ほんてん	the main shop	noun	place	00001124:8:84	provisional	n	プリマベラ's is in 元木町
元木町本店	もときちょうほんてん	the Motoki main shop	noun	place	00001124:8:92	provisional	n	follows 元木町 (V009)
テニスサークル	てにすさーくる	a tennis club (university)	noun	org	00001124:8:31	provisional	n	
王様ゲーム	おうさまげーむ	the King Game (a party game)	noun	term	00001124:8:54	provisional	n	
四の字固め	よのじがため	a figure-four leglock	noun	term	00001124:8:54	provisional	n	
隅田川	すみだがわ	the Sumida River	noun	place	00001124:8:45	provisional	n	
赤ちょうちん	あかちょうちん	red-lantern bars	noun	place	00001124:8:65	provisional	n	cheap drinking places
女子力	じょしりょく	girl power (feminine polish)	noun	term	00001124:8:116	provisional	n	
成人の日	せいじんのひ	Coming of Age Day	noun	event	00001124:8:62	provisional	n	
酒乱	しゅらん	a wild drunk	noun	term	00001124:8:198	provisional	n	
チャレンジメニュー	ちゃれんじめにゅー	eating-challenge menus	noun	term	00001124:8:195	provisional	n	
猫をかぶる	ねこをかぶる	put on a sweet act	phrase	term	00001124:8:35	provisional	n	set phrase; the cat image is not used
二日酔い	ふつかよい	hangover	noun	term	00001124:8:6	provisional	n	
恋に恋する	こいにこいする	in love with love	phrase	term	00001124:8:184	provisional	n	
オムライス	おむらいす	omelette rice	noun	food	00001124:8:264	provisional	n	0000113D:8:70 the menu's "チキンライスオムレツセット"
ビギナーコーヒー	びぎなーこーひー	Beginner Coffee	noun	food	00001124:8:240	provisional	n	a menu name, "とやら"
山ガール	やまがーる	a mountain girl	noun	term	00001124:8:39	provisional	n	
エンマ鹿	えんましか	Enma deer	noun	food	0000113D:8:99	fixed	n	荒田 game named for 閻魔 (cf. シニガミトカゲ); P20 (V438): the hell figure's name kept (the shinigami precedent), no note
獄卒イノシシ	ごくそついのしし	hell-warden boar	noun	food	0000113D:8:99	fixed	n	荒田 game named for hell's jailers; P20 (V438): 獄卒 has no name to keep; translated
古郡夫妻	こごおりふさい	the Kogori couple	noun	person	0000113D:8:132	provisional	n	
ハナちゃん	はなちゃん	Hana-chan	noun	person	00001154:8:5	provisional	n	茅萱's best friend in Tokyo
百合子	ゆりこ	Yuriko	noun	person	00001154:8:18	provisional	n	城崎's wife, the first 呪殺 victim (791)
城崎夫人	しろざきふじん	Mrs. Shirozaki	noun	person	00001154:8:14	provisional	n	narration term for 百合子
祀耀791年	しよう791ねん	Shiyo 791	noun	date	00001154:8:45	provisional	n	
祀耀795年	しよう795ねん	Shiyo 795	noun	date	00001154:8:45	provisional	n	
祀耀796年	しよう796ねん	Shiyo 796	noun	date	00001154:8:50	provisional	n	
魔女の力	まじょのちから	the witch's power	phrase	concept	00001154:8:134	provisional	n	the feared name for the foresight (cf. 00000C38:11:87)
銀座	ぎんざ	Ginza	noun	place	0000116C:8:17	provisional	n	
料亭	りょうてい	a traditional high-end restaurant (ryotei)	noun	place	0000116C:8:31	provisional	n	
囲炉裏	いろり	a sunken hearth	noun	object	0000116C:8:39	provisional	n	
床の間	とこのま	an alcove (tokonoma)	noun	place	0000116C:8:56	provisional	n	
ふすま	ふすま	sliding doors	noun	object	0000116C:8:56	provisional	n	
和座椅子	わざいす	legless floor chairs	noun	object	0000116C:8:55	provisional	n	
お冷	おひや	ice water	noun	food	0000116C:8:87	provisional	n	
御令姪様	ごれいめいさま	your niece	noun	term	0000116C:8:75	provisional	n	仲居's honorific for 茅萱; suffix on a common noun is zero (STYLE)
傀儡師	かいらいし	a puppeteer	noun	concept	0000116C:8:166	provisional	n	the unseen will 茅萱 senses
天秤	てんびん	the scales	noun	concept	00001184:24:2	provisional	n	her guilt, personified; it speaks (V439)
托卵	たくらん	brood parasitism	noun	term	00001184:24:7	provisional	n	"托卵されたカッコウの卵のように" = like a cuckoo's egg laid in another nest
呪いらしきもの	のろいらしきもの	'something like a curse'	phrase	concept	00001184:16:32	provisional	n	美冬's words in 『』
祀耀800年四月一日	しよう800ねんしがつついたち	Shiyo 800, April 1	noun	date	0000119C:8:0	provisional	n	
歓迎コンパ	かんげいこんぱ	a welcome drinking party	noun	event	0000119C:8:5	provisional	n	cf. コンパ
季節の御膳	きせつのごぜん	the seasonal set	noun	food	0000119C:8:64	provisional	n	the cheapest set
フグと和牛の特選御膳	ふぐとわぎゅうのとくせんごぜん	the Special Fugu and Wagyu Set	noun	food	0000119C:8:87	provisional	n	39800円
漱石枕流	そうせきちんりゅう	a sore loser's sophistry	phrase	term	0000119C:8:86	fixed	n	four-character idiom; IMAGES rule: English phrase of the same weight; P20: in-text English of the same weight (0000119C 8:86 "No, no―that's just a sore loser's sophistry!"), no TN
嫋やか	たおやか	graceful	adj	term	0000119C:8:43	provisional	n	
アスタキサンチン	あすたきさんちん	astaxanthin	noun	term	0000119C:8:130	provisional	n	
カロテノプロテイン	かろてのぷろていん	carotenoprotein	noun	term	0000119C:8:130	provisional	n	
カロテノイド	かろてのいど	carotenoids	noun	term	0000119C:8:132	provisional	n	
無脊椎動物	むせきついどうぶつ	invertebrates	noun	term	0000119C:8:142	provisional	n	
脳筋	のうきん	all muscle, no brain	noun	term	0000119C:8:142	provisional	n	
何者か	なにものか	'someone' / 'something' (the unknown will)	noun	concept	0000119C:8:216	provisional	n	五島's 『何者か』; ungendered, unnamed; one English throughout (V433 family)
矛盾の支配者	むじゅんのしはいしゃ	'the master of contradictions'	phrase	concept	0000119C:8:246	provisional	n	五島's coinage, in 『』 in narration
危険を知らせる者	きけんをしらせるもの	'the one who warns of danger'	phrase	concept	0000119C:8:230	provisional	n	五島's term, in 『』
超常現象	ちょうじょうげんしょう	the supernatural (paranormal phenomena)	noun	concept	0000119C:8:249	provisional	n	五島 defines it 8:267
超音波	ちょうおんぱ	ultrasound	noun	term	0000119C:8:268	provisional	n	
東京スカイツリー	とうきょうすかいつりー	Tokyo Skytree	noun	place	000011B4:8:61	provisional	n	also スカイツリー
東京タワー	とうきょうたわー	Tokyo Tower	noun	place	000011B4:8:78	provisional	n	
宝町駅	たからちょうえき	Takaracho Station	noun	place	000011B4:8:66	provisional	n	ruby-residue spaces in the source
浅草線	あさくさせん	the Asakusa Line	noun	place	000011B4:8:66	provisional	n	
押上駅	おしあげえき	Oshiage Station	noun	place	000011B4:8:66	provisional	n	
展望台	てんぼうだい	the observation deck	noun	place	000011B4:8:214	provisional	n	450メートルの展望台
富士山	ふじさん	Mount Fuji	noun	place	000011B4:8:215	provisional	n	
5W1H	ごだぶりゅーいちえいち	5W1H	noun	term	000011B4:8:139	provisional	n	keep the letters; the JP glosses What/Who/How/When/Where/Why
真相の『根』	しんそうの『ね』	the 'root' of the truth	phrase	concept	000011B4:8:149	provisional	n	根 echoes the cherry roots; keep 'root'
宝の持ち腐れ	たからのもちぐされ	a waste of talent	phrase	term	000011B4:8:232	provisional	n	set phrase
ニコッと	にこっと	a soft smile	adv	term	000011B4:8:35	provisional	n	contrasted with ニカッと (grin) in 000011B4:8:35; keep the two apart
四月五日	しがついつか	April 5	noun	date	000011B4:8:8	provisional	n	
アポカリプティックサウンド	あぽかりぷてぃっくさうんど	the apocalyptic sound	noun	term	000011CC:8:182	fixed	n	katakana English, 五島's term; "滅びの音" (00001247:8:94); identified with 猛き音; P21 (V465): Goto's katakana term, lowercase; the scripture's 猛き音 stays "the Fierce Sound"
ストレンジサウンド	すとれんじさうんど	strange sounds	noun	term	000011CC:8:181	fixed	n	katakana English, 五島's term, said with アポカリプティックサウンド; P21 (V465): plural as the P21PRE line "Strange sounds... / Apocalyptic sounds..."
豊岳線	とよたけせん	the Toyotake Line	noun	place	000011CC:8:184	fixed	n	station announcement "豊岳線は線路トラブルのため、上下線ともに運転を見合わせています"; P21: the P21PRE lock (follows 豊岳駅)
メガホン	めがほん	megaphone	noun	object	000011CC:8:183	provisional	n	
ネクロ	ねくろ	Necro	noun	concept	000011E3:8:28	fixed	n	五島's name for the 『何者か』, short for ネクロマンサー; later = 死月妖花 (00001214:8:163); P20 (V458): Goto's coinage from necromancer; labels-0000189A/000018BF rows; her explanation kept plainly when drafted
ネクロマンサー	ねくろまんさー	necromancer	noun	term	000011E3:8:30	provisional	n	五島 explains it as English for 呪術師 (V458)
呪術師	じゅじゅつし	sorcerer	noun	term	000011E3:8:30	provisional	n	
金井桂子	かないけいこ	Keiko Kanai	noun	person	000011E3:8:61	provisional	n	美冬's grandmother (8:66); found the 御神木 in 祀耀737; reading assumed
祀耀737年三月三〇日	しようななひゃくさんじゅうななねんさんがつさんじゅうにち	Shiyo 737, March 30	noun	date	000011E3:8:57	provisional	n	newspaper date
祀耀737年	しようななひゃくさんじゅうななねん	Shiyo 737	noun	date	000011E3:8:68	provisional	n	
祀耀747年四月下旬	しようななひゃくよんじゅうななねんしがつげじゅん	late April, Shiyo 747	noun	date	000011E3:8:122	provisional	n	the research team's deaths
研究員	けんきゅういん	researchers	noun	term	000011E3:8:53	provisional	n	
情報操作	じょうほうそうさ	manipulating information	noun	term	000011E3:8:139	provisional	n	
紙媒体	かみばいたい	paper records	noun	term	000011E3:8:148	provisional	n	五島: 紙媒体 -> 本 (8:149-152)
子離れ	こばなれ	letting go of her child	noun	term	000011E3:8:205	provisional	n	茜's words quoted by 美冬, with "旅をさせる時期" (echo of the proverb かわいい子には旅をさせよ; no TN)
ノーリスク・ハイリターン	のーりすくはいりたーん	no risk, high return	phrase	term	000011E3:8:223	provisional	n	
喪	も	mourning	noun	term	000011FA:8:6	provisional	n	named as a character, 『喪』 (V468)
忌	き	death (as in mourning abstention)	noun	term	000011FA:8:6	provisional	n	named as a character, 『忌』 (V468)
おばあさん	おばあさん	Obaasan	noun	person	000011FA:8:27	fixed	n	Natsumi's address / 3p for Haruka's grandmother (non-relative): O-57 keeps it Japanese; long vowel KEPT (the one exception) so it stays distinct from Obasan (おばさん, Haruka's mother) in the same cells; locked rulings-P7 QP7D-01 2026-10-01
死月妖花	しがつようか	Shigatsu Youka	noun	concept	00001214:8:147	provisional	n	the organism's name in チガ姉's memo; identical to the game's title; reading = 四月八日 (shigatsu yoka)
ナラタケ	ならたけ	honey fungus	noun	term	00001214:8:149	provisional	n	Armillaria; "食用としても普通に用いられます" (8:167)
オニナラタケ	おにならたけ	dark honey fungus (Armillaria ostoyae)	noun	term	00001214:8:173	provisional	n	the Oregon giant; reading おにならたけ
ナラタケ病	ならたけびょう	Armillaria root rot	noun	term	00001214:8:179	provisional	n	
植物寄生菌	しょくぶつきせいきん	a plant-parasitic fungus	noun	term	00001214:8:177	provisional	n	quoted term 『植物寄生菌』
子実体	しじつたい	fruiting body	noun	term	00001214:8:151	provisional	n	glossed in the text as キノコ (00001247:8:144; 000012F5:8:159)
菌床	きんしょう	mycelium (underground mass)	noun	term	00001214:8:174	provisional	n	"菌床面積"; 000012F5:8:171 printed "菌 床" (V483)
造林業	ぞうりんぎょう	forestry	noun	term	00001214:8:178	provisional	n	
シロナガスクジラ	しろながすくじら	blue whale	noun	term	00001214:8:171	provisional	n	
オレゴン州	おれごんしゅう	Oregon	noun	place	00001214:8:173	provisional	n	
電子錠	でんしじょう	electronic lock	noun	object	00001214:8:61	provisional	n	the basement door, under ten years old
鍵の束	かぎのたば	key ring	phrase	object	00001214:8:4	provisional	n	
必要悪	ひつようあく	a necessary evil	noun	term	00001214:8:6	provisional	n	
五感	ごかん	the five senses	noun	term	00001214:8:141	provisional	n	
五感ジャック	ごかんじゃっく	hijacking (her) senses	noun	term	000012C5:8:49	provisional	n	"五感をジャックできる" 00001214:8:216
音声録音	おんせいろくおん	voice recording	noun	ui	00001214:8:195	provisional	n	app screen
容量	ようりょう	storage	noun	ui	00001214:8:196	provisional	n	pop-up 『容量が足りません。録音を中止します』
洞窟	どうくつ	cave	noun	place	0000122E:11:47	provisional	n	
ピラミッド	ぴらみっど	pyramid	noun	place	0000122E:11:94	provisional	n	
セーフ	せーふ	safe	adj	term	0000122E:11:84	provisional	n	
超能力	ちょうのうりょく	psychic powers	noun	concept	0000122E:11:82	provisional	n	
セレジェイラの教え	せれじぇいらのおしえ	'The Teachings of Cerejeira'	noun	title	00001247:8:66	fixed	n	a scripture in old Japanese; P21: follows the shipped "the Holy Cerejeira Church"; single quotes where the JP has 『』
教典	きょうてん	scripture	noun	object	00001247:8:65	provisional	n	
セレ様	せれさま	Lord Sele	noun	person	00001247:8:75	fixed	n	= 新村儀之助 (8:85); P21: セレ = "Sele" (shipped, rulings-P19 P20PRE); the scripture's 様 = "Lord" (儀之助様 = "Lord Ginosuke")
儀之助様	ぎのすけさま	Lord Ginosuke	noun	person	00001247:8:97	provisional	n	the scripture's form
猛き音	たけきおと	the Fierce Sound	noun	concept	00001247:8:80	fixed	n	in 『』; the scripture's word for the sound; P19: the shipped SIDE2 lock (rulings-P18; lns-en-55/00002193); UNTR17 tables swept from "the Mighty Sound"
ボニータ	ぼにーた	Bonita	noun	term	00001247:8:102	provisional	n	glossed in the text: "母国語で『美しい』" (Portuguese bonita)
死人	しにん	the dead	noun	concept	00001247:8:80	provisional	n	
死の軍勢	しのぐんぜい	the army of the dead	noun	concept	00001247:8:110	provisional	n	also 死者の軍勢 (8:109)
アバドン	あばどん	Abaddon	noun	person	00001247:8:110	provisional	n	the demon king in the scripture
間者	かんじゃ	spy	noun	term	00001247:8:117	provisional	n	glossed in the text "間者（スパイ）"
スパイ	すぱい	spy	noun	term	00001247:8:117	provisional	n	五島's word for 死月妖花's human agent (000012C5:8:197)
滝	たき	waterfall	noun	place	0000125E:8:49	provisional	n	"洞内の滝"
テコの原理	てこのげんり	leverage	phrase	term	0000125E:8:132	provisional	n	
匍匐	ほふく	crawling on your belly	noun	term	0000125E:8:135	provisional	n	
生写真	なましゃしん	a real photo	noun	term	0000125E:8:182	provisional	n	
墓標	ぼひょう	grave marker	noun	object	0000127A:8:27	provisional	n	"墓標代わりの長い石"
県大会	けんたいかい	the prefectural tournament	noun	event	00001295:8:35	provisional	n	
3位決定戦	さんいけっていせん	the third-place match	noun	event	00001295:8:35	provisional	n	
慟哭	どうこく	wailing	noun	term	00001295:8:110	provisional	n	glossed in the text "見苦しいほどに泣き叫ぶこと"
ふんふんふふーん	ふんふんふふーん	Hmm hmm hm-hmm	interjection	sfx	000012AD:12:45	provisional	n	humming; cf. ふんふんふーん
小学五年生	しょうがくごねんせい	fifth grade	noun	term	000012AD:12:27	provisional	n	夏菜
傾国の美女	けいこくのびじょ	a beauty who could topple a kingdom	phrase	term	000012C5:8:162	provisional	n	夏菜 explains it
ネット小説	ねっとしょうせつ	web novels	noun	term	000012C5:8:169	provisional	n	
男運	おとこうん	luck with men	noun	term	000012C5:8:171	provisional	n	
語彙力	ごいりょく	vocabulary	noun	term	000012C5:8:120	provisional	n	
ゴイリョク	ごいりょく	'Vocabulary'	noun	term	000012C5:8:121	fixed	n	夏菜 echoes 語彙力 in katakana; P21 (000012C5 8:121): Kana parrots a new word; the katakana is carried by single quotes, no TN
家族計画	かぞくけいかく	family planning	noun	term	000012C5:8:150	provisional	n	
誠実	せいじつ	sincere	adj	term	000012C5:8:151	provisional	n	
放火	ほうか	arson	noun	term	000012C5:8:240	provisional	n	
ナイスフォロー	ないすふぉろー	Nice save	phrase	term	000012DE:8:46	provisional	n	
善は急げ	ぜんはいそげ	no time to waste	phrase	term	000012DE:8:47	provisional	n	
一枚岩	いちまいいわ	united	noun	term	000012DE:8:89	provisional	n	"一枚岩ではない" = not united
百も承知	ひゃくもしょうち	knew full well	phrase	term	000012C5:8:33	provisional	n	
暗証番号	あんしょうばんごう	code	noun	term	000012F5:8:0	provisional	n	0723 = なつみ (V328)
日葡辞典	にっぽじてん	a Japanese-Portuguese dictionary	noun	object	000012F5:8:11	provisional	n	
荒田桜の生態について	あらたざくらのせいたいについて	TBD ('On the Ecology of the Arata Cherry'; follows 荒田桜)	noun	title	000012F5:8:110	provisional	n	report title in 『』
ドローガの研究レポート	どろーがのけんきゅうれぽーと	the Droga research reports	phrase	object	000012F5:8:51	provisional	n	follows ドローガ
帝の息子	みかどのむすこ	the Emperor's son	phrase	person	000012F5:8:5	provisional	n	= the 皇子 of 0000107B
発芽	はつが	germinate	noun	term	000012F5:8:127	provisional	n	
毛細血管	もうさいけっかん	capillaries	noun	term	000012F5:8:128	provisional	n	
赤血球	せっけっきゅう	red blood cells	noun	term	000012F5:8:128	provisional	n	
電磁波	でんじは	electromagnetic waves	noun	term	000012F5:8:138	provisional	n	
レボドパ	れぼどぱ	levodopa	noun	term	000012F5:8:142	provisional	n	printed レポドパ (V470)
DNA鑑定	でぃーえぬえーかんてい	DNA testing	noun	term	000012F5:8:168	provisional	n	
世代	せだい	generation	noun	concept	000012F5:8:81	provisional	n	as in 第一世代 .. 第四世代
緑の目	みどりのめ	green eyes	phrase	concept	000011CC:8:89	provisional	n	cf. 緑目, 翠眼 (V272, V394)
おはぎ	おはぎ	ohagi (sweet rice balls in bean paste)	noun	food	0000130D:8:18	provisional	n	mistaken for おにぎり
おにぎり	おにぎり	rice ball	noun	food	0000130D:8:16	provisional	n	
温故知新	おんこちしん	learning from the old	noun	term	0000130D:8:11	provisional	n	
歴史は繰り返す	れきしはくりかえす	history repeats itself	phrase	term	0000130D:8:10	provisional	n	
2度あることは3度ある	にどあることはさんどある	what happens twice happens a third time	phrase	term	0000130D:8:10	provisional	n	
祀耀352年	しようさんびゃくごじゅうにねん	Shiyo 352	noun	date	0000130D:8:39	provisional	n	
祀耀482年	しようよんひゃくはちじゅうにねん	Shiyo 482	noun	date	0000130D:8:99	provisional	n	
祀耀768年	しようななひゃくろくじゅうはちねん	Shiyo 768	noun	date	0000130D:8:99	provisional	n	
若き大魔女	わかきだいまじょ	TBD (the young Grand Witch; follows 大魔女)	phrase	title	0000130D:8:101	provisional	n	482
ヴェルジのミイラ	ゔぇるじのみいら	the Verde mummy	phrase	object	0000130D:8:59	fixed	n	in 『』; P17 Q17-1
失踪	しっそう	disappearance / went missing	noun	term	0000130D:8:106	provisional	n	quoted 『失踪』 (8:121) as a word she weighs against 『死亡』
通販雑誌	つうはんざっし	mail-order catalog	noun	object	00001325:8:1	provisional	n	a cosplay mail-order magazine among the grandmother's things
交換日記	こうかんにっき	exchange diary	noun	object	00001325:8:119	provisional	n	a notebook two friends write in by turns; 夏菜 wrote both sides (8:240-244); child spelling 交かん日記 in the entries (V486)
大翔	ひろと	Hiroto	noun	person	00001325:8:144	fixed	n	reading given 8:147; a boy in 夏菜's self-written diary; a name-reading joke 8:145-152 (V487); P22: 大翔君 = "Hiroto-kun"; the name-reading joke carried in-text (Q22-3)
小四	しょうよん	fourth grade	noun	term	00001325:8:172	provisional	n	fourth grade of elementary school
ひなまつり	ひなまつり	Hinamatsuri	noun	event	00001325:8:174	fixed	n	March 3; child spelling in the diary; P22: O-61 culture noun, no note (00001325 diary)
ひなだん	ひなだん	a tiered doll stand	noun	object	00001325:8:175	provisional	n	雛壇 in kana (child's writing)
おひな様	おひなさま	the Hina dolls	noun	object	00001325:8:175	provisional	n	the grandmother dressed as one (cosplay)
春休み	はるやすみ	spring break	noun	date	00001325:8:169	provisional	n	cf. 春休みボケ
一学期	いちがっき	the first term	noun	date	00001325:8:170	provisional	n	school term
無罪放免	むざいほうめん	cleared of everything	noun	term	00001325:8:54	provisional	n	夏菜's word
はよ読めや	はよよめや	Read it already.	phrase	interjection	00001325:8:195	fixed	n	茅萱's one Kansai-style tsukkomi (colour 茅萱); DIALECT POLICY, no regional English (V485); P22 (V485): blunt clipped English, no TN
なんでっしゃろ	なんでっしゃろ	Yes, yes, what can I do for you?	phrase	interjection	0000133D:8:88	fixed	n	夏菜's playful Kansai-style stock phrase "はいはい、なんでっしゃろ？" (V485); P22 (V485): a playful stock phrase, no TN
天袋	てんぶくろ	the top cupboard	noun	place	0000133D:8:78	provisional	n	the small cupboard above a closet; printed "天 袋" (ruby residue)
天井裏	てんじょううら	the space above the ceiling	noun	place	0000133D:8:46	provisional	n	cf. 屋根裏
屋根裏	やねうら	the attic	noun	place	0000133D:8:140	provisional	n	where the three books were hidden
死月妖花の生態	しがつようかのせいたい	'The Ecology of Shigatsu Youka'	noun	title	0000133D:8:144	fixed	n	the セレジェイラ聖教 report, about 70 years old; P22 rulings-P22 TITLES OF THE BOOKS; single quotes where the JP has 『』
猛き音と翠眼呪殺	たけきおととすいがんじゅさつ	'The Fierce Sound and the Green-Eye Curse-Killing'	noun	title	0000133D:8:148	fixed	n	an old text; translated by 五島; P22: follows the locks 猛き音 / 翠眼呪殺
失踪者共のなれの果て	しっそうしゃどものなれのはて	'What Became of the Vanished'	noun	title	0000133D:8:151	fixed	n	about 130 years old; 共 is a contemptuous plural; P22 rulings-P22
集団失踪	しゅうだんしっそう	mass disappearance	noun	event	0000133D:8:160	provisional	n	祀耀668
祀耀668年	しようろっぴゃくろくじゅうはちねん	Shiyo 668	noun	date	0000133D:8:160	provisional	n	"132年前"
祀耀669年	しようろっぴゃくろくじゅうきゅうねん	Shiyo 669	noun	date	0000133D:8:162	provisional	n	
死月	しがつ	the month of death	noun	concept	0000133D:8:171	fixed	n	explained 8:172-174: 荒田 people die in April, "だから、死月だ"; homophone of 四月; P22: in-text gloss at 0000133D 8:173-174 ("die almost without fail in April―shigatsu" / "That is why it is the month of death"), no TN (V457 / V501)
研究団体	けんきゅうだんたい	a research group	noun	org	0000133D:8:194	provisional	n	took 荒田's cherry about 60 years after 669
まとめサイト	まとめさいと	aggregator sites	noun	term	0000133D:8:216	provisional	n	
考察サイト	こうさつさいと	analysis sites	noun	term	0000133D:8:216	provisional	n	
動画サイト	どうがさいと	video site	noun	term	0000133D:8:206	provisional	n	
ラッパ	らっぱ	the trumpet	noun	object	00001355:8:5	provisional	n	the scripture's trumpet that raises the dead
天変地異	てんぺんちい	cataclysms	noun	term	00001355:8:5	provisional	n	
世継ぎ	よつぎ	an heir	noun	term	00001355:8:20	provisional	n	
嫡男	ちゃくなん	his heir (eldest son)	noun	person	00001355:8:20	provisional	n	the 殿下's young son
後継者争い	こうけいしゃあらそい	a fight over the succession	noun	term	00001355:8:21	provisional	n	
大義名分	たいぎめいぶん	a pretext	noun	term	00001355:8:23	provisional	n	
内紛	ないふん	the infighting	noun	event	00001355:8:54	provisional	n	the 340 war and 翠眼呪殺
椿	つばき	Tsubaki	noun	person	00001355:8:83	fixed	n	the young 大魔女 sacrificed in 482; printed " 椿 " (ruby residue); P22 (V500): the young Grand Witch sacrificed in Shiyo 482
白き装束	しろきしょうぞく	white robes	phrase	object	00001355:8:76	fixed	n	the dead of the 482 text; cf. 白装束, 白い天使のような装束 (0000136D:8:114); P22: shipped 000021BD
血色の装束	ちいろのしょうぞく	blood-colored robes	phrase	object	00001355:8:96	provisional	n	the 482 verse; cf. 赤装束
神具	しんぐ	a sacred implement	noun	object	00001355:8:109	provisional	n	ドローガ in the セレジェイラ聖教
地域宗教	ちいきしゅうきょう	a local religion	noun	term	00001355:8:117	provisional	n	
出奔	しゅっぽん	ran away (from home)	noun	term	00001355:8:121	provisional	n	printed "出 奔" (ruby residue)
生活史	せいかつし	life cycle	noun	term	00001355:8:126	provisional	n	biology term; glossed 8:127
媒体	ばいたい	a vector (carrier)	noun	term	00001355:8:128	provisional	n	人間を媒体とする
アンプル	あんぷる	ampules	noun	object	00001355:8:129	provisional	n	
被験体	ひけんたい	test subjects	noun	term	00001355:8:146	provisional	n	also 被験者 8:131
司法取引	しほうとりひき	a plea bargain	noun	term	00001355:8:145	provisional	n	
第一世代（壱）	だいいちせだい（いち）	First Generation (I)	noun	term	00001355:8:147	fixed	n	subject label; also （壱） alone; P22 (V491): the report labels, ASCII parentheses; bare （壱） = "(I)"
第二世代（弐）	だいにせだい（に）	Second Generation (II)	noun	term	00001355:8:148	fixed	n	subject label; also （弐） alone; P22 (V491); bare （弐） = "(II)"
第三世代（参）	だいさんせだい（さん）	Third Generation (III)	noun	term	00001355:8:149	fixed	n	subject label; 遺体（参） = the corpse (III); P22 (V491); bare （参） = "(III)"; 遺体（参） = "Corpse (III)"
変異者	へんいしゃ	'the mutated'	noun	term	00001355:8:156	fixed	n	named in 『』 by the report; P22: the report names them in 『』; bare = "the mutated"
変異体	へんいたい	the mutants	noun	term	00001355:8:169	fixed	n	P22: 変異体2名 = "the two mutants"
有性胞子	ゆうせいほうし	sexual spores	noun	term	00001355:8:164	provisional	n	
食物連鎖	しょくもつれんさ	a food chain	noun	term	00001355:8:190	provisional	n	
菌糸	きんし	hyphae	noun	term	00001355:8:199	provisional	n	the threads that bind 茅萱 (0000136D:8:268-272)
金管楽器	きんかんがっき	a brass instrument	noun	object	00001355:8:196	provisional	n	the sound's mechanism
食虫植物	しょくちゅうしょくぶつ	a carnivorous plant	noun	term	00001355:8:224	provisional	n	
酵素	こうそ	an enzyme	noun	term	00001355:8:234	provisional	n	
盗感	とうかん	sense-theft	noun	concept	00001355:8:253	fixed	n	the report's coinage ("ここでは『盗感』と命名する"); later as a verb (盗感する / 盗感出来ない); P22 (V492): the report coinage; verb 盗感する = "sense-steal"; 『盗感』 = "'sense-theft'"; card 283 title "Green Eyes ~Sense-Theft~"
下僕	げぼく	servant	noun	term	00001355:8:261	fixed	n	the dead as 死月妖花's servants; cf. しもべ; P22: 忠実な下僕 = "a faithful servant"; 奴隷 = "slave"
象形文字	しょうけいもじ	hieroglyphs	noun	term	0000136D:8:26	provisional	n	her scrawl
敵対心	てきたいしん	hostility	noun	term	0000136D:8:87	provisional	n	cf. 敵愾心
虎穴	こけつ	the tiger's den	noun	term	0000136D:8:216	provisional	n	image extended in the sentence (虎と戦う…虎穴に) so kept
標本箱	ひょうほんばこ	a specimen box	noun	object	0000136D:8:275	provisional	n	simile
樹海	じゅかい	a sea of trees	noun	term	0000136D:8:273	provisional	n	桜の樹海
まな板の上の鯉	まないたのうえのこい	a sitting duck	phrase	term	00001385:8:11	provisional	n	set phrase, image not used by the text
焼け石に水	やけいしにみず	a drop in the ocean	phrase	term	00001385:8:98	provisional	n	set phrase
旧休憩所	きゅうきゅうけいじょ	the old rest hut	noun	place	00001385:8:124	fixed	n	a hunters' hut on the mountain path toward 豊岳; = the 廃屋; P22: 00001385 8:124; = the abandoned hut
ポンチョブラケット	ぽんちょぶらけっと	poncho blanket	noun	object	00001385:8:152	fixed	n	typo for ポンチョブランケット (V510); P22 (V510)
ダンゴムシ	だんごむし	a pill bug	noun	term	00001385:8:158	provisional	n	simile
耳栓	みみせん	earplugs	noun	object	0000139D:8:10	provisional	n	made from cloth
捜索隊	そうさくたい	the search party	noun	term	0000139D:8:116	provisional	n	
元木町組	もときちょうぐみ	the Motoki-cho group	noun	term	0000139D:8:128	fixed	n	茅萱's name for the four visitors
ロッククライミング	ろっくくらいみんぐ	rock climbing	noun	term	000013B5:8:32	provisional	n	
臨戦態勢	りんせんたいせい	battle-ready	noun	term	000013B5:8:64	provisional	n	
ネガティブごっこ	ねがてぃぶごっこ	my negativity act	noun	term	000013B5:8:11	provisional	n	
払い腰	はらいごし	a sweeping hip throw	noun	term	000013CD:8:182	provisional	n	a judo throw
魔除け	まよけ	a charm against evil	noun	term	000013CD:8:130	provisional	n	
鮮血	せんけつ	fresh blood	noun	term	000013CD:8:289	provisional	n	
待宵月	まつよいづき	the moon the night before full	noun	term	000013E6:8:36	provisional	n	"明日満月を迎える"
三つ巴	みつどもえ	a three-way standoff	noun	term	000013E6:8:107	provisional	n	
筋肉痛	きんにくつう	sore muscles	noun	term	000013FD:8:46	provisional	n	
湿布	しっぷ	a compress	noun	object	000013FD:8:47	provisional	n	
不審火	ふしんび	a suspicious fire	noun	term	000013FD:8:54	provisional	n	the 蔵 fire
黒幕	くろまく	mastermind	noun	term	000013FD:8:103	fixed	y	
口頭伝承	こうとうでんしょう	an oral tradition	noun	term	000013FD:8:233	provisional	n	the 大魔女-only lore
掛け算九九	かけざんくく	the times tables	noun	term	000013FD:8:234	provisional	n	simile
硫黄	いおう	sulfur	noun	term	000013FD:8:235	provisional	n	
硫黄の火山	いおうのかざん	a volcano of sulfur (oral lore) / a volcano of brimstone (scripture)	phrase	place	000013FD:8:228	fixed	n	the oral lore; identical to the scripture's words (00001247:8:110); 五島 reads it as the hot spring on 糸姫山; P23 QP23D-03: two shipped registers (000013FD / 000014D7 8:240 = sulfur; 00001247 scripture = brimstone)
ヘブライ語	へぶらいご	Hebrew	noun	term	000013FD:8:281	provisional	n	
奈落の王	ならくのおう	the king of the abyss	phrase	title	000013FD:8:281	provisional	n	五島's gloss of アバドン
置手紙	おきてがみ	a note (left behind)	noun	object	000013FD:8:289	provisional	n	
李	すもも	plums	noun	term	000013FD:8:242	provisional	n	printed " 李 " (ruby residue); as in 00001247:8:101
黄泉	よみ	the underworld	noun	concept	00001414:8:210	fixed	n	in the oral lore "死者黄泉出で…黄泉に返す"; cf. 00001355:8:92-95; romanize + TN or translate: see V519; RULING Fable 2026-10-02 QUNTR6S-01 (translated, no TN; 黄泉戸喫 stays yomotsuhegui)
伝承	でんしょう	lore / the legend	noun	term	00001414:8:5	provisional	n	the 大魔女's oral tradition; cf. 口頭伝承
立ちくらみ	たちくらみ	feeling lightheaded	noun	term	00001414:8:183	provisional	n	茅萱's excuse
手品師	てじなし	a magician	noun	term	0000142B:8:161	fixed	n	simile for the hypha growing; P23 (0000142B 8:161): "like a magician pulling a string of flags from his sleeve"
万国旗	ばんこくき	a string of flags	noun	object	0000142B:8:161	provisional	n	the conjurer's flags pulled from a sleeve
種も仕掛けも	たねもしかけも	(no) trick, (no) gimmick	phrase	term	0000142B:8:172	provisional	n	"種も仕掛けもネタバラシしながらのパフォーマンス"
ネタバラシ	ねたばらし	giving away the trick	noun	term	0000142B:8:172	provisional	n	
滑稽千万	こっけいせんばん	utterly absurd	adj	term	0000142B:8:225	fixed	n	P23 (0000142B 8:225)
機動隊	きどうたい	the riot police	noun	org	00001442:11:89	provisional	n	美冬: "警察でも機動隊でもいいから"
ミツバチ	みつばち	honeybees	noun	term	00001442:11:151	provisional	n	
スズメバチ	すずめばち	hornets	noun	term	00001442:11:151	provisional	n	
使役	しえき	put to work (the dead)	noun	term	00001442:11:229	provisional	n	サクラ: 死月妖花 "使役" the dead
後続隊	こうぞくたい	the ones following behind	noun	term	00001459:8:121	provisional	n	the grandmother's word for those who will follow 茅萱
将棋倒し	しょうぎだおし	a chain collapse (one falling into the next)	noun	term	00001477:8:65	provisional	n	cf. ドミノ倒し ("dominoes falling"); a different word, keep apart
刺激臭	しげきしゅう	an acrid smell	noun	term	00001477:8:190	provisional	n	the smoke from the 蔵 fire
既読	きどく	read (receipt)	noun	ui	00001477:8:83	provisional	n	cf. 既読マーク
吊り橋	つりばし	the suspension bridge	noun	place	000014A5:8:0	provisional	n	over the mountain stream on the way to the 廃屋
河原	かわら	the riverbank	noun	place	000014A5:8:10	provisional	n	where サクラ died
山小屋	やまごや	a mountain hut	noun	place	000014A5:8:152	provisional	n	the 廃屋 / 旧休憩所
大船に乗ったつもり	おおぶねにのったつもり	rest easy, you're in safe hands	phrase	term	000014A5:8:145	provisional	n	夏菜; なつみ answers "くつろげるか！"
形骸化	けいがいか	become an empty formality	noun	term	000014BC:8:125	provisional	n	
身バレ	みばれ	being identified	noun	term	000014BC:8:133	provisional	n	slang, 美冬's word
外界	がいかい	the outside world	noun	term	000014BC:8:133	provisional	n	
滅亡予知	めつぼうよち	extinction sense	noun	concept	000014BC:8:202	fixed	n	OWNER RULING Q23-2 2026-10-09: "extinction sense" (滅亡 = extinction, not doom; "ruin" too weak); was "doom sense" until 13:40; なつみ's coinage set against 危険予知 ("danger premonition"); keep the pair parallel; P23 rulings-P23 THE VISION: the pair with the lock 危険予知 = "danger sense" (000014BC 8:202); owner question Q23-2
使い魔	つかいま	familiars	noun	concept	000014D7:8:239	fixed	n	栄一郎's version of the lore: "死神は、アバドンに従いし4人の神使の使い魔" (V520); P23 THE LORE VARIANT (000014D7 8:239)
新村晃	にいむら あきら	Akira Niimura	noun	person	000014D7:8:165	fixed	n	桔梗's husband; printed " 晃 " with ruby-residue spaces; P23 (V525): ruby-residue spaces dropped (000014D7 8:165)
耐性	たいせい	resistance (immunity)	noun	term	000014D7:8:251	provisional	n	to third-generation blood
即死	そくし	instant death	noun	term	000014D7:8:291	provisional	n	the spores that kill at once
感染	かんせん	infection / be infected	noun	term	000014D7:8:294	provisional	n	"ドローガに感染していない者"
オオカミ少年	おおかみしょうねん	the boy who cried wolf	phrase	term	000014D7:8:268	provisional	n	
湯の川	ゆのかわ	the hot-water stream	noun	place	000014D7:8:337	provisional	n	at the summit of 糸姫山
ピンクスピネル	ぴんくすぴねる	pink spinel	noun	term	000014D7:8:426	provisional	n	simile for the petals
ツタ	つた	vines	noun	term	000014D7:8:8	provisional	n	"ツタのようなもの" on the slope
地震	じしん	earthquake	noun	term	000014D7:8:382	provisional	n	
死後の世界	しごのせかい	the afterlife	noun	concept	000014D7:8:432	provisional	n	
死の世界	しのせかい	a world of death	noun	concept	000014D7:8:444	fixed	n	the file's last narration word; keep apart from 死後の世界; P23 (000014D7 8:444): kept apart from 死後の世界 = "the afterlife"
偽物	にせもの	impostor	noun	term	000014D7:8:60	fixed	n	美冬 and 春花 to 栄一郎; P23: one word for Mifuyu and Haruka (000014D7 8:60 / 8:116)
大和撫子	やまとなでしこ	a classic Japanese beauty	noun	term	000014EE:8:5	provisional	n	narration on 糸姫's looks
ニアリーイコール	にありーいこーる	nearly equal to	phrase	term	000014EE:8:72	provisional	n	katakana English in narration ("元凶のニアリーイコール")
ゴーストタウン	ごーすとたうん	ghost town	noun	term	000014EE:16:4	provisional	n	春花; 糸姫 asks if it means 廃墟 (16:5)
廃墟	はいきょ	ruins	noun	term	000014EE:16:5	provisional	n	
哺乳類	ほにゅうるい	mammals	noun	term	000014EE:16:10	provisional	n	
抗体	こうたい	antibodies	noun	term	000014EE:16:28	provisional	n	五島's theory of third-generation blood
致死量	ちしりょう	a lethal amount (of blood loss)	noun	term	000014EE:16:25	provisional	n	夏菜
生者	せいじゃ	the living	noun	concept	000014EE:16:44	provisional	n	"第一世代の生者" (a living first-generation person); cf. 死者
未来永劫	みらいえいごう	for all eternity	noun	term	000014EE:16:46	provisional	n	
分身	ぶんしん	offshoot (a part of itself)	noun	concept	000014EE:16:100	provisional	n	死月妖花's split-off growths; also 00001505:8:481
土壌	どじょう	the soil	noun	term	000014EE:16:100	provisional	n	
自生	じせい	grow on its own (in the wild)	noun	term	000014EE:16:101	provisional	n	
化け物キノコ	ばけものきのこ	monster mushroom	noun	term	000014EE:16:150	provisional	n	春花's name for 死月妖花
交渉決裂	こうしょうけつれつ	talks are off	phrase	term	000014EE:16:71	provisional	n	美冬
平行線	へいこうせん	going nowhere (parallel lines)	noun	term	000014EE:16:71	provisional	n	"話は平行線"
お仕置き	おしおき	punishment	noun	term	000014EE:16:173	provisional	n	美冬, "お仕置きの時間よ"
激おこ	げきおこ	TBD (slang: super mad)	noun	term	000014EE:16:222	provisional	n	夏菜, "私史上1番の激おこ"
切腹	せっぷく	seppuku	noun	term	000014EE:16:222	provisional	n	夏菜
弁護士	べんごし	a lawyer	noun	title	000014EE:16:234	provisional	n	
野蛮人	やばんじん	barbarians	noun	term	000014EE:16:235	provisional	n	五島; echoed by 春花 16:378
時代錯誤	じだいさくご	behind the times (anachronistic)	noun	term	000014EE:16:235	provisional	n	
大量殺人犯	たいりょうさつじんはん	mass murderer	noun	term	000014EE:16:231	provisional	n	
御遺骨	ごいこつ	remains (bones)	noun	term	000014EE:16:398	provisional	n	糸姫's polite word for her beloved's bones
白骨死体	はっこつしたい	a skeleton (a body reduced to bone)	noun	term	000014EE:16:407	provisional	n	
台風	たいふう	typhoon	noun	term	000014EE:24:11	provisional	n	
ブリザード	ぶりざーど	blizzard	noun	term	000014EE:24:12	provisional	n	petals "ブリザードのように"
恨み言	うらみごと	bitter words (grudges)	noun	term	000014EE:24:31	provisional	n	
本体	ほんたい	the main body	noun	concept	000014EE:24:61	provisional	n	"死月妖花の……／本体"
ツル	つる	tendrils	noun	term	00001505:8:1	provisional	n	cf. ツタ (vines); here on 糸姫's body and as whips (8:8)
ニイ様	にいさま	TBD (Nii-sama; see V537)	noun	person	00001505:8:89	provisional	n	糸姫's name for the 皇子, from 新村 (にいむら); homophone of 兄様
兄様	にいさま	big brother (address)	noun	person	00001505:8:90	provisional	n	the 皇子's hearing of ニイ様 (V537)
身分	みぶん	rank / station	noun	term	00001505:8:76	provisional	n	"身分を捨てた"
女官	にょかん	ladies-in-waiting	noun	title	00001505:8:130	provisional	n	
殿方	とのがた	a gentleman	noun	term	00001505:8:119	provisional	n	
見初める	みそめる	take a fancy to (at first sight)	verb	term	00001505:8:119	provisional	n	
聖守	きよもり	Kiyomori	noun	person	00001505:8:161	fixed	n	"聖守の時代は終わるだろう"; reading not given; P18 (V410): ruby きよもり (8x in 0000107B)
礎	いしずえ	foundation	noun	term	00001505:8:162	provisional	n	printed " 礎 " (ruby residue)
かんざし	かんざし	a hairpin (kanzashi)	noun	object	00001505:8:324	provisional	n	the 皇子's carved gift; broken in the fall (8:438); buried at the 御神木 site (00001533:8:92-96)
厠	かわや	the privy	noun	place	00001505:8:220	provisional	n	printed " 厠 " (ruby residue)
曙	あけぼの	dawn	noun	term	00001505:8:222	provisional	n	printed " 曙 " (ruby residue)
寒の戻り	かんのもどり	a cold snap (after spring has come)	noun	term	00001505:8:223	provisional	n	
薄氷	うすごおり	a thin skin of ice	noun	term	00001505:8:227	provisional	n	
獲物	えもの	prey	noun	term	00001505:8:368	provisional	n	the bandits
追いかけっこ	おいかけっこ	a game of chase	noun	term	00001505:8:389	provisional	n	
平氏	へいし	TBD (the Heike; see V539)	noun	org	00001505:8:492	provisional	n	"平氏の残党"; real clan name beside the parody 太良氏 (V410)
不老不死	ふろうふし	agelessness and deathlessness (immortality)	noun	concept	00001505:8:515	provisional	n	
唆す	そそのかす	lead astray	verb	term	0000151C:8:14	provisional	n	printed " 唆 " (ruby residue)
桜クッション作戦	さくらくっしょんさくせん	Operation Cherry Cushion	phrase	term	0000151C:8:45	provisional	n	五島's 作戦 family (作戦 pattern TBD)
殺戮ショー	さつりくしょー	a massacre show	noun	term	0000151C:8:78	provisional	n	the dead's taunt, stammered
縊死	いし	death by hanging	noun	term	0000151C:8:96	provisional	n	the dead's chant
テリトリー	てりとりー	territory	noun	term	0000151C:8:97	provisional	n	
自然の摂理	しぜんのせつり	the law of nature	phrase	concept	0000151C:8:226	provisional	n	also 8:414
元木公園	もときこうえん	TBD (Motoki Park; follows 元木町; see V553)	noun	place	0000151C:8:256	provisional	n	"元木公園の御神木"; the tree stands in 中央公園 elsewhere (00001533:8:67, 8:85)
因果	いんが	cause and effect (fate)	noun	concept	0000151C:8:263	provisional	n	
パンドラの箱	ぱんどらのはこ	Pandora's box	phrase	term	0000151C:8:265	provisional	n	
一件落着	いっけんらくちゃく	case closed	phrase	term	0000151C:8:321	provisional	n	五島
躯	むくろ	body (a corpse)	noun	term	0000151C:8:378	provisional	n	printed " 躯 " (ruby residue); also 8:423
死後の団欒	しごのだんらん	a family gathering after death	phrase	term	0000151C:8:425	provisional	n	
呪殺事件	じゅさつじけん	the curse-killings	noun	event	0000151C:8:433	fixed	y	used in earlier files; row added late; QUNTR12-03 2026-10-02 (shipped practice)
受験勉強	じゅけんべんきょう	studying for entrance exams	noun	term	00001533:8:15	provisional	n	
教育ママ	きょういくまま	a pushy education mom	noun	term	00001533:8:17	provisional	n	春花 on 美冬
神使っぽいテンション	しんしっぽいてんしょん	TBD (a 神使-like high; follows 神使)	phrase	term	00001533:8:27	provisional	n	春花's joke on 美冬's energy
半袖	はんそで	short sleeves	noun	object	00001533:8:41	provisional	n	
起立	きりつ	Stand!	interjection	interjection	00001533:8:133	provisional	n	class ritual, with 礼
礼	れい	Bow!	interjection	interjection	00001533:8:134	provisional	n	class ritual, after 起立
席替え	せきがえ	a seat change	noun	term	00001533:8:151	provisional	n	
転校生	てんこうせい	a transfer student	noun	term	00001533:8:153	provisional	n	
キラキラ	きらきら	TBD (sparkly; quoted as a mimetic word, V552)	adj	sfx	00001533:8:162	provisional	n	narration names it a 擬態語
後白河糸織	TBD	TBD (Shiori Goshirakawa; see V549)	noun	person	00001533:8:171	provisional	n	reading not given
大阪	おおさか	Osaka	noun	place	00001533:8:173	provisional	n	
後白河	ごしらかわ	TBD (Goshirakawa; see V549)	noun	person	00001533:8:176	provisional	n	"後白河さん"
ウサギ跳び	うさぎとび	bunny hops	noun	term	00001533:8:178	provisional	n	糸織's joke
ぴょんぴょん	ぴょんぴょん	TBD (boing boing; said aloud as a sound)	interjection	sfx	00001533:8:180	provisional	n	糸織 says it (SFX rule: a sound a character quotes)
ボケ	ぼけ	the gag (the funny man's line, boke)	noun	term	00001533:8:189	provisional	n	manzai role; "ボケてやった"; "私のボケ" 27:34
なんでやねん	なんでやねん	TBD (the Osaka comeback; see V544)	phrase	interjection	00001533:8:197	provisional	n	なつみ's tsukkomi
大阪のノリ	おおさかのノリ	Osaka-style banter	phrase	term	00001533:8:204	provisional	n	
質問タイム	しつもんたいむ	Q&A time	noun	term	00001533:8:208	provisional	n	向井
ツッコミ	つっこみ	the comeback (tsukkomi)	noun	term	00001533:8:211	provisional	n	"ナイスツッコミ"; "ツッコミ待ち" 8:213
十中八九	じっちゅうはっく	ten to one (almost certainly)	phrase	term	00001533:8:238	provisional	n	in the hedging run before "Maybe。"
Maybe	-	Maybe (see V543)	adv	term	00001533:8:239	provisional	n	Latin script in the JP narration
朝礼	ちょうれい	morning homeroom	noun	event	00001533:27:5	provisional	n	
施設	しせつ	a care facility (a home)	noun	place	00001533:27:51	provisional	n	糸織's lodging; cf. 児童養護施設
糸織	TBD	TBD (Shiori; see V549)	noun	person	00001533:27:19	provisional	n	shares 糸 with 糸姫; no link stated
職員室	しょくいんしつ	the staff room	noun	place	00001533:27:59	provisional	n	PA announcement
サラ金	さらきん	loan sharks	noun	term	0000154E:8:49	provisional	n	五島's joke
漏電	ろうでん	an electrical fault	noun	term	0000154E:8:82	provisional	n	
幻影	げんえい	phantom	noun	concept	0000154E:8:132	provisional	n	"サクラの幻影"; cf. 幻影追想劇
女々しい	めめしい	weak / unmanly	adj	term	0000154E:8:132	provisional	n	幸太郎 of himself
密会	みっかい	secret meetings	noun	term	0000154E:8:167	provisional	n	
元木市	もときし	Motoki City	noun	place	0000156A:8:6	fixed	n	元木町 became a city about ten years before 815 in this route; P19 (V559): the shipped 00001E41 form "the former Motoki City"; 元木町 stays "Motoki-cho" (lock), so the 町/市 contrast reads as Motoki-cho / Motoki City (0000156A:8:147, 92:96-98)
国際研究所	こくさいけんきゅうじょ	the International Research Institute	noun	org	0000156A:64:51	provisional	n	五島 its head; P19: 所長 = "director"; 0000156A
特別部隊	とくべつぶたい	the special unit	noun	org	0000156A:8:259	provisional	n	the government team sent to 元木市
官房長官	かんぼうちょうかん	the Chief Cabinet Secretary	noun	title	0000156A:14:134	provisional	n	中嶋長司 in this route
佐波大震災	さわだいしんさい	the Great Sawa Earthquake	noun	event	0000156A:58:257	provisional	n	follows 佐波県 (resolved 2026-10-02)
佐波刑務所	さわけいむしょ	Sawa Prison	noun	place	0000156A:92:13	provisional	n	in 皆上市; women's prison; follows 佐波県 (resolved 2026-10-02)
元木刑務所	もときけいむしょ	Motoki Prison	noun	place	0000156A:70:25	fixed	n	newly built; P19: follows 佐波刑務所 = Sawa Prison
刑務官	けいむかん	prison officer	noun	title	0000156A:82:1	provisional	n	
看守	かんしゅ	guard	noun	title	0000156A:20:11	provisional	n	
204番	にひゃくよんばん	No. 204	noun	term	0000156A:20:7	provisional	n	茜's prisoner number; 20:7 = 92:23
独房	どくぼう	a solitary cell	noun	place	0000156A:92:26	provisional	n	
雑居房	ざっきょぼう	a shared cell	noun	place	0000156A:92:26	provisional	n	
護送車	ごそうしゃ	the prison bus	noun	object	0000156A:28:148	provisional	n	
点呼	てんこ	roll call	noun	term	0000156A:92:19	provisional	n	
開房点検	かいぼうてんけん	the cell inspection	noun	term	0000156A:92:19	provisional	n	
免業日	めんぎょうび	a day off from prison work	noun	term	0000156A:92:14	provisional	n	
主文	しゅぶん	Judgment	noun	term	0000156A:92:0	fixed	n	P19: 0000156A:92:0 = "―Judgment. Akane Kogori is hereby sentenced to life imprisonment."
山垣	やまがき	Yamagaki (reading assumed)	noun	person	0000156A:92:84	provisional	n	a young prison officer
震度7	しんどなな	seismic intensity 7	noun	term	0000156A:70:106	provisional	n	Japanese intensity scale
マグニチュード	まぐにちゅーど	magnitude	noun	term	0000156A:70:107	provisional	n	
永続的立入禁止区域	えいぞくてきたちいりきんしくいき	a permanent exclusion zone	noun	term	0000156A:201:142	provisional	n	cf. 立入禁止
毒ガス	どくがす	toxic gas	noun	term	0000156A:14:112	provisional	n	the official explanation; spores per 五島 (58:191-200)
タイムスリップ	たいむすりっぷ	time slip	noun	term	0000156A:8:165	provisional	n	
テレポート	てれぽーと	teleportation	noun	term	0000156A:8:235	provisional	n	cf. 瞬間移動
素粒子	そりゅうし	elementary particles	noun	term	0000156A:8:235	provisional	n	
冷凍保存	れいとうほぞん	cryogenic storage	noun	term	0000156A:8:223	provisional	n	
天衣無縫	てんいむほう	ten'i-muhou	phrase	term	0000156A:34:70	fixed	n	五島 explains its source (34:70-73); the literal sense is used; P19: romanized; Goto glosses it herself (0000156A:34:70-73), no TN (O-70)
不織布	ふしょくふ	non-woven fabric	noun	term	0000156A:34:73	provisional	n	
選択毒性	せんたくどくせい	selective toxicity	noun	term	0000156A:58:212	provisional	n	
線虫	せんちゅう	nematode	noun	term	0000156A:58:232	provisional	n	
747年事件	ななひゃくよんじゅうななねんじけん	the 747 Incident	noun	event	0000156A:14:30	provisional	n	= ナナシナ事件 (V557)
ナナシナ事件	ななしなじけん	the Nanashina Incident	noun	event	0000156A:8:219	fixed	n	747 read na-na-shi-na; P19 (V557): the 7-4-7 reading is glossed in-text once at 0000156A:14:30 ("the Nanashina Incident―nana-shi-na, 7-4-7, after the year"); no TN
オカルト雑誌	おかるとざっし	occult magazine	noun	term	0000156A:14:9	provisional	n	
M	えむ	'M'	noun	title	0000156A:14:9	provisional	n	the occult magazine 『M』, still published
再審請求	さいしんせいきゅう	a petition for a retrial	noun	term	0000156A:28:86	provisional	n	
証言台	しょうげんだい	the witness stand	noun	term	0000156A:28:86	provisional	n	
還暦	かんれき	sixty (the 60th birthday)	noun	term	0000156A:76:54	provisional	n	還暦近い = pushing sixty
浦島太郎	うらしまたろう	Urashima Taro	noun	person	0000156A:92:11	provisional	n	folk-tale figure
マッチ売りの少女	まっちうりのしょうじょ	the Little Match Girl	noun	title	0000156A:76:157	provisional	n	
灯台下暗し	とうだいもとくらし	Right under my nose the whole time...	phrase	term	0000156A:70:94	fixed	n	P19: 0000156A:70:94, the handcuff key in her own coat
一か八か	いちかばちか	all or nothing	phrase	term	0000156A:70:245	provisional	n	
ゾンビアポカリプス	ぞんびあぽかりぷす	zombie apocalypse	noun	term	0000156A:76:51	provisional	n	
ジャスミンティー	じゃすみんてぃー	jasmine tea	noun	food	0000156A:46:132	provisional	n	
アップルティー	あっぷるてぃー	apple tea	noun	food	0000156A:64:96	provisional	n	
レトルトカレー	れとるとかれー	pouch curry	noun	food	0000156A:52:5	provisional	n	
茹でそば	ゆでそば	boiled noodles	noun	food	0000156A:34:140	provisional	n	"焼きそばならぬ茹でそば": the pun is on 焼きそば (fried)
蓄電池	ちくでんち	storage batteries	noun	object	0000156A:52:65	provisional	n	
ナノフィルター	なのふぃるたー	nano-filters	noun	object	0000156A:64:114	provisional	n	
換気システム	かんきしすてむ	ventilation system	noun	object	0000156A:34:32	provisional	n	
耐震棚	たいしんだな	earthquake-proof shelves	noun	object	0000156A:58:108	provisional	n	
反射式ストーブ	はんしゃしきすとーぶ	a radiant kerosene heater	noun	object	0000156A:76:100	provisional	n	no fan, so no wind
若年性認知症	じゃくねんせいにんちしょう	early-onset dementia	noun	term	0000156A:46:142	provisional	n	
屠殺	とさつ	slaughter	noun	term	0000156A:58:148	provisional	n	
防護服	ぼうごふく	protective suit	noun	object	0000156A:193:18	provisional	n	
自動小銃	じどうしょうじゅう	assault rifle	noun	object	0000156A:193:23	provisional	n	
放射性物質	ほうしゃせいぶっしつ	radioactive material	noun	term	0000156A:201:144	provisional	n	
定例会見	ていれいかいけん	the regular press conference	noun	event	0000156A:201:138	provisional	n	34:173 定期会見
快楽殺人犯	かいらくさつじんはん	a thrill killer	noun	term	0000156A:34:12	provisional	n	cf. 快楽殺人者
臓物	ぞうもつ	guts	noun	term	0000156A:193:61	provisional	n	
オバハン	おばはん	old lady	noun	term	0000156A:8:172	fixed	n	P19 (V560): plain rude English, no regional colour; 0000156A:8:172-173 "stayed a shrimp and turned into an old lady" / "A shrimp of an old lady!"
育てのお母さん	そだてのおかあさん	the mom who raised me	phrase	person	0000156A:193:74	provisional	n	春花 of 美冬
本物のお母さん	ほんもののおかあさん	my real mom	phrase	person	0000156A:193:126	provisional	n	春花 of 茜 (V556)
希望の牢獄	きぼうのろうごく	a prison of hope	phrase	concept	0000156A:201:131	provisional	n	茜's closing image
還る	かえる	return (to the earth)	verb	concept	0000156A:193:132	provisional	n	大地に還る; "一緒に還ろう" 201:86
人工衛星	じんこうえいせい	satellite	noun	object	0000156A:58:269	provisional	n	
ガスマスク	がすますく	gas mask	noun	object	0000156A:58:53	provisional	n	
宇宙服	うちゅうふく	a spacesuit	noun	object	0000156A:70:182	provisional	n	
殺虫剤	さっちゅうざい	insecticide	noun	term	0000156A:58:214	provisional	n	
除草剤	じょそうざい	herbicide	noun	term	0000156A:58:214	provisional	n	
立木三日	たちき みか (assumed; V573)	Mika Tachiki	noun	person	000015C2:81:2	fixed	n	the guide's name; also inside UI text "立木三日呼び出し" (000015C2:48:17)
過去へ馳せる夢	かこへはせるゆめ	'Dreams Racing to the Past'	noun	title	000015C2:61:9	provisional	n	a 明徴編 scenario title, quoted in 『』
シナリオナビゲーター	しなりおなびげーたー	Scenario Navigator	noun	ui	000015C2:48:17	provisional	n	screen name in a UI instruction
アーカイブ	あーかいぶ	archive	noun	ui	000015C2:48:11	provisional	n	the guide's gloss for リファレンス
西暦	せいれき	the Western calendar (AD)	noun	era	000015C2:48:5	provisional	n	the guide equates 祀耀800 with "西暦2020年頃"; translate as written (CALENDAR rule: the text's own equation, no TN)
案内人	あんないにん	guide	noun	title	000015C2:81:2	provisional	n	立木三日's role
恐悦至極	きょうえつしごく	deeply honored	phrase	term	000015C2:81:4	provisional	n	keigo formula "恐悦至極に存じます"
終焉	しゅうえん	demise	noun	ui	0000176E:22:1	fixed	y	"最初の終焉" = "the first ending"; printed "終 焉" (ruby residue) at 0000176E:22:1; QMILE-03: every shipped navigator file
詫言編	わびごとへん	TBD (volume title; see V029)	noun	title	000019C5:22:0	provisional	n	volume title beside 明徴編 / 呪殺編; owner decides (V029)
死月編	しがつへん (assumed)	TBD (volume title; see V029, V457)	noun	title	00001AF3:74:4	provisional	n	"第四編『死月編』"; reading assumed after 死月妖花 (V457)
第四編	だいよんへん	the fourth volume	noun	ui	00001AF3:74:4	provisional	n	
市村先生	いちむらせんせい	Ichimura-sensei	noun	person	000016AE:11:43	provisional	n	五島's elementary homeroom teacher; reading assumed
市村	いちむら	Ichimura	noun	person	000016AE:11:43	provisional	n	reading assumed
野次馬	やじうま	onlookers	noun	term	000016AE:11:3	provisional	n	
ブルーシート	ぶるーしーと	blue tarp	noun	object	000016AE:11:32	provisional	n	
佐波郡	さわぐん (assumed)	Sawa District	noun	place	0000170A:8:2	provisional	n	follows 佐波県 (V011)
一卵性双生児	いちらんせいそうせいじ	identical twins	noun	term	00001715:8:5	provisional	n	
ジェシー	じぇしー	Jessie	noun	person	00001715:8:12	provisional	n	documentary twin
アンジー	あんじー	Angie	noun	person	00001715:8:12	provisional	n	documentary twin
脳波	のうは	brain waves	noun	term	00001715:8:23	provisional	n	
ブレイン・マシン・インターフェース	ぶれいん・ましん・いんたーふぇーす	brain-machine interface	noun	term	00001715:8:28	provisional	n	
バルセロナ大学	ばるせろなだいがく	the University of Barcelona	noun	org	00001715:8:27	provisional	n	real institution
アクシラム・ロボティクス社	あくしらむ・ろぼてぃくすしゃ	Axilum Robotics	noun	org	00001715:8:27	provisional	n	real company
ハーバード大学医学大学院	はーばーどだいがくいがくだいがくいん	Harvard Medical School	noun	org	00001715:8:27	provisional	n	real institution
スターラボ社	すたーらぼしゃ	Starlab	noun	org	00001715:8:27	provisional	n	real company
調書	ちょうしょ	police statement (record)	noun	object	00001735:8:0	provisional	n	
飯沢いいジャン♪	いいざわいいじゃん	TBD (TV show title; see V575)	noun	title	00001741:8:8	provisional	n	pun 飯沢 + いいじゃん; ♪ outside the allowed set
中学生惨殺事件	ちゅうがくせいざんさつじけん	the middle-schooler murders	noun	event	00001741:8:11	provisional	n	news label
VTR	ぶいてぃーあーる	the footage	noun	term	00001741:8:13	provisional	n	"VTRをご覧ください" = "Let's look at the footage"
フラミンゴ	ふらみんご	flamingo	noun	term	00001755:8:0	provisional	n	8:6 "フラミンゴ(Flamingo)" (V584)
濾過摂食	ろかせっしょく	filter feeding	noun	term	00001755:8:1	provisional	n	
藍藻	らんそう	blue-green algae	noun	term	00001755:8:2	provisional	n	
β-カロテン	べーたかろてん	beta-carotene	noun	term	00001755:8:4	provisional	n	Greek β outside the allowed set (V592)
カンタキサンチン	かんたきさんちん	canthaxanthin	noun	term	00001755:8:4	provisional	n	
女ケ沢動物園	めがさわどうぶつえん (assumed)	TBD (the Megasawa Zoo; follows 女ケ沢, V012)	noun	place	00001755:8:44	provisional	n	
私服巡回員	しふくじゅんかいいん	plainclothes patrolman	noun	title	00001755:8:28	provisional	n	
迷子センター	まいごせんたー	the lost-children center	noun	place	00001755:8:31	provisional	n	
虚辞	きょじ	lies (empty words)	noun	term	00001755:8:35	provisional	n	a child's show-off word
凌辱	りょうじょく	assault (sexual)	noun	term	00001755:8:35	provisional	n	small 絵梨奈's word; 凌辱魔 (8:48) "a molester"
誘拐犯	ゆうかいはん	kidnapper	noun	term	00001755:8:34	provisional	n	
クソイケメン	くそいけめん	really, really good-looking	noun	term	000017CB:8:9	provisional	n	slang intensifier
ただしイケメンに限る	ただしいけめんにかぎる	'only if he's hot'	phrase	term	000017CB:8:10	provisional	n	net meme, quoted in 『』
ハヤブサ宅配サービス	はやぶさたくはいさーびす	Hayabusa Delivery Service	noun	brand	000017D3:8:1	provisional	n	
亀田	かめだ	Kameda	noun	person	000017D3:8:1	provisional	n	delivery-service clerk
産婦人科	さんふじんか	obstetrics and gynecology	noun	place	000017FA:8:19	provisional	n	なつみ's joking guess (V579)
ホシ	ほし	the perp	noun	term	00001800:8:4	provisional	n	police slang for the culprit
マルタイ	まるたい	the protectee	noun	term	00001800:8:4	provisional	n	police slang for the person under protection
県警本部	けんけいほんぶ	prefectural police headquarters	noun	org	00001800:8:7	provisional	n	cf. 佐波県警本部
田舎警察	いなかけいさつ	a country police force	noun	term	00001800:8:20	provisional	n	
道畑	みちはた (assumed)	Michihata	noun	person	00001807:8:53	provisional	n	桃子's manager; 道畑様 in her mock service address (V082 treatment)
アイスカフェオレ	あいすかふぇおれ	iced cafe au lait	noun	food	00001807:8:54	provisional	n	no accent in EN (CHARACTER SET)
不良娘	ふりょうむすめ	a delinquent girl	noun	term	00001807:8:35	provisional	n	
落ちこぼれ	おちこぼれ	losers (dropouts)	noun	term	00001807:8:41	provisional	n	
ストリートビュー	すとりーとびゅー	Street View	noun	brand	00001818:8:13	provisional	n	
クレイジーカウボーイ	くれいじーかうぼーい	Crazy Cowboy	noun	person	00001A6B:22:69	provisional	n	the video host's name; the 00001039 / 0000181F host
州警察	しゅうけいさつ	the state police	noun	org	0000181F:8:27	provisional	n	
救命部隊	きゅうめいぶたい	a rescue team	noun	org	0000181F:8:27	provisional	n	
フィート	ふぃーと	feet	noun	term	0000181F:8:15	provisional	n	"300フィート" = "300 feet"
プロテクター	ぷろてくたー	armor (protective gear)	noun	object	0000181F:8:25	provisional	n	
心中お察しします	しんちゅうおさっしします	I can only imagine how you feel	phrase	term	0000182A:8:18	provisional	n	condolence formula; 心中 here しんちゅう, not the 心中 (しんじゅう) row
すっぴん	すっぴん	no make-up	noun	term	00001835:8:10	provisional	n	
アナボリックステロイド	あなぼりっくすてろいど	anabolic steroids	noun	term	00001844:8:15	provisional	n	
シブトラミン	しぶとらみん	sibutramine	noun	term	00001844:8:15	provisional	n	
ドーピング	どーぴんぐ	doping	noun	term	00001844:8:13	provisional	n	cf. ドーピング薬
五島メニュー	ごとうめにゅー	the Goto menu	noun	term	00001844:8:26	provisional	n	her training plan
元木桜祭り	もときさくらまつり	TBD (the Motoki Cherry Blossom Festival; follows 元木町, 桜祭り)	noun	event	0000191C:11:16	provisional	n	"第70回元木桜祭り"
第3回元木町春の大食い大会	だいさんかいもときちょうはるのおおぐいたいかい	TBD (the 3rd Motoki Town Spring Eating Contest; follows 元木町)	noun	event	0000191C:11:16	provisional	n	
元木大食い祭り	もときおおぐいまつり	TBD (the Motoki Eating Festival; follows 元木町)	noun	event	0000191C:11:65	provisional	n	the MC's slip for the contest name (remarked 11:67); keep distinct
大食祭800～冬の陣～	たいしょくさい800ふゆのじん (assumed)	TBD ('Big Eat Fest 800: Winter Battle'; see V303)	noun	event	0000191C:11:40	provisional	n	cf. 大食祭804 (V303)
ソース焼きそば	そーすやきそば	sauce yakisoba	noun	food	0000191C:11:59	provisional	n	
紅ショウガ	べにしょうが	pickled red ginger	noun	food	0000191C:11:62	provisional	n	
青のり	あおのり	green laver flakes	noun	food	0000191C:11:62	provisional	n	
マヨネーズ	まよねーず	mayonnaise	noun	food	0000191C:11:63	provisional	n	
スーパーはなまる	すーぱーはなまる	Supermarket Hanamaru	noun	brand	0000191C:11:60	provisional	n	
イカ焼き	いかやき	grilled squid	noun	food	0000191C:11:109	provisional	n	cf. イカ焼き少女
マヨ醤油	まよじょうゆ	mayo-soy sauce	noun	food	0000191C:11:109	provisional	n	spread one kanji per cell at 11:116-119, 11:132-135
本醸造	ほんじょうぞう	naturally brewed	noun	term	0000191C:11:152	provisional	n	
大食い女王	おおぐいじょおう	queen of competitive eating	noun	title	0000191C:11:40	provisional	n	
全国チャンピオン	ぜんこくちゃんぴおん	national champion	noun	title	0000191C:11:49	provisional	n	
棄権	きけん	withdraw (forfeit)	noun	term	0000191C:11:136	provisional	n	
表彰式	ひょうしょうしき	awards ceremony	noun	event	0000191C:11:165	provisional	n	
人物	じんぶつ	People	noun	ui	00001878:1235:0	provisional	n	事典 category, in 『』
場所	ばしょ	Places	noun	ui	00001878:1235:0	provisional	n	事典 category, in 『』
出来事	できごと	Events	noun	ui	00001878:1235:0	provisional	n	事典 category, in 『』
物・概念	もの・がいねん	Things and Concepts	noun	ui	00001878:1235:0	provisional	n	事典 category, in 『』; ・ kept (BULLET GLYPH) or "and"; follow the UI label
RF	RF	RF	noun	ui	00001878:1235:15	provisional	n	button label, as printed
話題	わだい	topic	noun	ui	0000189A:139:1	provisional	n	雑談 topics; 1125:0 legend labels (未選択の話題 etc.)
ケビン＝ホワイト	けびん＝ほわいと	Kevin White	noun	person	000019E9:26:11	provisional	n	full-width ＝ as the name separator (V581)
宗教学者	しゅうきょうがくしゃ	religious scholar	noun	title	000019E9:26:11	provisional	n	
この道、我、達人！	このみちわれたつじん	This Path, I, Master!	noun	title	00001A4E:8:51	fixed	y	QUNTR11-02 2026-10-02: shipped segment name 00001A4E
吐き気止め	はきけどめ	anti-nausea medicine	noun	term	00001A52:8:4	provisional	n	
抗生物質	こうせいぶっしつ	antibiotics	noun	term	00001A52:8:4	provisional	n	
あっちの方	あっちのほう	'that other thing'	phrase	term	00001A52:8:31	provisional	n	kept vague (V579)
玲ちん	れいちん (assumed)	Rei-chin	noun	person	00001A5C:8:18	provisional	n	pupils' nickname for 谷崎 (8:19)
美山先輩	みやませんぱい (assumed)	Miyama-senpai	noun	person	00001A5C:8:38	provisional	n	a graduated 3rd-year, soccer goalkeeper
教育委員会	きょういくいいんかい	the board of education	noun	org	00001A5C:8:59	provisional	n	
教頭	きょうとう	the vice principal	noun	title	00001A5C:8:30	provisional	n	
ファンクラブ	ふぁんくらぶ	fan club	noun	org	00001A5C:8:39	provisional	n	
古典	こてん	classical Japanese (the class)	noun	term	00001A5C:8:11	provisional	n	
ビーナス鈴鹿	びーなすすずか	TBD (Venus Suzuka)	noun	person	00001A65:8:6	provisional	n	board nickname of a graduated girl; 鈴鹿 alone at 8:7, 8:42
メンヘラ	めんへら	a mental case (slang)	noun	term	00001A65:8:11	provisional	n	board slur
父なし	ちちなし	fatherless	noun	term	00001A65:8:13	provisional	n	pun with 乳なし (V582)
乳なし	ちちなし	flat-chested	noun	term	00001A65:8:15	provisional	n	pun with 父なし (V582)
下着泥棒	したぎどろぼう	underwear thief	noun	term	00001A65:8:20	provisional	n	
紳士の社交場	しんしのしゃこうば	a gentlemen's club	phrase	term	00001A65:8:24	provisional	n	
ドM	どえむ	a total masochist	noun	term	00001A65:8:47	provisional	n	
ドS	どえす	a total sadist	noun	term	00001A65:8:48	provisional	n	
BDDP	BDDP	BDDP	noun	term	00001A6B:8:5	provisional	n	= ブラック・デス・デビル・ペッパー (00001A6B:22:18); cf. BDDP戦争
TAKOYAKI	TAKOYAKI	TAKOYAKI	noun	term	00001A6B:22:14	provisional	n	Latin script in the source; keep the caps
超BDDPボンバー	ちょうBDDPぼんばー	the Super BDDP Bomber	noun	object	00001A6B:22:34	provisional	n	also 超BDDPボンバーマン (22:54)
デトロイト	でとろいと	Detroit	noun	place	00001A6B:22:31	provisional	n	
ミシガン州	みしがんしゅう	Michigan	noun	place	00001A6B:22:104	provisional	n	
催涙スプレー	さいるいすぷれー	pepper spray	noun	object	00001A6B:22:24	provisional	n	
スコヴィル値	すこゔぃるち	Scoville rating	noun	term	00001A6B:22:19	provisional	n	cf. スコヴィル
マフィア	まふぃあ	mafia	noun	org	00001A6B:22:104	provisional	n	
ガトーパイ	がとーぱい	gateau pie	noun	food	00001A74:8:20	provisional	n	a snack brand; no accent (CHARACTER SET)
サイダー	さいだー	soda	noun	food	00001A74:8:18	fixed	y	QP13A-03 rulings-P13 2026-10-02: never "cider"
三者面談	さんしゃめんだん	a parent-teacher meeting	noun	event	00001A7F:8:45	provisional	n	
アンデッド・リベンジ2	あんでっど・りべんじ2	'Undead Revenge 2'	noun	title	00001A8C:8:4	provisional	n	film title in 『』
サイエンス・アポカリプス	さいえんす・あぽかりぷす	science apocalypse	noun	term	00001A8C:8:7	provisional	n	genre label in 『』
ンザンビ	んざんび	Nzambi	noun	concept	00001A8C:8:9	provisional	n	
コンゴ	こんご	the Congo	noun	place	00001A8C:8:9	provisional	n	
マイケル・ノーマン	まいける・のーまん	Michael Norman	noun	person	00001A8C:8:16	provisional	n	documentary scholar (博士)
前世	ぜんせ	a past life	noun	concept	00001A97:8:29	provisional	n	
喪主	もしゅ	chief mourner	noun	title	00001A97:8:2	provisional	n	
たで食う虫も好き好き	たでくうむしもすきずき	there's no accounting for taste	phrase	term	00001AA5:8:10	provisional	n	quoted in 『』 and glossed by the waitress (8:11)
高級喫茶店	こうきゅうきっさてん	an upscale café	noun	term	00001AA5:8:21	provisional	n	
ご祝儀袋	ごしゅうぎぶくろ	a gift envelope	noun	object	00001AAE:8:9	provisional	n	
得やすいものは去りやすい	えやすいものはさりやすい	easy come, easy go	phrase	term	00001AAE:8:27	provisional	n	followed by the Latin "Easy come, easy go." (V584)
デラックスアフタヌーンティーセット	でらっくすあふたぬーんてぃーせっと	Deluxe Afternoon Tea Set	noun	food	00001AAE:8:33	provisional	n	cf. アフタヌーンティーセット
クリアンサス・ダ・アルマ・ボルタ・パラ・ウ・セウ。	くりあんさす・だ・あるま・ぼるた・ぱら・う・せう	TBD (katakana Portuguese chant; see V574)	phrase	term	00001729:8:0	provisional	n	with 8:1 "ダンベン・ダウン・テンポ・デ・デスカンス・エン・クリアンサス"
オブリガーダ	おぶりがーだ	TBD (Obrigada; see V574)	interjection	interjection	00001729:8:5	provisional	n	katakana Portuguese "thank you"
補習	ほしゅう	extra lessons	noun	term	0000172F:8:1	provisional	n	
休診日	きゅうしんび	the clinic's day off	noun	term	0000172F:8:25	provisional	n	
ぺっくちょん	ぺっくちょん	Achoo!	interjection	sfx	0000172F:8:37	provisional	n	after "へ……" x3 (8:34-36)
動物愛護法	どうぶつあいごほう	the Animal Welfare Act	noun	term	00001B70:11:155	provisional	n	
シニガミウオ	しにがみうお	shinigami fish	noun	food	00001B76:11:37	provisional	n	about 80 cm, like a cutlassfish (11:36); 荒田 names are ugly on purpose (00001BC4:8:14)
フランクフルト	ふらんくふると	a frankfurter	noun	food	00001B8E:8:4	provisional	n	a stall sausage
飯沢県警	いいざわけんけい	the Iizawa Prefectural Police	noun	org	00001BAE:8:8	fixed	n	text also in chunk 16; P16; follows 飯沢県
女ケ沢駅	めがさわえき	Megasawa Station	noun	place	00001BAE:8:8	fixed	n	text also in chunk 16; P16; follows 女ケ沢
ギシンアンキ	ぎしんあんき	TBD (a child repeating 疑心暗鬼 without knowing it)	noun	term	00001BB4:8:36	provisional	n	glossed by 茅萱 8:37; again 00001BCE:8:53; follows 疑心暗鬼
ナイフ捌き	ないふさばき	knife work	noun	term	00001BB4:8:26	provisional	n	00001C12:8:9 prints ナイフ裁き (V601)
摩訶鉢特摩アユ	まかはどまあゆ	TBD (Makahadoma sweetfish)	noun	food	00001BC4:8:6	provisional	n	named after the harshest of the eight cold hells (8:11); 春花 asks "マカハドマって何なんだ？" (8:10)
八寒地獄	はっかんじごく	the eight cold hells	noun	concept	00001BC4:8:11	provisional	n	Buddhist
野ウサギ	のうさぎ	a wild hare	noun	term	00001BC4:8:32	provisional	n	
超絶美人	ちょうぜつびじん	a total knockout	noun	term	00001BCE:8:77	provisional	n	茅萱 of herself, drunk
豊岳	とよたけ	Toyotake	noun	place	00001BE8:8:3	fixed	n	
クリスマスタワーパフェ	くりすますたわーぱふぇ	Christmas Tower Parfait	noun	food	00001BEE:8:26	provisional	n	at ザッハ
雑炊	ぞうすい	rice porridge	noun	food	00001BF7:8:13	provisional	n	
シメ	しめ	the closing dish	noun	term	00001BF7:8:13	provisional	n	シメの雑炊
人間国宝	にんげんこくほう	a Living National Treasure	noun	title	00001C12:8:3	provisional	n	夏菜 of 城崎, praise
魔女裁判	まじょさいばん	a witch trial	noun	term	00001C1D:8:9	provisional	n	cf. 魔女狩り
全体進行率	ぜんたいしんこうりつ	overall progress	noun	ui	00001CA0:1059:0	provisional	n	number slot follows (V603)
チェックポイント	ちぇっくぽいんと	checkpoint	noun	ui	00001CA0:1059:9	provisional	n	
会いに来たよ。	あいにきたよ	TBD (a 死月編 scenario title)	phrase	title	00001CA0:258:7	provisional	n	in 『』
葛飾区	かつしかく	Katsushika Ward	noun	place	00001D0E:8:5	provisional	n	
ステラ優子	すてらゆうこ	Yuko Stella	noun	person	00001D0E:8:19	fixed	y	a masked fortune-teller; QUNTR11-03 2026-10-02: given name first; ステラさん = Stella-san
人相学	にんそうがく	physiognomy	noun	term	00001D0E:8:24	provisional	n	
霊媒師	れいばいし	a medium	noun	term	00001D0E:8:14	provisional	n	
おひめの歌	おひめのうた	TBD ('The Princess Song'; a 荒田 children's song)	noun	title	00001D17:8:19	provisional	n	in 『』; lyrics 12:0-17
お姫	おひめ	the princess	noun	person	00001D17:12:0	provisional	n	in the song, with 皇子
お年玉	おとしだま	New Year's money	noun	term	00001D17:8:4	provisional	n	
三原	みはら	Mihara (reading assumed)	noun	person	00001D1E:8:6	provisional	n	三原さん
さやか	さやか	Sayaka	noun	person	00001D1E:8:6	provisional	n	さやかちゃん; named only
真・呪殺編	しん・じゅさつへん	TBD (volume title; follows 呪殺編, V029)	noun	title	00001D5F:21:1	provisional	n	
導いた元凶	みちびいたげんきょう	TBD (a reference title)	noun	title	00001D5F:91:1	provisional	n	in 『』
姫様	ひめさま	TBD (the Princess)	noun	person	00001D6F:8:112	provisional	n	waits at the mountain top (8:139)
旧元木市	きゅうもときし	the former Motoki City (follows 元木市)	noun	place	00001E41:11:4	provisional	n	
真・明徴編	しん・めいちょうへん	TBD (volume title; follows 明徴編)	noun	title	00001E47:33:1	provisional	n	
元木大震災	もときだいしんさい	the Great Motoki Earthquake	noun	event	00001EA4:72:2	fixed	n	cf. 佐波大震災; P19 QUNTR17-10
全体達成率	ぜんたいたっせいりつ	overall completion	noun	ui	00001EB4:71:5	provisional	n	number slot follows (V603)
エデンの実	えでんのみ	the fruit of Eden	noun	term	00001EC0:32:2	provisional	n	
スケープゴート	すけーぷごーと	scapegoat	noun	term	00001EFF:8:69	provisional	n	
皮剥ぎ死体事件	かわはぎしたいじけん	the flayed-body case (follows 皮剥ぎ死体)	noun	event	00001FF5:8:13	provisional	n	text also in chunk 25
つわり	つわり	morning sickness	noun	term	00002001:8:3	provisional	n	
パチンコ	ぱちんこ	pachinko	noun	term	00002007:8:6	provisional	n	
ルーシードール3	るーしーどーるすりー	TBD ('Lucy Doll 3', a pachinko machine)	noun	brand	00002007:8:38	provisional	n	a green-and-blue odd-eyed doll (8:39); cf. ルーシー人形
じゃじゃじゃ	じゃじゃじゃ	TBD (dialect exclamation; V604)	interjection	interjection	0000200D:8:2	provisional	n	なつみ's grandfather
じっちゃん	じっちゃん	Grandpa	noun	person	0000200D:8:5	provisional	n	the grandfather of himself
桜っこ	さくらっこ	the cherry (dialect)	noun	term	0000200D:8:8	provisional	n	V604
新村夏菜のドッキリ☆歓迎計画	にいむらかなのどっきりかんげいけいかく	TBD ("Kana Niimura's Prank Welcome Plan"; ☆ V597)	phrase	title	00002019:8:16	provisional	n	
健吾	けんご	Kengo	noun	person	0000201F:8:2	provisional	n	健吾君
インフィニティラブ	いんふぃにてぃらぶ	Infinity Love	noun	title	00002026:8:78	provisional	n	an anime heroine
愛の戦士	あいのせんし	warrior of love	noun	term	00002026:8:78	provisional	n	
村八分	むらはちぶ	ostracism by the village	noun	term	00002057:8:23	provisional	n	
インド数学	いんどすうがく	Indian mathematics	noun	term	0000205F:8:7	provisional	n	small 絵梨奈's hobby
ひい	ひい	Eek	interjection	interjection	0000205F:8:25	provisional	n	a frightened squeak (small 絵梨奈 at 桃子's shout)
第一病院	だいいちびょういん	Daiichi Hospital	noun	place	00002066:8:7	fixed	y	has an eye department; QUNTR11S-01 2026-10-02
紹介状	しょうかいじょう	referral letter	noun	object	00002066:8:7	provisional	n	
カズ君	かずくん	Kazu-kun	noun	person	0000206C:8:1	provisional	n	a man on the phone with 桃子; named only
マサシさん	まさしさん	Masashi-san	noun	person	0000206C:8:5	provisional	n	a man 桃子 calls "博学"; named only
シンジ君	しんじくん	Shinji-kun	noun	person	0000206C:8:16	provisional	n	named only
タカヒロさん	たかひろさん	Takahiro-san	noun	person	0000206C:8:21	provisional	n	a man who says he divorced; named only
医療保険	いりょうほけん	medical insurance	noun	term	00002078:8:2	provisional	n	
先進医療保証	せんしんいりょうほしょう	advanced-treatment coverage	noun	term	00002078:8:5	provisional	n	"先進医療保証の保険"
会長	かいちょう	president (of the student council)	noun	title	0000207E:8:5	provisional	n	a new second-year; not used as address here
ココア	ここあ	cocoa	noun	food	0000208A:8:17	provisional	n	
くしゅん	くしゅん	achoo	noun	sfx	0000208A:8:14	provisional	n	a sneeze inside 「」
町長選挙	ちょうちょうせんきょ	mayoral election	noun	event	00002090:8:1	provisional	n	
ブロークンウィンドウ理論	ぶろーくんうぃんどうりろん	the broken windows theory	noun	concept	00002090:8:31	provisional	n	
元木町公式チャンネル	もときちょうこうしきちゃんねる	TBD (the official Motoki Town channel; follows 元木町)	noun	brand	00002096:8:0	provisional	n	a video channel
衆議院選挙	しゅうぎいんせんきょ	the House of Representatives election	noun	event	00002096:8:14	provisional	n	
衆議院議員	しゅうぎいんぎいん	member of the House of Representatives	noun	title	00002096:8:18	provisional	n	
ベンズコーヒー	べんずこーひー	Ben's Coffee	noun	brand	0000209C:8:3	provisional	n	a famous café chain, not yet in 元木町
ペキーノ	ぺきーの	TBD (Pekino; see V614)	noun	ui	0000209C:8:10	provisional	n	size "small" per 五島's gloss
メージュ	めーじゅ	TBD (Meju; see V614)	noun	ui	0000209C:8:11	provisional	n	size "medium"; 五島 orders it
グレンジ	ぐれんじ	TBD (Grenji; see V614)	noun	ui	0000209C:8:12	provisional	n	size "large"
オーバサイゼド	おーばさいぜど	TBD (Obasaizedo; see V614)	noun	ui	0000209C:8:13	provisional	n	size "extra-large"
治験	ちけん	clinical trial	noun	term	0000209C:8:47	provisional	n	五島 misreads it じっけん (8:45); the English must carry a misreading
身分証明証	みぶんしょうめいしょう	ID	noun	object	000020A2:8:14	provisional	n	
運転免許証	うんてんめんきょしょう	driver's license	noun	object	000020A2:8:15	provisional	n	cf. 運転免許
推薦案内状	すいせんあんないじょう	letter of recommendation	noun	object	000020AE:8:10	provisional	n	heading read aloud
文部科学省	もんぶかがくしょう	the Ministry of Education	noun	org	000020AE:8:13	provisional	n	
文部科学大臣	もんぶかがくだいじん	the Minister of Education	noun	title	000020AE:8:19	provisional	n	
島津悠作	しまづ ゆうさく	Yusaku Shimazu (reading assumed)	noun	person	000020AE:8:19	provisional	n	signs the letter; named only
生物工学	せいぶつこうがく	bioengineering	noun	term	000020AE:8:23	provisional	n	
ますますご清栄のこととお慶び申し上げます	ますますごせいえいのこととおよろこびもうしあげます	TBD (We trust this letter finds you well.)	phrase	term	000020AE:8:12	provisional	n	fixed letter formula
1号車	いちごうしゃ	Vehicle One	noun	term	000020BB:8:40	provisional	n	radio call sign
フラグ	ふらぐ	TBD ("Don't jinx it"; フラグ立てんな)	noun	term	000020BB:8:25	provisional	n	net slang: a death flag
定期電車	ていきでんしゃ	the scheduled train	noun	term	000020CC:8:4	provisional	n	
麻雀	まーじゃん	mahjong	noun	term	000020CC:8:13	provisional	n	
あれあれ	あれあれ	TBD (Well, well?)	interjection	interjection	000020D8:8:54	provisional	n	夏菜's teasing catch ("あれあれ？　どこへ行くのかな？"); also 000020DE:8:18
TT	てぃーてぃー	TT	noun	person	000020FC:8:0	provisional	n	chat handle; kept as printed
けん	けん	Ken	noun	person	000020FC:8:1	provisional	n	chat handle, hiragana
佐藤さん	さとうさん	Sato-san	noun	person	000020FC:8:8	provisional	n	chat handle includes さん
しま	しま	Shima	noun	person	000020FC:8:27	provisional	n	chat handle
チガちゃん	ちがちゃん	Chiga-chan	noun	person	000020FC:8:21	provisional	n	the party crowd's name for 茅萱
おはっす	おはっす	TBD (mornin')	interjection	interjection	000020FC:8:8	provisional	n	clipped おはようございます in chat
許婚	いいなずけ	fiance (arranged)	noun	term	00002108:8:18	provisional	n	" 許 婚" ruby residue
決意表明会	けついひょうめいかい	a declaration party	noun	event	00002108:8:62	provisional	n	contrasted with 送別会
むー	むー	TBD (Hmph!)	interjection	interjection	00002114:8:2	provisional	n	夏菜 pouting; むむー (8:5) is the stronger form
むむー	むむー	TBD (Hmmph!)	interjection	interjection	00002114:8:5	provisional	n	follows むー
お礼回り	おれいまわり	a round of thank-you visits	noun	term	00002120:8:2	provisional	n	
才媛	さいえん	a woman of talent	noun	term	0000212D:8:0	provisional	n	defined in the text (8:1-2): 才 = learning and talent, 媛 = a fine word for a woman
男尊女卑	だんそんじょひ	men above women	noun	concept	0000212D:8:5	provisional	n	
イデオロギー	いでおろぎー	ideology	noun	concept	0000212D:8:3	provisional	n	
父上	ちちうえ	Father	noun	title	0000212D:8:17	provisional	n	桔梗's address and 3p for her father; formal
才女	さいじょ	a talented girl	noun	term	0000212D:8:31	provisional	n	also 0000217A:8:27, 00002181:8:59; cf. 天才少女 (8:33)
列強	れっきょう	the Great Powers	noun	concept	0000212D:8:12	provisional	n	
苗字	みょうじ	surname	noun	term	00002137:8:51	provisional	n	町人 had none in public
町人	ちょうにん	townsfolk	noun	term	00002137:8:53	provisional	n	
晃様	あきらさま	Akira-sama (reading V525)	noun	person	00002137:8:41	provisional	n	桔梗's address before marriage
桔梗殿	ききょうどの	Kikyo-dono (reading V195)	noun	person	00002137:8:50	provisional	n	晃's address before marriage
晃さん	あきらさん	Akira-san (reading V525)	noun	person	0000217A:8:49	provisional	n	桔梗's address after the 山籠
ガス燈	がすとう	gas lamp	noun	object	0000214F:8:30	provisional	n	
神社	じんじゃ	shrine	noun	place	0000216E:8:15	provisional	n	the wedding venue
鳥居	とりい	the torii gate	noun	object	0000216E:8:23	provisional	n	
花嫁衣装	はなよめいしょう	bridal robes	noun	object	0000216E:8:25	provisional	n	
角隠し	つのかくし	the bridal hood	noun	object	00002174:8:0	provisional	n	
仲人	なこうど	go-between	noun	term	00002174:8:8	provisional	n	
貢物	みつぎもの	tribute	noun	object	0000217A:8:18	provisional	n	
献上	けんじょう	to present (to the Emperor)	verb	term	0000212D:8:38	provisional	n	
因果律	いんがりつ	the law of causality	noun	concept	00002187:8:8	provisional	n	cf. 因果
敬礼	けいれい	salute	noun	term	000021A5:8:11	provisional	n	
封石	ふうせき	the seal stone	noun	object	000021BD:8:16	provisional	n	
太閤殿下	たいこうでんか	TBD (His Highness the Taiko; see V625)	noun	title	000021BD:21:17	provisional	n	the 482 text; not linked to 藤吉郎 in the text
金崎勉	かねざきつとむ	Tsutomu Kanezaki	noun	person	000021CF:8:69	fixed	n	the new registered name given to 篠崎ハジメ by the 本部長; printed 『金崎 勉』 with an ASCII space; 金崎さん / 金崎君 in address; P19 QSIDE3B-01: the source ruby at 000021CF:8:69 reads かねざき (ruby beats the read-through); tsv-en/事典出来事.tsv swept
土田	つちだ	Tsuchida	noun	person	000021CF:8:185	provisional	n	the alias the 本部長 uses on the phone (8:199 "偽名")
本部長	ほんぶちょう	the Director	noun	title	000021CF:8:57	provisional	n	a leader of the セレジェイラ聖教 (教団幹部の一人); used as address ("本部長、" 8:98) -> "Director"
戸籍	こせき	family register	noun	term	000021CF:8:58	provisional	n	戸籍を変える = get a new family register; the 荒田 residents have none (8:170)
研究所	けんきゅうじょ	the research institute	noun	place	000021CF:8:455	provisional	n	元木町の研究所 (8:474)
教団幹部	きょうだんかんぶ	the cult leadership	noun	org	000021CF:8:30	provisional	n	of the セレジェイラ聖教
同胞	どうほう	brethren	noun	term	000021CF:8:13	provisional	n	fellow believers who volunteered as test subjects
被験者	ひけんしゃ	test subject	noun	term	000021CF:8:127	provisional	n	also 被験同胞 (8:94) = "the brethren we tested on"
信徒	しんと	believer	noun	term	000021CF:8:48	provisional	n	
元信徒	もとしんと	a former believer	noun	term	000021CF:8:66	provisional	n	
仏	ほとけ	a buddha	noun	concept	000021CF:8:336	provisional	n	"自分が仏にでもなったような気分" = "as if I had become a buddha"
出家	しゅっけ	take holy orders	verb	term	000021CF:8:340	provisional	n	renounce the world as a monk
ボツシナリオ	ぼつしなりお	a scrapped scenario	noun	term	000021D5:35:5	provisional	n	the guide's "meta" word
次元	じげん	dimension	noun	concept	000021E2:53:18	provisional	n	別の次元 / どの次元のわたくし; 2つの次元の新村春花
客人	きゃくじん	guest	noun	term	000021E2:211:5	provisional	n	distinct from お客様 (the player)
傍観者	ぼうかんしゃ	an onlooker	noun	term	000021E2:734:3	provisional	n	the guide's charge against the player (734:3, 835:0)
悪魔のささやき	あくまのささやき	the devil's whisper	phrase	concept	000021E2:517:10	provisional	n	
弱虫	よわむし	a coward	noun	term	000021E2:901:7	provisional	n	"何で私……こんな弱虫なんだよ"
ご臨終です	ごりんじゅうです	I'm sorry. She's gone.	phrase	term	000021FE:11:0	provisional	n	a doctor's set formula announcing death
永劫回帰	えいごうかいき	eternal recurrence	noun	concept	00002225:11:103	provisional	n	the text glosses it itself (11:104: 『一瞬一瞬を大切に生きる』『過去を後悔するより未来へ希望を馳せる』); translate the gloss as written, do not correct it
天才少女五島絵梨奈	てんさいしょうじょごとうえりな	the genius girl Erina Goto	phrase	title	00002225:11:25	provisional	n	五島's self-title; cf. 天才少女
ミラノポリス	みらのぽりす	Milanopolis	noun	brand	00002225:11:165	provisional	n	a pizza place
ウルトラデラックスピザ	うるとらでらっくすぴざ	Ultra Deluxe Pizza	noun	food	00002225:11:165	provisional	n	
死月妖花～四月八日～	しがつようか しがつようか	TBD (the game's full title; see V457)	noun	title	00002268:8:0	provisional	n	the afterword's name for the game; owner decides
最後の声編	さいごのこえへん	Saigo no Koe Arc [Last Voice]	noun	title	00002268:8:13	fixed	n	the fifth volume per the afterword; P18: the shipped arc name (patch/hen-jp-en.tsv)
エデンの桜編	えでんのさくらへん	Eden no Sakura Arc [Eden's Cherry]	noun	title	00002268:8:20	fixed	n	P18: the shipped arc name (patch/hen-jp-en.tsv)
永劫回帰編	えいごうかいきへん	TBD (volume title; V029)	noun	title	00002268:8:20	provisional	n	cf. 永劫回帰
死神の掟	しにがみのおきて	TBD (subtitle of 詫言編; V029, V014)	noun	title	00002268:8:48	provisional	n	詫言編『死神の掟』
レポートリファレンス	れぽーとりふぁれんす	the report reference	noun	ui	00002268:8:35	provisional	n	has a jigsaw puzzle per the afterword
ノベルゲーム	のべるげーむ	visual novel	noun	term	00002268:8:2	provisional	n	
フリーゲーム	ふりーげーむ	free game	noun	term	00002268:8:5	provisional	n	
誤変換	ごへんかん	a typing mis-conversion	noun	term	00002268:8:26	provisional	n	『死月妖花』 came from a mis-conversion of 『四月八日』; the point turns on the homophone (TN case 4 when drafted)
干渉ノイズ	かんしょうのいず	interference noise	noun	term	00002330:77:2	provisional	n	the guide's name for the garbled cells (V631)
皮剥ぎ事件	かわはぎじけん	the flaying case	noun	event	00002330:77:7	provisional	n	short form of 皮剥ぎ死体事件
朝ザッハ	あさざっは	morning Zahha	noun	term	0000235A:8:0	provisional	n	follows ザッハ (TBD)
却下	きゃっか	Rejected!	interjection	interjection	0000235A:8:5	provisional	n	a flat veto shout (五島 and 春花 at once)
株式会社IC	かぶしきがいしゃあいしー	IC Inc.	noun	org	00002420:11:2	provisional	n	古郡良治's company
パーラー桜色	ぱーらーさくらいろ	TBD (Parlor Sakurairo)	noun	place	00002420:11:18	provisional	n	茜's workplace
反射ストーブ	はんしゃすとーぶ	kerosene reflector heater	noun	object	00002427:11:387	provisional	n	灯油式の反射ストーブ
安全装置	あんぜんそうち	the safety	noun	object	0000242E:11:131	provisional	n	on a gun
薬莢	やっきょう	shell casings	noun	object	0000242E:11:202	provisional	n	
春の嵐	はるのあらし	a spring storm	phrase	term	0000242E:11:29	provisional	n	
開祖	かいそ	the founder	noun	title	00002433:11:110	provisional	n	the settlement's founder, 800+ years ago; not named in the file
残念無念	ざんねんむねん	What a shame	interjection	interjection	00002433:11:17	provisional	n	夏菜's set phrase
ズッコンバッコン	ずっこんばっこん	bang-bang	noun	sfx	00002433:11:21	provisional	n	夏菜's dirty-joke word; SFX rule: a sound-word a reader can hear
杞憂	きゆう	a needless worry	noun	term	00002433:11:49	provisional	n	
銭	ぜに	money	noun	term	00002433:11:7	provisional	n	エリカ's folksy word ("銭を稼ぎたい")
分家化	ぶんけか	splitting into branch families	noun	term	0000243F:11:103	provisional	n	the 荒田 lines branch until same-surname people are nearly strangers
瀬	せ	TBD (Se; see V660)	noun	person	0000243F:11:99	provisional	n	surname; 瀬家 manages water and irrigation (11:113)
瀬正照	せまさてる	TBD (Masateru Se; see V660)	noun	person	0000243F:11:112	provisional	n	given name first in EN; 香織 calls him マーくん
新島	にいじま	TBD (Niijima; see V660)	noun	person	0000243F:11:109	provisional	n	surname of the farming line (新島家)
新島香織	にいじまかおり	TBD (Kaori Niijima; see V660)	noun	person	0000243F:11:125	provisional	n	given name first in EN
城崎健吾	しろざきけんご	Kengo Shirozaki	noun	person	00002444:14:122	provisional	n	full name; = 健吾君 of 0000201F
ケンちゃん	けんちゃん	Ken-chan	noun	person	0000243F:11:123	provisional	n	香織's name for 城崎健吾
マーくん	まーくん	Ma-kun	noun	person	0000243F:11:130	provisional	n	香織's name for 瀬正照
チーちゃん	ちーちゃん	Chi-chan	noun	person	0000243F:11:124	provisional	n	香織's name for 茅萱
カナカナ	かなかな	Kanakana	noun	person	0000243F:11:124	provisional	n	香織's name for 夏菜 (her name doubled)
こーちゃん	こーちゃん	Ko-chan	noun	person	00002444:26:324	provisional	n	香織's name for 幸太郎 (五島's imagined scene)
クーデター	くーでたー	a coup	noun	term	0000243F:11:52	provisional	n	
邪悪なる女神	じゃあくなるめがみ	the Evil Goddess	noun	title	00002444:20:469	provisional	n	from a 書簡 quoted by 城崎; keep apart from 女神様 (the Goddess)
核	かく	the core	noun	concept	00002444:26:382	provisional	n	the one who gives 死月妖花 its mind; 西洋の言葉で アバドン (26:406)
元女神様	もとめがみさま	the former Goddess	noun	title	00002444:26:458	provisional	n	サクラ's mocking address to 糸姫
新米神使	しんまいしんし	a rookie 神使 (follows 神使, V224)	noun	term	00002444:26:477	provisional	n	サクラ of なつみ
初動部隊	しょどうぶたい	the first-response unit	noun	org	00002444:26:4	provisional	n	police
異形	いぎょう	the aberration	noun	term	00002444:26:134	provisional	n	五島's word for the thing in なつみ's shape; 『異形』 at 26:169
生け捕り	いけどり	taking (her) alive	noun	term	00002444:26:308	provisional	n	生け捕りにする = "take alive"
奥さん	おくさん	your wife / Mrs. Kogori (by context)	noun	person	00002444:14:498	provisional	n	城崎 of 茜, speaking to 良治; common noun, no suffix (STYLE)
旦那さん	だんなさん	your husband	noun	person	00002444:14:499	provisional	n	城崎 of 良治, speaking to 茜; common noun, no suffix (STYLE)
へっきゅちん	へっきゅちん	achoo (a small, cute sneeze)	interjection	sfx	00002444:20:117	provisional	n	春花; "へ……／へ……" in the two cells before
過激派	かげきは	the radicals	noun	term	00002444:26:66	provisional	n	五島's word for the villagers who want the kill
穏健派	おんけんは	the moderates	noun	term	00002444:26:66	provisional	n	
祀耀815年	しようはっぴゃくじゅうごねん	Shiyo 815	noun	date	00002444:32:322	provisional	n	
動く死体	うごくしたい	walking corpses	noun	term	00002450:12:136	provisional	n	a heading in 篠崎's books
まかない	まかない	the staff meal	noun	food	00002450:12:148	provisional	n	桃子's café leftovers (sandwiches)
死亡診断書	しぼうしんだんしょ	the death certificate	noun	object	00002450:18:62	provisional	n	新村栄一郎死亡診断書の追加情報 = "addendum to Eiichiro Niimura's death certificate"
割れ窓理論	われまどりろん	the broken windows theory	noun	concept	00002450:18:127	provisional	n	same EN as ブロークンウィンドウ理論 (the subordinate says both)
定例会	ていれいかい	the regular meeting	noun	event	00002450:18:5	provisional	n	cf. 定例会見 (press conference)
回覧板	かいらんばん	the circular notice	noun	object	00002457:11:33	fixed	y	passed house to house; 幸太郎's forged notice
子宝	こだから	children (as a blessing)	noun	term	0000245F:11:73	provisional	n	子宝に恵まれる = "be blessed with children"
弔事	ちょうじ	a mourning (event)	noun	event	0000245F:11:68	provisional	n	paired with 慶事: "a mourning and a celebration in the same season"
慶事	けいじ	a celebration	noun	event	0000245F:11:68	provisional	n	paired with 弔事
手ごま	てごま	a pawn	noun	term	00002464:11:74	provisional	n	"生きた人間を手ごまにした方が"
荒田山道	あらたさんどう	TBD (the Arata mountain road; reading assumed)	noun	place	0000246E:11:10	provisional	n	the settlement's exit road; follows 荒田
鍛冶	かじ	smithing	noun	term	0000246E:11:230	provisional	n	城崎's trade
漫談	まんだん	a comic monologue	noun	term	0000246E:11:300	provisional	n	"漫談のような滑稽さ"
落とし前	おとしまえ	settle it yourself / make it right	noun	term	0000246E:11:386	provisional	n	"荒田の男なら落とし前はつけな"
正念場	しょうねんば	the moment of truth	noun	term	0000246E:11:390	fixed	n	P23 (000014BC 8:253)
荒田の戦士	あらたのせんし	a warrior of Arata	phrase	term	0000246E:11:247	provisional	n	サクラ on 茅萱 and 夏菜
荒田の男	あらたのおとこ	a man of Arata	phrase	term	0000246E:11:386	provisional	n	cf. 荒田の女
滋養	じよう	nourishment	noun	term	0000246E:11:268	provisional	n	"荒田の滋養を吸収して"; cf. 滋養強壮
平手打ち	ひらてうち	a slap	noun	term	0000246E:11:361	provisional	n	
腑抜け	ふぬけ	spineless	noun	term	0000246E:11:376	provisional	n	"何を腑抜けたことを言ってるんだ！" = "What kind of spineless talk is that!"
新しい女神様	あたらしいめがみさま	the new goddess	phrase	title	00002473:11:304	provisional	n	the dead's name for their new master; follows 女神様
下賤	げせん	lowborn	adj	term	00002473:11:303	provisional	n	"ただの下賤の娘" = "just a lowborn girl"
人間様	にんげんさま	us humans	noun	term	00002473:11:178	provisional	n	mock-proud: "人間様をなめるなキノコめ！" = "Don't underestimate us humans, you mushroom!"; -sama not kept (common noun)
キノコ	きのこ	mushroom	noun	term	00002473:11:178	provisional	n	cf. 化け物キノコ
お人形遊び	おにんぎょうあそび	playing with dolls	noun	term	00002473:11:115	provisional	n	
5月の連休	ごがつのれんきゅう	the May holidays	noun	date	00002473:11:278	provisional	n	= ゴールデンウィーク in content, different word
神使探し	しんしさがし	the search for 神使	noun	term	00002473:11:295	provisional	n	follows 神使
留置場	りゅうちじょう	the police cells	noun	place	00002473:11:313	provisional	n	same EN as 留置所
刑務所	けいむしょ	prison	noun	place	00002473:11:313	provisional	n	
あらあら	あらあら	TBD (My, my)	interjection	interjection	00002473:11:250	provisional	n	サクラ (dead), mocking
あーあ	あーあ	Oh, well	interjection	interjection	00002473:11:119	provisional	n	disappointed sigh (幸太郎 11:119; 栄一郎 11:230)
はっはー	はっはー	Ha-ha!	interjection	interjection	00002473:11:94	provisional	n	gloating laugh
拘置所	こうちしょ	the detention center	noun	place	00002478:11:101	provisional	n	
差し入れ	さしいれ	something I brought for you	noun	term	00002478:11:10	provisional	n	gift brought to a detainee
奨学金	しょうがくきん	a scholarship	noun	term	00002478:11:110	provisional	n	
飯沢市	いいざわし	Iizawa City	noun	place	00002478:11:108	provisional	n	follows 飯沢県
祀耀801年四月八日	しようはっぴゃくいちねんしがつようか	Shiyo 801, April 8	noun	date	00002478:11:127	provisional	n	CALENDAR rule
精神疾患	せいしんしっかん	a mental illness	noun	term	00002478:11:17	provisional	n	
別の世界	べつのせかい	another world	phrase	concept	00002478:11:130	provisional	n	closing "それはまた――別の世界での話。"; see V666
談話室	だんわしつ	Chat Room	noun	ui	0000001C:line3677	fixed	y	chatter screen caption (雑談タイトル.gal); owner+Fable 2026-10-01 (Q2441); the other room レストルーム = Lounge
レストルーム	れすとるーむ	Lounge	noun	ui	0000001C	fixed	y	chatter screen caption 2 (雑談タイトル2.gal); "Rest Room" avoided (toilet in US English)
おじさん (Goto -> Ise)	おじさん	Ojisan	noun	term	000004BB:16:37	fixed	y	Goto's teasing address / third-person word for Ise; romanized in 000004BB, 00000522, 00000550, 00000564; no TN (RULING Fable 2026-10-01, QP4B-02 / QP4C-01 / QP4R1-01)
大食祭800～冬の陣～	たいしょくさい	Big Eating Festival 800 ~Winter Battle~	noun	title	0000191C	fixed	y	TV show title (RULING Fable 2026-10-01, QUNTR2S-02)
であります (伊勢)	であります	plain formal English	phrase	term	00001830:41	fixed	y	Ise uses であります straight (police report register): plain formal English, NO ", sir!"; the ", sir!" row is Goto's mock-soldier bit only (RULING Fable 2026-10-01, QUNTR2S-04)
佐々木翠	ささきみどり	Midori Sasaki	noun	person	00000682	provisional	n	reading assumed, UNTR3 2026-10-01 (QUNTR3-03)
谷崎玲	たにざきれい	Rei Tanizaki	noun	person	00000682:8:1	provisional	n	given-name reading assumed (QUNTR3-05, UNTR3 2026-10-01); surname per 谷崎 row
殲滅スーツ	せんめつすーつ	criminal-annihilating suit	noun	object	00001A6B:8:1	provisional	n	reference script term (QUNTR3S2-01 2026-10-01)
おじさん (Natsumi -> Eiichiro / the voice through the cherry tree)	おじさん	Ojisan	noun	term	0000062C	fixed	y	Natsumi's word for Eiichiro, a non-relative (O-57): romanized, no TN; shipped in 0000062C, 0000092D, 00000A30; her child-voice おじちゃん = Ojichan (000008E8). RULING Fable 2026-10-01 QP8A-03
新村サクラ	にいむらさくら	Sakura Niimura	noun	person	00000A48	fixed	n	UNTR6 (人物/新村サクラ table); RULING Fable 2026-10-02 QUNTR6-06
新村桔梗	にいむらききょう	Kikyo Niimura	noun	person	00000AAC	fixed	n	follows 桔梗 = Kikyo (QP8C-03); UNTR6
呪殺	じゅさつ	curse-killing	noun	term	00000A94	fixed	n	as an in-world word 'jusatsu' where the text names the word itself; 呪殺事件 = the curse-killings; UNTR6 QUNTR6-06
事案	じあん	the affair	noun	term	00000A94	fixed	n	女ケ沢市事案 = "the Megasawa City affair"; kept apart from 事件 = case / the incident; UNTR6
糸姫山	いとひめやま	Mount Itohime	noun	place	00000A94	fixed	n	UNTR6
豊岳小学校	とよたけしょうがっこう	Toyotake Elementary School	noun	place	00000A94	fixed	n	UNTR6; 豊岳 as a peak = Mount Toyotake
氷菓屋台『HAPYY』	ひょうかやたい HAPYY	Ice Cream Stand 'HAPYY'	noun	place	00000A94	fixed	n	Latin script as printed (HAPYY); UNTR6
メガモール	メガモール	Megamall	noun	place	00000A94	fixed	n	UNTR6
先代の大魔女	せんだいのだいまじょ	the previous Grand Witch	noun	term	00000A48	fixed	n	follows 大魔女 Grand Witch; UNTR6
魔女の継承	まじょのけいしょう	Succeeding as a Witch	noun	term	00000A48	fixed	n	display title; 継承の儀 = the succession rite / "The Succession Rite" (card 213); UNTR6
住民帳	じゅうみんちょう	the residents' register	noun	object	00000A94	fixed	n	also 住民簿; UNTR6
姥捨山	うばすてやま	ubasuteyama	noun	term	00000A94	fixed	n	O-61 culture noun, no note; UNTR6
一家族変死事件	いっかぞくへんしじけん	The Strange Deaths of a Family	noun	term	00000A94	fixed	n	reference title; UNTR6
『桜の町のカタルシス』	さくらのまちのカタルシス	'Catharsis of the Cherry Blossom Town'	noun	term	00000A94	fixed	n	work title in 『』; UNTR6
叙述トリック	じょじゅつトリック	narrative trick	noun	term	00000A94	fixed	n	UNTR6
翠眼の獣	すいがんのけもの	The Green-Eyed Beast	noun	term	00000A94	fixed	n	reference title; UNTR6
寄合	よりあい	The Gathering	noun	term	00000A94	fixed	n	reference / display title; in prose "the gathering"; UNTR6
ギシンアンキ	ぎしんあんき	Paranoia	noun	term	00000AF7	fixed	n	ref 115 title: a child's katakana for 疑心暗鬼; RULING Fable 2026-10-02 QUNTR6-04 ("Paranoia", the child's voice is not carried)
御尊父様	ごそんぷさま	honored father	noun	term	00000BD6:11:11	fixed	n	Goto's mock-retainer register (V227); echo ごそんぷさま……？ = "Honored... father...?" 00000C50:11:107; RULING Fable 2026-10-02 QP9C-01
美魔女	びまじょ	beautiful witch	noun	term	00000C68:11:135	fixed	n	plural "beautiful witches" 00000C68:408; 魔女 motif kept (V214); RULING Fable 2026-10-02 QP9C-04
能子	のうこ	Nohko	noun	person	00000C81:11:60	fixed	n	nickname from 能面 + -ko (雑談リスト 221 "Nohko-san"); RULING Fable 2026-10-02 QUNTR7-04
大殿	おおとの	the Great Lord	noun	title	00000C50:11:80	fixed	n	ref title 大殿 = "the Great Lord" (UNTR7); RULING Fable 2026-10-02 QUNTR7-04
城崎百合子	しろざきゆりこ	Yuriko Shirozaki	noun	person	00000C68:11:1	fixed	n	UNTR7 people table; surname lock Shirozaki (rulings-P8 QP8D-02)
隔世遺伝	かくせいいでん	skipping a generation	noun	term	00000C50:11:60	provisional	n	UNTR7 table wording
緑内障	りょくないしょう	glaucoma	noun	term	00000C68:11:1	provisional	n	UNTR7; navigator naming remark works via Greek glaukos, no note
荒田地区	あらたちく	the Arata district	noun	place	00000C50:11:1	fixed	n	UNTR7 display; 荒田集落 = the Arata settlement stays distinct
呪縛	じゅばく	curse	noun	concept	00000CFA:11:60	provisional	n	the binding kind ("free those two from our curse"); 呪い = curse, 呪殺 = curse-killing; P10PRE QP10PRE-01 2026-10-02
ファルシフィカソ	ふぁるしふぃかそ	falsificaso	noun	term	00000DE9:11:547	provisional	n	as heard in speech; the Latin printing in the same scene stays as printed
アバドーン・サークル	あばどーんさーくる	the Abaddon Circle	noun	term	tables:事典 (UNTR9)	fixed	y	QUNTR9-07; アバドーン = Abaddon shipped
βエンドルフィン	べーたえんどるふぃん	beta-endorphin	noun	term	tables:事典 (UNTR9)	fixed	y	QUNTR9-07; ASCII beta, no Greek letter (font safety); display name Beta-Endorphin
脳内麻薬	のうないまやく	the brain's own narcotic	noun	term	tables:事典 (UNTR9)	provisional	n	QUNTR9-07
二重人格	にじゅうじんかく	split personality	noun	term	tables:人物 (UNTR9)	fixed	y	QUNTR9-07
新村本家の桜	にいむらほんけのさくら	the Niimura main house's cherry	noun	place	tables (UNTR9)	fixed	n	QUNTR9-07; P20: aligned to the P20PRE form shipped in 000010DD
斬撃	ざんげき	slash	noun	term	tables (UNTR9)	provisional	n	QUNTR9-07
ミドリノメ	みどりのめ	GREENEYE	noun	device	人物/新村春花:33 (UNTR9)	fixed	y	QUNTR9-05: katakana run-together device, same shape as スグニゲロ = RUNNOW (CORE A Q197)
飯沢大洋旅館	いいざわたいようりょかん	Iizawa Taiyo Inn	noun	place	tables:リファレンス (UNTR10)	fixed	y	QUNTR10-06; shipped form in 事典場所 row 68
1泊2食付	いっぱくにしょくつき	one night with two meals	phrase	term	tables:リファレンス (UNTR10)	fixed	n	QUNTR10-06
ハマグリ	はまぐり	clams	noun	food	tables:リファレンス (UNTR10)	fixed	n	QUNTR10-06
和牛	わぎゅう	wagyu	noun	food	tables:リファレンス (UNTR10)	fixed	n	QUNTR10-06; O-61 culture noun
のぼせる	のぼせる	get light-headed	verb	phrase	tables:リファレンス (UNTR10)	fixed	n	QUNTR10-06
消えゆく星	きえゆくほし	A Fading Star	noun	title	navigator card 188 (UNTR10)	fixed	y	QUNTR10-04 title accepted
殺意	さつい	murderous intent	noun	term	00000E7B (P12)	fixed	y	QP12F-01: one wording per script; 殺気 stays bloodlust
津山三十人殺し	つやまさんじゅうにんごろし	the Tsuyama Thirty Murders	noun	term	00000E7B (P12E)	fixed	y	QP12E-01: the count is used by the next cells; replaces the TBD "the Tsuyama massacre"
大食い王	おおぐいおう	the king of competitive eating	noun	title	00000EAF:22:60	provisional	n	rulings-P13 2026-10-02; parallel to 大食い女王 (shipped "queen of competitive eating")
おはおは！ジャパン	おはおはじゃぱん	'Oha-Oha! Japan'	noun	brand	tables:事典物 (UNTR11)	fixed	y	QIMAGES13-01 2026-10-02: the 14 shipped rrr1 picture cards print Oha-Oha!, so the hyphenated form wins everywhere; UNTR11's Ohaoha cells reverted
乙女の聖戦～湯～	おとめのせいせん ゆ	The Maidens' Holy War ~Bath~	noun	title	navigator card 187 (UNTR11)	fixed	y	QUNTR11-02 title accepted 2026-10-02
幸せの決断	しあわせのけつだん	A Decision for Happiness	noun	title	navigator card 191 (UNTR11)	fixed	y	QUNTR11-02 title accepted 2026-10-02
身体のこと、色々と	からだのこと、いろいろと	All Sorts of Things About My Body	noun	title	ref 235 (UNTR11)	fixed	y	QUNTR11-02 reference title accepted 2026-10-02
星占い	ほしうらない	horoscopes	noun	term	tables:雑談リスト (UNTR11)	provisional	n	QUNTR11-05
おみくじ	おみくじ	omikuji	noun	term	tables:雑談リスト (UNTR11)	fixed	n	QUNTR11-05; O-61 culture noun
統計学	とうけいがく	statistics	noun	term	tables:雑談リスト (UNTR11)	provisional	n	QUNTR11-05
育ての親	そだてのおや	the parent who raised her	noun	term	tables:人物 (UNTR11)	provisional	n	QUNTR11-05
リタイア口	りたいあぐち	the give-up exit	noun	place	00000F6F:11:594	fixed	y	P14PRE 2026-10-02: the haunted-house bail-out door; 記録的なリタイア = a record-setting give-up
怪盗	かいとう	Phantom Thief	noun	title	00000EDF:77:145	fixed	y	rulings-P14; 怪盗ゴトー = Phantom Thief Goto; 怪盗さん (Kotaro) = "Phantom Thief", no suffix
ちっこいデカ乳	ちっこいでかちち	tiny big-boobs	noun	term	00000EDF:117:304	fixed	y	rulings-P14 (Kana)
不愛想	ぶあいそう	standoffish	adj	term	00000EDF:37:147	fixed	y	rulings-P14; 無愛想 same word
お粗末様でした	おそまつさまでした	It was nothing fancy!	phrase	interjection	00000EDF:186:101	fixed	n	rulings-P14; the fixed reply to ごちそうさま
ごちそうさま	ごちそうさま	Gochisosama	interjection	interjection	00000EDF:186:99	fixed	y	rulings-P14; romanized + TN once per id; ごちそうさまです = Gochisosama desu
面倒だ	めんどうだ	What a hassle.	phrase	interjection	00000EDF:65:52	fixed	y	rulings-P14: Goto's vision refrain; めんどくさい = what a pain
アンリアルパーク	あんりあるぱーく	Unreal Park	noun	place	00000F6F	fixed	y	QUNTR12-03
アンリアルカンパニー	あんりあるかんぱにー	Unreal Company	noun	org	00000F6F	fixed	y	QUNTR12-03
ブラッディハウス	ぶらっでぃはうす	Bloody House	noun	place	00000F6F	fixed	y	QUNTR12-03
ウィンディ☆プラネット	うぃんでぃ☆ぷらねっと	Windy☆Planet	noun	brand	00000F6F	fixed	y	QUNTR12-03; ☆ kept (CP932-safe, the Prank☆Welcome Plan precedent)
しらべぇ	しらべぇ	Shirabee	noun	brand	事典物:43	fixed	y	QUNTR12-03; romanized from sirabee.com
創作サークルNew++	そうさくさーくるにゅーぷらぷら	the creative circle New++	noun	org	事典物:43	fixed	y	QUNTR12-03
父親と娘の入浴	ちちおやとむすめのにゅうよく	Father-Daughter Bathing	noun	title	事典物:43	fixed	y	QUNTR12-03 encyclopedia display name
生まれ変わる家族たち	うまれかわるかぞくたち	The Families Reborn	noun	title	00000F87	fixed	y	QUNTR12-02 card 189 title
藤野博光	ふじのひろみつ	Hiromitsu Fujino	noun	person	人物/五島桃子	fixed	y	QUNTR13-03 2026-10-02
五島桃子の預金通帳	ごとうももこのよきんつうちょう	Momoko Goto's Bankbook	noun	title	リファレンスデータベース:152	fixed	y	QUNTR13-03 reference title
預金通帳	よきんつうちょう	bankbook	noun	object	リファレンスデータベース:152	fixed	y	QUNTR13-03
自動車学校の合宿	じどうしゃがっこうのがっしゅく	live-in driving school course	noun	term	人物/五島桃子	fixed	y	QUNTR13-03
玉砕覚悟で	ぎょくさいかくごで	fully prepared to go down in flames	phrase	idiom	人物/五島桃子	fixed	y	QUNTR13-03; 玉砕 lock
ナウコミュ	なうこみゅ	NowCommu	noun	brand	リファレンス:152	fixed	y	QIMAGES15-02 2026-10-02 (phone company on the bankbook; loanword reading, the Smile Card precedent)
五島絵梨奈の手紙	ごとうえりなのてがみ	Erina Goto's Letter	noun	title	00000F9F (ref 153)	fixed	n	UNTR14: reference title (QUNTR14-04)
新村エリカの病死	にいむらえりかのびょうし	Erika Niimura's Death from Illness	noun	title	00000F9F (事典出来事 25)	fixed	n	UNTR14: encyclopedia display name (QUNTR14-04)
抗鬱剤	こううつざい	antidepressants	noun	term	00000F9F (雑談リスト 276)	fixed	n	UNTR14 (QUNTR14-04)
うつ病	うつびょう	depression	noun	term	00000F9F (雑談リスト 276)	fixed	n	UNTR14 (QUNTR14-04)
事件性	じけんせい	foul play	noun	term	00000F9F	fixed	n	UNTR14: shipped "with no sign of foul play" (QUNTR14-04)
旅館	りょかん	the inn	noun	place	00000F9F	fixed	n	UNTR14: shipped synopsis st188 "the inn's baths" (QUNTR14-04)
大魔女の職務	だいまじょのしょくむ	her duties as the Grand Witch	phrase	term	00000F9F (雑談リスト 276)	fixed	n	UNTR14 (QUNTR14-04)
五島絵梨奈の推理	ごとうえりなのすいり	Erina Goto's Deduction	noun	title	00001C5D (事典出来事)	fixed	n	UNTR15: encyclopedia display name (QUNTR15-04)
呪われた緑の目	のろわれたみどりのめ	the cursed green eyes	phrase	term	00001C5D (人物)	fixed	n	UNTR15 (QUNTR15-04)
矜持	きょうじ	pride	noun	term	00001C5D (人物)	fixed	n	UNTR15 (QUNTR15-04)
凶器	きょうき	the murder weapon	noun	term	00001C5D (雑談リスト)	fixed	n	UNTR15 (QUNTR15-04)
さよなら	さよなら	Goodbye	noun	title	00000FB7 (card 193 title)	fixed	n	UNTR15 QUNTR15-03: navigator title (shipped "Goodbye" in lines)
メガミゴロシミナゴロシ	めがみごろしみなごろし	Kill the Goddess Kill Them All	noun	title	00000F24 (card 250 title)	provisional	n	UNTR15 QUNTR15-03 / Q17-4: card not revealed yet; alt "Megamigoroshi Minagoroshi"
御子神吉蔵	みこがみきちぞう	Kichizo Mikogami	noun	person	UNTR16	provisional		P18 QUNTR16-05: reading assumed
米津トンネル	よねづとんねる	Yonezu Tunnel	noun	place	UNTR16	provisional		P18 QUNTR16-05
極楽酒場	ごくらくさかば	Gokuraku Sakaba	noun	place	UNTR16	provisional		P18 QUNTR16-05
喫茶店プリマベラ	きっさてんぷりまべら	Cafe Primavera	noun	place	UNTR16	fixed		P18
長城市	ながしろし	Nagashiro City	noun	place	UNTR16	provisional		P18 QUNTR16-05; shipped 実況/160
好感度	こうかんど	affection	noun	term	UNTR16	fixed		P18 QUNTR16-07; shipped 0000189A help
元木第一病院	もときだいいちびょういん	Motoki Daiichi Hospital	noun	place	UNTR16	fixed		P18 QUNTR16-07
四河	しかわ	Shikawa	noun	place	000010AA	fixed		P18: ruby しかわ; 四河地域 = the Shikawa region
最後の声	さいごのこえ	The Last Voice	noun	title	00000FCF	provisional		P18 Q18-2: card 194 title
翠眼呪殺（カード）	すいがんじゅさつ	Green-Eye Curse-Killing	noun	title	0000104E	fixed		P18: card 255 title = the shipped book heading
永遠の塔	えいえんのとう	The Eternal Tower	noun	title	00001E41	provisional		P18 Q18-2: card 289 title
パラサイト・プリズン	ぱらさいとぷりずん	Parasite Prison	noun	title	UNTR16	provisional		P18 Q18-2: card 305 title
荒田事変	あらたじへん	the Arata Incident	noun	event	UNTR17	provisional		P19 QUNTR17-10 (事典出来事)
皇子の挙兵	おうじのきょへい	the Prince's Uprising	noun	event	UNTR17	provisional		P19 QUNTR17-10
荒田集落成立	あらたしゅうらくせいりつ	the Founding of the Arata Settlement	noun	event	UNTR17	provisional		P19 QUNTR17-10
トミの自殺	とみのじさつ	Tomi's Suicide	noun	event	UNTR17	provisional		P19 QUNTR17-10
荒田集落の閉鎖	あらたしゅうらくのへいさ	the Closing of the Arata Settlement	noun	event	UNTR17	provisional		P19 QUNTR17-10
死月妖花の登場	しがつようかのとうじょう	the Appearance of Shigatsu Youka	noun	event	UNTR17	provisional		P19 QUNTR17-10
皆上刑務所	みなかみけいむしょ	Minakami Prison	noun	place	UNTR17	provisional		P19 QUNTR17-10
国道520号	こくどう520ごう	Route 520	noun	place	UNTR17	provisional		P19 QUNTR17-10
ミーツ駅北店	みーつえきぎたてん	Meets Station North	noun	place	UNTR17	provisional		P19 QUNTR17-10
サンシャインビレッジ	さんしゃいんびれっじ	Sunshine Village	noun	place	UNTR17	provisional		P19 QUNTR17-10
スーパーはなまる元木中央店	すーぱーはなまるもときちゅうおうてん	Supermarket Hanamaru Motoki Central	noun	place	UNTR17	provisional		P19 QUNTR17-10
荒田地区山地	あらたちくさんち	the Arata District Mountains	noun	place	UNTR17	provisional		P19 QUNTR17-10
除籍通知書	じょせきつうちしょ	Notice of Removal from Enrollment	noun	term	UNTR17	provisional		P19 QUNTR17-10
大老筆頭	たいろうひっとう	the chief of the council of elders	noun	title	UNTR17	provisional		P19 QUNTR17-10
普請奉行	ふしんぶぎょう	construction steward	noun	title	UNTR17	provisional		P19 QUNTR17-10
戦国時代	せんごくじだい	the Warring States period	noun	term	UNTR17	provisional		P19 QUNTR17-10
天下統一	てんかとういつ	unifying the realm	noun	term	UNTR17	provisional		P19 QUNTR17-10
首切り事件	くびきりじけん	the beheading case	noun	event	UNTR17	provisional		P19 QUNTR17-10
卑屈な自己愛	ひくつなじこあい	Servile Self-Love	noun	title	UNTR17	fixed		P19 QUNTR17-12: card 254 title, PROPOSED (tsv stays JP until revealed); P20: written into the navigator (card 254 revealed under F20)
10回目の春	じゅっかいめのはる	The Tenth Spring	noun	title	UNTR17	fixed		P19 QUNTR17-12: card 257, proposed; P20: written (card 257)
屋梁落月～死神～	おくりょうらくげつ しにがみ	Moonlight on the Rafters ~Shinigami~	noun	title	UNTR17	fixed		P19 QUNTR17-12: card 268, proposed (alt "Longing for a Friend ~Shinigami~"); P21: card 268 written
死月妖花～虚栄～	しがつようか きょえい	Shigatsu Youka ~Vanity~	noun	title	UNTR17	fixed		P19 QUNTR17-12: card 269, proposed; P21: card 269 written
黙示録のラッパ吹き～開花～	もくしろくのらっぱふき かいか	The Trumpeter of the Apocalypse ~Blooming~	noun	title	UNTR17	fixed		P19 QUNTR17-12: card 273, proposed; P21: card 273 written
降臨	こうりん	Descent	noun	title	UNTR17	fixed		P19 QUNTR17-12: card 276, proposed (alt "Advent"); P23: card 276 = 000014D7, drafted this part; the title cell is already English (written part 19)
翠眼～潜伏～	すいがん せんぷく	Green Eyes ~Dormant~	noun	title	UNTR17	fixed		P19 QUNTR17-12: card 279, proposed; P21: card 279 written
愛ゆえに……	あいゆえに	Out of Love...	noun	title	UNTR17	fixed		P19 QUNTR17-12: card 256, proposed; P20: written (card 256)
女同士の相談	おんなどうしのそうだん	Woman to Woman	noun	title	P20	fixed		P20 TITLES (card 258; Q20-1; alt "Girl Talk")
隠し事	かくしごと	Hidden Things	noun	title	P20	fixed		P20 TITLES (card 259; Q20-1; alt "Secrets"; the 裏ルート row 13 cell aligned)
母親の『気』	ははおやのき	A Mother's 'Aura'	noun	title	P20	fixed		P20 TITLES (card 260; Q20-1; in-text 『気』 = 'aura')
気配	けはい	A Presence	noun	title	P20	fixed		P20 TITLES (card 261; in-text 気配 = presence)
空っぽの天秤	からっぽのてんびん	The Empty Scales	noun	title	P20	fixed		P20 TITLES (card 262)
心のバトン	こころのばとん	The Baton of the Heart	noun	title	P20	fixed		P20 TITLES (card 264; Q20-1; alt "Passing the Baton")
現れし者と消えし者	あらわれしものときえしもの	Those Who Appeared and Those Who Vanished	noun	title	UNTR18	fixed		P20 QUNTR18-04: card 265 (P21PRE), PROPOSED (tsv stays JP until revealed; alt "The One Who Appeared and the One Who Vanished"); P21: written (card 265 revealed under F21)
未熟な勇者たち	みじゅくなゆうしゃたち	Fledgling Heroes	noun	title	UNTR18	fixed		P20 QUNTR18-04: card 266, proposed (alt "The Unripe Heroes"); P21: written into the navigator (card 266 revealed under F21)
新村栄一郎のドローガ実験	にいむらえいいちろうのどろーがじっけん	Eiichiro Niimura's Droga Experiment	noun	event	UNTR18	provisional		P20 QUNTR18-06 (事典出来事)
新村茅萱の翠眼呪殺	にいむらちがやのすいがんじゅさつ	Chigaya Niimura's Green-Eye Curse-Killing	noun	event	UNTR18	provisional		P20 QUNTR18-06
新村サクラ首切り事件	にいむらさくらくびきりじけん	the Sakura Niimura beheading case	noun	event	UNTR18	provisional		P20 QUNTR18-06 (display "The Sakura Niimura Beheading Case")
新村茅萱の殺人	にいむらちがやのさつじん	Chigaya Niimura's Murders	noun	event	UNTR18	provisional		P20 QUNTR18-06
新村栄一郎の手紙	にいむらえいいちろうのてがみ	Eiichiro Niimura's Letter	noun	object	UNTR18	provisional		P20 QUNTR18-06 (reference)
新村サクラの手紙	にいむらさくらのてがみ	Sakura Niimura's Letter	noun	object	UNTR18	provisional		P20 QUNTR18-06 (reference)
幸せな再会	しあわせなさいかい	A Happy Reunion	noun	title	UNTR18	provisional		P20 QUNTR18-06 (ref 251 = 000020E4)
死の贈り物	しのおくりもの	A Gift of Death	noun	title	UNTR18	provisional		P20 QUNTR18-06 (ref 253 = 000020EA)
悪夢の終わり	あくむのおわり	The End of the Nightmare	noun	title	UNTR18	provisional		P20 QUNTR18-06 (ref 254 = 000020F0)
合コン反省会	ごうこんはんせいかい	The Group-Date Post-Mortem	noun	title	UNTR18	provisional		P20 QUNTR18-06 (ref 256 = 000020FC)
お母さんとの再会	おかあさんとのさいかい	Reunion with Mom	noun	title	UNTR18	provisional		P20 QUNTR18-06 (ref 257 = 00002102)
夢の中で①	ゆめのなかで1	In a Dream 1	noun	title	UNTR18	provisional		P20 QUNTR18-06 (ref 297 = 0000234B)
別れの挨拶	わかれのあいさつ	A Farewell	noun	title	UNTR18	provisional		P20 QUNTR18-06 (ref 260 = 00002108)
五島絵梨奈のメモ⑫	ごとうえりなのめも12	Erina Goto's Memo 12	noun	object	UNTR18	provisional		P20 QUNTR18-06
五島絵梨奈のメモ⑬	ごとうえりなのめも13	Erina Goto's Memo 13	noun	object	UNTR18	provisional		P20 QUNTR18-06
学友	がくゆう	a friend from school	noun	term	UNTR18	provisional		P20 QUNTR18-06
独善的	どくぜんてき	self-righteous	adj	term	UNTR18	provisional		P20 QUNTR18-06
元凶	げんきょう	the root (cause)	noun	term	UNTR18	provisional		P20 QUNTR18-06; the script 000011B4 8:147 uses "the root cause"
懐石	かいせき	kaiseki	noun	term	UNTR18	provisional		P20 QUNTR18-06 (O-61)
水商売	みずしょうばい	the nightlife trade	noun	term	UNTR18	provisional		P20 QUNTR18-06
ミツボシ	みつぼし	three-star	noun	term	UNTR18	provisional		P20 QUNTR18-06 (the guide-star pun)
イタコ	いたこ	itako	noun	term	UNTR18	provisional		P20 QUNTR18-06 (O-61, no TN)
キナ臭い	きなくさい	smells fishy	phrase	term	UNTR18	provisional		P20 QUNTR18-06
ご都合ミステリ	ごつごうみすてり	convenient-mystery rules	noun	term	UNTR18	provisional		P20 QUNTR18-06
陰キャ陽キャ	いんきゃようきゃ	gloomy or outgoing	phrase	term	UNTR18	provisional		P20 QUNTR18-06
性欲魔神	せいよくまじん	lecher	noun	term	UNTR18	provisional		P20 QUNTR18-06
東京ディズニーランド	とうきょうでぃずにーらんど	Tokyo Disneyland	noun	place	UNTR18	provisional		P20 QUNTR18-06
絶叫系	ぜっきょうけい	thrill rides	noun	term	UNTR18	provisional		P20 QUNTR18-06
二手	ふたて	Splitting Up	noun	title	P21	fixed		P21 TITLES (card 267; Q21-1)
屋梁落月～世代～	おくりょうらくげつ せだい	Moonlight on the Rafters ~Generations~	noun	title	P21	fixed		P21 TITLES (card 270; Q21-1)
死月妖花～盗視～	しがつようか とうし	Shigatsu Youka ~Stolen Sight~	noun	title	P21	fixed		P21 TITLES (card 271; Q21-1)
屋梁落月～浸食～	おくりょうらくげつ しんしょく	Moonlight on the Rafters ~Erosion~	noun	title	P21	fixed		P21 TITLES (card 272; Q21-1)
屋梁落月～転～	おくりょうらくげつ てん	Moonlight on the Rafters ~Turn~	noun	title	P21	fixed		P21 TITLES (card 275; Q21-1)
黙示録のラッパ吹き～しょう失～	もくしろくのらっぱふき しょうしつ	The Trumpeter of the Apocalypse ~Burned Away~	noun	title	P21	fixed		P21 TITLES (card 277; しょう失 = 焼失; Q21-1)
黙示録のラッパ吹き～徘徊～	もくしろくのらっぱふき はいかい	The Trumpeter of the Apocalypse ~Wandering~	noun	title	P21	fixed		P21 TITLES (card 278; Q21-1)
翠眼～欺瞞～	すいがん ぎまん	Green Eyes ~Deception~	noun	title	P21	fixed		P21 TITLES (card 280; PROPOSED, not revealed under F21; Q21-1); P23: written into the navigator by UNTR21 (revealed under F23; Q23-1)
黙示録のラッパ吹き～裏切り～	もくしろくのらっぱふき うらぎり	The Trumpeter of the Apocalypse ~Betrayal~	noun	title	P21	fixed		P21 side-lane pre-ruling (card 290, revealed under F21, written; P22PRE)
屋梁落月～分身～	おくりょうらくげつ ぶんしん	Moonlight on the Rafters ~Offshoot~	noun	title	P21	fixed		P21 QUNTR19-02: card 294 PROPOSED (alt "~Alter Ego~", "~Double~"); cell stays JP; P22: written into the navigator (card 294 revealed under F22)
死月妖花～密触～	しがつようか みっしょく	Shigatsu Youka ~Secret Contact~	noun	title	P21	fixed		P21 QUNTR19-02: card 296 PROPOSED (alt "~Covert Touch~"); cell stays JP; P22: written (card 296)
黙示録のラッパ吹き～伝承～	もくしろくのらっぱふき でんしょう	The Trumpeter of the Apocalypse ~Legend~	noun	title	P21	fixed		P21 QUNTR19-02: card 291 PROPOSED (opens after 290); cell stays JP; P22: written (card 291)
不器用な心配	ぶきようなしんぱい	Clumsy Concern	noun	title	UNTR19	fixed		P21 QUNTR19-03 (ref 261 title)
見覚えのないもの	みおぼえのないもの	Something Unfamiliar	noun	title	UNTR19	fixed		P21 QUNTR19-03 (ref 267 title)
夢の中で②	ゆめのなかで に	In a Dream 2	noun	title	UNTR19	fixed		P21 QUNTR19-03 (ref 298)
夢の中で③	ゆめのなかで さん	In a Dream 3	noun	title	UNTR19	fixed		P21 QUNTR19-03 (ref 299)
オカルト雑誌『M』の考察	おかるとざっし えむ のこうさつ	Analysis of Occult Magazine 'M'	noun	title	UNTR19	fixed		P21 QUNTR19-03
見落とし？	みおとし	An Oversight?	noun	title	UNTR19	fixed		P21 QUNTR19-03
捜索しない理由	そうさくしないりゆう	The Reason Not to Search	noun	title	UNTR19	fixed		P21 QUNTR19-03
親しき仲にも……	したしきなかにも	Even Between Close Friends...	noun	title	UNTR19	fixed		P21 QUNTR19-03 (ref 265 title; the in-text proverb 親しき仲にも礼儀あり = "Even between close friends, there's courtesy")
豊岳線の運転見合わせ	とよたけせんのうんてんみあわせ	The Toyotake Line Suspension	noun	title	UNTR19	fixed		P21 QUNTR19-03
御神木研究チームの惨殺	ごしんぼくけんきゅうちーむのざんさつ	The Goshinboku Research Team Massacre	noun	title	UNTR19	fixed		P21 QUNTR19-03
死月妖花の植物寄生性	しがつようかのしょくぶつきせいせい	Shigatsu Youka's Plant Parasitism	noun	title	UNTR19	fixed		P21 QUNTR19-03
植物寄生性	しょくぶつきせいせい	plant parasitism	noun	term	UNTR19	fixed		P21 QUNTR19-03
最終宿主	さいしゅうしゅくしゅ	final host	noun	term	UNTR19	fixed		P21 QUNTR19-03
念写	ねんしゃ	thoughtography	noun	term	UNTR19	fixed		P21 QUNTR19-03
気功	きこう	qigong	noun	term	UNTR19	fixed		P21 QUNTR19-03
透視	とうし	clairvoyance	noun	term	UNTR19	fixed		P21 QUNTR19-03
海馬	かいば	the hippocampus	noun	term	UNTR19	fixed		P21 QUNTR19-03
視覚野	しかくや	the visual cortex	noun	term	UNTR19	fixed		P21 QUNTR19-03
総整理	そうせいり	Overall review	noun	ui	UNTR19	fixed		P21 QUNTR19-03: navigator captions "Overall review N: ..."
公的研究チーム	こうてきけんきゅうちーむ	a public research team	noun	term	UNTR19	fixed		P21 QUNTR19-03
上位機関	じょういきかん	a higher authority	noun	term	UNTR19	fixed		P21 QUNTR19-03
怪音	かいおん	a strange sound	noun	term	UNTR19	fixed		P21 QUNTR19-03 (the tables; in-script 怪音 = "that eerie sound" where the cell says so)
新村姉妹	にいむらしまい	the Niimura sisters	noun	term	UNTR19	fixed		P21 QUNTR19-03
幻視幻聴	げんしげんちょう	visions and voices	noun	term	UNTR19	fixed		P21 QUNTR19-03
地熱エネルギー	ちねつえねるぎー	geothermal energy	noun	term	UNTR19	fixed		P21 QUNTR19-03

黙示録のラッパ吹き～焦点～	もくしろくのらっぱふき しょうてん	The Trumpeter of the Apocalypse ~Focus~	noun	title	P22	fixed		P22 TITLES (card 292, revealed under F22, written; P23PRE; Q22-1)
屋梁落月～代替～	おくりょうらくげつ だいたい	Moonlight on the Rafters ~Substitute~	noun	title	P22	fixed		P22 TITLES (card 295, revealed under F22, written; Q22-1)
死月妖花～結束～	しがつようか けっそく	Shigatsu Youka ~Unity~	noun	title	P22	fixed		P22 TITLES (card 297, revealed under F22, written; Q22-1)
乙女の聖戦～嫉妬～	おとめのせいせん しっと	The Maidens' Holy War ~Jealousy~	noun	title	P22	fixed		P22 TITLES (card 281; PROPOSED, not revealed under F22; Q22-1); P23: written into the navigator by UNTR21 (revealed under F23; Q23-1)
翠眼～3つの真相～	すいがん みっつのしんそう	Green Eyes ~Three Truths~	noun	title	P22	fixed		P22 TITLES (card 282; PROPOSED; Q22-1); P23: written into the navigator by UNTR21 (revealed under F23; Q23-1)
翠眼～盗感～	すいがん とうかん	Green Eyes ~Sense-Theft~	noun	title	P22	fixed		P22 TITLES (card 283; PROPOSED; Q22-1); P23: written into the navigator by UNTR21 (revealed under F23; Q23-1)
翠眼～ネクロマンサー～	すいがん ねくろまんさー	Green Eyes ~Necromancer~	noun	title	P22	fixed		P22 TITLES (card 284; PROPOSED; Q22-1); P23: written into the navigator by UNTR21 (revealed under F23; Q23-1)
翠眼～沈黙～	すいがん ちんもく	Green Eyes ~Silence~	noun	title	P22	fixed		P22 TITLES (card 285; PROPOSED; Q22-1); P23: written into the navigator by UNTR21 (revealed under F23; Q23-1)
翠眼～タクティクス～	すいがん たくてぃくす	Green Eyes ~Tactics~	noun	title	P22	fixed		P22 TITLES (card 287; PROPOSED; Q22-1); P23: written into the navigator by UNTR21 (revealed under F23; Q23-1)
翠眼～堕天～	すいがん だてん	Green Eyes ~Fallen~	noun	title	P22	fixed		P22 TITLES (card 286; PROPOSED, alt "~The Fall~"; Q22-1); P23: written into the navigator by UNTR21 (revealed under F23; Q23-1)
翠眼～陽動～	すいがん ようどう	Green Eyes ~Feint~	noun	title	P22	fixed		P22 TITLES (card 288; PROPOSED; Q22-1); P23: written into the navigator by UNTR21 (revealed under F23; Q23-1)
黙示録のラッパ吹き～虚虚実実～	もくしろくのらっぱふき きょきょじつじつ	The Trumpeter of the Apocalypse ~Bluff and Counter-Bluff~	noun	title	P22	fixed		P22 TITLES (card 293; PROPOSED; Q22-1); P23 TITLES (card 293; drafted this part; written when revealed)
死月妖花～いざない～	しがつようか いざない	Shigatsu Youka ~Invitation~	noun	title	P22	fixed		P22 TITLES (card 298; PROPOSED; Q22-1); P23 TITLES (card 298; drafted this part)
死月妖花～希望(パンドラ)～	しがつようか きぼう ぱんどら	Shigatsu Youka ~Hope (Pandora)~	noun	title	P22	fixed		P22 TITLES (card 299; PROPOSED; Q22-1); P23 TITLES (card 299; drafted this part)
新村エリカの置手紙	にいむらえりかのおきてがみ	Erika Niimura's Note	noun	title	UNTR20	fixed		P22 QUNTR20-03 (ref title)
口頭伝承『アバドン』	こうとうでんしょう あばどん	Oral Tradition 'Abaddon'	noun	title	UNTR20	fixed		P22 QUNTR20-03 (事典物 display name)
アバドンの封印	あばどんのふういん	'The Sealing of Abaddon'	noun	title	UNTR20	fixed		P22 QUNTR20-03 (in 『』)
肉体再生	にくたいさいせい	regenerating (his) body	noun	term	UNTR20	fixed		P22 QUNTR20-03
使役された死体	しえきされたしたい	corpses put to work	noun	term	UNTR20	fixed		P22 QUNTR20-03
邂逅	かいこう	encounter	noun	term	UNTR20	fixed		P22 QUNTR20-03
全裸飛び出し事件	ぜんらとびだしじけん	The Naked Dash Incident	noun	title	UNTR20	fixed		P22 QUNTR20-03 (chatter caption)
下着泥棒事件	したぎどろぼうじけん	The Underwear Thief Incident	noun	title	UNTR20	fixed		P22 QUNTR20-03 (chatter caption)
変態遭遇事件	へんたいそうぐうじけん	The Pervert Encounter Incident	noun	title	UNTR20	fixed		P22 QUNTR20-03 (chatter caption)
校長先生血まみれ事件	こうちょうせんせいちまみれじけん	The Bloody Principal Incident	noun	title	UNTR20	fixed		P22 QUNTR20-03 (chatter caption; QUNTR20-04 source slip kept)
校長先生フルボッコ事件	こうちょうせんせいふるぼっこじけん	The Beaten-to-a-Pulp Principal Incident	noun	title	UNTR20	fixed		P22 QUNTR20-03
怖がりエピソード	こわがりえぴそーど	scaredy-cat stories	noun	term	UNTR20	fixed		P22 QUNTR20-03
落語	らくご	rakugo	noun	term	UNTR20	fixed		P22 QUNTR20-03 (O-61 culture noun)
ブラクラ	ぶらくら	a shock link	noun	term	UNTR20	fixed		P22 QUNTR20-03 (browser crasher)
登竜門	とうりゅうもん	a rite of passage	noun	term	UNTR20	fixed		P22 QUNTR20-03
シナリオライター	しなりおらいたー	scenario writer	noun	term	UNTR20	fixed		P22 QUNTR20-03
相反する理想のはざまにある闇	あいはんするりそうのはざまにあるやみ	'the darkness caught between two opposing ideals'	noun	title	UNTR20	fixed		P22 QUNTR20-03 (in 『』)
国有化	こくゆうか	nationalized	verb	term	UNTR20	fixed		P22 QUNTR20-03
おじさん		Ojisan	noun	term	P23	fixed		P23 LOCK: Natsumi's word for Eiichiro (dead; 93 shipped uses in parts 4-8), narration and address (000014BC / 000014D7)
怪力		superhuman strength	noun	term	P23	fixed		P23 (000014A5 8:123-127; 000014D7 8:310)
結束		unity	noun	term	P23	fixed		P23: title of card 297; みんなが結束する = "for everyone to unite" (0000148E 8:165)

少女の願い	しょうじょのねがい	A Girl's Wish	noun	title	UNTR21	fixed		P23 TITLES (card 300, revealed under F23, written by UNTR21; P24PRE; Q23-1)
心をあなたに。	こころをあなたに	My Heart to You.	noun	title	UNTR21	provisional		P23 TITLES (card 301; PROPOSED, not revealed under F23; no comma per Q19-3; Q23-1)
あるべき姿へ	あるべきすがたへ	To the Way Things Should Be	noun	title	UNTR21	provisional		P23 TITLES (card 302; PROPOSED; Q23-1)
ようこそ、元木町へ！	ようこそ もときちょうへ	Welcome to Motoki-cho!	noun	title	UNTR21	provisional		P23 TITLES (card 303; PROPOSED; Q23-1)
まどろみ～春の幻～	まどろみ はるのまぼろし	Slumber ~A Spring Phantom~	noun	title	UNTR21	provisional		P23 TITLES (card 304; PROPOSED; Q23-1)
アバドーン・トゥーネル	あばどーん とぅーねる	the Abaddon Tunnel	noun	title	UNTR21	fixed		P23 QUNTR21-03 (事典場所 display name "The Abaddon Tunnel")
糸姫山への地下通路	いとひめやまへのちかつうろ	The Underground Passage to Mount Itohime	noun	title	UNTR21	fixed		P23 QUNTR21-03 (事典場所 display name)
細胞自死	さいぼうじし	cell suicide	noun	term	UNTR21	fixed		P23 QUNTR21-03 (事典物 display "Shigatsu Youka's Cell Suicide")
アポトーシス	あぽとーしす	apoptosis	noun	term	UNTR21	fixed		P23 QUNTR21-03
カスパーゼ	かすぱーぜ	caspases	noun	term	UNTR21	fixed		P23 QUNTR21-03
システインプロテアーゼ	しすていんぷろてあーぜ	cysteine proteases	noun	term	UNTR21	fixed		P23 QUNTR21-03
妄想日記	もうそうにっき	fantasy diary	noun	term	UNTR21	fixed		P23 QUNTR21-03
新村夏菜の交換日記	にいむらかなのこうかんにっき	Kana Niimura's Exchange Diary	noun	title	UNTR21	fixed		P23 QUNTR21-03 (事典物 display name)
荒田集落の教典	あらたしゅうらくのきょうてん	the scripture of the Arata settlement	noun	term	UNTR21	fixed		P23 QUNTR21-03
有性生殖	ゆうせいせいしょく	reproduce sexually	verb	term	UNTR21	fixed		P23 QUNTR21-03
自律神経	じりつしんけい	the autonomic nervous system	noun	term	UNTR21	fixed		P23 QUNTR21-03
世界五分前仮説	せかいごふんまえかせつ	'the five-minute hypothesis'	noun	term	UNTR21	fixed		P23 QUNTR21-03 (in single quotes)
校内カースト	こうないかーすと	school caste	noun	term	UNTR21	fixed		P23 QUNTR21-03
限界集落	げんかいしゅうらく	a dying village	noun	term	UNTR21	fixed		P23 QUNTR21-03
一泊二日	いっぱくふつか	an overnight trip	noun	term	UNTR21	fixed		P23 QUNTR21-03
怪談勝負	かいだんしょうぶ	that ghost-story contest	noun	term	UNTR21	fixed		P23 QUNTR21-03 (chatter)
人類未踏の地	じんるいみとうのち	land no human has set foot on	noun	term	UNTR21	fixed		P23 QUNTR21-03
懐メロ	なつめろ	oldies	noun	term	UNTR21	fixed		P23 QUNTR21-03
演歌	えんか	enka	noun	term	UNTR21	fixed		P23 QUNTR21-03 (O-61 culture noun)
プリクラ	ぷりくら	photo booth	noun	term	UNTR21	fixed		P23 QUNTR21-03
クレーンゲーム	くれーんげーむ	claw machine	noun	term	UNTR21	fixed		P23 QUNTR21-03
音ゲー	おとげー	rhythm games	noun	term	UNTR21	fixed		P23 QUNTR21-03
ヤコウタケ	やこうたけ	yakotake	noun	term	UNTR21	fixed		P23 QUNTR21-03 (O-61 culture noun, the luminous mushroom)
SNS	えすえぬえす	social media	noun	term	UNTR21	fixed		P23 QUNTR21-03
エリリン	えりりん	Eririn	noun	person	UNTR21	fixed		P23 QUNTR21-03 (nickname)
相互	そうご	mutuals	noun	term	UNTR21	fixed		P23 QUNTR21-03 (social-media sense)
ビキニアーマー	びきにあーまー	bikini armor	noun	term	UNTR21	fixed		P23 QUNTR21-03
はごろも	はごろも	a feathered robe	noun	term	UNTR21	fixed		P23 QUNTR21-03
勇者／戦士／僧侶／魔法使い	ゆうしゃ せんし そうりょ まほうつかい	Hero / Warrior / Priest / Mage	noun	term	UNTR21	fixed		P23 QUNTR21-03 (chatter RPG classes)
『レポート』	れぽーと	'Report'	noun	term	UNTR21	fixed		P23 QUNTR21-03 (reference category)
ボツリヌス毒素	ぼつりぬすどくそ	botulinum toxin	noun	term	UNTR21	fixed		P23 QUNTR21-03
※解説N※	かいせつ	※Explanation N※	noun	ui	UNTR21	fixed		P23 QUNTR21-03 (device, N = the number)
